scenario,region,index,2025,2030,2035,2040,2045
Below 2?C,EU27,Basic Materials,1.4534174873115497,3.9074271636851217,4.0746346457319,4.290089210331415,4.5845716578488185
Below 2?C,EU27,Consumer Goods,1.3532743057026655,3.580720098673077,3.738961158026129,3.939150520985523,4.208147603008138
Below 2?C,EU27,Consumer Services,0.280342361393104,0.7252363906942402,0.7587108526926043,0.8001122218592683,0.8543513676158486
Below 2?C,EU27,Financials,-0.4332499624396324,-0.6761765871003711,-0.7467480837667699,-0.8095635669849945,-0.8554501743516864
Below 2?C,EU27,Government,0.20987096599395014,0.4556953507686149,0.4847807085753213,0.5147650804787496,0.5470894071967289
Below 2?C,EU27,Health Care,2.2359469902275424,5.98037025313956,6.23891695255331,6.570218802456614,7.020422620003437
Below 2?C,EU27,Industrials,1.008055390071453,2.6335983742033537,2.7526843524762916,2.9018841554496806,3.098897669206465
Below 2?C,EU27,Oil & Gas,0.9782193625435569,2.639147785009925,2.751376793261262,2.8964169586854314,3.0954761301628686
Below 2?C,EU27,Technology,0.06315249715841974,0.11565640446731298,0.12512479996200251,0.13434761350165408,0.1422700173556243
Below 2?C,EU27,Telecommunications,0.1178539089071806,0.21583563548453383,0.23350536305411937,0.25071679056178187,0.2655014198978084
Below 2?C,EU27,UK Real Estate,-0.45880746575767734,-0.8684343463860804,-0.9371858108968931,-1.0031379182200328,-1.063478068873929
Below 2?C,EU27,Utilities,0.8806433727792354,3.021745233740786,3.1023380042020423,3.231190361523257,3.4673241921802758
Below 2?C,EU27,FTSE,-1.0133398570036518,-2.6702994952628734,-2.7896984753150758,-2.9393995930945316,-3.1400249062091197
Below 2?C,CHN,Basic Materials,2.1604757468382845,7.9350163943768734,7.780598248455344,8.268016422047051,8.526506895779818
Below 2?C,CHN,Consumer Goods,2.301131033091831,8.449576675484169,8.28512173409819,8.80424005223993,9.079229960907162
Below 2?C,CHN,Consumer Services,0.5457617475949028,1.9951285907367358,1.9569491273551625,2.0798138539563102,2.1447821046776756
Below 2?C,CHN,Financials,-0.22174267965014322,-0.627911755983268,-0.6299751776063455,-0.6745105230573025,-0.6966511881909387
Below 2?C,CHN,Government,0.3390232826380389,1.5819230664815103,1.520378843412978,1.6093893077280672,1.6508779142726335
Below 2?C,CHN,Health Care,3.6959208321515913,13.544109168940327,13.282902709803619,14.115927098645848,14.557500546362665
Below 2?C,CHN,Industrials,1.7969178824764072,6.7843135330171584,6.635181100683085,7.0479959764229285,7.263269399259839
Below 2?C,CHN,Oil & Gas,1.4590946682352113,5.40655722213041,5.297347422363509,5.628248087458725,5.803501375670528
Below 2?C,CHN,Technology,0.08861439608951441,0.2879427911995249,0.2849357367107314,0.30398330971820614,0.31330855139934494
Below 2?C,CHN,Telecommunications,0.16537038810041857,0.5373529949161124,0.5317412908387236,0.567287485132428,0.5846900619595874
Below 2?C,CHN,UK Real Estate,-0.44767524721819296,-1.9648198488882533,-1.8954658637041801,-2.009857581091418,-2.0618998022408035
Below 2?C,CHN,Utilities,1.2273725785586884,11.53849976085524,10.722410475133968,11.24499590520293,11.488000479107747
Below 2?C,CHN,FTSE,-1.8586492738233675,-7.123753017453792,-6.959759104948608,-7.389667443590195,-7.615628496468413
Below 2?C,USA,Basic Materials,0.8615083182933975,2.6936420035363153,2.7776554286015966,2.8848190255757244,3.074492460499879
Below 2?C,USA,Consumer Goods,0.7501806536983904,2.2675031959225387,2.3442865218591136,2.4389836077127405,2.598372932736067
Below 2?C,USA,Consumer Services,0.14327521849346636,0.42060495981984475,0.4358098560444594,0.45408130299997407,0.4835844480838905
Below 2?C,USA,Financials,-0.25212772324389104,-0.45219041286719325,-0.4911998453405733,-0.5267232931972403,-0.5574366596899807
Below 2?C,USA,Government,0.2930071935093551,0.82963402268639,0.8629870343708093,0.901827468222002,0.960072044858071
Below 2?C,USA,Health Care,1.2224075029136048,3.7670119632845127,3.888613638839131,4.041807760906901,4.306731739569251
Below 2?C,USA,Industrials,0.5261043805357138,1.5929092053271292,1.646286476894299,1.7128074995707177,1.8245896260383505
Below 2?C,USA,Oil & Gas,0.5773938350307237,1.8070465946672227,1.863295698239784,1.9351315707087826,2.0624029452325656
Below 2?C,USA,Technology,0.03855360461158144,0.08520495062247652,0.09046472511234248,0.09580508002846096,0.10162121391932898
Below 2?C,USA,Telecommunications,0.07194795471885775,0.1590077501434694,0.1688234345818215,0.17878949657676402,0.18964344764138852
Below 2?C,USA,UK Real Estate,-0.5671194280098937,-1.3334401147103812,-1.4087538554676768,-1.4861027612462256,-1.578554667666771
Below 2?C,USA,Utilities,0.24830003706599338,1.1282698876073949,1.1406199203757397,1.1694915079560182,1.252163272825759
Below 2?C,USA,FTSE,-0.4795867706369048,-1.3836296144393592,-1.4355867404959288,-1.4970207224331527,-1.5940412943277842
Below 2?C,GBR,Basic Materials,1.2314370288849772,3.499525635367115,3.625685029199853,3.8147585390248926,4.069238806532921
Below 2?C,GBR,Consumer Goods,0.9885484628148932,2.709370756122404,2.815620561496214,2.966330732953486,3.162476495509726
Below 2?C,GBR,Consumer Services,0.17815415699303105,0.46348558221247815,0.4837583425574024,0.5107823620070215,0.5441152913483644
Below 2?C,GBR,Financials,-0.24332730117215084,-0.3734052386466907,-0.4130067954512615,-0.4485184365517216,-0.4733967830461048
Below 2?C,GBR,Government,0.29202044131406724,0.5524339240919689,0.5948494097157297,0.6376415701239303,0.6744927116302172
Below 2?C,GBR,Health Care,1.6415483359267113,4.547207727962213,4.720571051831143,4.9720912071982415,5.301457978509789
Below 2?C,GBR,Industrials,0.6971267500952827,1.8350679625628954,1.913224909399968,2.0192610508197943,2.1509984911082576
Below 2?C,GBR,Oil & Gas,0.909723518723672,2.5969340478153273,2.6900152711279404,2.829458063257344,3.0184218174999073
Below 2?C,GBR,Technology,0.045995362064184905,0.07695064147019125,0.08407508456684866,0.09084042366499859,0.09593824317791254
Below 2?C,GBR,Telecommunications,0.0858356114924036,0.14360372587369535,0.1568992170341096,0.16952455559830676,0.17903800294454694
Below 2?C,GBR,UK Real Estate,-0.26482673408288593,-0.44260154441096644,-0.48421079284370244,-0.5227587541602517,-0.5525062625332041
Below 2?C,GBR,Utilities,2.855508799473731,8.427756002566738,8.717950802521324,9.14786633141581,9.76336379087912
Below 2?C,GBR,FTSE,-0.8705945679574022,-2.3504779220602194,-2.446735543582789,-2.578466568088898,-2.748350128014967
Below 2?C,CHE,Basic Materials,1.0182368851343957,1.769860993970639,1.92650909606987,2.072008656237314,2.192281117617721
Below 2?C,CHE,Consumer Goods,0.9162416577774231,1.5806918688605163,1.722219618154838,1.8537478707279362,1.9614919837854967
Below 2?C,CHE,Consumer Services,0.20155543588826771,0.3464883971021648,0.3776492200829324,0.40669929207370753,0.4303531953899821
Below 2?C,CHE,Financials,-0.18123251120708775,-0.2756336752261169,-0.30517408176371663,-0.3319718296228011,-0.35080099379598223
Below 2?C,CHE,Government,0.2608452828585189,0.4523553804099674,0.4926896949579206,0.5313170593516919,0.5628578068261719
Below 2?C,CHE,Health Care,1.5675769492871356,2.713717966982099,2.955350632230809,3.1795336920604753,3.3638879700593995
Below 2?C,CHE,Industrials,1.1277157149867771,2.127815353216878,2.2925706262447823,2.45666535342497,2.6035669199448894
Below 2?C,CHE,Oil & Gas,0.708348162954889,1.230451795657877,1.339674702557091,1.4413440603603316,1.5254753283643916
Below 2?C,CHE,Technology,0.059590073888443944,0.09457031519417952,0.10391857490153515,0.11285321549629687,0.1191294896122726
Below 2?C,CHE,Telecommunications,0.11120578687812838,0.17648520349495367,0.19393073609563038,0.21060438110022955,0.22231703651724627
Below 2?C,CHE,UK Real Estate,-1.0243963740103714,-1.550289561774023,-1.718655828469142,-1.8687321960326981,-1.973164959296271
Below 2?C,CHE,Utilities,2.2377759080359727,3.9362107549287013,4.292636544591967,4.639480293176184,4.939974257979136
Below 2?C,CHE,FTSE,-0.9091813708740669,-1.6089747506084144,-1.7482518713829478,-1.8813555051677273,-1.9938066645889114
Below 2?C,RUS,Basic Materials,1.3215601594063744,7.305762986677086,7.10014667979751,7.327198871988175,8.16963745680705
Below 2?C,RUS,Consumer Goods,1.1635139698703036,6.471955204943313,6.287698042414414,6.48773979964191,7.235096573063676
Below 2?C,RUS,Consumer Services,0.26176822541206785,1.442372688866441,1.4019598606828156,1.4468841314959842,1.6132742192705527
Below 2?C,RUS,Financials,-0.12111766848537202,-0.390324720475469,-0.39287937668391426,-0.41193979066497166,-0.45357185841592534
Below 2?C,RUS,Government,0.257951617453478,1.4774163160941645,1.4325289427971906,1.4767838940047333,1.6503594525617364
Below 2?C,RUS,Health Care,2.108712055491733,11.80114466266278,11.46190642538326,11.825056179637697,13.18767097815417
Below 2?C,RUS,Industrials,0.9310965715156703,5.143573412161904,4.998803710798546,5.158879921232712,5.751702407493957
Below 2?C,RUS,Oil & Gas,0.8919849510842586,5.022401360628191,4.876421926370922,5.030152001207497,5.611044327150718
Below 2?C,RUS,Technology,0.052569576856845115,0.21229731665466955,0.2100524503206836,0.21861999147166347,0.24211730349801086
Below 2?C,RUS,Telecommunications,0.0981042777553831,0.39618494507817775,0.39199562107138974,0.407984192542019,0.4518343995127743
Below 2?C,RUS,UK Real Estate,-0.3864325803164928,-1.7416594765807272,-1.7108839989296767,-1.7745461292378444,-1.9726408039227312
Below 2?C,RUS,Utilities,0.8407761758159087,10.622261753228363,10.021681742971216,10.197195614837403,11.536804583149499
Below 2?C,RUS,FTSE,-0.9452381801338364,-5.73670669835216,-5.549320577436719,-5.7143209523951235,-6.385931246901314
Below 2?C,IND,Basic Materials,2.954435719448961,15.30985714134076,14.695116483943943,15.530682580041502,16.034587279856606
Below 2?C,IND,Consumer Goods,2.9888264844332033,15.488534866105555,14.86634964074236,15.711620765654407,16.220996575621786
Below 2?C,IND,Consumer Services,0.6837712686621626,3.539426068859209,3.397258046927402,3.5905051519706745,3.7066202835135917
Below 2?C,IND,Financials,-0.4596727429974449,-1.316720733112241,-1.3228427186258818,-1.4162572513432943,-1.4675358895896584
Below 2?C,IND,Government,0.14855396478003324,0.9217973608301018,0.872831306599116,0.9202525543552683,0.9441058192767098
Below 2?C,IND,Health Care,5.107294609870895,26.468557971521715,25.405475632608283,26.850014248697622,27.720964774407758
Below 2?C,IND,Industrials,2.24406205594061,11.583940746486524,11.119624197917505,11.753017291820573,12.132193481221277
Below 2?C,IND,Oil & Gas,2.0132527820875965,10.444681219640877,10.024843332678888,10.594634788768069,10.938647147884877
Below 2?C,IND,Technology,0.05800244746720621,0.2645445549819937,0.25509729654462243,0.27030811193124665,0.2780326589035475
Below 2?C,IND,Telecommunications,0.10824299066188664,0.4936876812096384,0.47605739918757417,0.5044435142525451,0.5188589070902835
Below 2?C,IND,UK Real Estate,-0.3843635796222625,-1.561453830402225,-1.5171016171162954,-1.6115729713537006,-1.6580243178305663
Below 2?C,IND,Utilities,0.7771778652371378,6.582132983232341,6.1877254525804775,6.49598686382548,6.711216454442208
Below 2?C,IND,FTSE,-2.2820119059271353,-11.780213070556057,-11.309963981625623,-11.953812844805892,-12.342285663877043
Below 2?C,TUR,Basic Materials,1.5695136849003712,6.252826682044287,6.585556736645644,7.126609971295143,8.12850976609062
Below 2?C,TUR,Consumer Goods,1.4318953004851023,5.693256384940331,5.999800279108011,6.495163989253526,7.411661338620763
Below 2?C,TUR,Consumer Services,0.3328340367122604,1.3122121314832507,1.3839245645507814,1.4987810365520156,1.7104631778765578
Below 2?C,TUR,Financials,-0.14572039506718643,-0.3295884049882278,-0.3613346392216724,-0.39698337648834525,-0.445449922665563
Below 2?C,TUR,Government,0.4687305576215284,1.9031259173335646,2.0417715092807915,2.2387080376832156,2.604735994981307
Below 2?C,TUR,Health Care,2.625969266076401,10.428683724271746,10.98650392203016,11.890931433349795,13.562894732998823
Below 2?C,TUR,Industrials,1.2330517237354104,5.077581029546893,5.352668924858238,5.801734086958436,6.639925346288134
Below 2?C,TUR,Oil & Gas,1.064791440611847,4.282177182296592,4.51020427206502,4.881660739896245,5.572554424910428
Below 2?C,TUR,Technology,0.10050614642692227,0.30995573589925207,0.33521895716430866,0.3678134571728793,0.4214185721427336
Below 2?C,TUR,Telecommunications,0.18756253131046655,0.5784331056979958,0.6255788166618095,0.6864060112737495,0.7864427892457804
Below 2?C,TUR,UK Real Estate,-0.24434972378680384,-0.8305767318412056,-0.8964086488615512,-0.9840999890063149,-1.1354619426494263
Below 2?C,TUR,Utilities,1.017580847893772,7.03279428435032,7.43518047209524,8.121157481349703,9.6211380548601
Below 2?C,TUR,FTSE,-1.2333773567156974,-5.129449606143557,-5.410307213636602,-5.86474057030641,-6.722924326753805
Below 2?C,RASIA,Basic Materials,1.918740185188218,6.385031085630903,6.3563597657918995,6.759190909272288,7.034606688326063
Below 2?C,RASIA,Consumer Goods,1.8940601140069335,6.293886816927845,6.26540433725494,6.663053398460312,6.933166018950616
Below 2?C,RASIA,Consumer Services,0.44011772940327776,1.4537978741077782,1.4477861452671625,1.5399541543765638,1.6021812960816812
Below 2?C,RASIA,Financials,-0.2612723622922759,-0.5725388283968358,-0.5937317045516062,-0.6402184827244249,-0.6659427064661071
Below 2?C,RASIA,Government,0.32447791036635104,1.2479477894417974,1.2203050032585858,1.2959551365066262,1.3371423205498945
Below 2?C,RASIA,Health Care,3.226072759987849,10.722340687066326,10.675133375638277,11.352187407336954,11.814593547661005
Below 2?C,RASIA,Industrials,1.5347846328318613,5.143497093668552,5.115827941186473,5.439624463553282,5.6589197520450805
Below 2?C,RASIA,Oil & Gas,1.2937425205979767,4.319874834092803,4.299287114718731,4.571458348026644,4.75776260136764
Below 2?C,RASIA,Technology,0.10540722861196249,0.27101830892314965,0.27582360747251283,0.2957983485928791,0.3071837310409643
Below 2?C,RASIA,Telecommunications,0.19670883144699766,0.5057688694697731,0.514736420128741,0.5520128767435734,0.5732600464721762
Below 2?C,RASIA,UK Real Estate,-0.7587825127363734,-2.2485894734802407,-2.2493108037546037,-2.404648645289772,-2.4869369300942865
Below 2?C,RASIA,Utilities,1.1819772757977722,6.81631997809794,6.531837972885891,6.8825193362723995,7.138691609349931
Below 2?C,RASIA,FTSE,-1.5266991239945051,-5.1407943602494885,-5.111692612969578,-5.434718005855816,-5.654656586722179
Below 2?C,LAM,Basic Materials,1.5702799467329653,6.03221889498995,6.088565990972995,5.662027547151878,5.94679373910933
Below 2?C,LAM,Consumer Goods,1.3850647085869316,5.276187653711264,5.328362992974077,4.958987142582761,5.208359742235954
Below 2?C,LAM,Consumer Services,0.3179944156812699,1.200993648423785,1.2135324163718346,1.1302719712078981,1.1870929912557018
Below 2?C,LAM,Financials,-0.2697958617284066,-0.6031904922862515,-0.6365330154589823,-0.6289070836904028,-0.6605227939139443
Below 2?C,LAM,Government,0.24538769597364946,0.9481027045870479,0.9571509253359559,0.8816273273320747,0.925045324360621
Below 2?C,LAM,Health Care,2.6001924239995433,9.946327059353347,10.041879117686122,9.34238103461655,9.81224300423849
Below 2?C,LAM,Industrials,1.1887909087427833,4.5352144071129645,4.579277485241983,4.262492832261425,4.476585376475266
Below 2?C,LAM,Oil & Gas,1.060277444154845,4.071910188959621,4.110024157859106,3.8222349091677064,4.014479150018353
Below 2?C,LAM,Technology,0.06657350818602743,0.16742816560047466,0.1744753082366405,0.17044339023287353,0.17889956415744326
Below 2?C,LAM,Telecommunications,0.12423813027861345,0.3124510457231212,0.3256022803325015,0.3180779967567439,0.3338587369689565
Below 2?C,LAM,UK Real Estate,-0.32021626218141713,-0.8944900620307548,-0.9240331599593119,-0.8843308467928125,-0.9279335314272225
Below 2?C,LAM,Utilities,0.5385818371430744,2.8454489949526063,2.826588284366784,2.525830033928209,2.6512467588547275
Below 2?C,LAM,FTSE,-1.156502412061578,-4.376329206201542,-4.4216333404204935,-4.116125435753866,-4.323048821967829
Below 2?C,MEA,Basic Materials,0.9633701836746288,3.3129418363518184,3.5402648338877136,3.865513445546288,4.411499490521903
Below 2?C,MEA,Consumer Goods,0.9930400053350849,3.460319087209644,3.7021158898123887,4.045347270221426,4.628337781146673
Below 2?C,MEA,Consumer Services,0.22392133023477584,0.779679853889688,0.8344453894220026,0.9120185086833078,1.0437736972339624
Below 2?C,MEA,Financials,-0.20947540635695033,-0.49430398333418485,-0.5385989663262875,-0.5906649093118761,-0.6611211978282762
Below 2?C,MEA,Government,0.17643777949385847,0.7038127485958543,0.754757594270954,0.8280488342510212,0.9605586133162185
Below 2?C,MEA,Health Care,1.5955851983632525,5.475092962859291,5.852587699180809,6.3912981860751925,7.295092440393726
Below 2?C,MEA,Industrials,0.7995322718458018,2.704763359804925,2.888538785344959,3.153222357806302,3.5906591666057723
Below 2?C,MEA,Oil & Gas,0.6471968513453669,2.2364421742409903,2.389816920905987,2.609568640055337,2.9793669553608493
Below 2?C,MEA,Technology,0.05593716090764801,0.15598995859724663,0.16838574438961507,0.18463802103345942,0.2086941490670056
Below 2?C,MEA,Telecommunications,0.1043887947866734,0.29110529588145906,0.3142380598312681,0.34456772876443975,0.38946078683011015
Below 2?C,MEA,UK Real Estate,-0.41912590456207693,-1.3501476620959507,-1.4614878200698334,-1.6068863607477175,-1.8492901843676195
Below 2?C,MEA,Utilities,0.41460261769631185,3.2699315364704202,3.483738758613851,3.833006656098612,4.584759014774726
Below 2?C,MEA,FTSE,-0.7298535806837483,-2.576486921416158,-2.7560155787390963,-3.012112183871191,-3.449462869063629
Below 2?C,AFR,Basic Materials,1.3177721783363538,5.37368728298228,5.749773396338643,6.293882461686873,7.295476543636584
Below 2?C,AFR,Consumer Goods,1.2112441184680973,4.9160047324950025,5.260860891919013,5.758833711040573,6.673774416926433
Below 2?C,AFR,Consumer Services,0.264157140764562,1.0621714405626264,1.1371747790212277,1.2449976875860995,1.4424515772159825
Below 2?C,AFR,Financials,-0.09811139091711765,-0.2605822805436296,-0.2842762746706313,-0.31250351088723033,-0.35543154463152254
Below 2?C,AFR,Government,0.45134526248520523,2.4558800432648584,2.6281611596764374,2.888771949144223,3.412157369713933
Below 2?C,AFR,Health Care,2.2779888843126317,9.338321913253553,9.991900695866377,10.938535085851015,12.684344910688598
Below 2?C,AFR,Industrials,1.0168655121915842,4.214211537615241,4.508550122109292,4.936940596136362,5.728720324096557
Below 2?C,AFR,Oil & Gas,0.9015628597772447,3.699397613180586,3.957938652296241,4.3326703363193335,5.024042076380611
Below 2?C,AFR,Technology,0.04396228401816498,0.1305186140408562,0.1418818614838197,0.1560738192382667,0.1789932898412574
Below 2?C,AFR,Telecommunications,0.08204152249168264,0.24357118945393477,0.26477705128507256,0.2912617949082969,0.3340336459385066
Below 2?C,AFR,UK Real Estate,-0.538057365748507,-1.987060004853675,-2.1479106317333736,-2.364378166648517,-2.749843751835488
Below 2?C,AFR,Utilities,0.6110157190327058,5.747669814813171,6.104626988915675,6.708909199184585,8.051243156303054
Below 2?C,AFR,FTSE,-0.9563103591230226,-4.039773787218691,-4.32206843886314,-4.73337122724086,-5.500503125549364
Below 2?C,ROW,Basic Materials,1.1335250881908874,4.820875008083028,4.833615262114089,5.061183099457055,5.419843783533164
Below 2?C,ROW,Consumer Goods,1.057130225002833,4.487144473482991,4.499461611168067,4.711510749630967,5.0450676030174595
Below 2?C,ROW,Consumer Services,0.23414777610526907,0.9824323078644847,0.9857694282203951,1.0325306083576824,1.1054673711652256
Below 2?C,ROW,Financials,-0.22011442000690307,-0.586470602517451,-0.6080167150125574,-0.6460023935748427,-0.6880705108970251
Below 2?C,ROW,Government,0.29700549500495144,1.4037543440350901,1.3996229476813349,1.461964721074258,1.56632527199362
Below 2?C,ROW,Health Care,1.8001941048185195,7.609497537549316,7.63224620272097,7.992821940904696,8.558643938396662
Below 2?C,ROW,Industrials,0.8481830195368057,3.5109532378302304,3.525040784400766,3.6939343440949313,3.9538862977942633
Below 2?C,ROW,Oil & Gas,0.7679285888260554,3.273067768426182,3.2813866698599363,3.4357799259784207,3.6794478613963353
Below 2?C,ROW,Technology,0.056229495580948516,0.17894872069162102,0.18277170126188405,0.1930251935121558,0.2058910733565887
Below 2?C,ROW,Telecommunications,0.10493434382286021,0.3339504718957108,0.341084840672158,0.3602196998783216,0.38422974381043823
Below 2?C,ROW,UK Real Estate,-0.45523924001153443,-1.399625464292657,-1.4339198682368417,-1.5159797235073378,-1.6174076450402772
Below 2?C,ROW,Utilities,0.6219330964821262,4.405015711671271,4.32352107978193,4.486494469269146,4.831484987198353
Below 2?C,ROW,FTSE,-0.8004328122649005,-3.415708660638371,-3.4244643447878578,-3.585695625497176,-3.8402309976094564
Current Policies,EU27,Basic Materials,1.4533812167468307,1.7248202525466914,2.0209152962570474,2.3300744498111317,2.6228240956356736
Current Policies,EU27,Consumer Goods,1.3532405342476528,1.6030563765968047,1.8782526215760307,2.1656513668557524,2.43771441339712
Current Policies,EU27,Consumer Services,0.28033536534699127,0.33142436877810383,0.38827977368639294,0.44767323559770444,0.5038749731665114
Current Policies,EU27,Financials,-0.43323915052843737,-0.4974362278074908,-0.580943031857974,-0.6686529793389322,-0.751118566487865
Current Policies,EU27,Government,0.20986572858727173,0.24258245035085899,0.28446228485472647,0.32830042209210014,0.3696412776994064
Current Policies,EU27,Health Care,2.2358911913530113,2.652023938154733,3.1072684726458086,3.5826306328257584,4.032716521396279
Current Policies,EU27,Industrials,1.008030233680681,1.1923082869736676,1.3970403876003112,1.6108860088039807,1.8132631711117126
Current Policies,EU27,Oil & Gas,0.9781949507217589,1.160926611742266,1.3603252034309916,1.568513577411933,1.7656625470404999
Current Policies,EU27,Technology,0.06315092116476662,0.07291358723277414,0.0852708398221576,0.09822900079001719,0.11042638960631264
Current Policies,EU27,Telecommunications,0.1178509678198002,0.13606985716290804,0.15913071123109992,0.18331296832347999,0.20607548786178287
Current Policies,EU27,UK Real Estate,-0.4587960160496444,-0.5280596090879143,-0.6182456784879454,-0.7127897128094192,-0.8018114361642424
Current Policies,EU27,Utilities,0.8806213960019323,1.041774805085712,1.2294133214215086,1.4247277247161816,1.6103233900932028
Current Policies,EU27,FTSE,-1.0133145687370755,-1.1983916079097827,-1.4044741274424999,-1.6197127499485522,-1.8234447865275998
Current Policies,CHN,Basic Materials,2.160421831376222,2.8434530126026063,3.30159145623075,3.77483510448135,4.21824799815955
Current Policies,CHN,Consumer Goods,2.301073607525681,3.02841292497705,3.516364897649861,4.020405996411272,4.492668854647732
Current Policies,CHN,Consumer Services,0.5457481279109784,0.7176079779779367,0.8332573358860053,0.9527327667440028,1.06467428461825
Current Policies,CHN,Financials,-0.22173714598051059,-0.27841624141386734,-0.323754789514188,-0.37086325786355456,-0.41499414406114465
Current Policies,CHN,Government,0.3390148221880845,0.46909522560571304,0.5443700861979953,0.6215997781100587,0.6938067668680107
Current Policies,CHN,Health Care,3.6958285990961155,4.86199563828002,5.645473309345905,6.4548294927781855,7.213167129489362
Current Policies,CHN,Industrials,1.7968730397337551,2.377004192450906,2.7599848164490943,3.155309138722279,3.5256187189966504
Current Policies,CHN,Oil & Gas,1.459058255994367,1.923565178418678,2.2334438127270895,2.553469449527995,2.8533126257525696
Current Policies,CHN,Technology,0.08861218468486538,0.11382081614018708,0.13229648476829015,0.15143513881662746,0.16935582975075916
Current Policies,CHN,Telecommunications,0.16536626122192935,0.21241009779037887,0.24688901573456673,0.28260518361880166,0.3160484134503446
Current Policies,CHN,UK Real Estate,-0.44766407531874297,-0.6102748122173293,-0.7086079664036578,-0.8096761965684578,-0.9041615459288764
Current Policies,CHN,Utilities,1.227341949027303,2.0983525184257985,2.4270911523581544,2.7561883024926654,3.0631077214655233
Current Policies,CHN,FTSE,-1.8586028905512777,-2.466498496168569,-2.863556696627076,-3.2732616098573084,-3.657068853089593
Current Policies,USA,Basic Materials,0.8614868190383741,1.0302887989608032,1.2087288544675023,1.3942650968536163,1.5699639029709382
Current Policies,USA,Consumer Goods,0.750161932665935,0.8919178787356451,1.0468371046030873,1.2080330488912991,1.3605871286387596
Current Policies,USA,Consumer Services,0.143271643008012,0.1697340751522799,0.19922773298747606,0.2299335006324336,0.258979453288565
Current Policies,USA,Financials,-0.2521214313043875,-0.2892717067447544,-0.33855791603816826,-0.3902429115278013,-0.43886776612412143
Current Policies,USA,Government,0.2929998814077269,0.33928145867834086,0.39994441752841947,0.46317995957362795,0.522913955086512
Current Policies,USA,Health Care,1.2223769972874958,1.458325986834202,1.7111940746723235,1.9741994651987331,2.2231898988155896
Current Policies,USA,Industrials,0.5260912514085705,0.6265896793525896,0.7351883764937444,0.8481786699720927,0.9551165407245132
Current Policies,USA,Oil & Gas,0.5773794259564937,0.6905026931165376,0.8101189031809994,0.9344904488720085,1.0522687887452846
Current Policies,USA,Technology,0.038552642492284385,0.04447692085260814,0.05218893822240453,0.06025563508948766,0.06785645253091832
Current Policies,USA,Telecommunications,0.07194615923134585,0.08300192731074463,0.09739393765850014,0.11244784368806249,0.1266323349856176
Current Policies,USA,UK Real Estate,-0.5671052753372468,-0.6536020292092473,-0.7680076378446858,-0.8875858877679847,-1.0003310202921927
Current Policies,USA,Utilities,0.24829384064779794,0.29537760544437663,0.351194055107772,0.40886555486849124,0.4637210122199502
Current Policies,USA,FTSE,-0.4795748023737218,-0.5674354994241522,-0.6659330048068189,-0.7685096976411242,-0.8655202711713239
Current Policies,GBR,Basic Materials,1.2314062979237472,1.4820676773449168,1.7345918024671267,1.9978086989627886,2.246838607491209
Current Policies,GBR,Consumer Goods,0.9885237932266215,1.1838916214207158,1.3857369649307,1.5962504245493732,1.7953092851965402
Current Policies,GBR,Consumer Services,0.17814971109091582,0.21227601735866,0.24841681945876132,0.2861391935518665,0.3217838771273802
Current Policies,GBR,Financials,-0.2433212288503974,-0.2795478252007053,-0.32637817427106147,-0.3755678626750974,-0.4217976103414189
Current Policies,GBR,Government,0.29201315383720083,0.3377028284635676,0.39504761308390735,0.4551450307795947,0.5116953073926042
Current Policies,GBR,Health Care,1.6415073704878909,1.970254543494996,2.3057886514778505,2.655669165722971,2.986562915483408
Current Policies,GBR,Industrials,0.6971093530423867,0.8306612090134446,0.9723616872815217,1.1202405229082462,1.2599820430675872
Current Policies,GBR,Oil & Gas,0.9097008162406961,1.093944750702263,1.2807201964946768,1.4753934010835368,1.6595753543753426
Current Policies,GBR,Technology,0.04599421423311016,0.05306243012418336,0.06198084321981893,0.07133992026513569,0.08013966617021397
Current Policies,GBR,Telecommunications,0.08583346943334004,0.09902403052347686,0.11566739209844361,0.13313311179575238,0.1495550190673188
Current Policies,GBR,UK Real Estate,-0.2648201252349248,-0.30474672029335736,-0.3561246975999287,-0.41004473949279413,-0.4607465831113268
Current Policies,GBR,Utilities,2.8554375392077564,3.4092943208350794,4.000848369908256,4.617148387685158,5.200256014816633
Current Policies,GBR,FTSE,-0.870572841951697,-1.0374519631971655,-1.2151661054433112,-1.4005598855544004,-1.5758019428353305
Current Policies,CHE,Basic Materials,1.0182114746606927,1.182468895911263,1.379779359654892,1.5867248892169492,1.7814806047857845
Current Policies,CHE,Consumer Goods,0.9162187926319046,1.0632076986669923,1.2407024199705405,1.426891959916857,1.6021111506349606
Current Policies,CHE,Consumer Services,0.201550405998683,0.23381454783041192,0.27285641344555306,0.3138143548051046,0.35235928821512547
Current Policies,CHE,Financials,-0.1812279884835177,-0.2088082244212999,-0.2436189107397737,-0.28019452489362434,-0.31458744443826747
Current Policies,CHE,Government,0.2608387733691284,0.30150943164325456,0.35223034592340724,0.4054546039742272,0.4555488412666129
Current Policies,CHE,Health Care,1.5675378298313107,1.8199212161133653,2.123595792340518,2.4421153692410664,2.7418612718542534
Current Policies,CHE,Industrials,1.127687572428853,1.311758839728129,1.5323227943203963,1.763528707791476,1.981338229719133
Current Policies,CHE,Oil & Gas,0.708330485867533,0.8225509138628521,0.959832321637993,1.103824558165363,1.2393389141818691
Current Policies,CHE,Technology,0.059588586796365854,0.06891498327126165,0.08040013519580394,0.0924607000954395,0.10380013752751714
Current Policies,CHE,Telecommunications,0.1112030116970636,0.12860774357690308,0.1500411010782647,0.17254828259929322,0.19370971067119297
Current Policies,CHE,UK Real Estate,-1.0243708098243722,-1.17629353878246,-1.3732411175918149,-1.5801522160275372,-1.7746131192243058
Current Policies,CHE,Utilities,2.237720063520129,2.5963781090752325,3.0323240227472708,3.489883908121526,3.9208064424230504
Current Policies,CHE,FTSE,-0.9091586819205895,-1.0556443007024474,-1.232364416142265,-1.4177337548878282,-1.5922524330256007
Current Policies,RUS,Basic Materials,1.3215271793894763,2.0346147806307604,2.3010236378109212,2.5850338893925944,2.885073491951165
Current Policies,RUS,Consumer Goods,1.1634849339538422,1.7951681959728893,2.0297870848253194,2.2799488932897667,2.544493044910391
Current Policies,RUS,Consumer Services,0.2617616928903087,0.40262390316510915,0.4553667306417722,0.5115965707486115,0.5709871880753712
Current Policies,RUS,Financials,-0.12111464594967829,-0.1610010774184264,-0.18455048754758915,-0.20950941386287752,-0.23440868150167948
Current Policies,RUS,Government,0.25794518017656554,0.40297069855188816,0.4548887050969295,0.5103569191257116,0.569464079960621
Current Policies,RUS,Health Care,2.1086594318115113,3.2596230363896903,3.685145252552828,4.138862779404844,4.6189588439457046
Current Policies,RUS,Industrials,0.9310733356603488,1.432990440863976,1.6206973641236948,1.8208035146567936,2.0321756825043145
Current Policies,RUS,Oil & Gas,0.8919626912737233,1.3818890324444273,1.5619250726929876,1.7539267218501198,1.9573040503505688
Current Policies,RUS,Technology,0.0525682649638369,0.07378816400779177,0.08414280450742097,0.09514158606963846,0.10635068046827159
Current Policies,RUS,Telecommunications,0.09810182952726798,0.13770197459631223,0.15702559461324772,0.17755129761232125,0.1984694821597136
Current Policies,RUS,UK Real Estate,-0.38642293675018363,-0.5600981106411816,-0.6365601543038144,-0.717946051089716,-0.8020537089060824
Current Policies,RUS,Utilities,0.8407551939390807,1.858764969652608,2.042861734034046,2.243728358488511,2.4911567361379374
Current Policies,RUS,FTSE,-0.9452145913695026,-1.5036446048861727,-1.6954153486388321,-1.9002618039333892,-2.1197125538196038
Current Policies,IND,Basic Materials,2.954361990425536,4.171497745575204,4.8432509125661305,5.531358337891964,6.176540619324367
Current Policies,IND,Consumer Goods,2.988751897175667,4.220047352271882,4.899628841613384,5.5957515877315895,6.2484417670842
Current Policies,IND,Consumer Services,0.6837542049001883,0.965196730571741,1.1206318350059223,1.2798530694527515,1.4291341566483704
Current Policies,IND,Financials,-0.4596612716961017,-0.5766638436880874,-0.6708963257700011,-0.7688346249869731,-0.8606631282336719
Current Policies,IND,Government,0.14855025756153561,0.2203521921517576,0.25563592514793665,0.29153722089832235,0.3250979442980787
Current Policies,IND,Health Care,5.107167155466843,7.21139516131417,8.372673991973006,9.562219956195655,10.677556171341116
Current Policies,IND,Industrials,2.2440060545516474,3.1654943587562276,3.6753306108197545,4.197622648514576,4.687286381782271
Current Policies,IND,Oil & Gas,2.01320254062844,2.84336172155842,3.3012343467596477,3.7702411425637514,4.209996883534726
Current Policies,IND,Technology,0.058000999994925834,0.0795210187039222,0.09237067381451194,0.10557125504232269,0.11792425973718897
Current Policies,IND,Telecommunications,0.1082402894184845,0.14840051171735427,0.17238027738035352,0.1970149342434326,0.2200678609770613
Current Policies,IND,UK Real Estate,-0.38435398768862206,-0.5143755500746097,-0.5976611577813343,-0.6834806355962815,-0.7637889889244883
Current Policies,IND,Utilities,0.7771584704793993,1.2656108953921337,1.4673048287739476,1.6707106568384735,1.8617644698687141
Current Policies,IND,FTSE,-2.2819549574857936,-3.218763692999637,-3.737208165211155,-4.268339917127197,-4.76634734390793
Current Policies,TUR,Basic Materials,1.5694745171125994,1.9640303503256111,2.3128493349459482,2.6802082294576883,3.0367572183916245
Current Policies,TUR,Consumer Goods,1.4318595670144236,1.789880529321267,2.1082113471085595,2.443498199237961,2.7688989134961277
Current Policies,TUR,Consumer Services,0.3328257307172006,0.4153070393079203,0.4892142529941494,0.5670646870007484,0.6425941898177161
Current Policies,TUR,Financials,-0.1457167585614568,-0.17055136355800946,-0.20022946263773206,-0.2315231054545474,-0.2613261811293123
Current Policies,TUR,Government,0.4687188602791101,0.5700082501108159,0.6774966160742113,0.7911758032529078,0.9016906452308767
Current Policies,TUR,Health Care,2.6259037340533946,3.2837387816044163,3.8671108808091166,4.481507780558465,5.077744402455251
Current Policies,TUR,Industrials,1.2330209524788802,1.5421383954791337,1.8193478334821382,2.1114460450047425,2.395282285179693
Current Policies,TUR,Oil & Gas,1.0647648683521922,1.3332591110289467,1.5705039065985495,1.8203907250797235,2.063041367606835
Current Policies,TUR,Technology,0.10050363825929634,0.11971071091629805,0.14136390596356238,0.16422443037607626,0.18620676017542362
Current Policies,TUR,Telecommunications,0.18755785061893082,0.22340169992252218,0.26381045320187646,0.30647230004736714,0.3474952779233019
Current Policies,TUR,UK Real Estate,-0.24434362595012024,-0.2926338740179825,-0.34644179137966885,-0.40329643267254867,-0.45817570251325035
Current Policies,TUR,Utilities,1.0175554537917169,1.3304500391860983,1.6017760211869827,1.889975730944735,2.1782715375874497
Current Policies,TUR,FTSE,-1.2333465773328771,-1.5448046046748696,-1.8226202093387545,-2.115458738925493,-2.400331427695145
Current Policies,RASIA,Basic Materials,1.918692302325467,2.469089563144096,2.8695732228496094,3.28464710827807,3.6746787554256435
Current Policies,RASIA,Consumer Goods,1.8940128470443807,2.436483976228071,2.831779048536912,3.241480237254986,3.6264307011498667
Current Policies,RASIA,Consumer Services,0.4401067461044475,0.5655664295575283,0.657342782342468,0.7524744713497851,0.841852721401035
Current Policies,RASIA,Financials,-0.26126584214496223,-0.3157595070964338,-0.3675932120236569,-0.4217266958032677,-0.4725043618480905
Current Policies,RASIA,Government,0.324469812901479,0.4288299579578609,0.49838317477956184,0.5701678957771389,0.6374205582952593
Current Policies,RASIA,Health Care,3.2259922521627757,4.150360941572156,4.823614884933148,5.521415238907943,6.177107523112346
Current Policies,RASIA,Industrials,1.5347463317202805,1.976815586400952,2.2975955790577194,2.6300026218535333,2.9423144434789226
Current Policies,RASIA,Oil & Gas,1.2937102347804237,1.665708922967842,1.9358944929549131,2.21590491509962,2.479024873090317
Current Policies,RASIA,Technology,0.10540459813603892,0.12994954909928888,0.1512525255468154,0.17343916450043917,0.19424969535970693
Current Policies,RASIA,Telecommunications,0.19670392250619836,0.24250921200563996,0.2822643944396868,0.32366864991413985,0.36250484038251984
Current Policies,RASIA,UK Real Estate,-0.7587635770413823,-0.9573250538485123,-1.1135644762574015,-1.2757897365217041,-1.4278199591643577
Current Policies,RASIA,Utilities,1.1819477791227613,1.707622253498545,1.9831280542145515,2.26469014396559,2.5293939191508086
Current Policies,RASIA,FTSE,-1.5266610246597534,-1.9680861326045185,-2.287409474280409,-2.6182802172791644,-2.929167561290101
Current Policies,LAM,Basic Materials,1.570240759822851,2.8284687146212573,3.0482059760152924,3.2655797678023473,3.48104418974084
Current Policies,LAM,Consumer Goods,1.3850301437907944,2.483657740131076,2.6782972455162324,2.8710419409993917,3.0619139862972133
Current Policies,LAM,Consumer Services,0.317986480014378,0.56772776932015,0.612592740000876,0.6570655188869712,0.7010665419347354
Current Policies,LAM,Financials,-0.2697891288740484,-0.3805042215917599,-0.42587275941915176,-0.47265656552600355,-0.5173568725792742
Current Policies,LAM,Government,0.24538157223399043,0.45209758438176295,0.48508835698219527,0.5175225633348032,0.5498421337805726
Current Policies,LAM,Health Care,2.600127535247055,4.6729119894534765,5.037571644991949,5.398502779877074,5.756092441122419
Current Policies,LAM,Industrials,1.1887612420310716,2.1322149590329866,2.2993341044889837,2.464818272537215,2.628689333028093
Current Policies,LAM,Oil & Gas,1.060250984543623,1.9094857613787968,2.0578841601955133,2.2046924540158517,2.35020570254975
Current Policies,LAM,Technology,0.06657184681979347,0.09777571114485265,0.10874326653949691,0.11999282629759002,0.13078612064108566
Current Policies,LAM,Telecommunications,0.12423502987065484,0.1824670483843875,0.20293447774307805,0.2239281779233001,0.2440704048438888
Current Policies,LAM,UK Real Estate,-0.32020827106753363,-0.49986845132141794,-0.549946983882857,-0.6008725787150574,-0.6501263489086779
Current Policies,LAM,Utilities,0.5385683966364404,1.198294038434765,1.2543662864780722,1.3056428264801196,1.360195763605518
Current Policies,LAM,FTSE,-1.1564735511211037,-2.0684148447403934,-2.231207123603715,-2.392509913012104,-2.5521651293850116
Current Policies,MEA,Basic Materials,0.963346142419518,1.1661659391015795,1.3772361563911861,1.599649263230947,1.8136891686139622
Current Policies,MEA,Consumer Goods,0.9930152236587287,1.2012012384318793,1.4196865753978891,1.6500117883174397,1.871857997116561
Current Policies,MEA,Consumer Services,0.22391574219612131,0.270742866235156,0.3200179122415165,0.37196691939494525,0.42200453532046717
Current Policies,MEA,Financials,-0.20947017882160723,-0.24588878635090974,-0.2888173057584296,-0.33404307586421456,-0.37708641374871327
Current Policies,MEA,Government,0.17643337642457116,0.21371925911640252,0.2541099673661224,0.29678750827066275,0.3381510728071566
Current Policies,MEA,Health Care,1.5955453799513335,1.9304536196706907,2.2799671218898614,2.648282345161902,3.0027199197466934
Current Policies,MEA,Industrials,0.7995123192256747,0.9669613638590085,1.1414692758982021,1.3253039348991582,1.502048309931352
Current Policies,MEA,Oil & Gas,0.6471807003113474,0.7836060287396625,0.92557532285096,1.0751813663536813,1.2191831593824187
Current Policies,MEA,Technology,0.055935764975348724,0.06641393151517393,0.0782181697254787,0.09065691829808331,0.10254477264105967
Current Policies,MEA,Telecommunications,0.10438618972613829,0.12394033153308956,0.14596916138705585,0.16918210160567745,0.19136697418996254
Current Policies,MEA,UK Real Estate,-0.4191154451219094,-0.4987705664380889,-0.590253949540876,-0.6868774915326676,-0.7798668010554952
Current Policies,MEA,Utilities,0.4145922711364219,0.5336138752931265,0.6531635805271808,0.7803794391673493,0.9077006289593187
Current Policies,MEA,FTSE,-0.7298353669208313,-0.8834211901097813,-1.044529723122036,-1.2143867996551898,-1.378067519864486
Current Policies,AFR,Basic Materials,1.3177392928499077,1.6089486202329337,1.9107876687412575,2.2295508741594543,2.538787131260157
Current Policies,AFR,Consumer Goods,1.2112138914283284,1.4776385935397682,1.7548059497815838,2.0475081342177845,2.3313994978935653
Current Policies,AFR,Consumer Services,0.26415054862654674,0.32188435910533136,0.38220570865565073,0.44590843372059985,0.5076733954052739
Current Policies,AFR,Financials,-0.09810894251149091,-0.1153429047163163,-0.13594065412728407,-0.15767571970882913,-0.1784645297682312
Current Policies,AFR,Government,0.4513339989991825,0.5583614424356318,0.6717869139142049,0.7920451913418924,0.9102985949186068
Current Policies,AFR,Health Care,2.2779320362672633,2.781853540497705,3.3044457511380165,3.8563784745482526,4.391940111785151
Current Policies,AFR,Industrials,1.0168401359409942,1.24192982447611,1.4760177418689777,1.7232798736929764,1.9633025409573592
Current Policies,AFR,Oil & Gas,0.9015403609464965,1.1012119998757264,1.3080666754211352,1.5265322904588488,1.738525025530532
Current Policies,AFR,Technology,0.0439611869232961,0.05198908515522651,0.061428382737965685,0.07139622633635516,0.08096565886613326
Current Policies,AFR,Telecommunications,0.0820394751154971,0.0970209759193161,0.11463640155598225,0.13323818904347823,0.15109646987802344
Current Policies,AFR,UK Real Estate,-0.5380439383302482,-0.6443270166084719,-0.7657775000215206,-0.8942386248002412,-1.0185756287335823
Current Policies,AFR,Utilities,0.6110004709120693,0.8090326045623483,0.9984347729255016,1.2002729386940205,1.4041728204657749
Current Policies,AFR,FTSE,-0.9562864940484139,-1.1693752953867775,-1.3906770067377914,-1.624490705543708,-1.851679586971073
Current Policies,ROW,Basic Materials,1.1334968006579313,1.496871656466287,1.743560507584202,1.9987832778415346,2.2419019097903177
Current Policies,ROW,Consumer Goods,1.057103843931615,1.395168636253826,1.6251851194099929,1.863166495889337,2.0898432661888724
Current Policies,ROW,Consumer Services,0.23414193286191953,0.30831536266675225,0.35915959910259637,0.4117766729748849,0.4618819143709746
Current Policies,ROW,Financials,-0.22010892697108494,-0.26966587729791924,-0.314339156939522,-0.3609460855104838,-0.40500586383768156
Current Policies,ROW,Government,0.2969980831242478,0.3987880745254347,0.4649840171615249,0.53330613290313,0.5984665404323709
Current Policies,ROW,Health Care,1.8001491803165408,2.37434715210933,2.7656996841996415,3.1706417708376677,3.556330916139362
Current Policies,ROW,Industrials,0.8481618528194842,1.11425766835701,1.297967396334496,1.4881381491278138,1.6691837048739042
Current Policies,ROW,Oil & Gas,0.7679094248873911,1.014431518985343,1.1816329278597406,1.3546124046035173,1.5193953583913902
Current Policies,ROW,Technology,0.05622809235333058,0.07056684495058776,0.08226011636748118,0.09442333096684769,0.10594613794754434
Current Policies,ROW,Telecommunications,0.10493172514794948,0.13169041432853157,0.15351216020401928,0.17621090451204405,0.1977145331152242
Current Policies,ROW,UK Real Estate,-0.4552278793498789,-0.5686245006711426,-0.662817112904821,-0.7608603920118361,-0.8537192806477989
Current Policies,ROW,Utilities,0.6219175759143446,0.9170034436497795,1.0701243761571078,1.226693581443959,1.377436888270729
Current Policies,ROW,FTSE,-0.8004128371714575,-1.057004003653582,-1.2314047279393314,-1.4118299810401889,-1.5836986594086253
Delayed transition,EU27,Basic Materials,1.4509863300005468,1.7269400450943169,4.197617289513211,4.9321168614739666,4.794967334960068
Delayed transition,EU27,Consumer Goods,1.3510106596747185,1.6050301114755743,3.8504424982100236,4.521167244557101,4.400359281186008
Delayed transition,EU27,Consumer Services,0.2798734277333438,0.3318332448606147,0.7809907183873134,0.9162957088229973,0.8933982318533503
Delayed transition,EU27,Financials,-0.4325252575128844,-0.498068117852613,-0.760011427105747,-0.8737082087950975,-0.8979034599619703
Delayed transition,EU27,Government,0.2095199110921083,0.2428885447205502,0.49642764908689613,0.5768580239154926,0.5692683836203097
Delayed transition,EU27,Health Care,2.2322068818830627,2.6552850409061097,6.4265699848401665,7.549582320013437,7.3424187735255195
Delayed transition,EU27,Industrials,1.006369197870751,1.193778524068048,2.8344028658302607,3.326276390006608,3.2404717503013534
Delayed transition,EU27,Oil & Gas,0.9765830775973705,1.1623533333365539,2.834598031743717,3.3307659933702336,3.2370744599773618
Delayed transition,EU27,Technology,0.063046860851911,0.07300569441739871,0.12791881520993437,0.14803238745254493,0.14917805372155346
Delayed transition,EU27,Telecommunications,0.11765677257521034,0.13624174572210798,0.23871949762252778,0.27625503806097235,0.27839305720797547
Delayed transition,EU27,UK Real Estate,-0.4580400103400446,-0.5287287744551944,-0.9573321190163868,-1.1075422507255912,-1.109900014099102
Delayed transition,EU27,Utilities,0.8791703049285938,1.0430592132306744,3.2038698749002905,3.7716602148539953,3.5845849626011885
Delayed transition,EU27,FTSE,-1.011644825381016,-1.199869552337892,-2.872448509064904,-3.3712127728563,-3.281199682953073
Delayed transition,CHN,Basic Materials,2.156861880586485,2.8466040414208598,8.32371323294739,9.977455539156908,9.664854992839743
Delayed transition,CHN,Consumer Goods,2.2972818902381658,3.031769097898899,8.863494155199689,10.624347158614105,10.29156341169941
Delayed transition,CHN,Consumer Services,0.5448488422017076,0.7184039651567278,2.093333268061982,2.508862331564087,2.4308383033084033
Delayed transition,CHN,Financials,-0.22137176672147743,-0.2787396505402307,-0.6688061618962512,-0.794765167998732,-0.781812862254359
Delayed transition,CHN,Government,0.33845619235642255,0.4695896871312424,1.6406825955480855,1.9772875902789564,1.8935756212697112
Delayed transition,CHN,Health Care,3.689738599565003,4.867386095946179,14.209359149404888,17.031284918004108,16.49965856399981
Delayed transition,CHN,Industrials,1.7939121459379446,2.3796249763407538,7.106888362827581,8.524364829854516,8.24545403451766
Delayed transition,CHN,Oil & Gas,1.4566540146025873,1.925693251068833,5.668950186324515,6.796816310559308,6.58084910173161
Delayed transition,CHN,Technology,0.0884661692112816,0.11395005920908005,0.30408198437326145,0.3629836309769228,0.3539996309791996
Delayed transition,CHN,Telecommunications,0.16509377010760942,0.21265128858335716,0.5674716297716995,0.6773926876183463,0.6606269290973845
Delayed transition,CHN,UK Real Estate,-0.44692641286073487,-0.6109277413729874,-2.0436663212346073,-2.4591346028004324,-2.361653796502686
Delayed transition,CHN,Utilities,1.2253195305915783,2.1001426270958126,11.731079953521487,14.297098678000555,13.400057636614433
Delayed transition,CHN,FTSE,-1.8555402780873913,-2.469209314576698,-7.456947528118006,-8.948258907080058,-8.648875271096639
Delayed transition,USA,Basic Materials,0.8600672579891189,1.0315452988507376,2.841466336344333,3.347864774373175,3.1971390453990924
Delayed transition,USA,Consumer Goods,0.7489258131610131,0.8930120085180133,2.398174870695176,2.8210987963236054,2.7000383304078155
Delayed transition,USA,Consumer Services,0.14303555948429195,0.16994304039665964,0.44578890319445585,0.5238201814822138,0.5024210691547283
Delayed transition,USA,Financials,-0.2517059847117609,-0.2896394321047752,-0.5001997763713851,-0.5772061817239267,-0.5813880355020333
Delayed transition,USA,Government,0.2925170751594001,0.3397088062715989,0.8839789011551494,1.0329189690343843,0.99065501385517
Delayed transition,USA,Health Care,1.2203627601169353,1.460108853998977,3.978202865227681,4.684124925154657,4.477610155249496
Delayed transition,USA,Industrials,0.5252243563704234,0.6273569964895228,1.6843514252801968,1.9821835926421025,1.8975196689241773
Delayed transition,USA,Oil & Gas,0.5764280180816244,0.6913448153279653,1.906152289669228,2.2458855976077734,2.144610955968486
Delayed transition,USA,Technology,0.03848911531065088,0.04453315083776602,0.0924567901653309,0.10741659202759685,0.10562545569977808
Delayed transition,USA,Telecommunications,0.07182760609387319,0.083106862568206,0.17254098596705245,0.20045866468563503,0.19711608241070824
Delayed transition,USA,UK Real Estate,-0.5661707972443671,-0.6544291663172044,-1.4399248062387218,-1.6747753416645337,-1.6350065726545187
Delayed transition,USA,Utilities,0.24788470117269004,0.29573974816850285,1.1718313777992417,1.3841375852193103,1.2844771850178678
Delayed transition,USA,FTSE,-0.478784557305998,-0.5681349711665873,-1.4682379978486564,-1.7244276065245379,-1.6563785440358643
Delayed transition,GBR,Basic Materials,1.2293771822394333,1.483863713968591,3.7448628109944724,4.4238202495871075,4.297732753672412
Delayed transition,GBR,Consumer Goods,0.9868949001987596,1.1853334078879454,2.9056559723024105,3.4269162552928534,3.336838992432429
Delayed transition,GBR,Consumer Services,0.17785615536236385,0.21253585313029416,0.49874640170459605,0.5870866397918238,0.5739243407586845
Delayed transition,GBR,Financials,-0.2429202832627231,-0.27990271524720695,-0.4204524465244412,-0.4833158024816417,-0.4981843659194774
Delayed transition,GBR,Government,0.2915319735220797,0.3381287368901937,0.6087619546509099,0.7055522605700016,0.7085415189927435
Delayed transition,GBR,Health Care,1.6388024887953168,1.9726487227032696,4.87374239559966,5.75203792707229,5.598483080357494
Delayed transition,GBR,Industrials,0.6959606537671555,0.8316779602927591,1.97325643674063,2.323010929400531,2.2683483066186376
Delayed transition,GBR,Oil & Gas,0.9082018079950998,1.0952715719027954,2.7783012783419667,3.2814931015074835,3.185879262137564
Delayed transition,GBR,Technology,0.04591842480305328,0.05312951382627183,0.08584345645664215,0.0990944755198907,0.10107292609449592
Delayed transition,GBR,Telecommunications,0.08569203273664626,0.09914922076726497,0.16019931677665722,0.18492809970490598,0.18862024402679992
Delayed transition,GBR,UK Real Estate,-0.26438375368920325,-0.3051329670133961,-0.4937820923443168,-0.5694853873610012,-0.5803133599351281
Delayed transition,GBR,Utilities,2.8507323390588275,3.413459047299188,8.998075492592829,10.613121052225697,10.251430429338749
Delayed transition,GBR,FTSE,-0.8691383089215182,-1.0387217152768464,-2.523341354139755,-2.971827901770601,-2.894324113408021
Delayed transition,CHE,Basic Materials,1.0165336621656074,1.1839539825981018,1.9626354713078986,2.273200025291483,2.308324963279555
Delayed transition,CHE,Consumer Goods,0.9147090440415917,1.0645440264977333,1.7549865816386596,2.031767176453884,2.0651819105214835
Delayed transition,CHE,Consumer Services,0.20121829052170245,0.23410851409589262,0.38496288846783167,0.4455798951504147,0.4531533000895419
Delayed transition,CHE,Financials,-0.1809293603585125,-0.2090725499368508,-0.3110642084367678,-0.357859646726523,-0.3698685545845841
Delayed transition,CHE,Government,0.2604089623091942,0.3018898714628619,0.5035919411250549,0.5824716216488628,0.5919066530311915
Delayed transition,CHE,Health Care,1.5649548354113296,1.8222075089121907,3.010716457091255,3.486459643022293,3.5421007027452203
Delayed transition,CHE,Industrials,1.1258293648298832,1.3134036000185056,2.34488786750742,2.7214376944862053,2.736504616734705
Delayed transition,CHE,Oil & Gas,0.7071632963696599,0.8235840314426695,1.365194817947172,1.581441091191946,1.6064861097265066
Delayed transition,CHE,Technology,0.05949039651077248,0.06900189470286607,0.10620810669161498,0.1225307775306728,0.1260853774768559
Delayed transition,CHE,Telecommunications,0.11101977097825459,0.12876993592723252,0.19820341387037121,0.2286644510224348,0.23529797332335112
Delayed transition,CHE,UK Real Estate,-1.0226828479548624,-1.1777876090123838,-1.7494329746623043,-2.0101765824064044,-2.0765952089917916
Delayed transition,CHE,Utilities,2.2340327404281086,2.599641879282019,4.399111843305759,5.112314946930164,5.212533299867991
Delayed transition,CHE,FTSE,-0.9076605670058564,-1.0569703311866299,-1.7854226779665385,-2.0697017306041032,-2.0994061844803205
Delayed transition,RUS,Basic Materials,1.3193495621956488,2.036542260794997,7.661959234128707,8.952144154078596,8.213687637189802
Delayed transition,RUS,Consumer Goods,1.1615677393350323,1.7968651676028027,6.786361846052824,7.928945064398653,7.272188775272567
Delayed transition,RUS,Consumer Services,0.26133036104029955,0.4030056890857261,1.5128759721046392,1.7674127594629532,1.621742784262746
Delayed transition,RUS,Financials,-0.12091507280463994,-0.16117772613311593,-0.4181888253394499,-0.48519567422664567,-0.4601956430107603
Delayed transition,RUS,Government,0.2575201371898016,0.4033469179940648,1.5484366140149384,1.8070268471522795,1.652880986662113
Delayed transition,RUS,Health Care,2.10518477528817,3.2626985684645025,12.371955992507592,14.456722392728938,13.256195831390338
Delayed transition,RUS,Industrials,0.9295391097011181,1.4343484344141086,5.394505449896925,6.302675189941839,5.7829098284051685
Delayed transition,RUS,Oil & Gas,0.8904929119736351,1.3831899821497997,5.2645372863613265,6.151472338795394,5.6385698001600675
Delayed transition,RUS,Technology,0.052481642789567406,0.07386483612590362,0.2251336298599452,0.2620183014432549,0.24457780394110556
Delayed transition,RUS,Telecommunications,0.09794017698310824,0.13784505854754547,0.4201398123481714,0.4889732381103559,0.4564261355190187
Delayed transition,RUS,UK Real Estate,-0.38578618765846584,-0.5606617180774933,-1.8395391533626737,-2.142147321949376,-1.984762937831884
Delayed transition,RUS,Utilities,0.8393697945355151,1.859991231953204,10.961093236276993,12.837313437980214,11.421389108738085
Delayed transition,RUS,FTSE,-0.9436570633987392,-1.5050232238084513,-6.001138249303939,-7.0138827140716575,-6.404427233562172
Delayed transition,IND,Basic Materials,2.949493782213492,4.175806755804681,15.878358770889756,19.19089241004426,18.32739811595892
Delayed transition,IND,Consumer Goods,2.9838270211527744,4.224406521033205,16.06345282900489,19.414478040894526,18.5407335900893
Delayed transition,IND,Consumer Services,0.6826275122856402,0.9661940030362904,3.6708147546506864,4.436435056494716,4.236887513061617
Delayed transition,IND,Financials,-0.4589038402151658,-0.5773342710521857,-1.4044518310779956,-1.6698512666040506,-1.6422857815229883
Delayed transition,IND,Government,0.14830547591795032,0.22056885638637017,0.9482791950609183,1.1490730040506856,1.0894808315788869
Delayed transition,IND,Health Care,5.098751547234983,7.218844091265162,27.451244541189812,33.178134946771195,31.68513094474094
Delayed transition,IND,Industrials,2.2403083733812137,3.1687672972368226,12.014895391980946,14.519790652144179,13.868071798466541
Delayed transition,IND,Oil & Gas,2.009885178310431,2.846298027390166,10.832235821835944,13.092385101794179,12.502799262084919
Delayed transition,IND,Technology,0.057905425740519295,0.07960561460080554,0.27516509467570693,0.33142840452674005,0.31788160049909014
Delayed transition,IND,Telecommunications,0.10806193068400019,0.14855838286376677,0.5135075169077917,0.6185049642354321,0.5932241934077463
Delayed transition,IND,UK Real Estate,-0.3837206478185382,-0.5149361398974065,-1.6319167468065503,-1.9602675408387906,-1.890205407939345
Delayed transition,IND,Utilities,0.7758778659832993,1.2667444002944017,6.742893511294685,8.214946451496411,7.7325354807923725
Delayed transition,IND,FTSE,-2.278194743977921,-3.222091980896271,-12.21953234885753,-14.767447340979462,-14.10492138334768
Delayed transition,TUR,Basic Materials,1.5668883314124182,1.9663194678308658,7.051478377503761,8.608751370203594,8.599627495879126
Delayed transition,TUR,Consumer Goods,1.4295001437192343,1.7919689320090335,6.425108897097228,7.845163531426202,7.84056338195564
Delayed transition,TUR,Consumer Services,0.3322772992925116,0.415792473890054,1.4819405393972274,1.8093120368895412,1.8093406525914604
Delayed transition,TUR,Financials,-0.1454766459676176,-0.1707638950640612,-0.3810993802866943,-0.4566432984053078,-0.47033163701956554
Delayed transition,TUR,Government,0.4679465036714414,0.5706918881924853,2.202898081377671,2.7112153651798567,2.7486621308624337
Delayed transition,TUR,Health Care,2.6215767605262577,3.2875687273214043,11.76369703693521,14.360944215387972,14.348772876979696
Delayed transition,TUR,Industrials,1.230989176161039,1.5439367871165188,5.743340184054845,7.024605020372479,7.024533842331139
Delayed transition,TUR,Oil & Gas,1.0630103450091477,1.334812096994981,4.831345159757589,5.900741791207478,5.894697732643393
Delayed transition,TUR,Technology,0.10033802800615212,0.11985729796513042,0.35840137163733415,0.43640369973012244,0.44508407973098096
Delayed transition,TUR,Telecommunications,0.18724879212455026,0.2236752576989744,0.6688413682074564,0.814407730318758,0.8306068793616636
Delayed transition,TUR,UK Real Estate,-0.243940995652863,-0.2929902552560092,-0.9622734099454084,-1.177072281321598,-1.198749732216454
Delayed transition,TUR,Utilities,1.0158787222901577,1.3319341690502304,8.112709307720904,10.0974853315329,10.11974491530127
Delayed transition,TUR,FTSE,-1.2313142644492414,-1.5466034712441794,-5.806552108585858,-7.105716014600677,-7.106736888176
Delayed transition,RASIA,Basic Materials,1.9155306743148053,2.4718880234494796,6.752989788648926,8.076915541982187,7.868705572384173
Delayed transition,RASIA,Consumer Goods,1.8908918859280457,2.4392464409358916,6.656758009509472,7.961003737234804,7.756138359990946
Delayed transition,RASIA,Consumer Services,0.4393815366404399,0.5662083361611104,1.5380316061600925,1.8389777055332464,1.7922247614195315
Delayed transition,RASIA,Financials,-0.2608353273595778,-0.31614056980644145,-0.6222762731730517,-0.732006245508592,-0.7337526620418033
Delayed transition,RASIA,Government,0.32393515038793264,0.4293032052266382,1.3076663601316727,1.568529856551687,1.51557180107013
Delayed transition,RASIA,Health Care,3.2206764506378223,4.155066131274649,11.34106875440099,13.56383359425512,13.215076463645639
Delayed transition,RASIA,Industrials,1.5322173712476992,1.9790540519865734,5.437437842227041,6.503897816080571,6.333115947734291
Delayed transition,RASIA,Oil & Gas,1.2915784544470144,1.667595831428522,4.568158320558996,5.4642871371371,5.322454178769955
Delayed transition,RASIA,Technology,0.10523091206375129,0.13010328431964235,0.29100357015220657,0.3445097865032339,0.34099101179422225
Delayed transition,RASIA,Telecommunications,0.19637979308198125,0.24279610955475686,0.5430649584980034,0.6429171738741161,0.6363505079039572
Delayed transition,RASIA,UK Real Estate,-0.7575132837162164,-0.958431729342518,-2.3903707382784654,-2.8446140822026402,-2.7896847997914684
Delayed transition,RASIA,Utilities,1.1800001613619124,1.7093461536460055,7.056041791954776,8.546826194588327,8.129663466007967
Delayed transition,RASIA,FTSE,-1.524145387184948,-1.9703128055692805,-5.433803451775356,-6.500861386521323,-6.32894348182297
Delayed transition,LAM,Basic Materials,1.5676533115052016,2.830758949710507,5.481196938930983,7.003330531802485,6.572309865689742
Delayed transition,LAM,Consumer Goods,1.3827478861860119,2.4856778409437283,4.799152552698742,6.128544144956608,5.754677782721623
Delayed transition,LAM,Consumer Services,0.31746250075985816,0.5681915604871287,1.093490058900629,1.395678875979316,1.3113283388866848
Delayed transition,LAM,Financials,-0.2693445693864294,-0.3808977157268345,-0.5945088478424672,-0.7290984226860019,-0.7173069681632848
Delayed transition,LAM,Government,0.24497723160514917,0.452455479490185,0.8512013752914364,1.0937511495055683,1.0242326703032039
Delayed transition,LAM,Health Care,2.5958430358321327,4.67670433994527,9.04273667197224,11.550671396386731,10.843106357229074
Delayed transition,LAM,Industrials,1.1868023970217705,2.1339487967850688,4.125734819364821,5.268338278457123,4.946812842975143
Delayed transition,LAM,Oil & Gas,1.0585038991943974,1.9110321637333554,3.700135762305,4.727549501673537,4.436684139429058
Delayed transition,LAM,Technology,0.06646214949345729,0.09787280783438199,0.16229854071318262,0.20073190460737073,0.19529520130722966
Delayed transition,LAM,Telecommunications,0.12403031494587595,0.18264824825640955,0.3028782438325103,0.3746018077641113,0.36445594236970114
Delayed transition,LAM,UK Real Estate,-0.31968063073780195,-0.5003354830257472,-0.8440188635083765,-1.0578103511844006,-1.0178496092742226
Delayed transition,LAM,Utilities,0.5376809417139394,1.199079553797439,2.4593658392637896,3.223067829844481,2.9572049249267
Delayed transition,LAM,FTSE,-1.1545679098839015,-2.0701015900945663,-3.982023575020118,-5.0841233816154485,-4.7759295613652695
Delayed transition,MEA,Basic Materials,0.9617587372143456,1.1675710033407165,3.789212725620473,4.625906049206627,4.681824417812633
Delayed transition,MEA,Consumer Goods,0.9913789296358005,1.2026495757617799,3.9656804423584755,4.84620523487217,4.908181781191851
Delayed transition,MEA,Consumer Services,0.22354677303848344,0.2710694528981277,0.8939503135142779,1.0925470025274306,1.1068250384379612
Delayed transition,MEA,Financials,-0.20912501311475679,-0.24619430380145832,-0.5686865986793418,-0.6823913190097692,-0.7002710529270612
Delayed transition,MEA,Government,0.17614264887839634,0.21397659157136184,0.8141389613000526,1.0018478816122574,1.0164787371184603
Delayed transition,MEA,Health Care,1.5929162345904948,1.9327807621759368,6.264233137817602,7.64728677584761,7.7413941032777265
Delayed transition,MEA,Industrials,0.7981948799779802,0.9681274724040352,3.090176271029882,3.7684080577455314,3.813138093149284
Delayed transition,MEA,Oil & Gas,0.6461142736479454,0.7845499578407676,2.5584430456963325,3.124096387485776,3.1617998632482456
Delayed transition,MEA,Technology,0.05584359382256433,0.06649551521556457,0.17933072482997822,0.21716450963113204,0.22170158179501448
Delayed transition,MEA,Telecommunications,0.1042141817908563,0.12409258137952128,0.33466336026829857,0.40526800186123324,0.4137349938816147
Delayed transition,MEA,UK Real Estate,-0.4184248251984375,-0.49938185670861607,-1.5669020622591074,-1.914505661425107,-1.9554195537362762
Delayed transition,MEA,Utilities,0.4139091045151558,0.5342185684022237,3.8207653952200786,4.791001197348317,4.838162233214581
Delayed transition,MEA,FTSE,-0.7286327416033527,-0.8844856730919232,-2.9540106746753114,-3.6121095434064032,-3.658057863659409
Delayed transition,AFR,Basic Materials,1.3155679173490133,1.6108705756707147,6.1941266017308605,7.626080493723199,7.721869807852445
Delayed transition,AFR,Consumer Goods,1.2092180488633688,1.4794051790378087,5.666708444902185,6.975261084127628,7.063281293397939
Delayed transition,AFR,Consumer Services,0.26371528041154574,0.3222696292312815,1.2246688049866354,1.507056933155066,1.5265334922058247
Delayed transition,AFR,Financials,-0.09794727824653046,-0.1154859990420134,-0.3021638131735593,-0.3657491091552444,-0.3753013517231376
Delayed transition,AFR,Government,0.45059028922786054,0.5590197242659901,2.8602037098341437,3.5571226837392613,3.6019833059869084
Delayed transition,AFR,Health Care,2.274178451743305,2.785175960863976,10.766554022056145,13.258396785560262,13.425036659442426
Delayed transition,AFR,Industrials,1.0151645831427365,1.2434129110314174,4.8608862842867655,5.988069478204296,6.0631328499433925
Delayed transition,AFR,Oil & Gas,0.9000547995282031,1.1025269188498381,4.264763352644397,5.251851131765497,5.317463491881169
Delayed transition,AFR,Technology,0.04388874752288252,0.052053203636565744,0.15162968365909066,0.1846547094942364,0.18908744095768631
Delayed transition,AFR,Telecommunications,0.08190429017615548,0.09714063252830285,0.28296823925672054,0.34459887243135245,0.35287114595353686
Delayed transition,AFR,UK Real Estate,-0.5371573476120127,-0.6451117670356997,-2.3152065071898305,-2.846907967755246,-2.904256371103773
Delayed transition,AFR,Utilities,0.6099936621595551,0.8099237639016262,6.7077665083853875,8.428428066614112,8.488884325462754
Delayed transition,AFR,FTSE,-0.9547107217569752,-1.1707700629536901,-4.662497466295913,-5.748037638558591,-5.8195758822530586
Delayed transition,ROW,Basic Materials,1.131629020591991,1.4985248896601016,5.082929545401135,6.126197146290599,5.878972058970967
Delayed transition,ROW,Consumer Goods,1.0553619444519011,1.3967104484257546,4.7313914882465165,5.702027236217113,5.472208878095245
Delayed transition,ROW,Consumer Services,0.23375611295087415,0.3086568644824136,1.0363780820918727,1.2486061150002357,1.1989066764645466
Delayed transition,ROW,Financials,-0.21974623069713575,-0.26998691162647864,-0.6331324385752573,-0.7517664745694392,-0.7410050080036814
Delayed transition,ROW,Government,0.29650868862489,0.39922125359504934,1.4745964902054334,1.7809901495999683,1.700585442504083
Delayed transition,ROW,Health Care,1.7971828880846072,2.376972714331464,8.025083555203013,9.670650426799869,9.282940200054046
Delayed transition,ROW,Industrials,0.8467642486970316,1.1154947334532628,3.7057623957887587,4.4629853145692,4.2882473725011945
Delayed transition,ROW,Oil & Gas,0.7666440610015651,1.0155515339252437,3.450846239729978,4.159366084840827,3.9912018122111084
Delayed transition,ROW,Technology,0.05613543950245141,0.07064885501770873,0.1911923049645812,0.2284349630697412,0.22255103888550934
Delayed transition,ROW,Telecommunications,0.10475881827745608,0.13184345985190496,0.35679920045798996,0.42630069340412624,0.41532023346941144
Delayed transition,ROW,UK Real Estate,-0.454477753228644,-0.5692884618225583,-1.498576064442028,-1.7887300494670715,-1.74659236113704
Delayed transition,ROW,Utilities,0.6208927779173179,0.9179105258574408,4.583091731567783,5.58026946902805,5.261394248028585
Delayed transition,ROW,FTSE,-0.7990939140470841,-1.0581714256263646,-3.6015393700950566,-4.341000861115551,-4.165314282085241
Fragmented World,EU27,Basic Materials,1.450355657171692,1.7245398469595035,2.4451325141707247,2.7288942794664592,3.0594716459915507
Fragmented World,EU27,Consumer Goods,1.3504234413826282,1.6027952914787087,2.260149627099097,2.5247727686912036,2.829094710808472
Fragmented World,EU27,Consumer Services,0.2797517804354054,0.33137028276004876,0.4640228563761922,0.5189122654225349,0.5810909331648422
Fragmented World,EU27,Financials,-0.4323372599266442,-0.4973526415625349,-0.6158611890844894,-0.7021989869985681,-0.7782386255298379
Fragmented World,EU27,Government,0.2094288430287519,0.24254196027008937,0.3182315016769869,0.3600921527171376,0.4002591554943992
Fragmented World,EU27,Health Care,2.231236650668835,2.6515925603612294,3.753153161496879,4.189889784896026,4.696674028170509
Fragmented World,EU27,Industrials,1.005931778374943,1.1921138044068627,1.6743235904594633,1.871862623949927,2.0966048966646023
Fragmented World,EU27,Oil & Gas,0.9761586046720052,1.1607378853940924,1.6472450274242385,1.8383413299297495,2.061146707112736
Fragmented World,EU27,Technology,0.06301945746342842,0.07290140331920304,0.09310988950214835,0.10566050984163089,0.1173343603600137
Fragmented World,EU27,Telecommunications,0.11760563292760667,0.13604711979059894,0.17375978669880407,0.19718149973902674,0.21896700272774106
Fragmented World,EU27,UK Real Estate,-0.4578409227379931,-0.5279710920733846,-0.6737941306807651,-0.7654543212312366,-0.8494226807009215
Fragmented World,EU27,Utilities,0.8787881725736637,1.04160490392228,1.5629495761239425,1.742338534833905,1.9568277575491049
Fragmented World,EU27,FTSE,-1.0112051128278183,-1.198196105818949,-1.6856790869386857,-1.884526107418408,-2.110956654496124
Fragmented World,CHN,Basic Materials,2.155924398161218,2.8430361953593244,4.755699835290236,5.078529477757644,5.733856766394659
Fragmented World,CHN,Consumer Goods,2.2962833740988766,3.0279689713270046,5.064428176295388,5.408265513868573,6.106020430399731
Fragmented World,CHN,Consumer Services,0.5446120230439353,0.7175026850083424,1.1980773709732966,1.279807202621135,1.4447653015165465
Fragmented World,CHN,Financials,-0.2212755472358352,-0.27837346094174914,-0.4244719610959285,-0.4615355715972387,-0.5180621712519058
Fragmented World,CHN,Government,0.3383090819944133,0.46902981836830954,0.8594001536597463,0.9033373510074041,1.0236312625195825
Fragmented World,CHN,Health Care,3.688134850561854,4.861282589991976,8.125279271285931,8.678312625712845,9.797690812325339
Fragmented World,CHN,Industrials,1.7931324200201981,2.376657515863921,4.017573022547275,4.282911962326354,4.8375969173309175
Fragmented World,CHN,Oil & Gas,1.4560208783082906,1.923283677541758,3.2280723019098367,3.445274408645503,3.890535348797677
Fragmented World,CHN,Technology,0.08842771729203135,0.1138037199018483,0.18211868079072466,0.19619206706432374,0.22079492438873
Fragmented World,CHN,Telecommunications,0.16502201191604882,0.2123781931372536,0.33986618711789734,0.36612965504923917,0.4120430082250187
Fragmented World,CHN,UK Real Estate,-0.4467321557962396,-0.6101884429244995,-1.0934512666703813,-1.1545444392299284,-1.3066082842426103
Fragmented World,CHN,Utilities,1.22478694408912,2.098115723333133,5.0977254856598835,5.149518676497877,5.9131177663529675
Fragmented World,CHN,FTSE,-1.8547337654331781,-2.4661399098397583,-4.192459703961365,-4.464680524828922,-5.044860927424462
Fragmented World,USA,Basic Materials,0.8596934287948761,1.030122589493828,1.4443094398145704,1.5943683131646398,1.7778206534224457
Fragmented World,USA,Consumer Goods,0.7486002917198918,0.8917731475427613,1.2390901200048405,1.3725253738310021,1.5291752063074808
Fragmented World,USA,Consumer Services,0.14297338891861425,0.16970643328604262,0.23410397144703723,0.2599000776471184,0.2894034080838336
Fragmented World,USA,Financials,-0.2515965804243906,-0.2892230641331856,-0.3620710695245407,-0.41203440026606525,-0.45626679547841775
Fragmented World,USA,Government,0.29238993228598736,0.3392249292538199,0.4605061497285951,0.5176510292071541,0.5746204299399734
Fragmented World,USA,Health Care,1.2198323280803,1.4580901496458996,2.036883921568628,2.251765111993553,2.5100156989156757
Fragmented World,USA,Industrials,0.5249960670173354,0.6264881788484091,0.8720526018619249,0.9651754839414665,1.07566561026548
Fragmented World,USA,Oil & Gas,0.576177472999787,0.6903912974172535,0.9682443659045,1.0688451380003512,1.1918450440010675
Fragmented World,USA,Technology,0.03847238597369493,0.0444694827653182,0.057697784631679586,0.06525695734182357,0.07235198995051993
Fragmented World,USA,Telecommunications,0.07179638614466456,0.08298804650315417,0.1076744350594773,0.12178120980442782,0.1350218157089133
Fragmented World,USA,UK Real Estate,-0.5659247104750225,-0.6534926157354142,-0.8548821345121591,-0.9664181646522276,-1.0714984273748134
Fragmented World,USA,Utilities,0.2477769578104777,0.2953297013023803,0.4534793137639089,0.49899687734484444,0.5570678992144154
Fragmented World,USA,FTSE,-0.47857645306343904,-0.5673429734904804,-0.7795914606055374,-0.866292787731918,-0.964451443404247
Fragmented World,GBR,Basic Materials,1.2288428320741551,1.4818300981041381,2.1464692658942046,2.3781160999578135,2.669587499820753
Fragmented World,GBR,Consumer Goods,0.9864659452281842,1.183700902295207,1.6930668208859676,1.8803162247320562,2.108353767220713
Fragmented World,GBR,Consumer Services,0.17777884998579874,0.21224164635278053,0.29889228698648135,0.3328609948254765,0.37276304167723506
Fragmented World,GBR,Financials,-0.24281469769029998,-0.27950088044095117,-0.345604533333066,-0.39398436874479476,-0.4366076701121795
Fragmented World,GBR,Government,0.29140525882419377,0.337646489411621,0.4332708962423915,0.49092643227293364,0.5450578710128445
Fragmented World,GBR,Health Care,1.6380901814632813,1.9699378421142488,2.831230815411062,3.1412145534701104,3.5239441555446587
Fragmented World,GBR,Industrials,0.6956581536917188,0.8305267134281005,1.1730428507868202,1.3062528605562134,1.4630033971905656
Fragmented World,GBR,Oil & Gas,0.9078070570649385,1.0937692391512646,1.5842471785117551,1.755669236366517,1.9704101708345423
Fragmented World,GBR,Technology,0.04589846630842908,0.05305355631014154,0.06674803213060133,0.07584586440480709,0.08414593290268223
Fragmented World,GBR,Telecommunications,0.08565478659891294,0.09900747039175127,0.1245638233230918,0.14154201332890223,0.15703143276101283
Fragmented World,GBR,UK Real Estate,-0.26426883899538767,-0.30469562768127456,-0.38160638919084217,-0.4341857455769593,-0.48141210858394373
Fragmented World,GBR,Utilities,2.849493265063841,3.408743411940268,4.926437400396229,5.471266586539423,6.128688899681863
Fragmented World,GBR,FTSE,-0.868760536984857,-1.0372840007341004,-1.4708239999158692,-1.636964961280116,-1.8330511268423402
Fragmented World,CHE,Basic Materials,1.0160918246740414,1.1822724490443677,1.4949684169517818,1.6912949879471915,1.878247132413751
Fragmented World,CHE,Consumer Goods,0.9143114647340149,1.0630309295815108,1.343958850717081,1.5214326900314683,1.6897371003611952
Fragmented World,CHE,Consumer Services,0.2011308307669984,0.23377566205200023,0.29572241820528505,0.33487904927608775,0.3719690487737679
Fragmented World,CHE,Financials,-0.18085071920996348,-0.20877325951330464,-0.260137519163358,-0.29627385626736374,-0.3288784515315185
Fragmented World,CHE,Government,0.2602957752628913,0.30145910716639684,0.38418745529916687,0.43624234732436473,0.4849602684645838
Fragmented World,CHE,Health Care,1.5642746260443132,1.8196187859177986,2.2994536829705043,2.6019704600602123,2.8894692266913617
Fragmented World,CHE,Industrials,1.1253400218390879,1.3115412712799697,1.6943037892727189,1.9144357884801944,2.129502982934857
Fragmented World,CHE,Oil & Gas,0.7068559270531042,0.8224142533476861,1.0413825850546496,1.1783994246047924,1.3090337699544254
Fragmented World,CHE,Technology,0.059464538943487764,0.06890348665050049,0.08679804539118247,0.09860606447853389,0.10953328926930389
Fragmented World,CHE,Telecommunications,0.11097151611080751,0.12858628881649148,0.16198075127881004,0.18401663692881123,0.20440880213281215
Fragmented World,CHE,UK Real Estate,-1.0222383377128268,-1.1760959035749061,-1.453424734936144,-1.6579862532578462,-1.837885176289088
Fragmented World,CHE,Utilities,2.2330617156024237,2.5959463784314463,3.3831908535921498,3.841882737282042,4.290318249240419
Fragmented World,CHE,FTSE,-0.9072660513266952,-1.0554688937471948,-1.349792277367004,-1.52826785009956,-1.6998540427616753
Fragmented World,RUS,Basic Materials,1.3187761054349374,2.0343598140738424,4.711806521445789,4.939218677678337,5.818491564571232
Fragmented World,RUS,Consumer Goods,1.1610628626198443,1.7949437210227996,4.170200590199135,4.370241400001628,5.14940968300586
Fragmented World,RUS,Consumer Services,0.26121677350700906,0.4025734006263721,0.9313163887532757,0.9764193641905904,1.1501563084951623
Fragmented World,RUS,Financials,-0.12086251693320255,-0.16097771037403127,-0.29112274240732855,-0.3138574626130765,-0.3626148392584381
Fragmented World,RUS,Government,0.2574082057745632,0.40292093234542,0.9539825575841576,0.9984570069714255,1.1782974835334947
Fragmented World,RUS,Health Care,2.1042697543744353,3.2592162058352963,7.5911128542258774,7.953021673528713,9.372481469389994
Fragmented World,RUS,Industrials,0.9291350844889399,1.4328108058429692,3.317665484889334,3.4780049715162917,4.096998365043996
Fragmented World,RUS,Oil & Gas,0.8901058582349073,1.3817169431678387,3.228378847279883,3.3813559732631187,3.985826195099959
Fragmented World,RUS,Technology,0.052458831584915315,0.07377802184066119,0.14807616433515286,0.15767174987812146,0.1837419204795857
Fragmented World,RUS,Telecommunications,0.09789760717579898,0.13768304748978577,0.2763367335911139,0.2942438206482613,0.3428954440916265
Fragmented World,RUS,UK Real Estate,-0.3856185052611387,-0.5600235568013258,-1.1865911216072662,-1.2560528604329328,-1.4702539740490568
Fragmented World,RUS,Utilities,0.8390049615168784,1.8586027600058057,6.143927832066559,6.254537580647862,7.53312771969126
Fragmented World,RUS,FTSE,-0.943246901802219,-1.5034622415464942,-3.6402482046225306,-3.8000461161467576,-4.490737718513162
Fragmented World,IND,Basic Materials,2.94821178144694,4.1709277508627745,8.073648336266857,8.475544694833296,9.663155922101904
Fragmented World,IND,Consumer Goods,2.9825300974055726,4.219470722602372,8.167278278704208,8.573730317318326,9.774945989314476
Fragmented World,IND,Consumer Services,0.6823308074750395,0.9650648116387668,1.8669130245719028,1.959868188907225,2.2342984440391125
Fragmented World,IND,Financials,-0.45870437714849416,-0.5765751597369583,-0.8871903283463819,-0.9662834331734496,-1.0866256890465318
Fragmented World,IND,Government,0.1482410147772091,0.22032353186516623,0.45552028090956304,0.4718980274578657,0.5385036124332951
Fragmented World,IND,Health Care,5.096535369180486,7.210409818866784,13.957602004564245,14.652266317537304,16.705346681708352
Fragmented World,IND,Industrials,2.239334620844657,3.1650614153356518,6.115853914524226,6.421317890675359,7.319765260135869
Fragmented World,IND,Oil & Gas,2.009011579472958,2.8429733078139545,5.505949241503927,5.779740049124353,6.589872454996834
Fragmented World,IND,Technology,0.05788025708255007,0.07950982838147022,0.1453084238786991,0.1534094374176686,0.1740061840945988
Fragmented World,IND,Telecommunications,0.10801496144514046,0.14837962856463285,0.2711716325054772,0.28628957961186896,0.3247268103766001
Fragmented World,IND,UK Real Estate,-0.38355386321040924,-0.5143013954038571,-0.8983253778178484,-0.9549698925702663,-1.0803367463863305
Fragmented World,IND,Utilities,0.7755406298023181,1.265460955668996,3.013125138851175,3.0867479803287643,3.559927137843541
Fragmented World,IND,FTSE,-2.2772045240880714,-3.218323427973216,-6.220288643295578,-6.531639547347873,-7.44629008866728
Fragmented World,TUR,Basic Materials,1.5662072816492063,1.9637275464786392,4.412476844989613,5.044953409085182,6.044973255823432
Fragmented World,TUR,Consumer Goods,1.4288788098852436,1.7896042759762851,4.025863573631338,4.605721723075427,5.519948668471775
Fragmented World,TUR,Consumer Services,0.33213287459327334,0.415242826152158,0.9311547691541405,1.0658410560790754,1.2771875756826514
Fragmented World,TUR,Financials,-0.14541341438097358,-0.1705232499476388,-0.2869084060495896,-0.3320364883159371,-0.3872168537911746
Fragmented World,TUR,Government,0.46774311020099907,0.5699178186495253,1.4184588080971077,1.656152496038565,2.0099217891295127
Fragmented World,TUR,Health Care,2.6204372892594128,3.2832321574166516,7.3684734188120435,8.4263705553938,10.095884077197965
Fragmented World,TUR,Industrials,1.2304541253408017,1.5419005047177758,3.5781876481089063,4.103356157232355,4.9326104970826155
Fragmented World,TUR,Oil & Gas,1.0625483063754768,1.3330536824636898,3.0190838946661613,3.4533450857116184,4.141135916158508
Fragmented World,TUR,Technology,0.1002944159702177,0.11969132042096489,0.24584952792389766,0.28588784701586484,0.3409343723389471
Fragmented World,TUR,Telecommunications,0.18716740422792633,0.2233655137735418,0.4587994010139221,0.5335180997729658,0.6362448085016705
Fragmented World,TUR,UK Real Estate,-0.24383496642665925,-0.2925867320038154,-0.6459588410814449,-0.7530499435250392,-0.9045427567173483
Fragmented World,TUR,Utilities,1.0154371694689392,1.3302537188874526,4.780866394448034,5.587876287958401,6.946135841088864
Fragmented World,TUR,FTSE,-1.2307790723290164,-1.5445666510896439,-3.6194719388686036,-4.15235220960729,-4.9972206532298555
Fragmented World,RASIA,Basic Materials,1.9146980867678725,2.4687193835687262,3.995269413680247,4.309108277067883,4.868165064071314
Fragmented World,RASIA,Consumer Goods,1.8900700076580037,2.436118558140651,3.9398650359665743,4.249713261241926,4.8004605507956235
Fragmented World,RASIA,Consumer Services,0.43919055896482023,0.565481518324918,0.9124143468590646,0.9845089992635225,1.1118665193037673
Fragmented World,RASIA,Financials,-0.2607219549932295,-0.3157091002238014,-0.44233703600727486,-0.4899162068444659,-0.5475634846421057
Fragmented World,RASIA,Government,0.3237943516130327,0.4287673569366262,0.7307536284080901,0.7798202103414924,0.8813370779691039
Fragmented World,RASIA,Health Care,3.219276580021572,4.149738540345756,6.712856664409841,7.240848018085903,8.179965055898291
Fragmented World,RASIA,Industrials,1.5315513912560446,1.9765194827762649,3.2062873198827577,3.4567698586416515,3.905187601985896
Fragmented World,RASIA,Oil & Gas,1.291017068429303,1.6654593232249417,2.6990139590542617,2.9105392514201593,3.288465931839852
Fragmented World,RASIA,Technology,0.10518517333029667,0.12992921304575242,0.191483663292694,0.21001794956174644,0.23545973638372542
Fragmented World,RASIA,Telecommunications,0.19629443638559332,0.24247126127512475,0.3573429274585964,0.391931236455041,0.4394101828382983
Fragmented World,RASIA,UK Real Estate,-0.757184029721428,-0.9571786631122723,-1.4834462760185156,-1.610377884236815,-1.8100198205954674
Fragmented World,RASIA,Utilities,1.1794872729739045,1.7073942164514089,3.4576927712883454,3.615696531571897,4.137820463792884
Fragmented World,RASIA,FTSE,-1.5234829156901815,-1.9677915889045425,-3.1990216214950773,-3.4481525276599063,-3.8963087359296935
Fragmented World,LAM,Basic Materials,1.5669719292425375,2.828165762940576,3.2093681340369486,2.6324480395606127,2.9275906167781343
Fragmented World,LAM,Consumer Goods,1.3821468732729725,2.4833905217397363,2.8184822864996306,2.31906464875104,2.57877397347569
Fragmented World,LAM,Consumer Services,0.317324515329348,0.5676664191495142,0.6443494290086279,0.5318036494084759,0.5913012388808611
Fragmented World,LAM,Financials,-0.26922749846853083,-0.3804521702935684,-0.43751299808090877,-0.42833512378313393,-0.4742637606163519
Fragmented World,LAM,Government,0.24487075197783154,0.45205024211322775,0.5002128192303438,0.3995346089317001,0.4432340241758936
Fragmented World,LAM,Health Care,2.594714749757466,4.672410338351975,5.303369219576853,4.357266781241114,4.845634088739162
Fragmented World,LAM,Industrials,1.1862865520344368,2.1319856074421875,2.4214825356404277,1.99269234361023,2.2160031058054708
Fragmented World,LAM,Oil & Gas,1.0580438192924329,1.9092812036918922,2.166690093866612,1.777438507005423,1.9767148578355205
Fragmented World,LAM,Technology,0.06643326164595235,0.09776286722091676,0.11308309206876789,0.10764152308638804,0.11932997668617677
Fragmented World,LAM,Telecommunications,0.12397640503096266,0.18244307931412643,0.21103337209584977,0.20087842646396462,0.2226911814269194
Fragmented World,LAM,UK Real Estate,-0.3195416811946195,-0.49980667249337457,-0.5668153007916581,-0.5141553498310488,-0.569804383287465
Fragmented World,LAM,Utilities,0.5374472380921198,1.1981901306741864,1.2922690992661297,0.8912670475395155,0.9902512726658939
Fragmented World,LAM,FTSE,-1.1540660756524026,-2.068191722519303,-2.3454637914182253,-1.9327531011917427,-2.1489012140924246
Fragmented World,MEA,Basic Materials,0.9613407077050841,1.1659800775825109,2.4818442469149935,2.8694385613102282,3.4278344218055077
Fragmented World,MEA,Consumer Goods,0.9909480256768225,1.201009652760021,2.596153969942606,3.006503424366601,3.5982778566107396
Fragmented World,MEA,Consumer Services,0.2234496081839162,0.2706996654393511,0.5857610584813799,0.6785562461947076,0.8122580063454827
Fragmented World,MEA,Financials,-0.20903411669424718,-0.24584837258484885,-0.417797780151467,-0.4827651607344245,-0.5631447049057126
Fragmented World,MEA,Government,0.17606608827933815,0.21368521924857858,0.5233517992996757,0.6112360146952197,0.7406127192341708
Fragmented World,MEA,Health Care,1.5922238717700974,1.9301457858869628,4.106858536056588,4.749323768457217,5.673633230079647
Fragmented World,MEA,Industrials,0.7978479436819415,0.966807111334789,2.0284668296063004,2.343269118931311,2.7944285475652677
Fragmented World,MEA,Oil & Gas,0.6458334393572978,0.7834811660524357,1.6741418825004604,1.93597613232112,2.313637372278407
Fragmented World,MEA,Technology,0.055819321342141,0.0664031396452626,0.12537897084268615,0.14508398303092815,0.17126103523788874
Fragmented World,MEA,Telecommunications,0.10416888498035035,0.12392019196441537,0.23397969159482296,0.2707527855490078,0.31960386927604817
Fragmented World,MEA,UK Real Estate,-0.41824295638085124,-0.49868970512576793,-1.0661564526045617,-1.243998761971959,-1.4900980588303172
Fragmented World,MEA,Utilities,0.41372919846060796,0.5335338866515424,2.23280423101057,2.6442429282097097,3.31691865170842
Fragmented World,MEA,FTSE,-0.7283160405684481,-0.8832803805876444,-1.9288357151860214,-2.2347392707345293,-2.6772760325935705
Fragmented World,AFR,Basic Materials,1.3149961042844585,1.608694384485344,3.9485238658311745,4.598718157336131,5.572904431930537
Fragmented World,AFR,Consumer Goods,1.2086924608879268,1.477404910085955,3.614468863020184,4.209949471084478,5.100322388074599
Fragmented World,AFR,Consumer Services,0.26360065627038687,0.32183339567685143,0.7829751035581249,0.9120439981740611,1.1044539088222232
Fragmented World,AFR,Financials,-0.09790470535264913,-0.11532397623745863,-0.21605333411088512,-0.25134923166547973,-0.29702874206452984
Fragmented World,AFR,Government,0.4503944396554103,0.5582743650924346,1.7507656411735506,2.061675055908639,2.545637384906362
Fragmented World,AFR,Health Care,2.2731899775393605,2.7814140516266197,6.8576516478045875,7.9887733280504785,9.684888057415039
Fragmented World,AFR,Industrials,1.0147233407228966,1.2417336421860754,3.0899589748490475,3.6015460821190692,4.369411952903485
Fragmented World,AFR,Oil & Gas,0.8996635897043705,1.1010380627480327,2.71547380625738,3.1631612191435154,3.8347898691164257
Fragmented World,AFR,Technology,0.04386967122975498,0.051980603579786636,0.10547816465824303,0.12302569990806991,0.1466504723627397
Fragmented World,AFR,Telecommunications,0.08186869038495641,0.09700514777531141,0.1968412108573575,0.22958806512174057,0.273676136157809
Fragmented World,AFR,UK Real Estate,-0.5369238715709542,-0.6442232100333477,-1.5331454567897789,-1.7968189669608952,-2.174541783417691
Fragmented World,AFR,Utilities,0.609728527733032,0.8089147222450015,3.8350604780069917,4.543959605387009,5.729579532599278
Fragmented World,AFR,FTSE,-0.9542957556755043,-1.1691907959087369,-2.9547576539822047,-3.4461301854337307,-4.186581764946472
Fragmented World,ROW,Basic Materials,1.1311371567743427,1.4966529672247435,2.639361777577821,2.830689433782477,3.232156752484089
Fragmented World,ROW,Consumer Goods,1.0549032302040737,1.3949646857550437,2.4575591123548386,2.6360847636224336,3.009545821594622
Fragmented World,ROW,Consumer Services,0.2336545105953118,0.30827018889856733,0.5405539120929573,0.5802073273315901,0.6621595111434135
Fragmented World,ROW,Financials,-0.21965071775254183,-0.26962341096341497,-0.40019583941752906,-0.44105585616188975,-0.49686950123727636
Fragmented World,ROW,Government,0.2963798107922263,0.39873077371479215,0.7311521294266922,0.7801650608191084,0.8922976930486475
Fragmented World,ROW,Health Care,1.796401740535135,2.3739998434458385,4.176348585365573,4.480705138532965,5.115231070435534
Fragmented World,ROW,Industrials,0.8463962016706347,1.1140940297193076,1.9444367507389777,2.08871202485422,2.3830647737912756
Fragmented World,ROW,Oil & Gas,0.7663108383042319,1.0142833637107929,1.7905257751254269,1.920200617008745,2.1927300566669197
Fragmented World,ROW,Technology,0.05611104017097735,0.07055599668100018,0.11132221496324099,0.1214435129620672,0.1374263920255088
Fragmented World,ROW,Telecommunications,0.10471328474009295,0.13167016950792582,0.2077472589676401,0.22663541994382186,0.25646234457820577
Fragmented World,ROW,UK Real Estate,-0.45428021396562424,-0.5685366720688856,-0.8867782419736526,-0.9693128654137864,-1.0960840259302929
Fragmented World,ROW,Utilities,0.6206229061779582,0.9168834550596919,2.0107749258354395,2.106979554413369,2.440639954397686
Fragmented World,ROW,FTSE,-0.7987465869848834,-1.0568495773894924,-1.8666475170089827,-2.0021506949877836,-2.286255869432324
Low demand,EU27,Basic Materials,1.4544304368990508,5.635559224425297,5.691897367016173,5.833099466959362,5.2137427136796175
Low demand,EU27,Consumer Goods,1.3542174611701792,5.145113098096898,5.201079832271688,5.333151519482436,4.771505497652087
Low demand,EU27,Consumer Services,0.2805377441250522,1.0363943313988717,1.049277847803128,1.0767621367608629,0.9650818410123831
Low demand,EU27,Financials,-0.4335519131004506,-0.8110219763568481,-0.8673834211187432,-0.912085533727507,-0.8707288531993602
Low demand,EU27,Government,0.21001723415866405,0.6209761393231944,0.6347529708358937,0.6567219461595459,0.5937127913388079
Low demand,EU27,Health Care,2.2375053185132545,8.61484473967059,8.703720399437422,8.921266131616692,7.9767919841158275
Low demand,EU27,Industrials,1.0087579475268749,3.7719272842761913,3.8163302787983535,3.9149382588812496,3.505740763124515
Low demand,EU27,Oil & Gas,0.9789011259793385,3.8096043814493536,3.846367090693634,3.9414598523314166,3.5214912799467544
Low demand,EU27,Technology,0.0631965108685235,0.14833135287327626,0.1552818647348626,0.16175421408321902,0.15047384495659386
Low demand,EU27,Telecommunications,0.11793604639998986,0.27681296126348454,0.2897838654818693,0.3018624325194191,0.28081123652072837
Low demand,EU27,UK Real Estate,-0.45912722854933197,-1.1300262065595845,-1.1733760215495834,-1.2216160771956106,-1.125603292719688
Low demand,EU27,Utilities,0.881257131282198,4.588945223863572,4.533661006994069,4.626286603520587,4.015776230998429
Low demand,EU27,FTSE,-1.0140460974329235,-3.8338733664632128,-3.874410911741297,-3.9740329189901002,-3.554059501896365
Low demand,CHN,Basic Materials,2.1619814759461784,11.44067329157481,12.20849426599817,12.180729748712418,11.231145390440327
Low demand,CHN,Consumer Goods,2.3027347909598253,12.181700509201047,12.999694778360471,12.970095613039714,11.95912818128701
Low demand,CHN,Consumer Services,0.5461421125911456,2.874398961824307,3.067848795838639,3.0612049740662863,2.823120311666412
Low demand,CHN,Financials,-0.22189722172621154,-0.8653862966471655,-0.9315256803993813,-0.9369268742386081,-0.8748524553728703
Low demand,CHN,Government,0.339259562645194,2.3403477712024463,2.4930986826647867,2.4711081754649458,2.2611285587978727
Low demand,CHN,Health Care,3.698496679432259,19.52140244987501,20.832761668419366,20.78669284875424,19.167965862072275
Low demand,CHN,Industrials,1.7981702323646667,9.813391694689095,10.470051681122218,10.437319017455113,9.614302138647261
Low demand,CHN,Oil & Gas,1.4601115744959499,7.804389926237509,8.326801643146295,8.305774306210207,7.655698351590594
Low demand,CHN,Technology,0.08867615529961692,0.40641030901046105,0.4358726296270953,0.43625931990879974,0.4045738715248273
Low demand,CHN,Telecommunications,0.16548564188529016,0.7584346730883338,0.8134166580672765,0.8141382916255026,0.7550075507117998
Low demand,CHN,UK Real Estate,-0.4479872514846637,-2.884711477785629,-3.0782864460411314,-3.0549694692332667,-2.8017060887291563
Low demand,CHN,Utilities,1.228227987660351,18.002978315660442,19.012006897691197,18.656118949116067,16.81939589126367
Low demand,CHN,FTSE,-1.8599446469915488,-10.327903550933652,-11.01327258039033,-10.974796417143953,-10.103192772268308
Low demand,USA,Basic Materials,0.8621087407482408,4.016569302107993,4.011440278331929,4.100694150359486,3.5793554825559424
Low demand,USA,Consumer Goods,0.7507034870827065,3.3584376429100526,3.357983426712171,3.436693879184548,3.0044778674705
Low demand,USA,Consumer Services,0.1433750731978023,0.619195048923227,0.619985794368437,0.6350943507559619,0.5562945872438763
Low demand,USA,Financials,-0.25230344197267135,-0.576934220721385,-0.6024924504976621,-0.6295181348360408,-0.5829058878018181
Low demand,USA,Government,0.2932114029112588,1.2120507254362878,1.209459626711124,1.2427962750007253,1.0830912305012161
Low demand,USA,Health Care,1.2232594516390365,5.600706491910634,5.596768384819078,5.723999430343168,5.000066283439413
Low demand,USA,Industrials,0.526471045461586,2.3594720717033097,2.3604848548752817,2.41520983850774,2.112926223999632
Low demand,USA,Oil & Gas,0.5777962457985357,2.695052374458037,2.6914181805923567,2.751274327059069,2.4012664188464323
Low demand,USA,Technology,0.038580474288208384,0.11666224639906757,0.11908222457464163,0.12325117272460182,0.1107375605778074
Low demand,USA,Telecommunications,0.07199809836422484,0.2177127172902249,0.22222883146297134,0.23000883791737428,0.20665618881549352
Low demand,USA,UK Real Estate,-0.567514678098517,-1.8609518494466766,-1.884629726270075,-1.9475744463486373,-1.7324606128238984
Low demand,USA,Utilities,0.24847308811451774,1.7873404042963064,1.7419302756549924,1.7731854820594195,1.4942614681226962
Low demand,USA,FTSE,-0.4799210154259821,-2.0295233670139226,-2.0342525482793627,-2.084892610560466,-1.8289700433591465
Low demand,GBR,Basic Materials,1.2322952706780834,5.095333382743665,5.177581922684445,5.30408832318704,4.75530059959469
Low demand,GBR,Consumer Goods,0.9892374250479579,3.9138333988076606,3.98272033569768,4.084726147434206,3.6684562708866784
Low demand,GBR,Consumer Services,0.17827832034004815,0.6613736076348293,0.6751181963072589,0.6934952273432581,0.625278844685224
Low demand,GBR,Financials,-0.24349688650568505,-0.44347500058191935,-0.4770068160850767,-0.502119529377354,-0.4817075312667316
Low demand,GBR,Government,0.2922239630056344,0.7156447921874896,0.7483594441606979,0.778436477172174,0.7211205018940315
Low demand,GBR,Health Care,1.642692402049664,6.582855622371131,6.699030353237731,6.867647660623344,6.168214002775452
Low demand,GBR,Industrials,0.6976126079166658,2.6251438594738614,2.67720732597201,2.749005161913317,2.4750349149793363
Low demand,GBR,Oil & Gas,0.9103575444396661,3.7856497960844586,3.843834883561232,3.938057561199361,3.527002249460608
Low demand,GBR,Technology,0.046027418223847656,0.09492360393918572,0.10099655328938725,0.10569721199583686,0.10003456093320416
Low demand,GBR,Telecommunications,0.08589543404718444,0.17714450378307128,0.18847771864742047,0.19724999255456235,0.1866824680300046
Low demand,GBR,UK Real Estate,-0.26501130330225375,-0.5469659979061103,-0.5801467522880498,-0.6077974428207422,-0.5735238120218824
Low demand,GBR,Utilities,2.85749892721458,12.392950329236278,12.50896514320792,12.823101036514513,11.39158371499292
Low demand,GBR,FTSE,-0.8712013230131188,-3.385856123511013,-3.443612788628868,-3.5355381667374237,-3.1726050178668705
Low demand,CHE,Basic Materials,1.0189465385146392,2.225819187543135,2.353850432105689,2.4570332289449723,2.312626101563652
Low demand,CHE,Consumer Goods,0.9168802262667938,1.9816671457055,2.0973003465282023,2.1900836215475485,2.0640971140596798
Low demand,CHE,Consumer Services,0.201695908599945,0.43365155700024005,0.45918597369047,0.4795356895276397,0.4523488438085913
Low demand,CHE,Financials,-0.18135881999246548,-0.3258865232999041,-0.3514300826338065,-0.36959016329569533,-0.35672714594269844
Low demand,CHE,Government,0.2610270772321108,0.5680395656894215,0.5998865433360495,0.6265859465520259,0.5900533449865933
Low demand,CHE,Health Care,1.5686694615473915,3.407058040565093,3.6050003489165676,3.7639095047603446,3.545008079955172
Low demand,CHE,Industrials,1.1285016689045515,2.758564803417067,2.8837640487242666,2.9939792349055234,2.7845220143277913
Low demand,CHE,Oil & Gas,0.7088418414648399,1.5473598618942015,1.636620960898016,1.708781595447434,1.6091310646835648
Low demand,CHE,Technology,0.05963160479149927,0.11369278627510548,0.12239352540963473,0.1282615857849534,0.1232472693761744
Low demand,CHE,Telecommunications,0.11128329100679708,0.2121711710537389,0.22840831389883762,0.2393591691152166,0.23000155356773339
Low demand,CHE,UK Real Estate,-1.0251103202051506,-1.8297715372775538,-1.9720384592001494,-2.078440193177017,-1.9998118345896112
Low demand,CHE,Utilities,2.2393355109737065,4.995337147259638,5.277706852415969,5.52913946693618,5.228241133611817
Low demand,CHE,FTSE,-0.9098150187437469,-2.038650779819389,-2.150293151562884,-2.243134620302053,-2.1087956278280817
Low demand,RUS,Basic Materials,1.3224812119119451,11.645400156113118,10.771915142666499,9.765221788855586,8.90996574395794
Low demand,RUS,Consumer Goods,1.164324873142159,10.322661173054604,9.544320752123465,8.648388515052655,7.889818228212382
Low demand,RUS,Consumer Services,0.26195066302429354,2.2984041890649403,2.1258226525272934,1.9269014132319204,1.7583845063508554
Low demand,RUS,Financials,-0.12120208063356927,-0.5783197041876336,-0.5499402036431904,-0.5119513698995843,-0.4773065493502564
Low demand,RUS,Government,0.25813139510633815,2.363355558675484,2.1750181287371118,1.9601814205977446,1.7883747775729086
Low demand,RUS,Health Care,2.1101817082414884,18.833512215283505,17.41254539071363,15.777611959689725,14.39054370798086
Low demand,RUS,Industrials,0.9317454930377205,8.197792331894266,7.583276177833882,6.874602307151455,6.27262602170099
Low demand,RUS,Oil & Gas,0.8926066140242921,8.020151823793487,7.411650594660206,6.712378840876333,6.121616588719051
Low demand,RUS,Technology,0.05260621487149483,0.3259602418975206,0.3056725749278152,0.2806861101624686,0.2590042805792526
Low demand,RUS,Telecommunications,0.09817265087498023,0.6083003900793686,0.5704399575933968,0.523810723994278,0.48334853352489193
Low demand,RUS,UK Real Estate,-0.3867019019162712,-2.7140692359620173,-2.524971288086739,-2.2999157102363856,-2.114788691255966
Low demand,RUS,Utilities,0.8413621491428491,17.877232484558952,16.08426044411259,14.151478030641334,12.723300744735901
Low demand,RUS,FTSE,-0.9458969575553388,-9.225216158947227,-8.493514475130945,-7.6618369538352535,-6.974783143501324
Low demand,IND,Basic Materials,2.956494793644395,23.059823059728334,24.376106130946702,24.18108044141282,22.0304467076772
Low demand,IND,Consumer Goods,2.9909095270420556,23.328471044999215,24.66040918464717,24.462880819217208,22.287070208873153
Low demand,IND,Consumer Services,0.6842478184701728,5.3299479874406845,5.634750279081781,5.589558289675284,5.092621435029368
Low demand,IND,Financials,-0.4599931088382787,-1.8255627442520788,-1.9575631844187282,-1.9711699281121815,-1.8374241829765166
Low demand,IND,Government,0.14865749847125365,1.402936825780899,1.4855064522237345,1.46654555369966,1.3312162419761577
Low demand,IND,Health Care,5.110854104657138,39.86720872114143,42.1430706749479,41.8057180847944,38.08751447262277
Low demand,IND,Industrials,2.2456260399670414,17.437341441846556,18.43690827836724,18.289276558380404,16.66500665656982
Low demand,IND,Oil & Gas,2.0146559051358293,15.734120498972779,16.631484227159802,16.498261125601413,15.030352517530726
Low demand,IND,Technology,0.058042871884656067,0.391275790410738,0.4160901779130115,0.4131043579802636,0.3780244170187401
Low demand,IND,Telecommunications,0.10831842988956768,0.7301909415391057,0.7764990480411227,0.7709269714614019,0.7054614973697337
Low demand,IND,UK Real Estate,-0.3846314592458587,-2.275835540276847,-2.427974979929108,-2.4161212005352604,-2.2208189834304126
Low demand,IND,Utilities,0.777719514147296,10.317229141156107,10.813475860209618,10.665608069093551,9.61018828870013
Low demand,IND,FTSE,-2.283602338847451,-17.737346527878216,-18.7501861657316,-18.60157964350523,-16.94860168831628
Low demand,TUR,Basic Materials,1.5706075469555454,10.09247256070099,9.954071915713238,10.39082087545466,9.501775793025915
Low demand,TUR,Consumer Goods,1.432893250328581,9.191360869842564,9.06472443835747,9.467789239121604,8.658990888868054
Low demand,TUR,Consumer Services,0.3330660031659032,2.116573253358858,2.087925022134189,2.1819589563521564,1.9962996987575552
Low demand,TUR,Financials,-0.14582195392096553,-0.4744875967158879,-0.4828150378007141,-0.5143185332207421,-0.4848276772194708
Low demand,TUR,Government,0.46905723624562423,3.1420344493312555,3.080736132359157,3.2791356970820695,3.0072790358143404
Low demand,TUR,Health Care,2.627799417776159,16.826426049002823,16.597368425594684,17.328882780862546,15.848332176477125
Low demand,TUR,Industrials,1.2339110908792834,8.254051895096206,8.127485387846718,8.503118861740006,7.770209711918781
Low demand,TUR,Oil & Gas,1.065533539877859,6.924891426133086,6.825779751361543,7.127032006631843,6.5157300640011835
Low demand,TUR,Technology,0.10057619351281004,0.48517898905208484,0.4827125512743863,0.513886235315998,0.4761253939989718
Low demand,TUR,Telecommunications,0.18769325176097734,0.9054311856581729,0.9008283695185524,0.9590040661996377,0.8885355502568446
Low demand,TUR,UK Real Estate,-0.24452002169093437,-1.3289797676491906,-1.3142381657423867,-1.400428328031384,-1.2928045028091604
Low demand,TUR,Utilities,1.0182900440532519,12.356255372187281,11.880852947051359,12.56378051704564,11.379282362228652
Low demand,TUR,FTSE,-1.2342369508072957,-8.361395164421882,-8.221486151909335,-8.603098410386572,-7.860721143001889
Low demand,RASIA,Basic Materials,1.920077438314781,9.167860556557164,9.720307255164945,9.76301522762853,9.00857260665561
Low demand,RASIA,Consumer Goods,1.895380166523114,9.032475217518869,9.57886720155915,9.620644786578998,8.877920323412559
Low demand,RASIA,Consumer Services,0.4404244665083029,2.0839301892576523,2.2107032927305847,2.220599327612262,2.0497888377505085
Low demand,RASIA,Financials,-0.2614544543160201,-0.7490247898353293,-0.8102837987715584,-0.8260789452555053,-0.7821983917163152
Low demand,RASIA,Government,0.3247040530736792,1.8126267657269064,1.929510962399425,1.9247469652590894,1.7691963729244093
Low demand,RASIA,Health Care,3.228321149800141,15.391974256249528,16.32035735056883,16.39256659774778,15.126701902830913
Low demand,RASIA,Industrials,1.5358542907066994,7.38996959227311,7.835816516986522,7.867474908122032,7.25705661721701
Low demand,RASIA,Oil & Gas,1.294644185786412,6.206131905948808,6.579336370334829,6.607679393960576,6.096121856810524
Low demand,RASIA,Technology,0.1054806914742675,0.3686156440912999,0.39570535578585114,0.4005162385815264,0.37480356115284746
Low demand,RASIA,Telecommunications,0.19684592635015627,0.6879030362254772,0.7384573065714721,0.7474352784376099,0.6994508015001809
Low demand,RASIA,UK Real Estate,-0.7593113411287592,-3.133580975873991,-3.35985095303297,-3.377586490665781,-3.141938645071503
Low demand,RASIA,Utilities,1.1828010469470855,10.434277594684795,10.952171401132407,10.869314569306415,9.853022690408071
Low demand,RASIA,FTSE,-1.5277631467280897,-7.393071365174324,-7.837329618569807,-7.868581347863437,-7.256807416151738
Low demand,LAM,Basic Materials,1.5713743428291946,9.594881442109264,9.881448092574777,9.655635386993989,8.70178769280718
Low demand,LAM,Consumer Goods,1.3860300201629072,8.381099751695153,8.633407537763977,8.438554375523799,7.607384936632457
Low demand,LAM,Consumer Services,0.31821603976038276,1.9051236069793216,1.9630081659100507,1.9192152557532043,1.7308427267406963
Low demand,LAM,Financials,-0.2699838941480198,-0.850487202459402,-0.8968369511156831,-0.8978766299336672,-0.8365349706117076
Low demand,LAM,Government,0.24555871728554665,1.5148539518948443,1.5609013945756585,1.5223077937230542,1.3715792992338347
Low demand,LAM,Health Care,2.602004610701787,15.809709880804792,16.283975920982158,15.914048468155247,14.344669548374942
Low demand,LAM,Industrials,1.1896194286079624,7.204330829624178,7.421562994839332,7.253994007911495,6.539439538190433
Low demand,LAM,Oil & Gas,1.0610163974212465,6.476503030739885,6.66996956003012,6.517637631761194,5.873832709826978
Low demand,LAM,Technology,0.06661990614686406,0.2433859485749759,0.2552003998494551,0.2539273539835125,0.2345544840397441
Low demand,LAM,Telecommunications,0.12432471721176674,0.45420191921609054,0.4762498084832081,0.4738740761167889,0.43772081928046536
Low demand,LAM,UK Real Estate,-0.3204394347615736,-1.3398468296576709,-1.397943008095805,-1.380715935204581,-1.2668374496586914
Low demand,LAM,Utilities,0.5389571981487955,4.750217318724313,4.855334786597783,4.695120518295037,4.181208131696116
Low demand,LAM,FTSE,-1.1573084286751578,-6.945450990074854,-7.156089661786708,-6.9955292495577135,-6.308472293780707
Low demand,MEA,Basic Materials,0.9640415980746099,5.252334315209288,5.230379561896358,5.537360974073609,5.09891130757473
Low demand,MEA,Consumer Goods,0.9937320979186396,5.510576825021653,5.47797233789138,5.806854579272711,5.345068360858417
Low demand,MEA,Consumer Services,0.22407739070678342,1.2418790189891329,1.234437770524239,1.3089340811989516,1.2049822020532908
Low demand,MEA,Financials,-0.20962139883902342,-0.7168780782568105,-0.7303056387640204,-0.7764915106114575,-0.728906432390718
Low demand,MEA,Government,0.1765607466230682,1.1562381149994654,1.138431772029555,1.2134129221743881,1.1130431999395582
Low demand,MEA,Health Care,1.596697230785193,8.678730989374483,8.64226581592955,9.1514132878895,8.427742169962823
Low demand,MEA,Industrials,0.8000895005099886,4.267421819675498,4.256887320895033,4.503082706685833,4.148819739992787
Low demand,MEA,Oil & Gas,0.6476479108580848,3.5495172496230847,3.5335544149117646,3.7413498403463175,3.4445691338180144
Low demand,MEA,Technology,0.055976145937456756,0.23638554694963557,0.2384812797117831,0.25326785190846857,0.23584386423481757
Low demand,MEA,Telecommunications,0.10446154785834208,0.44113791173279276,0.4450489256935606,0.4726433267248631,0.4401270344405044
Low demand,MEA,UK Real Estate,-0.41941801155531433,-2.138028441635751,-2.1240518887023425,-2.2691980982144124,-2.0998023005969357
Low demand,MEA,Utilities,0.41489157221505063,5.853665076893677,5.63123600836724,6.032370806766601,5.459017328688874
Low demand,MEA,FTSE,-0.7303622472506116,-4.114262567272378,-4.087091181094032,-4.333559791325739,-3.9873748476835695
Low demand,AFR,Basic Materials,1.3186905908338773,8.84868736551923,8.709000384992724,9.265381494838541,8.488573653376132
Low demand,AFR,Consumer Goods,1.2120882869474756,8.088937566951646,7.962326393112276,8.471445952269443,7.761508582681601
Low demand,AFR,Consumer Services,0.2643412433153492,1.7454091505996039,1.7185847613667642,1.828755548590292,1.676039908429293
Low demand,AFR,Financials,-0.0981797689941852,-0.39448612864334587,-0.3961894662303426,-0.4234120950812768,-0.39494062544670533
Low demand,AFR,Government,0.45165982454424636,4.23734216052721,4.113937225882166,4.401446600654783,4.006777483716332
Low demand,AFR,Health Care,2.2795765134149653,15.39242622476392,15.145039615447867,16.11461326873331,14.761629271738963
Low demand,AFR,Industrials,1.0175742098026364,6.959003084384115,6.843816703716864,7.28342791503241,6.670021656466135
Low demand,AFR,Oil & Gas,0.9021911979766196,6.098265543953002,6.00013407052535,6.383816652710296,5.84755980714395
Low demand,AFR,Technology,0.04399292323769454,0.20333061427013957,0.2027326470902283,0.2168196542480922,0.2013052608351086
Low demand,AFR,Telecommunications,0.082098700781535,0.3794514670120091,0.37833555279290926,0.4046244397421143,0.3756717935235925
Low demand,AFR,UK Real Estate,-0.5384323612274007,-3.242896917693468,-3.193901184006042,-3.4197009231214346,-3.149488929231071
Low demand,AFR,Utilities,0.6114415623474824,10.411400269660549,9.97889668118396,10.675923000672359,9.633600782049683
Low demand,AFR,FTSE,-0.9569768532255456,-6.695364631986638,-6.576659987243998,-7.001476650538377,-6.4082791166638895
Low demand,ROW,Basic Materials,1.1343150909124247,7.471327348943631,7.60742885100803,7.7043531067664315,6.9403659474712
Low demand,ROW,Consumer Goods,1.0578669848359161,6.952193294136469,7.0792884865092205,7.169959542031691,6.459104514999699
Low demand,ROW,Consumer Services,0.23431096383026281,1.5197398081978728,1.5480996132231262,1.568280667616489,1.4133995419143641
Low demand,ROW,Financials,-0.22026782727831376,-0.8367818034565027,-0.8683994102653464,-0.8896762307467752,-0.8205422762990404
Low demand,ROW,Government,0.29721249099631486,2.2049119771551386,2.2387711900083382,2.265486093257163,2.0317185848347687
Low demand,ROW,Health Care,1.801448738048007,11.783361910293111,12.000227051901284,12.154511505377506,10.951650746663976
Low demand,ROW,Industrials,0.8487741550138905,5.419529206935337,5.523750835297875,5.5961207064821155,5.046725078348667
Low demand,ROW,Oil & Gas,0.7684637915149407,5.074122990977059,5.166160238633946,5.231904199458438,4.712734142436744
Low demand,ROW,Technology,0.0562686843514507,0.2646843030070184,0.2725353839802512,0.27778799858416026,0.2535032258552164
Low demand,ROW,Telecommunications,0.10500747711127736,0.49394847613861653,0.5086000041616681,0.5184023269661131,0.4730825768088234
Low demand,ROW,UK Real Estate,-0.4555565159521432,-2.058368380226192,-2.12167171840489,-2.1649800402495702,-1.9798616822602568
Low demand,ROW,Utilities,0.6223665485900272,7.203315741988421,7.24689552181428,7.305586353436025,6.48381276838926
Low demand,ROW,FTSE,-0.800990668554704,-5.296650193460898,-5.39232674088931,-5.461770636120322,-4.919214977864844
Nationally Determined Contributions (NDCs),EU27,Basic Materials,1.4517576122430038,3.7569799930784216,4.017338833583074,4.174283269080604,4.237799526169236
Nationally Determined Contributions (NDCs),EU27,Consumer Goods,1.3517287991289868,3.4444932411476663,3.687335216904603,3.8357368707262904,3.8968605201499495
Nationally Determined Contributions (NDCs),EU27,Consumer Services,0.2800221964711899,0.697803366361117,0.7483106247353664,0.7798120177004444,0.7931783430891968
Nationally Determined Contributions (NDCs),EU27,Financials,-0.43275516943116776,-0.6554078797513836,-0.73898621166843,-0.8091495326613539,-0.850456782901835
Nationally Determined Contributions (NDCs),EU27,Government,0.20963128291107405,0.4428151862240428,0.480845880449799,0.507131893618304,0.5192409697111382
Nationally Determined Contributions (NDCs),EU27,Health Care,2.23339342754093,5.7506297798672135,6.151488358155544,6.394247500378827,6.493145921945363
Nationally Determined Contributions (NDCs),EU27,Industrials,1.0069041406718136,2.531573614391451,2.7132803168392425,2.825745753695729,2.872954257674525
Nationally Determined Contributions (NDCs),EU27,Oil & Gas,0.9771021873715022,2.5381346233272373,2.7131186914967462,2.8181516976351664,2.8603069432511306
Nationally Determined Contributions (NDCs),EU27,Technology,0.06308037386524017,0.11104092559596514,0.12316456924618055,0.13264383368108706,0.1379040779813181
Nationally Determined Contributions (NDCs),EU27,Telecommunications,0.11771931388074564,0.20722232245746022,0.2298472202630272,0.2475372312283276,0.2573537924172511
Nationally Determined Contributions (NDCs),EU27,UK Real Estate,-0.45828348480910486,-0.8449371388482337,-0.9300917480255242,-0.9946877565683312,-1.0284159426709987
Nationally Determined Contributions (NDCs),EU27,Utilities,0.8796376342412598,2.962711078683645,3.0989177561031855,3.145868758203936,3.135230547427323
Nationally Determined Contributions (NDCs),EU27,FTSE,-1.0121825724799076,-2.572850549630735,-2.7540015611954294,-2.864627235819731,-2.9097466893719144
Nationally Determined Contributions (NDCs),CHN,Basic Materials,2.1580083760658244,4.553066824251187,5.572331098055758,6.303663611498821,6.872730118720484
Nationally Determined Contributions (NDCs),CHN,Consumer Goods,2.2985030269857862,4.846788515648235,5.932589497591547,6.711724575677571,7.3179865144772425
Nationally Determined Contributions (NDCs),CHN,Consumer Services,0.5451384605310636,1.1454316768605735,1.4021244529205916,1.58647722458394,1.7298440276384695
Nationally Determined Contributions (NDCs),CHN,Financials,-0.22148943847973135,-0.38712768029298056,-0.47310351749083474,-0.5380498136390245,-0.586800669408496
Nationally Determined Contributions (NDCs),CHN,Government,0.33863610118507015,0.8086450505967729,1.0131181422344706,1.1552550102366905,1.2699301580518174
Nationally Determined Contributions (NDCs),CHN,Health Care,3.691699906713329,7.776386529495995,9.516924131372857,10.766312463950129,11.738201353294174
Nationally Determined Contributions (NDCs),CHN,Industrials,1.7948657128696799,3.83584095227169,4.708652373963881,5.332540074698395,5.82032942972812
Nationally Determined Contributions (NDCs),CHN,Oil & Gas,1.4574283095436473,3.091708024505788,3.785646380622893,4.282857634057908,4.67028489245317
Nationally Determined Contributions (NDCs),CHN,Technology,0.08851319404119219,0.16781510197926763,0.2064825380533427,0.2349485751445052,0.2567878080481763
Nationally Determined Contributions (NDCs),CHN,Telecommunications,0.16518152689111013,0.3131731385427408,0.3853335232273977,0.43845626410452565,0.4792121974570171
Nationally Determined Contributions (NDCs),CHN,UK Real Estate,-0.44716397981694744,-1.014744727285054,-1.2723877614984895,-1.4534874707628367,-1.5987034667468651
Nationally Determined Contributions (NDCs),CHN,Utilities,1.2259708580201985,5.053937667151405,6.456575674400428,7.3581937720323936,8.1380602911338
Nationally Determined Contributions (NDCs),CHN,FTSE,-1.8565266038969872,-4.017641823207387,-4.930132083991572,-5.580519168820352,-6.089972055928757
Nationally Determined Contributions (NDCs),USA,Basic Materials,0.8605244329394888,2.6239127550939596,2.762673936530966,2.8163901756731358,2.812330040519328
Nationally Determined Contributions (NDCs),USA,Consumer Goods,0.7493239100752744,2.2116071440628056,2.333352010240625,2.3842294230663508,2.3845183697759182
Nationally Determined Contributions (NDCs),USA,Consumer Services,0.14311159106693963,0.4103685423735354,0.4338346061117046,0.44428154854937035,0.44504233344454436
Nationally Determined Contributions (NDCs),USA,Financials,-0.2518397808422373,-0.44335419421952565,-0.4897913357350156,-0.5255712451656775,-0.5443132939024858
Nationally Determined Contributions (NDCs),USA,Government,0.2926725647191713,0.8176355963047751,0.8645322893293571,0.8858018530067301,0.8865983143537531
Nationally Determined Contributions (NDCs),USA,Health Care,1.2210114527384808,3.6698744501250524,3.8677736375072524,3.9472437378671925,3.944542988697608
Nationally Determined Contributions (NDCs),USA,Industrials,0.5255035431628821,1.550275501853659,1.6363031153906544,1.6726104740487497,1.6735027198875603
Nationally Determined Contributions (NDCs),USA,Oil & Gas,0.5767344225495431,1.7604311078341655,1.8533699237736254,1.8892414874281556,1.8863920964639291
Nationally Determined Contributions (NDCs),USA,Technology,0.038509574477324754,0.08303894251332174,0.08992516931432798,0.09447327111400732,0.09637983080153473
Nationally Determined Contributions (NDCs),USA,Telecommunications,0.07186578657562755,0.15496558975592079,0.16781652649851916,0.1763041018014465,0.17986208480845733
Nationally Determined Contributions (NDCs),USA,UK Real Estate,-0.5664717494126155,-1.3122470466264495,-1.4092040751514534,-1.468397672670332,-1.4885124472900608
Nationally Determined Contributions (NDCs),USA,Utilities,0.24801646607235747,1.1271135176234122,1.1547452165919596,1.1426720798802228,1.1131687086946922
Nationally Determined Contributions (NDCs),USA,FTSE,-0.4790390586885251,-1.3505491454602114,-1.4294513427314128,-1.4658202917128145,-1.4697922512148485
Nationally Determined Contributions (NDCs),GBR,Basic Materials,1.2300306665420335,3.339564610893421,3.56890724078761,3.6970813526178423,3.7519942769808217
Nationally Determined Contributions (NDCs),GBR,Consumer Goods,0.9874194912965234,2.589583102940525,2.773468514450647,2.8800404495312986,2.926894308638848
Nationally Determined Contributions (NDCs),GBR,Consumer Services,0.17795069608373823,0.4430724023957554,0.47642010468918133,0.4968202450277472,0.5063063450396922
Nationally Determined Contributions (NDCs),GBR,Financials,-0.24304940929026675,-0.35992429156201894,-0.4074333967403271,-0.44760031761198144,-0.4715938498404724
Nationally Determined Contributions (NDCs),GBR,Government,0.2916869394439751,0.5261976066552486,0.5829078166762729,0.6263488211450913,0.650223447438895
Nationally Determined Contributions (NDCs),GBR,Health Care,1.6396736060707657,4.338150238851735,4.645100357842515,4.8218584904083475,4.9001412520481065
Nationally Determined Contributions (NDCs),GBR,Industrials,0.6963305966691673,1.7514127414177287,1.882082158045271,1.9612985341111122,1.9976195094084888
Nationally Determined Contributions (NDCs),GBR,Oil & Gas,0.9086845692124809,2.4822869083685815,2.650995723886771,2.74400495416918,2.782974398532749
Nationally Determined Contributions (NDCs),GBR,Technology,0.04594283307273849,0.07332672985987615,0.08239598123916697,0.08980680148488844,0.09416046387403156
Nationally Determined Contributions (NDCs),GBR,Telecommunications,0.08573758295431773,0.13684085555142803,0.15376570847102092,0.16759563085676307,0.17572034727669458
Nationally Determined Contributions (NDCs),GBR,UK Real Estate,-0.2645242887791615,-0.4275282917984558,-0.4785191034987413,-0.5199248336277863,-0.5437258736724783
Nationally Determined Contributions (NDCs),GBR,Utilities,2.8522476663818006,8.158277949184189,8.66805905440329,8.9176981829924,8.998555116439707
Nationally Determined Contributions (NDCs),GBR,FTSE,-0.8696003056543957,-2.2576619906275557,-2.418372438338625,-2.510944268761743,-2.550852200145685
Nationally Determined Contributions (NDCs),CHE,Basic Materials,1.0170740079609315,1.7063057029832451,1.9012562903731571,2.0576079190285546,2.1469001750739247
Nationally Determined Contributions (NDCs),CHE,Consumer Goods,0.9151952642271973,1.523447634032714,1.6992092051690149,1.8409485817863434,1.922330962364551
Nationally Determined Contributions (NDCs),CHE,Consumer Services,0.2013252495544157,0.333446705874275,0.37224416032417285,0.40364632122096056,0.42176711507993525
Nationally Determined Contributions (NDCs),CHE,Financials,-0.18102553466415444,-0.2639275758176718,-0.2997173538897257,-0.3304854923856302,-0.3492814476029902
Nationally Determined Contributions (NDCs),CHE,Government,0.26054738457014376,0.4362749740452013,0.4862984801935989,0.5269505143107004,0.5503962964947384
Nationally Determined Contributions (NDCs),CHE,Health Care,1.5657866984343258,2.6162419804862544,2.916570968503435,3.157941165665893,3.2960654290072715
Nationally Determined Contributions (NDCs),CHE,Industrials,1.1264278075437641,2.020590492064263,2.240569711272434,2.4119718450969665,2.508439731596548
Nationally Determined Contributions (NDCs),CHE,Oil & Gas,0.7075391941170959,1.1890939999460126,1.3241633024502997,1.432696126395339,1.4947040670331786
Nationally Determined Contributions (NDCs),CHE,Technology,0.05952201905984603,0.08879545815003417,0.10089619353586593,0.11115605045608208,0.11747888774782961
Nationally Determined Contributions (NDCs),CHE,Telecommunications,0.11107878433775137,0.16570828244422436,0.18829042931158027,0.20743716613566252,0.2192367168065925
Nationally Determined Contributions (NDCs),CHE,UK Real Estate,-1.0232264623942167,-1.5023274733738923,-1.70086252327365,-1.870124935359943,-1.971463337388599
Nationally Determined Contributions (NDCs),CHE,Utilities,2.2352202566342463,3.977919588941993,4.368976860925672,4.690767701568919,4.872811971159603
Nationally Determined Contributions (NDCs),CHE,FTSE,-0.9081430405226885,-1.5562697971772759,-1.7290633447850783,-1.8679149124806325,-1.9473051556517418
Nationally Determined Contributions (NDCs),RUS,Basic Materials,1.3200508719653385,1.8071011345419066,3.127844822159795,4.300664877346823,5.332251874197384
Nationally Determined Contributions (NDCs),RUS,Consumer Goods,1.1621851790394848,1.585970154854011,2.7576121029757177,3.79827332366893,4.714066036690348
Nationally Determined Contributions (NDCs),RUS,Consumer Services,0.26146927307738627,0.3557566591860537,0.6169077112101488,0.8489004447284825,1.052918123640769
Nationally Determined Contributions (NDCs),RUS,Financials,-0.1209793460831481,-0.14653698196502404,-0.21720512763520783,-0.28063570063048343,-0.33361289370558356
Nationally Determined Contributions (NDCs),RUS,Government,0.25765702387493633,0.3215474442410829,0.5960073347571713,0.8411610314440303,1.0575499381701179
Nationally Determined Contributions (NDCs),RUS,Health Care,2.106303801429698,2.89000100684203,5.0240670860391115,6.918850282741936,8.586910834327693
Nationally Determined Contributions (NDCs),RUS,Industrials,0.930033212915021,1.2708670437093952,2.2011594414961495,3.0272697392263996,3.75384031569016
Nationally Determined Contributions (NDCs),RUS,Oil & Gas,0.8909662598996896,1.2174877473988657,2.127215483603779,2.935213862636756,3.6468972284071763
Nationally Determined Contributions (NDCs),RUS,Technology,0.05250953978508117,0.06542632147973508,0.10406313677921433,0.13859013401872136,0.16816731096301193
Nationally Determined Contributions (NDCs),RUS,Telecommunications,0.0979922377901388,0.12209727372239917,0.19420051453876486,0.25863409627498324,0.31383042380229853
Nationally Determined Contributions (NDCs),RUS,UK Real Estate,-0.38599125508727206,-0.46950782736747176,-0.7913483882957746,-1.0794338908509675,-1.3290993065783554
Nationally Determined Contributions (NDCs),RUS,Utilities,0.8398159675999989,1.0207999880879208,3.0535976689988913,4.8688625074704674,6.529931045617081
Nationally Determined Contributions (NDCs),RUS,FTSE,-0.9441586711126924,-1.2769927562960959,-2.324662781259143,-3.2560422196794474,-4.080793536765192
Nationally Determined Contributions (NDCs),IND,Basic Materials,2.951061606893452,8.4245177197529,10.2041675592746,11.410658887247067,12.389002762396984
Nationally Determined Contributions (NDCs),IND,Consumer Goods,2.9854130959133673,8.520104039098525,10.32108272332678,11.542059086444004,12.532153756872086
Nationally Determined Contributions (NDCs),IND,Consumer Services,0.6829903678601917,1.9452762615357961,2.357369861473773,2.636842503521612,2.863454727685379
Nationally Determined Contributions (NDCs),IND,Financials,-0.45914777385922256,-0.8437726060091891,-1.0158809544391274,-1.1457262593681492,-1.2425233319649132
Nationally Determined Contributions (NDCs),IND,Government,0.14838430876266412,0.4527951079572269,0.5652114501567977,0.6403567301483986,0.7028171987550855
Nationally Determined Contributions (NDCs),IND,Health Care,5.101461825371842,14.563039108592063,17.640063592612115,19.72609585813256,21.417692553539148
Nationally Determined Contributions (NDCs),IND,Industrials,2.2414992254452826,6.3616104551812365,7.712686753743743,8.629679446155684,9.373059824830806
Nationally Determined Contributions (NDCs),IND,Oil & Gas,2.0109535472642643,5.748237171988758,6.961666941791609,7.784097854326094,8.451082712761366
Nationally Determined Contributions (NDCs),IND,Technology,0.057936205786955394,0.14101618639531194,0.1742486829766639,0.1973990313346846,0.21595977832899282
Nationally Determined Contributions (NDCs),IND,Telecommunications,0.1081193717821683,0.2631615459984284,0.325179356870293,0.36838206728270173,0.4030197567477617
Nationally Determined Contributions (NDCs),IND,UK Real Estate,-0.3839246172947542,-0.8504863684204089,-1.0519463837931189,-1.195116868835285,-1.3084464454367637
Nationally Determined Contributions (NDCs),IND,Utilities,0.7762902894555095,3.4484385016148913,4.144770873286349,4.582651787228395,4.957200542504971
Nationally Determined Contributions (NDCs),IND,FTSE,-2.2794057348153665,-6.489651961418422,-7.85936144049488,-8.788421289937167,-9.541410205920888
Nationally Determined Contributions (NDCs),TUR,Basic Materials,1.5677212221991512,8.903916846493058,8.487070719292921,8.22199454323646,7.931845097133337
Nationally Determined Contributions (NDCs),TUR,Consumer Goods,1.4302600048245007,8.146416757056665,7.758582985192652,7.51173964860387,7.2425127783537535
Nationally Determined Contributions (NDCs),TUR,Consumer Services,0.33245392368601345,1.8835309277157777,1.793424620852191,1.7362123326133072,1.6737294976275692
Nationally Determined Contributions (NDCs),TUR,Financials,-0.14555397512738097,-0.4726973020865744,-0.4639594011291153,-0.4629326960884691,-0.4559279520152356
Nationally Determined Contributions (NDCs),TUR,Government,0.46819524400843776,3.2317847509850193,2.984458941129637,2.8217708054772426,2.6609991262825172
Nationally Determined Contributions (NDCs),TUR,Health Care,2.6229702785497055,14.864688672043128,14.16802995280239,13.725498538329555,13.240758641075542
Nationally Determined Contributions (NDCs),TUR,Industrials,1.2316435173306275,7.422959337177465,7.031503496289441,6.778057213671753,6.510520361664193
Nationally Determined Contributions (NDCs),TUR,Oil & Gas,1.0635753958202423,6.12732970160859,5.832877080403569,5.644883380576718,5.440969381507794
Nationally Determined Contributions (NDCs),TUR,Technology,0.10039136340817781,0.4918358439893308,0.4647627178170693,0.44867884500200994,0.4305056629648787
Nationally Determined Contributions (NDCs),TUR,Telecommunications,0.18734832556969805,0.9178540732823072,0.8673307545015085,0.8373153573768999,0.8034009337716866
Nationally Determined Contributions (NDCs),TUR,UK Real Estate,-0.24407066424743498,-1.365432986664829,-1.2765706306663307,-1.22099148133172,-1.1625210675804947
Nationally Determined Contributions (NDCs),TUR,Utilities,1.016418719947469,12.44807998095659,11.258881190152431,10.44078270674569,9.691648092115575
Nationally Determined Contributions (NDCs),TUR,FTSE,-1.231968778421853,-7.556522744912416,-7.14510558240619,-6.878511262306588,-6.5996625278840275
Nationally Determined Contributions (NDCs),RASIA,Basic Materials,1.9165488884519295,4.2337198540318015,4.973344973568246,5.502460941989302,5.899698991055438
Nationally Determined Contributions (NDCs),RASIA,Consumer Goods,1.8918970031396067,4.164270630119575,4.895799770162952,5.419529867814415,5.812790858881124
Nationally Determined Contributions (NDCs),RASIA,Consumer Services,0.43961509306331403,0.9614775909012555,1.1310956708182403,1.2527356939521639,1.3440197583159452
Nationally Determined Contributions (NDCs),RASIA,Financials,-0.2609739762579431,-0.41231699229194496,-0.490925673229822,-0.5532394457901437,-0.5974602454818142
Nationally Determined Contributions (NDCs),RASIA,Government,0.32410734045205386,0.7190561011790154,0.8756067509438852,0.9865244569490551,1.0730677286050714
Nationally Determined Contributions (NDCs),RASIA,Health Care,3.2223884244198753,7.109911771260951,8.352763779893971,9.242193946428158,9.909850478545646
Nationally Determined Contributions (NDCs),RASIA,Industrials,1.5330318324356471,3.3880613573694895,3.9862619709291183,4.41389488856006,4.735523014160821
Nationally Determined Contributions (NDCs),RASIA,Oil & Gas,1.2922650022842053,2.8625767085834672,3.362429847807058,3.7197557031921216,3.9881661708506067
Nationally Determined Contributions (NDCs),RASIA,Technology,0.10528684831356581,0.18467584935709877,0.22017952045567443,0.24725540789462092,0.26693422805792716
Nationally Determined Contributions (NDCs),RASIA,Telecommunications,0.19648418017650443,0.3446383232145233,0.41089455389097207,0.46142302569163524,0.49814724062029037
Nationally Determined Contributions (NDCs),RASIA,UK Real Estate,-0.7579159453623505,-1.4027191493895776,-1.699793124596535,-1.9211506188295393,-2.087537799296111
Nationally Determined Contributions (NDCs),RASIA,Utilities,1.1806273989531546,3.958696613593863,4.682130564251849,5.150726058863895,5.534128397531099
Nationally Determined Contributions (NDCs),RASIA,FTSE,-1.5249555576515843,-3.3893838278722486,-3.9850959901784813,-4.4104309595008555,-4.730525076661272
Nationally Determined Contributions (NDCs),LAM,Basic Materials,1.5684866089226164,5.4365692953451035,5.646955246682716,5.6155986693433,5.484215620676577
Nationally Determined Contributions (NDCs),LAM,Consumer Goods,1.3834828957917948,4.757817475959031,4.944197100949566,4.919605420680042,4.806733711073584
Nationally Determined Contributions (NDCs),LAM,Consumer Services,0.3176312502404148,1.0834220855123378,1.126431695331203,1.1215308148730811,1.096351331107174
Nationally Determined Contributions (NDCs),LAM,Financials,-0.2694877414337292,-0.5623843522570569,-0.607590720192645,-0.6335690608219235,-0.641952909092657
Nationally Determined Contributions (NDCs),LAM,Government,0.24510745101841083,0.8621372182772563,0.8918151402343295,0.8826980196866455,0.8579486992732918
Nationally Determined Contributions (NDCs),LAM,Health Care,2.59722287490873,8.965274650954406,9.314752581415307,9.266138677991401,9.05184657266186
Nationally Determined Contributions (NDCs),LAM,Industrials,1.1874332503904088,4.085832888473765,4.246584522174727,4.225966757490174,4.129540680209204
Nationally Determined Contributions (NDCs),LAM,Oil & Gas,1.0590665545717368,3.669951684098279,3.8120281189388114,3.7909341155582124,3.7023027696346653
Nationally Determined Contributions (NDCs),LAM,Technology,0.06649747792808136,0.15304399683532802,0.16428027978688775,0.1698218486693031,0.17102550117500992
Nationally Determined Contributions (NDCs),LAM,Telecommunications,0.12409624415379902,0.2856076018114645,0.3065765250847047,0.31691808850115577,0.31916432038661274
Nationally Determined Contributions (NDCs),LAM,UK Real Estate,-0.31985055928133654,-0.8184242441126786,-0.8681419917716234,-0.8854968267834279,-0.882082868342704
Nationally Determined Contributions (NDCs),LAM,Utilities,0.5379667498941251,2.583932055493252,2.622740450320889,2.53543668138399,2.415163288713204
Nationally Determined Contributions (NDCs),LAM,FTSE,-1.1551816287785546,-3.949440040326757,-4.105052117839374,-4.085889713809709,-3.9930178234476568
Nationally Determined Contributions (NDCs),MEA,Basic Materials,0.9622699670034923,5.07872021339232,4.805370751531734,4.632340101981329,4.442222008584809
Nationally Determined Contributions (NDCs),MEA,Consumer Goods,0.9919059042517324,5.393711256026443,5.084868872971398,4.8879139307731725,4.675492832643663
Nationally Determined Contributions (NDCs),MEA,Consumer Services,0.22366560093702273,1.2184525940382223,1.1481718480479892,1.1033715313893342,1.0551212372663417
Nationally Determined Contributions (NDCs),MEA,Financials,-0.20923617502285616,-0.6989048358534008,-0.6860099450179944,-0.6835277750410507,-0.6724986040971509
Nationally Determined Contributions (NDCs),MEA,Government,0.17623627877304823,1.1912722921954837,1.1012663236841136,1.0417394819875252,0.9825198413501586
Nationally Determined Contributions (NDCs),MEA,Health Care,1.59376296069677,8.405719228224648,7.951873226111039,7.664851281773533,7.349502430347729
Nationally Determined Contributions (NDCs),MEA,Industrials,0.7986191662198407,4.089222124069221,3.8817697729134943,3.7521981624993983,3.606612726399068
Nationally Determined Contributions (NDCs),MEA,Oil & Gas,0.6464577203473104,3.436305843117398,3.24929963920355,3.1306525157122476,3.000841091548219
Nationally Determined Contributions (NDCs),MEA,Technology,0.05587327788738274,0.2306990469558266,0.22203703179206843,0.21758834339658056,0.21138457452134818
Nationally Determined Contributions (NDCs),MEA,Telecommunications,0.10426957759036566,0.43052588081674065,0.4143610038602311,0.40605895183522484,0.39448160422743733
Nationally Determined Contributions (NDCs),MEA,UK Real Estate,-0.4186472419302882,-2.223306225602372,-2.0826982417900517,-1.9957466060738596,-1.9024117825991373
Nationally Determined Contributions (NDCs),MEA,Utilities,0.4141291208831278,6.394284939706267,5.691159356620896,5.197760521833068,4.751089599209822
Nationally Determined Contributions (NDCs),MEA,FTSE,-0.7290200515891543,-4.037553576570493,-3.800588341091473,-3.648686336031152,-3.4863568207069298
Nationally Determined Contributions (NDCs),AFR,Basic Materials,1.3162672169581267,9.01322576746114,8.338359784102902,7.887475094326543,7.440068568181085
Nationally Determined Contributions (NDCs),AFR,Consumer Goods,1.2098608174333154,8.239393989235836,7.624710598008577,7.214258468554036,6.806391377674456
Nationally Determined Contributions (NDCs),AFR,Consumer Services,0.2638554601697148,1.7793278011449476,1.6472707680631835,1.5592721257922548,1.471632694842346
Nationally Determined Contributions (NDCs),AFR,Financials,-0.0979993428282888,-0.40684558112566915,-0.388615509640031,-0.3788234449096152,-0.36611463277997996
Nationally Determined Contributions (NDCs),AFR,Government,0.4508298037439655,4.549661635893719,4.11023536419507,3.8075321085507956,3.525107306079392
Nationally Determined Contributions (NDCs),AFR,Health Care,2.2753873076916635,15.697359403049996,14.514142594239368,13.722950872596748,12.939290306095042
Nationally Determined Contributions (NDCs),AFR,Industrials,1.0157042011942377,7.108738648127498,6.566672343870859,6.2037119583776725,5.845376391284522
Nationally Determined Contributions (NDCs),AFR,Oil & Gas,0.9005332301445098,6.21615317521975,5.747771736512347,5.4345040228154415,5.124245082990033
Nationally Determined Contributions (NDCs),AFR,Technology,0.04391207690297949,0.21241767723863256,0.20016833347847704,0.19286865342052573,0.18465081427657445
Nationally Determined Contributions (NDCs),AFR,Telecommunications,0.08194782699196677,0.3964095595579949,0.373550082757565,0.35992756793533587,0.3445916032551811
Nationally Determined Contributions (NDCs),AFR,UK Real Estate,-0.5374428774719793,-3.456874996661537,-3.190547475547846,-3.017679204171765,-2.844536986501999
Nationally Determined Contributions (NDCs),AFR,Utilities,0.6103179086875253,11.316215466079555,10.03729295470849,9.133461220631895,8.321967659668497
Nationally Determined Contributions (NDCs),AFR,FTSE,-0.955218205122704,-6.866234200096934,-6.330809329606721,-5.971043455877039,-5.618000083545051
Nationally Determined Contributions (NDCs),ROW,Basic Materials,1.1322305461546973,4.31281388530358,4.598212035075357,4.716749279614409,4.798831020186391
Nationally Determined Contributions (NDCs),ROW,Consumer Goods,1.0559229297005492,4.014430641122334,4.28063873584007,4.3912997917394225,4.467918914214213
Nationally Determined Contributions (NDCs),ROW,Consumer Services,0.23388036769763304,0.8792075518766259,0.9380098567075313,0.9628052178873265,0.979938946174767
Nationally Determined Contributions (NDCs),ROW,Financials,-0.21986303838999913,-0.5357855982535205,-0.58524720853234,-0.6169137260866976,-0.6376920080969047
Nationally Determined Contributions (NDCs),ROW,Government,0.2966662999555705,1.25727070315662,1.3345890404557934,1.3604752354034282,1.379043824002365
Nationally Determined Contributions (NDCs),ROW,Health Care,1.7981381936029075,6.808783034230928,7.26129540229285,7.450715903887289,7.581714071332657
Nationally Determined Contributions (NDCs),ROW,Industrials,0.8472143523369242,3.135865766617389,3.349205390428209,3.441862217527794,3.5058369179268993
Nationally Determined Contributions (NDCs),ROW,Oil & Gas,0.7670515761781802,2.928812167993096,3.122095286657222,3.2021006026474534,3.2575094212971942
Nationally Determined Contributions (NDCs),ROW,Technology,0.05616527869994458,0.16123675988062447,0.17456795967134361,0.18204170386796578,0.18704564321679318
Nationally Determined Contributions (NDCs),ROW,Telecommunications,0.10481450358241565,0.3008967699850741,0.3257751845601558,0.33972253434641597,0.34906078443515587
Nationally Determined Contributions (NDCs),ROW,UK Real Estate,-0.4547193341542597,-1.2696030400235734,-1.3755896955334745,-1.436265467249708,-1.4767799897857936
Nationally Determined Contributions (NDCs),ROW,Utilities,0.6212228179488304,3.9869633442275565,4.157287869119719,4.161275778365873,4.169249278416273
Nationally Determined Contributions (NDCs),ROW,FTSE,-0.7995186781769846,-3.060928375576494,-3.261817955293358,-3.3442044047205535,-3.401236660299444
Net Zero 2050,EU27,Basic Materials,1.4542395794278513,11.337540819697985,9.986125816439062,8.904181421154737,7.9268251263498914
Net Zero 2050,EU27,Consumer Goods,1.354039754135497,10.30221604616668,9.088286530908524,8.110500660757678,7.223639783009108
Net Zero 2050,EU27,Consumer Services,0.28050093059099707,2.0614927663722438,1.8222736973333395,1.6286671111303255,1.452231104485124
Net Zero 2050,EU27,Financials,-0.43349502029920717,-1.2400717209133827,-1.193458186857536,-1.1386627379457162,-1.0688730428938777
Net Zero 2050,EU27,Government,0.20998967467063157,1.1551286310844497,1.0459821482349945,0.9439694158449388,0.843602669128898
Net Zero 2050,EU27,Health Care,2.2372117021284126,17.30567779218751,15.25003126800575,13.60189646183867,12.11140832193109
Net Zero 2050,EU27,Industrials,1.008625573378182,7.5240391899966435,6.645828299961767,5.93553085041373,5.289936401609382
Net Zero 2050,EU27,Oil & Gas,0.9787726697887094,7.670697891435026,6.755194465341827,6.021294492589522,5.358593078083271
Net Zero 2050,EU27,Technology,0.06318821791346219,0.2549248144899922,0.23596942141115113,0.2186484460197357,0.20070045033288744
Net Zero 2050,EU27,Telecommunications,0.11792057025550873,0.4757355166766812,0.44036134669557075,0.40803729384232207,0.3745431084352408
Net Zero 2050,EU27,UK Real Estate,-0.4590669796301833,-1.9715602739829359,-1.8200636811616353,-1.6717171379415232,-1.5176782821580244
Net Zero 2050,EU27,Utilities,0.8811414884138381,9.681651942981286,8.456347516501328,7.385709514402906,6.4228708004343185
Net Zero 2050,EU27,FTSE,-1.0139130293473517,-7.663058859594458,-6.7665252672689356,-6.036843471016392,-5.373272852811111
Net Zero 2050,CHN,Basic Materials,2.161697770169118,25.793224313058822,21.64372866905067,19.947434689308814,19.043944918945655
Net Zero 2050,CHN,Consumer Goods,2.3024326148447654,27.462998904732792,23.045113230737687,21.239454088320496,20.277900396077538
Net Zero 2050,CHN,Consumer Services,0.5460704451535833,6.474991517787232,5.43464408827744,5.009628117941411,4.783334702098128
Net Zero 2050,CHN,Financials,-0.22186810328814086,-1.84104034318933,-1.5714362539635471,-1.4643733981995433,-1.4074967041356887
Net Zero 2050,CHN,Government,0.33921504334707964,5.4831540776294245,4.553603694017418,4.17582815461989,3.9841876053705505
Net Zero 2050,CHN,Health Care,3.6980113446196947,43.99329478729402,36.92041290880583,34.029307973139,32.48959990688843
Net Zero 2050,CHN,Industrials,1.7979342676773018,22.23751849311032,18.6351409549851,17.163251087645527,16.385851330725522
Net Zero 2050,CHN,Oil & Gas,1.4599199715181044,17.623576511386556,14.781939454389107,13.619797173561853,13.001745824497899
Net Zero 2050,CHN,Technology,0.0886645187810686,0.8945449251541665,0.7560797317835015,0.7004939718522332,0.6714835514602167
Net Zero 2050,CHN,Telecommunications,0.16546392605046653,1.6693815900586932,1.4109806554862139,1.3072476380721478,1.2531089801238628
Net Zero 2050,CHN,UK Real Estate,-0.44792846440775785,-6.703731115550039,-5.580624855259838,-5.126659815752613,-4.8990165988741925
Net Zero 2050,CHN,Utilities,1.2280668135802189,44.80091915795967,36.624767539452094,33.22436492894802,31.53464915633949
Net Zero 2050,CHN,FTSE,-1.8597005759635423,-23.46300554079114,-19.647625734921682,-18.08582942725238,-17.25977684911815
Net Zero 2050,USA,Basic Materials,0.861995610625284,8.375658153209251,7.293095514113511,6.432415330676687,5.607365652147865
Net Zero 2050,USA,Consumer Goods,0.7506049761016856,6.944417085661049,6.066440247286119,5.355706252662898,4.672190821720735
Net Zero 2050,USA,Consumer Services,0.14335625881987854,1.27112560350138,1.1131745826077744,0.9840107709199617,0.8594163447870735
Net Zero 2050,USA,Financials,-0.2522703334817539,-0.9747960782033253,-0.909191742182846,-0.8410496669674571,-0.7656144521815661
Net Zero 2050,USA,Government,0.29317292627774855,2.449069061136535,2.1666503245207016,1.9078077714286827,1.65739909944987
Net Zero 2050,USA,Health Care,1.223098929554488,11.638205337792439,10.14742505084631,8.954150124005366,7.80919916907289
Net Zero 2050,USA,Industrials,0.5264019593576051,4.883726658482332,4.2632674696194,3.7656833323390475,3.2879911917016793
Net Zero 2050,USA,Oil & Gas,0.5777204245508885,5.620957539150371,4.894292611220216,4.316404935370311,3.7625592774764085
Net Zero 2050,USA,Technology,0.038575411569790545,0.21855436300406592,0.19743605870039838,0.17781768594102518,0.15809169579843924
Net Zero 2050,USA,Telecommunications,0.07198865042183007,0.40786171802731286,0.36845116700135505,0.3318397577915132,0.29502751520454973
Net Zero 2050,USA,UK Real Estate,-0.5674402060484396,-3.5609583231802633,-3.199487397723394,-2.8589541134557517,-2.5194365010448054
Net Zero 2050,USA,Utilities,0.24844048226135637,3.930288701583772,3.392208330922781,2.9261654430112443,2.4906385137644262
Net Zero 2050,USA,FTSE,-0.4798580378444795,-4.148893701268038,-3.63781621748013,-3.218982973330081,-2.8141559987069367
Net Zero 2050,GBR,Basic Materials,1.2321335628691943,10.487890354992718,9.144243042900916,8.191247919469696,7.36295723477051
Net Zero 2050,GBR,Consumer Goods,0.9891076124776412,7.974353307054121,6.976100981084921,6.258302033157545,5.628363803263609
Net Zero 2050,GBR,Consumer Services,0.17825492578742705,1.3275423128806652,1.1666454587523534,1.0499287360836596,0.9464752103318612
Net Zero 2050,GBR,Financials,-0.24346493365402272,-0.6693733974525541,-0.6462059726521399,-0.6207427430247073,-0.5869649253629949
Net Zero 2050,GBR,Government,0.2921856159488152,1.2552512157405173,1.1533660259878307,1.0659275132223986,0.9772226757931693
Net Zero 2050,GBR,Health Care,1.6424768399231708,13.458988353444939,11.758512206059825,10.548320418210825,9.492338691158697
Net Zero 2050,GBR,Industrials,0.6975210637803181,5.285561781342531,4.6418453188083735,4.172995962679291,3.758318119761449
Net Zero 2050,GBR,Oil & Gas,0.9102380828728486,7.796951008371066,6.799720228035362,6.086638092895036,5.465696262074076
Net Zero 2050,GBR,Technology,0.04602137828104586,0.15422602583781395,0.14509522524886015,0.1370803534927615,0.12815994731010005
Net Zero 2050,GBR,Telecommunications,0.08588416242847108,0.287813480353926,0.2707737655480211,0.2558165744891074,0.2391694934555704
Net Zero 2050,GBR,UK Real Estate,-0.2649765272236565,-0.8857456254395006,-0.8354562385217883,-0.7870699657181157,-0.7321836893577387
Net Zero 2050,GBR,Utilities,2.857123952237869,25.629055236069053,22.394509814776477,19.93382283481467,17.7558521657422
Net Zero 2050,GBR,FTSE,-0.8710869997170727,-6.859633946484678,-6.018864060980594,-5.3971329819351554,-4.845992083276455
Net Zero 2050,CHE,Basic Materials,1.018812827369235,3.7260547996133764,3.459578494688735,3.247810546886148,3.0124749164146762
Net Zero 2050,CHE,Consumer Goods,0.9167599087617835,3.2991564598486995,3.069890502555692,2.8849976752243705,2.6794321040452442
Net Zero 2050,CHE,Consumer Services,0.20166944107692691,0.7200458597577656,0.670749258383249,0.6307263815769767,0.586361785800342
Net Zero 2050,CHE,Financials,-0.1813350212016225,-0.4886603603975455,-0.47218889658957813,-0.4553695970330979,-0.4333886883656182
Net Zero 2050,CHE,Government,0.26099282398313345,0.9460479893953431,0.8827489719225706,0.8271807206902534,0.7687371158434536
Net Zero 2050,CHE,Health Care,1.5684636130729759,5.687767011841735,5.285986218440304,4.965871856808182,4.609000210592522
Net Zero 2050,CHE,Industrials,1.1283535813994308,4.837904015819173,4.437836529486269,4.105124268312823,3.767753941743024
Net Zero 2050,CHE,Oil & Gas,0.7087488237735773,2.5898836463694206,2.4045315192254635,2.257912154973797,2.0960519028414293
Net Zero 2050,CHE,Technology,0.05962377964083868,0.17781110961481203,0.16903783181641271,0.1621293361318489,0.15418687635742795
Net Zero 2050,CHE,Telecommunications,0.11126868786939738,0.33182748518496014,0.31545497215707125,0.3025624776757872,0.2877404203879265
Net Zero 2050,CHE,UK Real Estate,-1.0249758002181846,-2.726032290139872,-2.643033425114363,-2.5473400744323706,-2.4164665580485014
Net Zero 2050,CHE,Utilities,2.239041654422064,8.462547230546985,7.815042963714704,7.335871593591903,6.881337732002042
Net Zero 2050,CHE,FTSE,-0.909695628369803,-3.45156062941184,-3.195442398468426,-2.9900112509014947,-2.7743658825505024
Net Zero 2050,RUS,Basic Materials,1.3223076694630176,24.954577677009496,22.529723637146372,18.72684591223404,15.70366956476088
Net Zero 2050,RUS,Consumer Goods,1.164172084741074,22.128878362583958,19.979187775678227,16.601601269284263,13.916567128033114
Net Zero 2050,RUS,Consumer Services,0.26191628857787413,4.922720645278058,4.445526325812175,3.6948816623476004,3.0980045462497574
Net Zero 2050,RUS,Financials,-0.1211861759041116,-1.1494802680210694,-1.0578426057048995,-0.8981169752707543,-0.767971077341689
Net Zero 2050,RUS,Government,0.25809752184292356,5.063306004273571,4.582584962951326,3.794703612775036,3.1674870769963235
Net Zero 2050,RUS,Health Care,2.109904799883145,40.40262775183991,36.46762731600422,30.301550947188172,25.401153178923412
Net Zero 2050,RUS,Industrials,0.9316232248397436,17.565541277971843,15.859325042973882,13.182637492373983,11.054997350064578
Net Zero 2050,RUS,Oil & Gas,0.8924894818213304,17.211244204191736,15.535900270754134,12.904724797031042,10.81371714852221
Net Zero 2050,RUS,Technology,0.0525993116268397,0.6730955024981488,0.6135669334951701,0.515169995492289,0.43611958860922084
Net Zero 2050,RUS,Telecommunications,0.09815976817986352,1.2561171704462617,1.1450261627375267,0.9613997933946485,0.8138775279092119
Net Zero 2050,RUS,UK Real Estate,-0.3866511570024993,-5.674475059996128,-5.164061671598294,-4.310131683346697,-3.6258981553904537
Net Zero 2050,RUS,Utilities,0.8412517414890528,39.95405316944623,35.87608211428284,29.24679271631566,24.02160827253839
Net Zero 2050,RUS,FTSE,-0.9457728323330146,-19.90697397454196,-17.957831211175375,-14.876145166114199,-12.429905230648904
Net Zero 2050,IND,Basic Materials,2.9561068279461984,54.552844401861755,45.19514345290654,41.22062869595251,39.16612117760867
Net Zero 2050,IND,Consumer Goods,2.9905170452743235,55.188787664028325,45.72208018286618,41.70139372867646,39.622989442807324
Net Zero 2050,IND,Consumer Services,0.6841580281268231,12.608009485476238,10.445606311124804,9.527586662105204,9.053187173864956
Net Zero 2050,IND,Financials,-0.4599327462940862,-3.8891879261953317,-3.319179845940249,-3.0846886791037575,-2.958478373935056
Net Zero 2050,IND,Government,0.148637990907665,3.386928816845742,2.791149215323083,2.5428682607450863,2.4182236068850496
Net Zero 2050,IND,Health Care,5.1101834333996194,94.3155593160571,78.13690194088986,71.26552558383136,67.71372563686488
Net Zero 2050,IND,Industrials,2.245331357941436,41.23674262008162,34.16691387063899,31.16715051721072,29.618155000449015
Net Zero 2050,IND,Oil & Gas,2.0143915321403,37.22666248810913,30.840097267728844,28.126921044382343,26.724266476995535
Net Zero 2050,IND,Technology,0.058035255215293256,0.9127607119087194,0.7591976810522145,0.6956787797461361,0.6633967587572464
Net Zero 2050,IND,Telecommunications,0.10830421581573607,1.7033755217231588,1.4167993091519637,1.2982616242583316,1.2380175716530886
Net Zero 2050,IND,UK Real Estate,-0.384580986025694,-5.222987982215034,-4.363344942533924,-4.012679145636684,-3.8355834396932083
Net Zero 2050,IND,Utilities,0.7776174579911488,25.40136316319822,20.829796443930164,18.834085536702005,17.802951162484426
Net Zero 2050,IND,FTSE,-2.2833026733862773,-41.94184923185541,-34.75239983626865,-31.69773248926086,-30.118025658009984
Net Zero 2050,TUR,Basic Materials,1.5704014441560894,22.37517882018118,18.695452999000704,16.522180792644452,15.487083690421027
Net Zero 2050,TUR,Consumer Goods,1.4327052190722767,20.373469932331087,17.02008282414104,15.042543412491687,14.106446784964985
Net Zero 2050,TUR,Consumer Services,0.33302229661693783,4.6862594683604355,3.91547608490274,3.461578776865785,3.247847187552952
Net Zero 2050,TUR,Financials,-0.1458028184513929,-0.9254659455989583,-0.7997786485381473,-0.7293033908205186,-0.7017912264152077
Net Zero 2050,TUR,Government,0.4689956842623278,7.009207295676872,5.7974587482787685,5.121130929446067,4.875558032391549
Net Zero 2050,TUR,Health Care,2.6274545850918494,37.288540385364314,31.158442290913495,27.539440025750466,25.819117444141643
Net Zero 2050,TUR,Industrials,1.2337491710345685,18.39429335576244,15.331215569892597,13.536429397266833,12.711917444673373
Net Zero 2050,TUR,Oil & Gas,1.0653937153584179,15.372817644758232,12.838218449021591,11.341291856508327,10.631779459473362
Net Zero 2050,TUR,Technology,0.10056299541307988,1.0329674672291038,0.867152359638622,0.7749058048643126,0.7407557902291082
Net Zero 2050,TUR,Telecommunications,0.18766862173503485,1.9277029296484294,1.6182621400565083,1.4461134911107514,1.3823834266621489
Net Zero 2050,TUR,UK Real Estate,-0.24448793457847195,-2.883993501728057,-2.4052249831788637,-2.1393887720866807,-2.0439351266750307
Net Zero 2050,TUR,Utilities,1.0181564190562595,28.927101430269246,23.648012684467474,20.575697015893894,19.39470239115569
Net Zero 2050,TUR,FTSE,-1.234074988201648,-18.650736068349868,-15.538595896250282,-13.708093094392183,-12.867899866055959
Net Zero 2050,RASIA,Basic Materials,1.9198254763679683,20.185329220567194,17.06101284469384,15.697963889615785,14.905927255705612
Net Zero 2050,RASIA,Consumer Goods,1.8951314454730268,19.88230058685588,16.80659838663473,15.46594447165387,14.687872135615748
Net Zero 2050,RASIA,Consumer Services,0.4403666718570086,4.581646814403611,3.874244313316174,3.5662824720047275,3.387620236026587
Net Zero 2050,RASIA,Financials,-0.2614201449845328,-1.4547304008927513,-1.2771923961334248,-1.205322618370308,-1.1622224651990767
Net Zero 2050,RASIA,Government,0.3246614438206784,4.114980964235496,3.449332046131874,3.1707926933721438,3.022150299544265
Net Zero 2050,RASIA,Health Care,3.2278975137188,33.880608185824336,28.63889092893947,26.352235980910805,25.023748057572192
Net Zero 2050,RASIA,Industrials,1.5356527483994022,16.295227903651632,13.768717720293317,12.666450167972476,12.027831118004038
Net Zero 2050,RASIA,Oil & Gas,1.29447429624812,13.673806398627264,11.555263326535146,10.630548539958127,10.093602949837257
Net Zero 2050,RASIA,Technology,0.10546684978234165,0.7595076681771489,0.655101834933668,0.6111593631485877,0.5855290449361007
Net Zero 2050,RASIA,Telecommunications,0.1968200952655159,1.4173778008352422,1.222537753107771,1.1405332038035043,1.092702423964361
Net Zero 2050,RASIA,UK Real Estate,-0.7592117005830554,-6.73733515870496,-5.736251861131258,-5.325250101236321,-5.102393538086807
Net Zero 2050,RASIA,Utilities,1.1826458340121624,24.885660001234015,20.590190694231477,18.685323796712172,17.65609703783026
Net Zero 2050,RASIA,FTSE,-1.527562666180255,-16.317934985581896,-13.78372163406041,-12.677635399592708,-12.03751930869415
Net Zero 2050,LAM,Basic Materials,1.5711681394070358,22.404145672912147,17.229261869740952,15.954835491904873,13.479503737901148
Net Zero 2050,LAM,Consumer Goods,1.3858481385287331,19.543208016101595,15.036549204374946,13.927280404904538,11.770077489218336
Net Zero 2050,LAM,Consumer Services,0.3181742818962025,4.43632228241102,3.4148408915601642,3.1637464750811994,2.6745980008555557
Net Zero 2050,LAM,Financials,-0.2699484655417459,-1.7308885364703284,-1.397676187178379,-1.3265487217888803,-1.1578635719271912
Net Zero 2050,LAM,Government,0.24552649387037107,3.552995796187783,2.713216314858895,2.5181400691219045,2.115454356594225
Net Zero 2050,LAM,Health Care,2.6016631629381477,36.890474755119364,28.376843367909228,26.28080795443844,22.207736370159598
Net Zero 2050,LAM,Industrials,1.1894633209316698,16.802646915545925,12.928786479735944,11.974579220730497,10.122175136670528
Net Zero 2050,LAM,Oil & Gas,1.0608771656633187,15.12193453820315,11.62938993434442,10.769211343469106,9.098544577286104
Net Zero 2050,LAM,Technology,0.0666111639571407,0.5158651143351423,0.4114462430104163,0.38751074014754266,0.3363698554803084
Net Zero 2050,LAM,Telecommunications,0.12430840271467378,0.9626970100760379,0.7678326309458746,0.7231646811263704,0.6277265997487556
Net Zero 2050,LAM,UK Real Estate,-0.32039738513263327,-2.9391096345190726,-2.301877575953863,-2.161109346146764,-1.85166476866903
Net Zero 2050,LAM,Utilities,0.5388864735508264,11.600063005271899,8.722554144938533,8.042649084597222,6.671167463632151
Net Zero 2050,LAM,FTSE,-1.1571565610062124,-16.180499081442985,-12.450416863144527,-11.535226701500536,-9.74892188513182
Net Zero 2050,MEA,Basic Materials,0.9639150918238655,11.445889370042355,9.550711909610238,8.521707724261999,8.113400746237057
Net Zero 2050,MEA,Consumer Goods,0.9936016955353786,12.034991203954696,10.030188695818598,8.940547209092953,8.51548167285872
Net Zero 2050,MEA,Consumer Services,0.22404798617628244,2.7120262522656806,2.2599725432379993,2.014492397945713,1.9192566510193774
Net Zero 2050,MEA,Financials,-0.20959389129443637,-1.4217687089107736,-1.2222473519701675,-1.1136425024718672,-1.0703809434167775
Net Zero 2050,MEA,Government,0.17653757745886567,2.5793145159578534,2.1309155840145406,1.8877090557651053,1.8025141964169489
Net Zero 2050,MEA,Health Care,1.5964877043698977,18.9051044528253,15.775714509212587,14.076553750743548,13.404249274720598
Net Zero 2050,MEA,Industrials,0.7999845088548868,9.272803530500804,7.747565530022794,6.9199821650073225,6.589462061912678
Net Zero 2050,MEA,Oil & Gas,0.647562923333513,7.74175451676558,6.45789108856788,5.760791318698601,5.484908275032454
Net Zero 2050,MEA,Technology,0.05596880047397493,0.49336279978771597,0.41680287943835936,0.37617470930556757,0.36129256874242327
Net Zero 2050,MEA,Telecommunications,0.10444783990342311,0.9207036472131169,0.7778290771678514,0.7020096103638044,0.6742368615859863
Net Zero 2050,MEA,UK Real Estate,-0.4193629734737187,-4.602611348527919,-3.8417998292969346,-3.4306595273416973,-3.2907529314452018
Net Zero 2050,MEA,Utilities,0.41483712811495055,13.891922447861246,11.24031190810664,9.80039276302647,9.340871224824387
Net Zero 2050,MEA,FTSE,-0.7302664055465098,-9.006323683624027,-7.499686424521525,-6.681546478558392,-6.364803546882674
Net Zero 2050,AFR,Basic Materials,1.3185175458087757,19.801577728683803,16.346721101857117,14.473973177744574,13.786185703192952
Net Zero 2050,AFR,Consumer Goods,1.2119292307977623,18.088451450728076,14.936616829360208,13.226611877473388,12.597802976419544
Net Zero 2050,AFR,Consumer Services,0.2643065551652988,3.8979366297297835,3.2199482645673045,2.8520627220766053,2.717012526101339
Net Zero 2050,AFR,Financials,-0.09816688536499409,-0.8112690245582408,-0.6875560354223544,-0.6198061058591977,-0.5953348735001875
Net Zero 2050,AFR,Government,0.45160055553435197,9.787724219993088,7.988977124419129,7.010006376410444,6.685810707648239
Net Zero 2050,AFR,Health Care,2.279277376242282,34.46958147295488,28.44826947386298,25.1841400907977,23.98857040314546
Net Zero 2050,AFR,Industrials,1.017440678740913,15.606537550133753,12.874577316600647,11.393071111217516,10.854021943821694
Net Zero 2050,AFR,Oil & Gas,0.9020728080377018,13.658020401333602,11.272048866195279,9.978405437672128,9.504011662774046
Net Zero 2050,AFR,Technology,0.04398715027126945,0.43014690644929454,0.3609624379329308,0.323437293051288,0.31058640567853446
Net Zero 2050,AFR,Telecommunications,0.08208792738871919,0.8027314296410512,0.6736207781672771,0.6035921141301929,0.5796100488445447
Net Zero 2050,AFR,UK Real Estate,-0.5383617055010981,-7.150598565245131,-5.918045320038371,-5.251610082866136,-5.034261533904392
Net Zero 2050,AFR,Utilities,0.6113613259969389,24.91234818279407,20.124968046699344,17.497666161710974,16.63523539547705
Net Zero 2050,AFR,FTSE,-0.9568512740451526,-15.051234984355427,-12.405915196035123,-10.969590666633735,-10.448706759046686
Net Zero 2050,ROW,Basic Materials,1.1341662405416517,16.84186832059907,14.251253289391002,12.759769316876621,11.690986921009019
Net Zero 2050,ROW,Consumer Goods,1.057728166359302,15.666998503986015,13.25892730237927,11.871840336176616,10.877547590019459
Net Zero 2050,ROW,Consumer Services,0.2342802164002747,3.4192445706064447,2.8950521123332678,2.593080618027715,2.376465528418619
Net Zero 2050,ROW,Financials,-0.22023892265734704,-1.716553115954217,-1.49282118848207,-1.3629502959108173,-1.265480737126043
Net Zero 2050,ROW,Government,0.2971734893204688,5.036904497996408,4.250854276314156,3.7950842506127915,3.470089869750354
Net Zero 2050,ROW,Health Care,1.8012123431391018,26.53931454358126,22.462553568960004,20.115190411242153,18.432443009906642
Net Zero 2050,ROW,Industrials,0.8486627747204532,12.170749308636713,10.309338662946832,9.238330817310569,8.470609106848261
Net Zero 2050,ROW,Oil & Gas,0.7683629499399597,11.441442299178476,9.680771804247309,8.66702496590114,7.940890393841442
Net Zero 2050,ROW,Technology,0.05626130049964822,0.5675953874093955,0.4873195140846844,0.4410212953913149,0.40717930789203494
Net Zero 2050,ROW,Telecommunications,0.10499369751685325,1.0592349961408345,0.9094257900452759,0.8230249936560928,0.7598697631990443
Net Zero 2050,ROW,UK Real Estate,-0.4554967355993552,-4.379992281726043,-3.76934536188492,-3.4160234525890787,-3.1566729386164125
Net Zero 2050,ROW,Utilities,0.6222848786093874,17.081877657964302,14.269547631612364,12.638463704506789,11.505493819693891
Net Zero 2050,ROW,FTSE,-0.8008855586439257,-11.944582706221931,-10.107216520088755,-9.048218679192082,-8.29003904909961
