region,sector,0%,10%,20%,30%,40%,50%,60%,70%,80%,90%,100%
GBR,A01,0.0,0.7223699523543466,1.4762489583931357,2.2657522011549247,3.096169996881528,3.97446263945067,4.910028594217158,5.91593809425357,7.010994059149897,8.223340914411246,9.597154182646701
GBR,A02,0.0,0.008858078615921632,0.024082390257183495,0.0475342718526103,0.0817385193023534,0.1301872805920053,0.19781955254204656,0.29180270327628866,0.42285560072491296,0.6075924722678937,0.8729101014629261
GBR,A03,0.0,0.1798237040058945,0.37532342513756484,0.5906085197631772,0.831015621761159,1.1036228588199737,1.4180497293266874,1.7877447543476759,2.232142728725984,2.7804535541530537,3.478707143256072
GBR,B05,0.0,2.4060701377199303,4.821485625911072,7.24861481403891,9.690709990175995,12.152312525141355,14.639889460152355,17.162866513944415,19.73536933171494,22.379295304954542,25.13004232680017
GBR,B06,0.0,0.14529212099589645,0.3028058150786785,0.47470275488231856,0.6638662339185467,0.8742230518876022,1.1112466281598206,1.3827691446406303,1.7003433139025532,2.0816320558709775,2.5548415255660273
GBR,B07,0.0,0.0,0.0,0.0,0.0,0.0,0.0,0.0,0.0,0.0,0.0
GBR,B08,0.0,0.9958452234973473,2.0125099445110632,3.052920117507207,4.120943128721919,5.221806962552665,6.362759209674509,7.554138840766687,8.811189778243172,10.15727790039284,11.629933486137041
GBR,B09,0.0,0.14236990816438772,0.29577696686612154,0.4631179015900033,0.6483720106667424,0.857110505549729,1.0973024745873405,1.3806314853828363,1.7247288096150841,2.1571363060353415,2.7227374422094983
GBR,C10T12,0.0,0.044210917691303725,0.1185699654627746,0.228272719474557,0.3799930656050605,0.5825051186712737,0.8476516154481195,1.1919043611629012,1.6389810462508794,2.2244459005022024,3.0042735190543994
GBR,C13T15,0.0,0.04800426317078681,0.10210310320231675,0.16445563752758277,0.2379727697345769,0.32665308280737887,0.4361100336106664,0.5744276416666815,0.753605037517784,0.9921118352653819,1.319672121802389
GBR,C16,0.0,0.03866419502305704,0.09010246731910014,0.1582793375373299,0.24860967337825618,0.3686188522294597,0.5289812311799704,0.745209183308475,1.0405103932481297,1.4508538277356458,2.03447947382219
GBR,C17_18,0.0,0.04603711957058653,0.11041028511921923,0.19721423927163126,0.3118364021109175,0.46150642423724375,0.6561471863246172,0.909737492733124,1.2425818365396752,1.6852731382895165,2.286018461330418
GBR,C19,0.0,0.17672371179742047,0.39524491932606454,0.6623133946366286,0.986451600407952,1.3786367550147562,1.853334667345064,2.4301209536695367,3.136327032530637,4.011569573475861,5.1159664279379164
GBR,C20,0.0,0.1132165578523066,0.24566739778474986,0.4026805634961968,0.5914418795928146,0.8218020079801562,1.1075287531004152,1.4683165612224318,1.9331411809511312,2.5461311857664892,3.377453128120489
GBR,C21,0.0,0.010153388319341997,0.02620046180420531,0.05010020665019994,0.08455124586996131,0.13332963584417754,0.20181766281707972,0.2978585601802324,0.4331913472846535,0.6259715233239486,0.9054521354184905
GBR,C22,0.0,0.05967460039129019,0.13455485488060825,0.22934862451923144,0.35046610141649326,0.506769717067008,0.7107388616778926,0.9803393847447738,1.342143458526045,1.8367848191851457,2.5290560984511345
GBR,C23,0.0,0.3463272476048749,0.7151864113264691,1.1104345314238333,1.5372633619450145,2.0028026164546753,2.5170678375695172,3.0945002376773685,3.7565681927628893,4.536372862942845,5.487279158180606
GBR,C24A,0.0,0.4815474443782617,0.9904039384042173,1.532318976550508,2.1149678645705206,2.748785344590006,3.4482578105128816,4.233993557852092,5.1361713286435355,6.200559530993216,7.49963879520751
GBR,C24B,0.0,0.11940993748425865,0.26042373268862923,0.42882086067528946,0.6322461523265447,0.8809760946940995,1.1890886167409658,1.5763080567010812,2.071029913660987,2.715516449898122,3.5753455810849344
GBR,C25,0.0,0.04957215958701795,0.11163802277689165,0.18985947024026475,0.28923011617596683,0.4166688319246853,0.5819434481347643,0.7991555993089551,1.0892209849333419,1.4842080106910576,2.0353678779049607
GBR,C26,0.0,0.014871887189358408,0.035163251031315325,0.06302195720233186,0.10148656522725469,0.15491458409195738,0.22966087024665613,0.3351861416936532,0.48593616637433,0.7046715436765507,1.02869654920406
GBR,C27,0.0,0.02987521091854218,0.06967388561945587,0.12295154216785745,0.19464004633004423,0.2916809769593645,0.42401651888730274,0.6061888904410032,0.8600196787360096,1.2193036772987527,1.7384959961306339
GBR,C28,0.0,0.02627786620731803,0.062211149860934525,0.11146644751727974,0.17909194912651036,0.27213815050732104,0.4006228596162245,0.5790795104598832,0.8291362925018617,1.1840111369988806,1.6967926554635206
GBR,C29,0.0,0.012300699058823741,0.03667678461222942,0.07744176361115909,0.1405648994926721,0.23443623972044966,0.37106554579345874,0.5680207433077963,0.8516803886899879,1.2629402959280136,1.8677905394335916
GBR,C301,0.0,0.02259934843730534,0.05246884269208178,0.092226612875284,0.1455898456024445,0.21790894657913734,0.31701148982036986,0.454575424061162,0.648443622973296,0.926695889765498,1.3352028422178328
GBR,C302T309,0.0,0.008559467107112138,0.025692413800749665,0.05446532705436489,0.09917806460006011,0.16594027783968052,0.2635740660120534,0.4050710969868269,0.6100316957609234,0.9089310849406099,1.3509968076657837
GBR,C31T33,0.0,0.018077398287140542,0.044527264933279166,0.08232724364941436,0.13563335864232728,0.21032627446569982,0.31486693922990283,0.4616792489495836,0.6694687713175737,0.9672893065228819,1.4020779930632123
GBR,D,0.0,0.16462102545662388,0.36805108143547327,0.620625866024655,0.9362590265497586,1.3340601256641782,1.8408907172008608,2.4955461762610534,3.3558833045142094,4.511574481775111,6.108313417058018
GBR,E,0.0,0.24910849809644148,0.5131179757088679,0.7944598456697405,1.096357620523623,1.4231937378719492,1.7810923177918072,2.1788759534504143,2.629698400798627,3.153961774988301,3.784828674623878
GBR,F,0.0,0.018880314166694452,0.047374950711489686,0.08832405506792937,0.145647271651608,0.22486348282408528,0.3339197958911325,0.48455643761663586,0.6946395497696869,0.9923305367811558,1.4239556318095319
GBR,G,0.0,0.019049910569751305,0.043390466670828826,0.0746235704662959,0.11496705764255682,0.16754748227571267,0.23686540076140247,0.32955904860627355,0.45570630385309296,0.6311474764953122,0.8818651144084813
GBR,H49,0.0,0.22098871349842597,0.4534278074690855,0.7003519406250569,0.9657260651295643,1.2548410695088035,1.5749307151768894,1.9361667985331974,2.353329056185745,2.8487415662160376,3.4577371169645446
GBR,H50,0.0,0.7117288715747981,1.4431829593579502,2.197614748639288,2.97922362611359,3.7935555145449134,4.6481247821031095,5.553415303513744,6.524556474608772,7.584263135004791,8.768291616795318
GBR,H51,0.0,0.6003656366737317,1.2223740351141907,1.8711367173069438,2.553331062973562,3.2778468192627077,4.056784589318555,4.907050740408567,5.853007286283605,6.9310855878785205,8.198288723407014
GBR,H52,0.0,0.039459747941885344,0.0911337353986646,0.15735657412130477,0.24124040113096729,0.3470267810422331,0.4806418785945241,0.6506019108927192,0.8695482961766471,1.156973141010971,1.544336005484915
GBR,H53,0.0,0.0488076522345981,0.10369347880851502,0.16610824869189647,0.23802873117529252,0.32220743640661764,0.42257085806445976,0.5448755313043676,0.6978307249206653,0.895108616478868,1.1591468530311209
GBR,I,0.0,0.020822456026466412,0.04758448553671702,0.08284702562273848,0.1300081869603628,0.1936721054850145,0.2802298640491066,0.3988063988340821,0.5628668520916204,0.7930734404329151,1.1226646293379747
GBR,J58T60,0.0,0.0021967502414356236,0.0070486309501169,0.015811166103645326,0.030306515159593338,0.05321314870721437,0.08853222074204456,0.14236165389261646,0.22422822148296995,0.34948165406656406,0.5438328437113369
GBR,J61,0.0,0.0033879572925106932,0.00911624701872753,0.018310383481681854,0.03259937182167952,0.05437256590607822,0.08719274803161277,0.13648101363755274,0.21069421784382872,0.3234396496657247,0.49748226032028353
GBR,J62_63,0.0,0.0017762974806045215,0.005478001743678467,0.012039693995796083,0.022816713738425323,0.03980037270550482,0.06596451693771302,0.10584093790971084,0.16651005655916243,0.2593827367497057,0.40358131164160493
GBR,K,0.0,0.001079819195002546,0.003972514073147808,0.009427801269659421,0.018528006154635273,0.032858326624305746,0.054781422449608264,0.08789402659898275,0.1378142641398595,0.21359963501348614,0.330440778794927
GBR,L,0.0,0.0018738764436054766,0.00492042465660881,0.009638475293411226,0.01673356225172803,0.027221008578290514,0.042591701461160494,0.06508722807330432,0.09817381714650565,0.1473959129944863,0.22199938233944416
GBR,M,0.0,0.0034240031040254884,0.009340139497053482,0.018711907571936928,0.03291828055611118,0.05396091576514936,0.08479568463244418,0.1298797496305835,0.1961079706115213,0.2944878013865061,0.4433009537676587
GBR,N,0.0,0.009454125411340874,0.02308622127740856,0.04215416173773741,0.06841880366201253,0.1043853331735987,0.15368677283882992,0.22171312380794575,0.3166829536311763,0.45155242921140654,0.6476077752384135
GBR,O,0.0,0.013260625776413903,0.03096220195477005,0.054580228837427115,0.08619590826547122,0.1287902352666372,0.18671223369316897,0.26644815980977915,0.3779327543957333,0.5368860342105545,0.7692102339275971
GBR,P,0.0,0.008568520969693648,0.019715319074761088,0.03434283606270733,0.05370619928946825,0.079580651631024,0.11452763864087699,0.16233162122450231,0.2287449919282722,0.3228175108393855,0.4594039579501273
GBR,Q,0.0,0.012688201194314982,0.02926295366902997,0.05106325234874604,0.07997093103179476,0.11867133094343764,0.17106701532513996,0.2429555553733977,0.3431823771318393,0.4856918762324084,0.6933829283217795
GBR,R,0.0,0.01115679418018986,0.025890450607474993,0.04560868033928857,0.07228636111313816,0.10873861819692861,0.15905594706339288,0.22932030826756977,0.3288293053966291,0.47228624223151183,0.6839411618671842
GBR,S,0.0,0.010024986952001677,0.022981702158031983,0.03988367192918852,0.0621444689749068,0.09176875247104008,0.13165608138648477,0.1860999881574612,0.2616396724169072,0.3685812248455364,0.5238697714674223
GBR,T,0.0,0.02516269,0.05032538,0.07548806999999999,0.10065076,0.12581345,0.15097613999999998,0.17613882999999997,0.20130152,0.22646421,0.2516269
EU27,A01,0.0,0.548461962379859,1.1210238129924488,1.722379452873183,2.358585882310727,3.0376077350830792,3.770148106267706,4.57095885010402,5.4609886547473545,6.471070469358045,7.648614701272568
EU27,A02,0.0,0.05784171679639156,0.12705263650142049,0.2103841002842393,0.31150875897123376,0.4354180835350527,0.5890376651506575,0.7822104234228385,1.0293275069293675,1.352156876705828,1.7850227353600132
EU27,A03,0.0,0.264728877839434,0.5436378637305688,0.8407877664762509,1.1613973316578035,1.5123022088344353,1.9026558155330633,2.345035926818163,2.8572613593479663,3.4655158160103965,4.210029558731934
EU27,B05,0.0,1.2852784255365373,2.579985554408168,3.8857463362148863,5.204694946354799,6.539685097020302,7.894612642945134,9.274926795053707,10.688471727043112,12.146936655394839,13.668496665041696
EU27,B06,0.0,0.32305833841183396,0.6607532217775121,1.0157749291389118,1.391601222419393,1.7928156706204696,2.2255954887430645,2.6984844725802635,3.223666183321441,3.8191601932177432,4.512828480965057
EU27,B07,0.0,0.2569378434353063,0.5292133751710446,0.8200839102352324,1.133798100695636,1.4759989543486938,1.8543406537512888,2.279464084872175,2.7666001462332277,3.3383282541879398,4.029593726570814
EU27,B08,0.0,0.14846363397511841,0.3152420788577412,0.5041908949314348,0.7203356093722074,0.9703480233404982,1.2632762069223253,1.6117008446202903,2.0336390060519762,2.5558255576537463,3.219692683682127
EU27,B09,0.0,0.2995214208020576,0.6080488157307422,0.9277002535140226,1.261322557745395,1.6128088418004771,1.987590606575005,2.393424970275754,2.8417020344127444,3.3497154813257435,3.944827667603394
EU27,C10T12,0.0,0.045812140341124546,0.12699082027749117,0.2498680020093663,0.422603423682253,0.6559193017473032,0.9642232918940905,1.3673824654545659,1.8936359560790677,2.5846014635245194,3.5043722911801467
EU27,C13T15,0.0,0.03198282805065351,0.0776831425763276,0.14136213542525883,0.22879095858770546,0.34791084265142186,0.5098574146546699,0.7306029699821389,1.0336928397110323,1.4550192809058573,2.0516289145881164
EU27,C16,0.0,0.02187392132390162,0.05644565862279302,0.10766515292030053,0.18089655982478617,0.28353792441594095,0.4259799241168168,0.6231363455440077,0.8969791735964784,1.2809278335244652,1.8278710913070921
EU27,C17_18,0.0,0.08050864025865474,0.17980190697056478,0.3028327685426249,0.4562073720215395,0.6488875051254726,0.8932728690669092,1.2069229633684948,1.6154020625154673,2.1571966801187012,2.8926947729816184
EU27,C19,0.0,0.17858577987115304,0.4037267331293273,0.6824560090903584,1.023482238209991,1.4377955197967485,1.9395764941081448,2.547608130804071,3.2875589909309078,4.195858432028722,5.326669875160832
EU27,C20,0.0,0.136642721980722,0.29813619111572914,0.4908784873788903,0.7232262164212059,1.0062730613933861,1.3550324430448017,1.7902944389310518,2.3416569703165133,3.0527088137647196,3.9904061391104735
EU27,C21,0.0,0.011871089969678828,0.03160129724608894,0.06167444477445849,0.10544655254577885,0.16752008202806015,0.25432002247154956,0.37500925230046245,0.5429984830349595,0.7785513009744193,1.1135314803726726
EU27,C22,0.0,0.022324396412443888,0.0638932199059103,0.13030201334742877,0.22903890707135008,0.370270876979029,0.5680447256848256,0.842181473327338,1.221380238410336,1.7485407749666022,2.490412008064504
EU27,C23,0.0,0.4659837421772923,0.9625816262642201,1.4952551525609175,2.0710729178666947,2.699359253302642,3.392685776766011,4.168438038015298,5.051388350290846,6.078119763625005,7.305069129183404
EU27,C24A,0.0,0.29474375132367775,0.6323979459876357,1.0218654207339577,1.4746461756293245,2.0058551619516787,2.6357626918760677,3.392202928200643,4.314486625401226,5.460055214223057,6.916445425665037
EU27,C24B,0.0,0.07898285672278665,0.18986942760033815,0.3413408995920944,0.5448778085708224,0.8158924359828462,1.1754444399168351,1.652922570244187,2.2903947712448725,3.1499869565692435,4.327104507636668
EU27,C25,0.0,0.021531462621123012,0.06467380357637005,0.13584817215530953,0.2436135089518492,0.3995500687679681,0.6196051547820106,0.9262080073548902,1.3517190663374943,1.944312339108168,2.7785713377322803
EU27,C26,0.0,0.009467844856014564,0.027636458364388248,0.05811130490369907,0.10601396684880628,0.1787169951380529,0.28700753038128585,0.44698603732228764,0.6832768768040482,1.0346948942618526,1.564787038471073
EU27,C27,0.0,0.01126925178266251,0.0357974529965059,0.07879648479514965,0.14751211295783534,0.25214581064512764,0.407285730850632,0.6341960409992311,0.9646135401782125,1.4473236197887447,2.160176086351506
EU27,C28,0.0,0.01368727122081417,0.04051250126618477,0.08538179518827999,0.1550463282079826,0.2589176352490727,0.4103257354051011,0.6285204817946062,0.9419724049982278,1.3940598574886216,2.053408244191858
EU27,C29,0.0,0.010478079425561598,0.03237197446635059,0.07052016063967474,0.1317417537365927,0.2257610440623811,0.366650918837057,0.5751535713238227,0.8825450319007883,1.337350430269394,2.0176425283168458
EU27,C301,0.0,0.010441383036550888,0.03418987957705407,0.07674308265873563,0.14581058358425114,0.2523331108036217,0.41206876087709343,0.6481360030128923,0.9952372800300795,1.5069810925030043,2.2692652253620533
EU27,C302T309,0.0,0.008562910718756792,0.028571566395559408,0.06474324519070188,0.12370744843274828,0.2148922218297622,0.3519049088715098,0.5547470530555004,0.8534940257797293,1.294673522989674,1.9529190140031651
EU27,C31T33,0.0,0.01158611464483512,0.03331029610461783,0.06886312966441664,0.12332704402781682,0.2037969597682594,0.32034182222983965,0.48754068136815065,0.7270277286972626,1.0718983353261584,1.574759199560334
EU27,D,0.0,0.4597499893098267,0.9632115730550873,1.5172339649643098,2.130391407815859,2.8136313528879695,3.5812575267305067,4.452473532936847,5.453906125300473,6.623930403172432,8.020519770978986
EU27,E,0.0,0.28593107433574316,0.595704568403152,0.9337318685312797,1.3057349051976008,1.7192868234604828,2.184643954826308,2.716068578490943,3.334013789387197,4.068899582231273,4.968007349572415
EU27,F,0.0,0.022641239972690276,0.05962241646096414,0.11511891890156867,0.19479410048018342,0.30645649262128755,0.4610778315081724,0.6744192334132022,0.9697251817590606,1.3823863622133732,1.9684553849245894
EU27,G,0.0,0.019940174480597574,0.04715484931737464,0.08364974736550343,0.13213463565260572,0.19633441999644652,0.28147317165482455,0.3950513215012572,0.5481406294132469,0.7576393453922676,1.0504167526344237
EU27,H49,0.0,0.16139639564015873,0.33583285926041445,0.526891066290336,0.7392219349427748,0.9789776799050788,1.2544742782154854,1.5772415229225998,1.963753195803114,2.438412074606632,3.0389951566433315
EU27,H50,0.0,0.3672198599728012,0.7570811410970663,1.1746115746271242,1.6263093548079173,2.1207271464070034,2.6693616987005173,3.2880545298316575,3.9992843782528595,4.836096265196675,5.849223516261676
EU27,H51,0.0,0.5397944134278788,1.0983268653285334,1.6812743606172822,2.2959553170182305,2.951981912531728,3.662257332464072,4.444551900208811,5.324092901537238,6.338021195816909,7.543501903480626
EU27,H52,0.0,0.032632275048053765,0.0761515704917224,0.13339753278105443,0.20819012893385533,0.30575541553132596,0.4333853721721676,0.601493618630964,0.825368915839657,1.1282204729996228,1.5467615904341137
EU27,H53,0.0,0.04160497731677865,0.09238531297989518,0.15476563619676229,0.23201545510953214,0.3286199739199842,0.45085630819861877,0.6077179440551665,0.8124544997340102,1.0852532743991623,1.458169276643618
EU27,I,0.0,0.01793866793399982,0.04876641496946997,0.09614481653103155,0.16478452418523407,0.26087095271172694,0.392717779230494,0.5718039292075668,0.8144837945691067,1.14493965983169,1.6005683000234232
EU27,J58T60,0.0,0.004656474705633475,0.014053876252944637,0.029979713363636414,0.05492410578758946,0.09240550092897741,0.14748122419504098,0.2275726788661449,0.3438483189583031,0.5136443267509614,0.7649327491281251
EU27,J61,0.0,0.005893302804617468,0.017233187820827084,0.03598292785621576,0.06488705473123056,0.10784381286104902,0.17049379774944357,0.26117878419432683,0.3925602597814514,0.5844710493205809,0.8692097763302188
EU27,J62_63,0.0,0.003208508499091829,0.009676364174572617,0.02079660934610577,0.03854510323497098,0.0657610240336917,0.10658996401791378,0.16720509227403088,0.2570232009924665,0.39084452728186436,0.5928202058864992
EU27,K,0.0,0.003834800250375813,0.010664852591093208,0.021689062436566382,0.0386138692658831,0.06390221971258254,0.10116927505919723,0.15583030518583643,0.23619945585658378,0.3554336004831842,0.5351540918936809
EU27,L,0.0,0.0025984439262096066,0.008200752201753583,0.017780143362056078,0.03267100159314712,0.054735014095261866,0.08662154378948748,0.1321882933172047,0.19720580135607538,0.2905892753009756,0.42666926493391943
EU27,M,0.0,0.006733218048159056,0.017649707920420716,0.03428207182721584,0.05877211100287016,0.09415670679591134,0.14481731381970503,0.217208485739094,0.3210817883266869,0.47163247624183974,0.6934685497816336
EU27,N,0.0,0.01505006334846791,0.03534113829232803,0.06253574293183801,0.09892097253093776,0.147691948112123,0.2133947731409373,0.3026405930540168,0.4252995551021991,0.5965865149839312,0.8409044953681636
EU27,O,0.0,0.01339472915425666,0.031818208795423006,0.05668039136166769,0.08988364021874991,0.13404142271193656,0.1928191111224037,0.2714819806778202,0.37780943237648906,0.5236888020995201,0.7280470837104557
EU27,P,0.0,0.010489455305331378,0.02450781407433763,0.04293318827043358,0.06693583442300874,0.09810482411123156,0.1386447487642983,0.19169111038121156,0.2618353050152002,0.356038320848339,0.485309496935065
EU27,Q,0.0,0.011471707713982517,0.028299736368065993,0.052009822391945834,0.08465565661644694,0.1290491123265064,0.18911728997265306,0.2704741048151861,0.3813701298471686,0.534342930232197,0.7492443639842089
EU27,R,0.0,0.013244180396729654,0.03419314768380528,0.06504243198858124,0.10874636021151393,0.1693525011959132,0.2525226202529117,0.3663703909911307,0.5228596111090601,0.740243865044325,1.0475593542356891
EU27,S,0.0,0.019729867994387754,0.04660651282055969,0.08256260908104993,0.13018735902206088,0.19301142940198512,0.2759490941668226,0.3860066449404962,0.533460827268733,0.7339087941959999,1.0120332934472807
EU27,T,0.0,0.00357665,0.0071533,0.010729949999999999,0.0143066,0.017883249999999996,0.021459899999999997,0.025036549999999998,0.0286132,0.03218985,0.03576649999999999
ZAF,A01,0.0,1.115344605139577,2.323682258619171,3.6420827320562745,5.091827569604214,6.699789442737737,8.500406243861166,10.538586913737905,12.87413692544013,15.588787549262154,18.797968879202635
ZAF,A02,0.0,0.22782249243818256,0.5376878877897068,0.9478287905774201,1.4812857239510953,2.1675097884744736,3.044655730802213,4.162953496370653,5.589832308803332,7.418033998792375,9.779143441033577
ZAF,A03,0.0,0.2385688198000747,0.5156758636568537,0.8391354626634805,1.2186243220910145,1.6662753185710841,2.1975264434809003,2.832370922337441,3.597264866560315,4.528168466847957,5.675667342439271
ZAF,B05,0.0,2.135962876845862,4.368952790346805,6.711327527756389,9.178176463928073,11.788188448308645,14.564894888586414,17.538504331325942,20.748709332839717,24.24917473958976,28.115121616634557
ZAF,B06,0.0,0.10291903796771525,0.3116618277410023,0.6391953995199122,1.1013799582502528,1.7178971358408193,2.5135813543517203,3.5203871045345254,4.780402071309584,6.350669559329273,8.311342797233683
ZAF,B07,0.0,0.2034058573879612,0.48175613085822533,0.848759383666033,1.3213095779971793,1.9204801206336275,2.6729346613768126,3.612987749910026,4.785721230206639,6.251903729422565,8.096187032825108
ZAF,B08,0.0,0.2904824726556209,0.6846640106661793,1.197815272643174,1.848569870923947,2.6599724961871645,3.6609727266265026,4.888618246629872,6.3913923372714025,8.234520692436337,10.508886422162627
ZAF,B09,0.0,0.23119788498821317,0.5182982017350649,0.8732489654488043,1.3110307011504438,1.8506507030015225,2.5165685109423896,3.340800185108048,4.366136210178306,5.651280703041806,7.279518386182561
ZAF,C10T12,0.0,0.09190618787172339,0.27402811392037263,0.5639430309838254,0.9836438110685082,1.5609912878719618,2.3317903700490508,3.3428404091074038,4.656568729132769,6.358365003628366,8.568811973826175
ZAF,C13T15,0.0,0.0600265054494778,0.1638155551978152,0.322120426491966,0.5488002130162325,0.8620034257947291,1.2859432051428876,1.8536486930654152,2.611399755515827,3.6262221166095814,4.999315434888344
ZAF,C16,0.0,0.1394398445252538,0.3444903293613725,0.6299346402010243,1.0145374340961288,1.522401116500611,2.1849153127661376,3.043636556122133,4.1546856532460295,5.5957445967035415,7.477784986436202
ZAF,C17_18,0.0,0.11472918852232061,0.303945753306894,0.5814410588905169,0.9643571808629259,1.4742992278260063,2.138942528627391,2.9944258219629636,4.089046283007253,5.48922312607436,7.289669876131108
ZAF,C19,0.0,0.9704417387042965,2.0458344088734406,3.2437047760720157,4.585399123343776,6.097242655539798,7.812184489799151,9.77220311092296,12.031954047416882,14.664553150738872,17.77127031945271
ZAF,C20,0.0,0.5218497553197797,1.1427603281570742,1.8791260136583439,2.751251336437957,3.7846228148328995,5.011740393050502,6.474837491227328,8.230073528067875,10.354295573408171,12.956575643495652
ZAF,C21,0.0,0.2927008138223373,0.6445023144763737,1.0664785978183968,1.5724958701049163,2.1801564049975046,2.9121661349410943,3.798376712333336,4.878947507976596,6.209464370777784,7.869698362525542
ZAF,C22,0.0,1.1256733895861872,2.338506404666261,3.652733145394264,5.086211295855693,6.6616734130390975,8.408551719123947,10.365723004568936,12.5857942314451,15.142104564294401,18.14082920036636
ZAF,C23,0.0,1.40108949268004,2.922583534141427,4.582183048032746,6.4014566189142625,8.407045237119865,10.632380681586714,13.120210939909377,15.926447869776858,19.1262942141091,22.82455458211299
ZAF,C24A,0.0,0.626469929803079,1.3503556348611736,2.193333899536014,3.1826025887909384,4.352648777388793,5.7477569870910905,7.425667444835724,9.463094998473466,11.964411321092996,15.076047567005585
ZAF,C24B,0.0,0.9396433600680013,1.9455048453738826,3.0375997080655504,4.241018019106875,5.587536915870964,7.117906939995638,8.885186210110751,10.95977055257248,13.437307817215475,16.451828948687083
ZAF,C25,0.0,0.0920363501672198,0.25761100742563386,0.5119181693481215,0.8743819268550784,1.3701230178042085,2.0320787224138965,2.9041562615033616,4.046090716536544,5.541259651355738,7.509956928148241
ZAF,C26,0.0,0.047008957290978294,0.1441422909944626,0.30200047812347075,0.5344436825051148,0.8599274931928661,1.3035436352829897,1.9002391694990157,2.7000903295921344,3.7773428088359076,5.246790400615713
ZAF,C27,0.0,0.06835480009501761,0.18586475368454755,0.36413856992874016,0.6183246702534083,0.9684934370267702,1.4417089833081542,2.0752312731371414,2.921650713577151,4.05749779898327,5.598500226035949
ZAF,C28,0.0,0.07144340662031634,0.19428420842938743,0.38038456493180667,0.6451054523363965,1.008594837243799,1.49768189356848,2.1487466442955467,3.0122266582041792,4.1600140296448975,5.698283312304806
ZAF,C29,0.0,0.0686315818547761,0.19845623846491542,0.4035095831782886,0.7020017979711911,1.1179010684703532,1.68328431026855,2.4419330013446374,3.455034947536184,4.810630849170941,6.640142474850733
ZAF,C301,0.0,0.09998438152643378,0.26281010752258294,0.5031671451464474,0.8401996843615607,1.2991951786657898,1.9140870728561739,2.7312752373527602,3.8156707827607903,5.260689153494962,7.205697613793498
ZAF,C302T309,0.0,0.062315092572172624,0.1619999134188447,0.3069078129738434,0.5071496200237643,0.7759228105181969,1.1307316177484914,1.5952367173808535,2.202161936056967,2.9980674970154446,4.0516303336241055
ZAF,C31T33,0.0,0.326378169625994,0.6927278229753994,1.1076651159476698,1.5821718302518302,2.130439046884333,2.7711028059726224,3.5291094659550812,4.438636252581846,5.54787270743012,6.92729676640486
ZAF,D,0.0,7.4384638003182015,15.13453672292911,23.108372499388103,31.383490283419803,39.98773624194519,48.95464534807778,58.32543023780188,68.15199479721251,78.5017098960367,89.4654159182863
ZAF,E,0.0,1.8787039049832477,3.8802230714686012,6.018478812284311,8.3105144961122,10.777486979929657,13.446078013248403,16.350561203833777,19.53593473095319,23.062874943107982,27.015999513841415
ZAF,F,0.0,1.2065659170030856,2.4823215953508595,3.8406465176682696,5.298335512938502,6.8767496452162,8.60347983769872,10.514824252144306,12.65961227728176,15.105372851971213,17.948847647467066
ZAF,G,0.0,0.11141222050393529,0.26456242693377763,0.46649895355755644,0.7259641760493193,1.0539527153161348,1.464515650408984,1.9759540710582995,2.612654894347462,3.408040886559685,4.409577628500945
ZAF,H49,0.0,0.5686207035795603,1.195485068515453,1.891568276338128,2.6703703599138167,3.548699822327651,4.547789315910763,5.694932407980816,7.025973024821955,8.589262888351957,10.452309850355332
ZAF,H50,0.0,5.154036477357093,10.336458513761137,15.552690529813065,20.80955318727741,26.11573448546344,31.482474625951305,36.92459357386028,42.462092076800225,48.12276302138618,53.946698445383504
ZAF,H51,0.0,0.6800256716418961,1.4432525963253202,2.3076616571288313,3.2955056692577345,4.434623984267393,5.760306479330469,7.318016043784072,9.167509817668222,11.389358073756835,14.09583905117599
ZAF,H52,0.0,0.08430453819482946,0.22445489451416814,0.4319397897850932,0.7211599773108945,1.1103897877104976,1.623159270709875,2.290300579406156,3.1530879593257657,4.26827151497353,5.716601312717053
ZAF,H53,0.0,0.25023777718340956,0.5522853705593268,0.9164624957421661,1.3556531234564846,1.8861310651209675,2.528738492131555,3.310618069981052,4.267850172695,5.4496461585385045,6.925388872092045
ZAF,I,0.0,0.14942306742741554,0.3699685087087422,0.6762224611473289,1.0862721719635364,1.622846168756388,2.3149431113855434,3.2002237153929745,4.3286423473108995,5.768192914183586,7.614486685537543
ZAF,J58T60,0.0,0.03677664709322862,0.09068977445567342,0.16599044796973078,0.2680446632542213,0.4037075337873676,0.5818624440031734,0.8142205983034273,1.116548672631325,1.5106360847817821,2.0276211987275117
ZAF,J61,0.0,0.03025286105365194,0.08159873959134971,0.15836971912574307,0.2660119741976426,0.41147169055713306,0.603759034512036,0.8547979491432011,1.1807543629299209,1.6042065551736866,2.157892656711715
ZAF,J62_63,0.0,0.02275571424172357,0.053938399551805724,0.09549392814769064,0.14987377963102275,0.22020805242908117,0.31055697857226394,0.4262877374325365,0.5746597452859787,0.7657747109347652,1.014205711475137
ZAF,K,0.0,0.020827551553944324,0.04343436097388387,0.06816515074108967,0.09545045830084319,0.12583490265323205,0.16001779000342994,0.1989131557093426,0.2437416940540926,0.29617766427543757,0.35859659033606694
ZAF,L,0.0,0.05053975468833151,0.12499160316192398,0.22642641838465996,0.3586067137536515,0.5262096643999413,0.7351467937035064,0.9930357257069317,1.3099211445476884,1.6994250380780456,2.180683598619205
ZAF,M,0.0,0.04660766397417977,0.11232981004944086,0.20158568529752532,0.319954333916884,0.47456677303669054,0.6746724059850819,0.9324812891011018,1.2644614165328092,1.6934249626112805,2.2520696755289427
ZAF,N,0.0,0.05467346146854834,0.13178574616380137,0.23637066181791486,0.37473469438316137,0.5548787582866358,0.7871056897036188,1.084921461873292,1.466420459711127,1.9565095775352461,2.590679046870664
ZAF,O,0.0,0.057722808813739555,0.17985477620567047,0.37692899268795704,0.6619464154556062,1.0511754510118294,1.5652990940265517,2.231109541732949,3.0841014222286205,4.172615789392028,5.564831766146653
ZAF,P,0.0,0.0896210965900236,0.2589811898038065,0.5190168163807164,0.883034140865574,1.3674596778456642,1.9929144550364222,2.785796424234968,3.780694851497467,5.024236231777382,6.58155047497974
ZAF,Q,0.0,0.11238407516434695,0.30061504991045107,0.5764005032272507,0.9541698324983015,1.451973252659011,2.0927810048994266,2.9064183795334464,3.932554025459547,5.225523957225636,6.862561407523636
ZAF,R,0.0,0.012675101083730241,0.031146522574099673,0.05651362628706032,0.0901548410171993,0.13381879535765753,0.18975419751491118,0.26089992646641,0.3511723679181802,0.46591745212085495,0.612658814103799
ZAF,S,0.0,0.025694360551652813,0.0589755273540599,0.10111049675290307,0.15367515133064527,0.21865829931091807,0.2986124892108425,0.39687927794738664,0.5179380550489299,0.667970555930438,0.855826168754229
ZAF,T,0.0,0.0,0.0,0.0,0.0,0.0,0.0,0.0,0.0,0.0,0.0
RUS,A01,0.0,0.6730242257101465,1.3970791866779553,2.1821268618089236,3.0408243945624354,3.98948988029568,5.049519646072331,6.249531285669361,7.628723193889179,9.242380182410395,11.171414077672537
RUS,A02,0.0,0.20145707974185795,0.44356162151998785,0.73565427718614,1.0898550186394134,1.5221118672137408,2.0537548317067036,2.71386783341532,3.543041515845601,4.599579309910955,5.97034817457762
RUS,A03,0.0,0.27413036653329514,0.5786622520359219,0.9211724982682443,1.311416442456457,1.7621476351550611,2.290341041518563,2.9190778602248426,3.6805638844104296,4.62119599827013,5.81058025793121
RUS,B05,0.0,2.279990717427655,4.598382507189826,6.9623660131238,9.381242667101452,11.867286845343875,14.437077244785742,17.113628767624757,19.929955255611475,22.935335677244044,26.207043579957094
RUS,B06,0.0,0.4041944801344873,0.8157480899617734,1.2364419169830043,1.6687047140897187,2.115925012396272,2.5829544119346624,3.0769486071871297,3.608832715539271,4.195984531752382,4.867454208695918
RUS,B07,0.0,0.12360056664726886,0.2628737420774394,0.42063138588825394,0.6004596738740887,0.8070220322131894,1.04652221663437,1.3274383871872781,1.6617377379342646,2.066992166274077,2.5703015830523053
RUS,B08,0.0,0.12517428386362864,0.26172176873212316,0.4118313584332983,0.5783688068947479,0.7651704895533507,0.9775057760598732,1.222832047015924,1.5120817927554913,1.8619719159541155,2.2994120781518883
RUS,B09,0.0,0.06650018002343774,0.16797164269811402,0.3172606228661785,0.532715654897376,0.8410415056296494,1.2819667579228051,1.9161438644044733,2.8390722830723325,4.206855942533829,6.2867628694547495
RUS,C10T12,0.0,0.07606059615511648,0.2247770532169859,0.4612722255419438,0.8048597836783794,1.2805563098954225,1.9212994972563617,2.7712991336998187,3.8912820107064547,5.367067519182818,7.324382213807046
RUS,C13T15,0.0,0.06263371605197957,0.1761146906051509,0.35217395030400966,0.6058235209041601,0.9565643765311884,1.430182793359045,2.061511180425963,2.898841857242739,4.011329699469164,5.502165426930961
RUS,C16,0.0,0.25335826709971904,0.5636983400972543,0.944407763742599,1.4127545557839443,1.9913218567838231,2.7101240137980493,3.609821826723427,4.746786369828091,6.201434632130455,8.092736438140696
RUS,C17_18,0.0,0.1561971221878101,0.3927228184497942,0.7270284767716872,1.1811564708877615,1.7833328488906588,2.570295936127272,3.590811006478631,4.911182562578284,6.624315498836893,8.86551020872242
RUS,C19,0.0,0.4633491633345867,1.0152541691303747,1.6703827968995975,2.447352505073818,3.3702963525480114,4.471279144196169,5.794168653558793,7.4011178934242015,9.384003186766272,11.885927383818622
RUS,C20,0.0,1.1604628017321446,2.422370997916327,3.8032026020706877,5.324785701992128,7.014801961593823,8.908994206342268,11.054516503151175,13.51522309966207,16.380430586120305,19.780329298139492
RUS,C21,0.0,0.04380817065173426,0.11945159862211596,0.23541256452596998,0.4026697686513119,0.6356209393627253,0.9534450975924197,1.3821763225788675,1.9579790018342196,2.732559685024111,3.782629614077048
RUS,C22,0.0,0.11937841210554326,0.3308833088419438,0.6537898187682388,1.1124784536435701,1.7382327902740833,2.571878172899187,3.6677802182452486,5.100140443557349,6.97338401980418,9.440330082325326
RUS,C23,0.0,1.1303146220578584,2.3780184850059687,3.7627300811754223,5.308928567233573,7.047644689864035,9.018951828546037,11.275760857464764,13.889838128870945,16.96182708599612,20.63898043741557
RUS,C24A,0.0,0.955078271921919,2.0572339285336785,3.3360759563650975,4.829122608866547,6.584579978317369,8.665395578011994,11.155349371114971,14.168539105523264,17.86481649821762,22.476343110484688
RUS,C24B,0.0,0.5343723201780283,1.1529859449376472,1.8728287867755027,2.7154368066795853,3.7084985983592595,4.888200433967249,6.302757310385419,8.017925000074683,10.125995299892645,12.761320738232726
RUS,C25,0.0,0.09460891432297476,0.2764249205392428,0.5678905981593854,0.9979458397179539,1.6043788613777148,2.4372649963667676,3.56414255360594,5.078077873444715,7.110782236990724,9.855132796766544
RUS,C26,0.0,0.028276755346203483,0.08866003227272311,0.1907546750295841,0.3472973541414855,0.5754247496428727,0.89859407468934,1.3495834287840687,1.9753563375933976,2.8453117218208495,4.066076045429588
RUS,C27,0.0,0.07632281469292002,0.21030480355499526,0.4181864163555842,0.7211873145360457,1.1473949746097356,1.734564912273636,2.5343976512246473,3.619309330707368,5.093631634121473,7.113189198832163
RUS,C28,0.0,0.08063297083590039,0.21939670403990502,0.43330683368040396,0.7446103120825355,1.1827496557071009,1.7872610072642559,2.6121754538874566,3.732941430093591,5.257792359121378,7.347457296225684
RUS,C29,0.0,0.047244778829622934,0.1421281401836233,0.30097120255608345,0.5456442019798984,0.9057911533184628,1.422158151934456,2.151716566686257,3.175825152191321,4.613796628962338,6.646682757470971
RUS,C301,0.0,0.053598076911670005,0.13752756711402245,0.2633740229196406,0.4471622604004015,0.7113031410281462,1.0875631919466182,1.6217168712247285,2.3810734399968765,3.467147614157711,5.038084499730576
RUS,C302T309,0.0,0.05906793357779822,0.14790832139361004,0.27714341120661085,0.4612945288975291,0.7204436887751505,1.0827517808209512,1.588379489179181,2.2957950230389734,3.2923385441855904,4.712838517870783
RUS,C31T33,0.0,0.05912884600158074,0.15902390318769163,0.31122151149062116,0.5308510935569664,0.8380141443996254,1.2598338420658246,1.8335926457890486,2.611709424008045,3.6699874432221495,5.122053861910487
RUS,D,0.0,3.048033342933185,6.327457833542378,9.86851377089977,13.707812052326648,17.890377922385724,22.472638470043474,27.526951344168925,33.14877365171208,39.46861948352798,46.67332687537158
RUS,E,0.0,2.264099211827969,4.681186437021369,7.272442473086362,10.063886275525682,13.087981098916778,16.38596990599093,20.01138069435014,24.035492263157394,28.556263809688236,33.71379940777508
RUS,F,0.0,0.09917815846779354,0.24553398918833713,0.4517124564164564,0.7341392777359066,1.1144279390273828,1.621456749765047,2.294528178437999,3.188351619690524,4.3812606272630585,5.989547032788293
RUS,G,0.0,0.055365884358749756,0.14088846559158524,0.2630064030713017,0.42995185569773,0.6524047922886255,0.944459223186082,1.3250949373392302,1.8205043380114787,2.4679430934489934,3.322477234386608
RUS,H49,0.0,0.4961758008130034,1.030163365945368,1.609959122141063,2.2457676589200983,2.950819633703339,3.7425898207324746,4.644670853068102,5.689769811250974,6.92473294330776,8.419482390888113
RUS,H50,0.0,2.2151348200560177,4.456459279049226,6.732509734670512,9.054531190175265,11.437566844424856,13.902103506978744,16.47663364371098,19.201793730240812,22.137355096749147,25.374712964448115
RUS,H51,0.0,1.1177418681021947,2.271086285230937,3.4719793229731954,4.73606715869304,6.084162480755547,7.5444548322064,9.15594830063194,10.974012797700178,13.079769554727052,15.596894409565104
RUS,H52,0.0,0.07622759680892847,0.19071936102754738,0.3523120472244955,0.5724171733304932,0.8659807525230172,1.2529052708970019,1.7602222428505738,2.425536668410448,3.3027417673667188,4.4720557712556905
RUS,H53,0.0,0.10415761663709502,0.23546108674566993,0.39921690247167924,0.6022229093257584,0.8533164584600705,1.1641863042602132,1.5506137456931064,2.0344434070085335,2.6468614971682776,3.4341749314499723
RUS,I,0.0,0.025931122249781408,0.09220301767906129,0.20946654175882012,0.3912377889739584,0.6549193427396498,1.023296413651393,1.5267946973886446,2.2070118886346415,3.1224899260047922,4.358687397786573
RUS,J58T60,0.0,0.023747012883343802,0.070873478182808,0.14834348141896456,0.2652409834441471,0.4335587406287279,0.6693632975104552,0.9945684476730826,1.4397360299130066,2.048703601310054,2.8866763526522985
RUS,J61,0.0,0.027854855658027616,0.08254361613715916,0.17092261427314712,0.3018809918962519,0.4871078013856611,0.7422327674299892,1.08857598906281,1.5559331589228196,2.18721494939435,3.0466247879615405
RUS,J62_63,0.0,0.006530642233753375,0.024114312819849056,0.05632223627739889,0.10789317253512708,0.18519301165141192,0.2969022367429181,0.4550756386578206,0.676836161907732,0.987205368149832,1.4241034689297574
RUS,K,0.0,0.012285311044735358,0.033243974186224,0.06521713066699779,0.11124495831318029,0.1753273160328044,0.26280919365828276,0.3809682776692628,0.5399440014078238,0.7542741019245726,1.0455833568580402
RUS,L,0.0,0.010647445887984093,0.03561090682654158,0.07811018793926366,0.14227650319266189,0.2334840008596066,0.3588374327969421,0.5279115125557076,0.7539135480717604,1.0555957310775894,1.4605833876955467
RUS,M,0.0,0.026526388510145976,0.0709270996407391,0.13812060595162523,0.23452506777204676,0.36862327317779603,0.5517994808042147,0.799617078793962,1.1338417934427187,1.5857925060648643,2.2022120845571034
RUS,N,0.0,0.06875773248701526,0.1513398231463517,0.25130147061528096,0.3732503830413303,0.523240349231453,0.7093545967589485,0.9425973895223675,1.238308024924048,1.6185072272337866,2.1160178635366704
RUS,O,0.0,0.04036968564705141,0.10913803375734014,0.2121280630078718,0.3567512555718013,0.5525832420235535,0.8122132295877348,1.1525367280248464,1.5967974669324574,2.1779629519601835,2.9446317267419597
RUS,P,0.0,0.025367163386315405,0.07487149579630183,0.15279136535740925,0.26446384876829554,0.41664776627995287,0.6180548045263732,0.88015188785674,1.2184209353251734,1.6544320647754192,2.219461771250122
RUS,Q,0.0,0.02600695503892607,0.07253352076852985,0.14451855647600426,0.2483055305561169,0.39215595404292075,0.587006878387422,0.8476233739365377,1.1944180859396034,1.656457355166399,2.2767177531387754
RUS,R,0.0,0.036121780188657346,0.1017422337083482,0.20321833407698203,0.34858413804097893,0.5481401382241352,0.8153175986381017,1.1679865789384871,1.6305115244122486,2.237134412829605,3.037873832806167
RUS,S,0.0,0.04250513633795188,0.12202108648263639,0.24618271232525932,0.4246641349924341,0.6699075912458685,0.998197469322302,1.4312938393899501,1.9990130342099688,2.743497777237562,3.726703448690774
RUS,T,0.0,0.0,0.0,0.0,0.0,0.0,0.0,0.0,0.0,0.0,0.0
CHN,A01,0.0,0.20737181395437285,0.440294252770155,0.7048317587655667,1.009020006518099,1.3637051527308934,1.7838415844386033,2.29056579897422,2.914641360825252,3.7024519584005398,4.727029817380267
CHN,A02,0.0,0.03671534252474618,0.08766271012545601,0.15682286273931112,0.24955179608006645,0.3731764932677951,0.537917171592318,0.7583622075118486,1.0559193158998583,1.4630808569092637,2.0312737402747985
CHN,A03,0.0,0.014604600111457538,0.042653587832348905,0.08885643238955926,0.15960704227020642,0.26372312174340895,0.41359748475720876,0.6270515319883381,0.9304380706057965,1.3640833202970377,1.9923868447990767
CHN,B05,0.0,1.076890694264312,2.2361052559898518,3.4907473839745364,4.85749030273065,6.357978516115738,8.020965095014562,9.885683525307948,12.007384142931851,14.466867415578536,17.387873152079123
CHN,B06,0.0,0.12617721589443842,0.30629105042156507,0.5493231355624834,0.8667584576622793,1.2735764886856245,1.7897641349518594,2.4427051745674064,3.271107443796401,4.331770910095171,5.711941754954824
CHN,B07,0.0,0.10680883338067367,0.289974875263513,0.5632621275116527,0.9441850292294625,1.4554638934393016,2.1272396485263325,3.0005616545893625,4.133105390095696,5.609003629223458,7.556755479234519
CHN,B08,0.0,0.16148214417664322,0.40307149479326304,0.7387863638345775,1.1864082425525053,1.7689340788353447,2.5167858002704024,3.4712905793538313,4.690389225940946,6.258459671424527,8.304231460762349
CHN,B09,0.0,0.05485307074915844,0.14549077439662525,0.281965135720804,0.477691479407745,0.7508731750291577,1.1266968963106418,1.6408280599329514,2.3451964829704277,3.3180276869897782,4.682247110586837
CHN,C10T12,0.0,0.02327405602440586,0.07776896898613984,0.17154005483953086,0.31533700967811384,0.5237692200074551,0.8171132225160169,1.2242094322533394,1.787286817541963,2.5703768925645196,3.6748318551760013
CHN,C13T15,0.0,0.014044434073227932,0.04884297595024309,0.11252108263093366,0.21666621988655713,0.3781010566668833,0.6217672577523361,0.9855739169257187,1.5288728475252844,2.347976118630641,3.606205535862337
CHN,C16,0.0,0.02559284531565788,0.08209485487405307,0.17871242270716972,0.3277957221529335,0.5461834197839247,0.8572757817886091,1.2943363437513684,1.9059565044407658,2.7655274476615883,3.9886102442021545
CHN,C17_18,0.0,0.11338836410888346,0.2811695485990954,0.5179798672860714,0.8432553600191658,1.2832571274485938,1.8741945781072789,2.6672049725341047,3.7366106399356407,5.1942697531630575,7.215983991737042
CHN,C19,0.0,0.21689740881059466,0.490807975062563,0.8335683367704622,1.2599787655854615,1.7889000606887036,2.4449090595440612,3.260886120494197,4.282227893739229,5.574047024288976,7.234219143999845
CHN,C20,0.0,0.30028893602687234,0.6707756057298586,1.1285510379581654,1.6959803077147246,2.4028197425100926,3.289441891959549,4.411915462870404,5.850330225270362,7.723101015639087,10.21300174882515
CHN,C21,0.0,0.017008779002711628,0.05769929657098883,0.13110963602634498,0.24982357022188376,0.4316147185758401,0.702024109865139,1.0985287127785273,1.6775367919385715,2.5266620286109522,3.7874701219883273
CHN,C22,0.0,0.07565159911298874,0.2101033455241035,0.41975926128785473,0.7264192279660991,1.1595192074354241,1.7595610047525598,2.583539797568641,3.7138763009285154,5.27382422558783,7.455615638111654
CHN,C23,0.0,0.9543603327410619,2.0106180407510887,3.18685506720172,4.505914421986522,5.997195578443495,7.699371887505883,9.664650514072648,11.965730355253847,14.707733496190178,18.04990308417166
CHN,C24A,0.0,0.8122622452700388,1.7468516976066222,2.8283064592616554,4.087819627314713,5.565705545665056,7.315094128465832,9.407656846423082,11.942846450882547,15.06354257091532,18.984142615207766
CHN,C24B,0.0,0.08666885959108714,0.22754939435335758,0.439088037906232,0.743002530401509,1.168388557214668,1.75490771318815,2.557770696085542,3.655832476291612,5.165367385201476,7.264880363550172
CHN,C25,0.0,0.048050418093370566,0.17592082123948127,0.4056097652260714,0.766052354904402,1.2958519135182724,2.0473989571353983,3.0932888573572916,4.536718624916457,6.529140499102626,9.302012859935534
CHN,C26,0.0,0.019932824996578197,0.06356319689536452,0.14115219477923727,0.26748866471692184,0.4641856882801711,0.7633657967964904,1.2137540602009553,1.8911158701144286,2.916917671113069,4.493484543893855
CHN,C27,0.0,0.02495391479752634,0.08606042566486306,0.19748092621578467,0.37894350159865003,0.6582728244967008,1.0753235098471476,1.6882871337726786,2.5841848605760878,3.8971189556855745,5.841809068875789
CHN,C28,0.0,0.03061649724405449,0.10486166659389119,0.2385202933281233,0.4531702857389292,0.7786944145192259,1.2571417218532073,1.948852934627618,2.942548172279994,4.372710290543604,6.451256749978492
CHN,C29,0.0,0.017864101046662566,0.06565692551477638,0.1561390932192501,0.30741428089002376,0.5454886654106045,0.9083018053671134,1.4522672622930364,2.2632716396156596,3.4759910193095807,5.309681091038254
CHN,C301,0.0,0.023480372007902452,0.08787551983489753,0.20995732103149917,0.41330644156984503,0.7314869506574687,1.2130064785689603,1.9293018548851368,2.9880658182587028,4.556479693360875,6.903961421500291
CHN,C302T309,0.0,0.023837241666762935,0.09145136269280556,0.2189361495677094,0.4285307197936361,0.7513779966063573,1.2318003857127224,1.934133833904483,2.9540596771864847,4.438249748482481,6.62034405630804
CHN,C31T33,0.0,0.26341276322980267,0.5625965595983763,0.9096653733143701,1.3211551435904567,1.8199783462471704,2.4384621075705284,3.223228299037775,4.243343383018185,5.604578864748884,7.475824053243382
CHN,D,0.0,3.2498655350097163,6.68859181578071,10.338079174356228,14.224892069658427,18.38189473143883,22.850713131159225,27.685577718111134,32.95957861020919,38.77536322560799,45.28454745461469
CHN,E,0.0,1.295068348812904,2.6921498521794467,4.206461717653494,5.857127254383995,7.66866439558761,9.673247491205773,11.914265991568959,14.452156178260239,17.374429962661964,20.813955382378232
CHN,F,0.0,0.05879115260002648,0.18244824873882715,0.3883196353176093,0.6992439226968039,1.1457760162248964,1.7695813215368603,2.62878621504224,3.806750479310651,5.42714383280661,7.681386619532043
CHN,G,0.0,0.020971961203699492,0.0629633433721086,0.1308326144312442,0.23101801095397434,0.3722184688508952,0.5664515233114067,0.8307522733192994,1.1900100302357477,1.6819289448275216,2.3662046796268372
CHN,H49,0.0,0.2029611418772169,0.4406565952754464,0.721358991116779,1.0558412897021907,1.4583699873655485,1.9482247930550325,2.5521051992352612,3.308097483565162,4.272532179060643,5.53253872053177
CHN,H50,0.0,0.31119755911646346,0.6514953249698967,1.028525320162294,1.4525151179533788,1.937369165941797,2.502327814711665,3.1745979860762192,3.993689577790023,5.01890281477319,6.343006420131882
CHN,H51,0.0,0.3150307742210537,0.6570607978718476,1.0358858165178204,1.4645073702082405,1.9603949259821407,2.5474097846999872,3.258840440210684,4.142387998022301,5.268754674424258,6.747318262117609
CHN,H52,0.0,0.06999890388725327,0.17669977114512145,0.32867046797926486,0.5372099518108431,0.8174822216907842,1.1902597017387422,1.6846956931986858,2.342911397969188,3.2279510698086273,4.438388240862946
CHN,H53,0.0,0.05241799978788251,0.13053640523340426,0.24126283602362752,0.3938174646911017,0.6007117437584667,0.8792589329252599,1.2539861008090414,1.7606423833925675,2.4531833646908883,3.4166598040322302
CHN,I,0.0,0.020153444817016006,0.06347699165361402,0.13731305355964546,0.2514117480370488,0.4189717331804572,0.6582579817141397,0.9952005050566735,1.4677334111310174,2.133381589118917,3.0832899493529466
CHN,J58T60,0.0,0.01743481420976384,0.05683855181772117,0.12521524977648293,0.23201768079075774,0.39022332011393784,0.6180099888538878,0.9414526459111366,1.3990347489431634,2.0495516696324025,2.9867559205458747
CHN,J61,0.0,0.014741044533690245,0.04594425280277379,0.09766878315007141,0.1753634756601557,0.28650356053358905,0.44159714913496295,0.6558285096268661,0.9518441373772647,1.3646929594772392,1.951076199672854
CHN,J62_63,0.0,0.013394432933346207,0.045324283773881674,0.10169053767283666,0.19058540095827348,0.3233049953695858,0.5159461317435604,0.7920060974591959,1.1867779720847313,1.7551232105347685,2.5859894649921484
CHN,K,0.0,0.011204373289496654,0.03184368582668087,0.06464762857843184,0.11329498751164203,0.18283128818057923,0.2803199290135998,0.415891455996882,0.6045012888455525,0.8690134521879725,1.245922649458253
CHN,L,0.0,0.011943594454661983,0.03743547766063589,0.07914310720570096,0.1405238184530365,0.22614811603292542,0.34219688232672624,0.49725247991579263,0.7036085253862675,0.9795433386001166,1.3534984800578607
CHN,M,0.0,0.03741086992554182,0.09812769622357773,0.18963780855651285,0.3221670757414675,0.5099103720998729,0.7729547266472003,1.1403842464046576,1.6554884420212523,2.3849077845324094,3.4356128484300434
CHN,N,0.0,0.015112642253412693,0.04076449889362074,0.08011697215182526,0.13746889632650036,0.21875846061823537,0.33234516814696546,0.4902690480217241,0.7103587571425009,1.0199282342178482,1.4626342111505612
CHN,O,0.0,0.021162417080027477,0.06518756726929949,0.13689288800238977,0.24261998520301958,0.390885338059761,0.5933915926255507,0.866653134997762,1.2347141228425367,1.7339110898777026,2.4217052174758207
CHN,P,0.0,0.020449429450203938,0.06395333452736579,0.13450061874166605,0.23722117782749974,0.37885266857106414,0.5684610448440773,0.8185916593696629,1.1471832383242013,1.5809046171462948,2.1613141871747192
CHN,Q,0.0,0.014274140111696289,0.04907210008799854,0.1104407556899514,0.20674509267995278,0.3497560930579822,0.5563660979848162,0.851379318712093,1.2722224192743978,1.8772581573583254,2.761280166087683
CHN,R,0.0,0.013858662438453778,0.05191661820787763,0.11945598260764805,0.22339760367913317,0.3730019241526211,0.580961247419325,0.8651608725993314,1.2516335575673394,1.7797544090667174,2.5119090660323606
CHN,S,0.0,0.011825383517402822,0.03657155304179508,0.0774508942981139,0.13877575287332883,0.2264505906536624,0.3487441429034981,0.5175415181145918,0.7504546218096195,1.0745469624279407,1.5332857694570352
CHN,T,0.0,0.0,0.0,0.0,0.0,0.0,0.0,0.0,0.0,0.0,0.0
KOR,A01,0.0,0.415500286880499,0.855626866662601,1.3267504440559081,1.83728790042302,2.398556767393587,3.0260876550616684,3.7417061414666795,4.576962783104139,5.579045563594516,6.821547361719206
KOR,A02,0.0,0.037262610119900945,0.08806129130415542,0.15633901991279894,0.24733963936289144,0.36815357659187736,0.5285586096284071,0.7423579686091438,1.0295923901130437,1.4203658203434375,1.9618343510988536
KOR,A03,0.0,0.24407636937591692,0.5132903522794163,0.8159350851790363,1.1627215494011873,1.567741230562143,2.0499389938417925,2.6354428977104614,3.3613953652382187,4.282549798895839,5.483278892617101
KOR,B05,0.0,6.605898044623322,13.245499213678716,19.925105320948436,26.652942242576344,33.43996162553021,40.30107548460462,47.25711993619275,54.33809929180286,61.588792593202356,69.07898870369496
KOR,B06,0.0,4.914541719046181,9.858470502925151,14.837137034208803,19.85751975812714,24.928903908781763,30.063928191460676,35.28025147700897,40.603309523049255,46.07108516749696,51.742827180946364
KOR,B07,0.0,0.08964641331672653,0.21038493191419452,0.36899629437729187,0.5743076902038964,0.8380344826138426,1.1760745282343226,1.610564446822985,2.173273333416704,2.911463427245229,3.898582732137331
KOR,B08,0.0,0.23652538787982055,0.510680604542183,0.8299112719792185,1.2038424973206132,1.6451662586605087,2.1710039756983917,2.8050686142317005,3.5812296501010836,4.54966505451058,5.788080081310823
KOR,B09,0.0,0.5261725300659754,1.0661070250706883,1.6239921434028157,2.205442440194182,2.818118783061594,3.472690827459174,4.184378420926895,4.975514082895924,5.879996931576835,6.951465019727911
KOR,C10T12,0.0,0.0521013015223008,0.14827359886061317,0.29831420269717673,0.5151890213874979,0.8163756294474384,1.2259345971474458,1.7778081748994652,2.5212752463241817,3.530386346751555,4.921198085197717
KOR,C13T15,0.0,0.055014536555880365,0.133495616549682,0.2434772462958034,0.39617785619133516,0.607510266102725,0.900467519564515,1.3090123581636612,1.8846567148853979,2.708096157677319,3.910927273846449
KOR,C16,0.0,0.053934041667259264,0.1324803521056958,0.24315463959793693,0.3961384562347346,0.6054316805533215,0.8906290192869661,1.2797460525959004,1.81388534355713,2.5552921206868717,3.602039959798936
KOR,C17_18,0.0,0.13811119016610965,0.30835373200946314,0.518815199124906,0.7803060099130306,1.1075406680759763,1.5209675608978805,2.049694768846324,2.736346235977789,3.6454893611588504,4.879076679668801
KOR,C19,0.0,0.05907433285504037,0.1704476398176488,0.34178702772877645,0.5824972433851089,0.904327574717872,1.3222735889404562,1.8559630848233126,2.531872666355917,3.3870447922737523,4.475690305843965
KOR,C20,0.0,0.08685335737082929,0.20662975335257514,0.3696175850718307,0.5895134880084627,0.8848301903871301,1.2810480651019895,1.8140108907904275,2.535492847356594,3.5227494380886517,4.895836433410254
KOR,C21,0.0,0.006490666761446433,0.025646128610663732,0.06207072323266953,0.12213897238840629,0.2147942043533952,0.35278950809942194,0.5546764197303102,0.848110582792397,1.275593468796329,1.9049965253644559
KOR,C22,0.0,0.018245818610709168,0.06189608859319285,0.13987894361564385,0.2644579978855178,0.45268817059462074,0.7286580291646755,1.1270531472153322,1.6990325762620155,2.5223619330383613,3.7198664446635625
KOR,C23,0.0,0.849400211445725,1.760655493662055,2.7442044592110126,3.8134642060670054,4.9860333339511484,6.285535392469317,7.744538546482238,9.409361580594352,11.348355568608003,13.66698838282791
KOR,C24A,0.0,0.5449807022908738,1.159631265496882,1.8574224347214643,2.655588726087156,3.57658064804117,4.650261559919439,5.917342928349425,7.434968696368682,9.286222339783606,11.597244315455324
KOR,C24B,0.0,0.06765916882423895,0.17929807845944995,0.34678601391940034,0.5857849175617595,0.9172840286062094,1.3699290057429487,1.9836701707133881,2.815694404856479,3.9505127168824954,5.5180828169059915
KOR,C25,0.0,0.05446796661405105,0.15078164289064536,0.30047359732964785,0.5188234005745327,0.8263998922209184,1.2514152730163401,1.833435024532674,2.6294490350322803,3.724264983288901,5.24930646504616
KOR,C26,0.0,0.02413743472261018,0.059172620831451604,0.10983508305394682,0.18299598405384473,0.28876813518437966,0.4422738084395488,0.666569688586738,0.9976567688710282,1.4934271881933556,2.2504832863505433
KOR,C27,0.0,0.03082330565386101,0.08072010412230043,0.15759522111796342,0.2726609152517269,0.44202184876638556,0.6891717121264631,1.049044034963679,1.5748205101583292,2.3498717844235255,3.5098260463548385
KOR,C28,0.0,0.03605506113734095,0.0969605624411191,0.19160443733229407,0.33224796083402725,0.5360480492310461,0.8274244028871712,1.2418547126162058,1.8321841066898925,2.6795819188419476,3.9136125760385396
KOR,C29,0.0,0.008499980560381317,0.036642262136839125,0.09287292112096011,0.1892672462440893,0.34331072019492315,0.5807205436775267,0.9400472285234609,1.4804434298985492,2.2953406437234105,3.537801028189265
KOR,C301,0.0,0.031222717965804093,0.08978731604133112,0.18581501147525728,0.3333231795738244,0.5519976696232851,0.8699530069170118,1.328163984881286,1.9878422035756804,2.943259539720728,4.345259186960996
KOR,C302T309,0.0,0.054254062788997505,0.1345841961419926,0.24980319109620303,0.41205185504245856,0.6383041111772539,0.9527089229050902,1.3903471956026263,2.00348050236218,2.8724065351651555,4.125350266105415
KOR,C31T33,0.0,0.02465522558356036,0.06922606443505154,0.1409253010658563,0.24970011285217875,0.409460732517029,0.6399894784046426,0.9700002653870612,1.442225358058897,2.1222543062247192,3.1147451482485677
KOR,D,0.0,1.5280301696323273,3.139783657551271,4.845124274322266,6.656197455956711,8.588283570116353,10.661094696583563,12.900814039432905,15.343433018878008,18.040473091047357,21.069364714243648
KOR,E,0.0,0.614264473087636,1.2695894631741846,1.972896655536633,2.73315214146949,3.562220171099981,4.476181667441534,5.4974377177906915,6.658194983000078,8.006506643191894,9.617329424108107
KOR,F,0.0,0.013635183906448594,0.05565204151367027,0.1336900847986507,0.257998571179881,0.442574253762942,0.7069240322573356,1.078883057098447,1.599290442006294,2.330098805090928,3.369220746449585
KOR,G,0.0,0.0878692177517069,0.1918230068353578,0.31596397763013867,0.4658530277307145,0.6491667570447394,0.8767267699039802,1.1641626125362605,1.5346990971005596,2.024037757332221,2.689374466114222
KOR,H49,0.0,0.37035999150685767,0.7510131503137943,1.145430315237875,1.5580682653016602,1.9947598891568625,2.463311404154672,2.9744475153899694,3.5433664122791053,4.192418300637661,4.955982512072818
KOR,H50,0.0,0.027204309537666022,0.07814189341064827,0.16181061592967655,0.28980123586370876,0.4773200817984837,0.744747839219886,1.1200957625988335,1.6430291545947857,2.3717689116875733,3.3956089289782403
KOR,H51,0.0,0.16926697582961533,0.3495311356344041,0.5456719057135971,0.76397263287755,1.0126614253474975,1.3027332023092586,1.6492421694119,2.073415539020991,2.606275126985799,3.29520131858393
KOR,H52,0.0,0.02851817478320729,0.07696009443250325,0.15122831108165732,0.25928677564590674,0.4120517553641936,0.624771771386589,0.9192352028077164,1.3274380826103143,1.897957990421173,2.7076506600714656
KOR,H53,0.0,0.011689409942824086,0.03733617280945637,0.0812343246173286,0.14923702260645028,0.24944439490575238,0.39327356553630716,0.5971778007353046,0.8855148164587925,1.295551824986434,1.8866863611700184
KOR,I,0.0,0.08842120392721103,0.20539348764803422,0.35928313736645495,0.561068744196525,0.8254501599555729,1.1725649767793798,1.6307326996752742,2.2410108651010257,3.0651067942527,4.199884755574926
KOR,J58T60,0.0,0.009574252245833791,0.028374619374227042,0.05982706644581558,0.10871542331556516,0.18181852284950437,0.2889142909130111,0.4444118756734169,0.6701029441534385,1.0000055284134848,1.489355431812036
KOR,J61,0.0,0.011225696582466175,0.03448485558400611,0.07370894062542456,0.13443118932136006,0.2245806031385028,0.35575258765259565,0.545304394101696,0.8199350900328349,1.2220661030956204,1.821816512621635
KOR,J62_63,0.0,0.019634839487580803,0.045980440575474534,0.08158954657560943,0.130073434993979,0.19661226957272204,0.2887651916766369,0.41779611789045606,0.6009229408232981,0.8653007149623172,1.2554548918593897
KOR,K,0.0,0.012353722643493846,0.030145020661490426,0.05523849736144093,0.09024071792544969,0.13884897069684551,0.20640191051690587,0.3007765099505959,0.43390351622143547,0.6244418023931224,0.9027540743224554
KOR,L,0.0,0.027556704056953877,0.06346921063779368,0.1101609128214181,0.1709241234491404,0.2503148815938599,0.3547711712853056,0.493611707126097,0.6807098947495005,0.9374250406002279,1.2980162738968015
KOR,M,0.0,0.027250559862076036,0.06408682868255659,0.11380481206760219,0.18099820584375645,0.2721598019187502,0.39662725502597684,0.5681175508043386,0.8073094856057004,1.1463839417008201,1.6374417520297797
KOR,N,0.0,0.04058941986908574,0.08849303344364133,0.1461533600323782,0.21693410950325517,0.3055368429422137,0.4186532083041028,0.5660186224698894,0.7621785345286015,1.029582424811999,1.4043017067795598
KOR,O,0.0,0.024124779110336222,0.05738373243272559,0.10222017866678872,0.16192993278182352,0.24103778595900394,0.34588543746973827,0.48557944451474094,0.6735777519865594,0.9304653614988128,1.2890788256850017
KOR,P,0.0,0.051038294648907245,0.11566656100385478,0.19693364258981516,0.2989257316737599,0.42722071842670334,0.5895972172905488,0.7971771236502171,1.0663370305404625,1.4220512242004364,1.9040621078119824
KOR,Q,0.0,0.05210050985670621,0.11636208347042967,0.196396585591523,0.2971681886266747,0.4256056919795158,0.5915604705392769,0.8093526831590099,1.1003603342616368,1.497549030670927,2.0538324674535695
KOR,R,0.0,0.056569847670918744,0.1298326078005747,0.22426634653596172,0.34594205229085107,0.5032348529006714,0.7079372350833468,0.9770580903402911,1.3358406221162922,1.8230542126724765,2.5007857354674683
KOR,S,0.0,0.062088607992915115,0.1425628066333149,0.24687218301818825,0.3824993782042758,0.5598935148847146,0.7939372663617417,1.106325860453555,1.5295690010347032,2.1140239914799164,2.940932487399807
KOR,T,0.0,0.0,0.0,0.0,0.0,0.0,0.0,0.0,0.0,0.0,0.0
JPN,A01,0.0,0.11157535535759736,0.24553686855270604,0.40733217554845613,0.6040320020034888,0.844957603969578,1.1426246353193348,1.5142093344923395,1.9839139781477249,2.586960227518213,3.376714238747583
JPN,A02,0.0,0.09750011008172499,0.21380759585167308,0.3530528657988864,0.5205624185834608,0.7233230870147925,0.9706829656474963,1.275444199601891,1.655632210351434,2.137492148540621,2.7608504496761257
JPN,A03,0.0,0.3817048456769184,0.7767736765654126,1.1893467722937978,1.6248533127237885,2.0905335999441483,2.5962336800946657,3.1556532195789013,3.788379496407118,4.5233539828763165,5.405111503347061
JPN,B05,0.0,0.47195635074247033,0.9489611198245315,1.4319207046927642,1.9219896397441598,2.4206669615414707,2.9299420381739067,3.452522393952278,3.99220318245958,4.554493699412854,5.147739063951997
JPN,B06,0.0,0.27843144018287697,0.5932712340308448,0.9502460891205013,1.3565937518647893,1.8216428539057206,2.357689427379977,2.9813650551056154,3.7158541460821484,4.594651834708047,5.668289512827472
JPN,B07,0.0,0.008537620703361316,0.021664990982560486,0.04067694298826708,0.0672115447482546,0.10338146283200375,0.15197232146890946,0.2167520171743839,0.30297160865843087,0.4182138159177112,0.5739114458931883
JPN,B08,0.0,0.09035353322643778,0.2190892900888758,0.39357950826469923,0.6231306619288486,0.9197187473182218,1.2990995727763834,1.782540654122359,2.399627434377518,3.193020938540901,4.226980578677917
JPN,B09,0.0,0.013284776362844575,0.04263230475808759,0.09204255943985361,0.16677308344698383,0.27385272939131966,0.42286461720278173,0.6271771079732099,0.9059514718468442,1.2875634914143366,1.8157568430095372
JPN,C10T12,0.0,0.03227303379837326,0.08834619922054025,0.17378494369421812,0.29583005236552096,0.46404979565865223,0.6913217527223416,0.9953587582276072,1.4011713197230957,1.94522425701102,2.6828499553792144
JPN,C13T15,0.0,0.14069593507662517,0.30439099457840946,0.4964911092554312,0.7241240438787673,0.9968579205859646,1.3278076461670065,1.73539636493461,2.2462715695812334,2.900363095043447,3.7601667820150406
JPN,C16,0.0,0.01839061652816916,0.054100732286134184,0.11130864822736716,0.1954812014941612,0.3138812109242055,0.4763330251280624,0.6964145531301149,0.9933840081394777,1.395436945706852,1.9455222074324434
JPN,C17_18,0.0,0.16153201661183025,0.35501568959278135,0.5868834631415618,0.8653624766408216,1.2011540439622985,1.6084541924543696,2.1065372189838585,2.7223088630205234,3.494615588940949,4.481934576124033
JPN,C19,0.0,0.22638788857186695,0.505819812482688,0.8447577544347789,1.2510957042426845,1.7346522415203933,2.307899130493127,2.987075855345049,3.793963343883692,4.758843437906482,5.925729399580688
JPN,C20,0.0,0.19133096365483662,0.41550859683940095,0.6802825128440869,0.9955662765395905,1.3742440287542683,1.8333772630894858,2.396070278003869,3.0944669860036447,3.974791891520582,5.106318237725687
JPN,C21,0.0,0.007509683784287518,0.026439302521346752,0.06057234531279111,0.11499710272862669,0.19664853278518762,0.3151333454965295,0.48402590304498594,0.7229797377757772,1.0613233319613076,1.544523712681052
JPN,C22,0.0,0.01813451528867505,0.06028642487843881,0.13299680851677165,0.24490932413088923,0.40760522961446766,0.6368626091283823,0.9546163349841004,1.392125327964018,1.9953270342968263,2.834403688095706
JPN,C23,0.0,0.8517832690067881,1.7424720186660532,2.6777873930100924,3.664966496669818,4.713335112609062,5.835169557116273,7.04703654011829,8.371957167481245,9.843064684971447,11.510138753634534
JPN,C24A,0.0,0.36283631821068224,0.7823194300014636,1.2710806589188661,1.8455403104622008,2.5273978084357362,3.3458778084789134,4.341221047071327,5.570308734186058,7.116123564459569,9.104524219798751
JPN,C24B,0.0,0.03547588998991044,0.10290219396141183,0.211521945465211,0.3735718142747724,0.6054762117214592,0.9296439501145547,1.3772542354513444,1.9927348026448934,2.841280066449077,4.022169557417743
JPN,C25,0.0,0.0278454345973252,0.09029651299318704,0.19595521728413795,0.35612038973448423,0.5858659301669329,0.9056690260622592,1.343944804286349,1.9411360218919955,2.7566019245945586,3.880849647286691
JPN,C26,0.0,0.01081443089779421,0.038447748895245173,0.08781829877604237,0.16565692101293283,0.2813381982239178,0.4481845154305216,0.685576017258525,1.0224907595094186,1.5037082445605296,2.201272357308078
JPN,C27,0.0,0.008985733735563887,0.034646215773336646,0.08290344852868528,0.16187559963990086,0.28285199693457785,0.4618028798918696,0.7217893086204566,1.0969507798662192,1.6393950302254434,2.431750348515266
JPN,C28,0.0,0.015885533087161355,0.049969794798949106,0.1081054198323895,0.19821816886306529,0.33119617706295834,0.5222533395329927,0.7930833997503127,1.1753867044628967,1.7168973195788746,2.492239844023413
JPN,C29,0.0,0.011773299389022303,0.041137910308377,0.09479766378923594,0.18216897133206458,0.3166610323200445,0.5176831533982588,0.8138837796697508,1.2485582078038076,1.889056215451197,2.843999113747574
JPN,C301,0.0,0.021854574726502506,0.07776051762224777,0.1771255143681867,0.3324494394559048,0.5605960516565053,0.8847253065644496,1.337319595618701,1.9650956547670142,2.8373268005074155,4.060704600273686
JPN,C302T309,0.0,0.015179104038541447,0.05106717163262477,0.11438938109498084,0.2143531926235506,0.3637572055115034,0.5807078777799195,0.8913561276527692,1.334413588759917,1.968924287281668,2.8883455632879413
JPN,C31T33,0.0,0.022438786667030267,0.059192367459293585,0.11518175111560913,0.19709779658172072,0.31416323726865064,0.47930277441082214,0.710995381567795,1.0363144485529832,1.4961392099972044,2.1545774341271824
JPN,D,0.0,1.4203794208861915,2.91718510688978,4.498828183580725,6.175447857750682,7.9594938999792015,9.866589925006796,11.91685730748006,14.137028071539874,16.56398012416157,19.251000471674203
JPN,E,0.0,0.11506342908895431,0.25510639517984635,0.42394669791996026,0.6263586373213701,0.8684309964738623,1.1581065474343712,1.5060221570338304,1.926867969753078,2.4416887231455857,3.082001564678075
JPN,F,0.0,0.014659209654657886,0.05031478592865074,0.11213740402852554,0.2069458520676118,0.3438785116087094,0.5354128173873984,0.7989614314125393,1.159464059456297,1.653784128566554,2.338577594689651
JPN,G,0.0,0.009476947082636609,0.03120604344755298,0.06796916222767962,0.1233979472427516,0.20231946689022307,0.3112838338521569,0.45939549677173,0.6596726199998674,0.9313710347832191,1.3041783585374775
JPN,H49,0.0,0.5846214295868021,1.1832280911701438,1.798716418973428,2.434709041406392,3.0958293902051417,3.7881168588195013,4.519675184293936,5.301724246896397,6.150385057534917,7.089879733620904
JPN,H50,0.0,0.2789089139797437,0.5932811430117803,0.951544431629008,1.3644228851814122,1.8458096339940662,2.4140791727831368,3.094126042513065,3.920655409544345,4.943743164449325,6.238770332824476
JPN,H51,0.0,0.5865158330048903,1.1894456022174826,1.8153462605085169,2.4725208379334638,3.1716973199337146,3.927059237650008,4.757860846869012,5.691054697891099,6.765760538701388,8.041289086558875
JPN,H52,0.0,0.006303714974709278,0.02271295362242294,0.051621361265790026,0.0961559545480344,0.1604744093345876,0.2502176551119681,0.3732208897022371,0.5406726528166094,0.7690898652412645,1.0838702840543761
JPN,H53,0.0,0.008330223928494163,0.03201600218154557,0.07371280996206667,0.1368227210349031,0.22577890241626772,0.34647535154689535,0.5069376794149615,0.7184110912226336,0.9972074104370158,1.36801925853622
JPN,I,0.0,0.028483392740697198,0.08292880370922101,0.1687097476800224,0.29265556735755816,0.4636067694938733,0.6932523640424691,0.9974339688813854,1.3982554852100542,1.927654012521898,2.6337862713789475
JPN,J58T60,0.0,0.005963639463433447,0.022048718326237147,0.05145348618799312,0.09845682306321021,0.16886804250174586,0.27071441241482896,0.4153253873796862,0.6191066276810699,0.9065736040771553,1.3158264360666843
JPN,J61,0.0,0.0032185221588743756,0.013073097672692949,0.03192548411940612,0.0630184433770345,0.11087031547372087,0.1818872254637734,0.2853418463985473,0.4349946291870617,0.6518960924195292,0.9694904064665509
JPN,J62_63,0.0,0.002516808715117172,0.009852204928501411,0.023986561839231334,0.04764243388277371,0.08460966474661064,0.14024632744650797,0.2222743685271063,0.34208962703525986,0.5170142700858229,0.774381077856451
JPN,K,0.0,0.0030939781957062106,0.012105756009898088,0.02870845144381296,0.05514764821022465,0.0944850113552064,0.1509725529115567,0.23064565916335236,0.3422976360773042,0.49915278454110334,0.7218964574287633
JPN,L,0.0,0.0022887329278563472,0.006901463235656609,0.01459688274137049,0.02638721257986405,0.04364622911675298,0.06827516410009157,0.10296537715070161,0.15162950499994007,0.22014042259884187,0.31766665346760126
JPN,M,0.0,0.0049288278641756115,0.01820798683269128,0.042100984850890075,0.0796203717306075,0.1348418528513287,0.21338537947699823,0.3231752456054778,0.4756858471546857,0.6880751336034054,0.9870399135231421
JPN,N,0.0,0.008997676624148581,0.023688490324001034,0.0459674593426725,0.07842956870355466,0.12467716501794839,0.18979416620405087,0.28110011678192287,0.40939309925497375,0.5910890174078058,0.8521045131589227
JPN,O,0.0,0.006312701179777804,0.022472421129017397,0.05099522540983148,0.0951427050859821,0.15922347952588695,0.24905317265452262,0.37267871526035173,0.5415620352455185,0.7726022734999861,1.091782591654938
JPN,P,0.0,0.022624519779708585,0.05488615183501786,0.09838657158228907,0.15516666250729177,0.22787788769013553,0.3200422920972488,0.4364598709515639,0.5838713343883062,0.7720858978529704,1.0160081158652017
JPN,Q,0.0,0.010679420036719657,0.02852936669941441,0.05565651421384734,0.09486807678594798,0.14996417224283795,0.2261844689105177,0.33091198382880743,0.47482341598815214,0.6738537850165754,0.9527372385095566
JPN,R,0.0,0.0269701166181276,0.06892480952455765,0.12884190584809613,0.21054083326704767,0.31901675063017293,0.46094894520414526,0.6454995291764752,0.8856161733841945,1.2002542643979914,1.6183798365937707
JPN,S,0.0,0.03706389656712824,0.08684356614310404,0.15247697367658167,0.23808764234835422,0.34918756885056224,0.49329211732371603,0.680888560202857,0.9270194798685336,1.253989139953165,1.6962473125425128
JPN,T,0.0,0.0,0.0,0.0,0.0,0.0,0.0,0.0,0.0,0.0,0.0
IND,A01,0.0,0.9106853750465854,1.8511237219503354,2.825139666074367,3.8373320979622205,4.893308063373233,6.000015695442597,7.166232582136923,8.403308208883416,9.726342653065496,11.156161165657123
IND,A02,0.0,0.09061218185589723,0.18791143868080318,0.2928122272715571,0.4064360256061531,0.530178726102743,0.665807708159256,0.8156057357070222,0.9825916687320557,1.170873283876801,1.3862410084107313
IND,A03,0.0,0.029390220707184764,0.07342018428433704,0.13492204022896775,0.21732663843384892,0.3248524233386179,0.46277719591853467,0.6378410901630388,0.858865952253929,1.1377496106965266,1.4911501888672867
IND,B05,0.0,0.7986930918138867,1.6545784744146148,2.574167756237669,3.5654339329447295,4.6382969841161446,5.805326651418239,7.082789486452408,8.492263742763303,10.06323711842851,11.83751022350573
IND,B06,0.0,0.505951691199379,1.0415582869125533,1.6104281605583772,2.2170427176456697,2.8670522814582546,3.5677044974367482,4.328482468377253,5.162088087596095,6.086021241152456,7.125250142266937
IND,B07,0.0,0.20760688240586644,0.49460340735081476,0.8716406959631969,1.35175078608239,1.9511273357151784,2.690252541579416,3.5955716633816284,4.702068742723376,6.057398529648316,7.728870680497401
IND,B08,0.0,0.14283345607724887,0.35647209984128814,0.649405761348456,1.0320127254521954,1.5171804408095497,2.1212033175143206,2.8651202988821916,3.776779096510178,4.894161156487753,6.271029850028086
IND,B09,0.0,0.11396401118709777,0.24853312893739235,0.408176169045289,0.5985344535103345,0.8268240438356602,1.1024180425793333,1.4377134576024444,1.8494655496756323,2.360927268619652,3.00545886329333
IND,C10T12,0.0,0.06494917823160486,0.2566429780571816,0.5895556478427006,1.0809575683221424,1.7517356586581545,2.6275544079786166,3.740548460973065,5.131878704993779,6.855760869882128,8.986160232160024
IND,C13T15,0.0,0.08669546597587584,0.26225521366564336,0.5442327643959105,0.9545771708247802,1.5210886809841644,2.279512439668357,3.276638130300632,4.575050850353067,6.260728439588605,8.45585201896742
IND,C16,0.0,0.04049270943533751,0.10158795661496399,0.18635617639584293,0.29856462731220584,0.44290350181191185,0.6253112401794939,0.853456267894462,1.1374752692875172,1.4911527185257278,1.9339055382868557
IND,C17_18,0.0,0.11711050621879097,0.3289036105150051,0.6531021220530899,1.111721865603579,1.7324783526193526,2.5508094057152064,3.612869134322628,4.980116466876973,6.736651862110672,9.001584331708916
IND,C19,0.0,0.31195772350242296,0.6876083619010218,1.134420659817953,1.6614026030797364,2.2796054487564503,3.002858671106689,3.848876942452727,4.8409929834480465,6.010999422376141,7.404084615004916
IND,C20,0.0,0.24882179052278028,0.5998612960141338,1.0718958240743313,1.688150794269972,2.477756933475547,3.4778560472285065,4.736738768939806,6.31869435162782,8.311847506246098,10.84153976780344
IND,C21,0.0,0.12181019842321648,0.309516670718417,0.578743433124083,0.9492803220844062,1.446497328955624,2.103386647895894,2.9635971407852733,4.0861021608225085,5.552689944147647,7.480634747000075
IND,C22,0.0,0.7341884278245032,1.5709058869309585,2.530892056656077,3.6401853369623733,4.931897064643877,6.448773847382154,8.247009258289834,10.402118725992096,13.018394432132713,16.24496305445699
IND,C23,0.0,1.5778294492952025,3.2919723722988166,5.159865199624324,7.202586387841567,9.446000053270737,11.922397733819896,14.672926793414142,17.75131238489039,21.229813269560218,25.209275708227796
IND,C24A,0.0,0.9905403841200302,2.117706507948377,3.407030911178383,4.8904052724926945,6.6081829234063525,8.61219163566253,10.970168211700141,13.772498677004888,17.142872024626456,21.25596628846049
IND,C24B,0.0,0.043824793395547776,0.15295392836313124,0.34447417222182897,0.640062125970846,1.0675507063640877,1.6631923961909034,2.475022628605736,3.5680298209403007,5.03243756000403,6.99767534881318
IND,C25,0.0,0.08752730462690167,0.2817163848803833,0.6065402155444014,1.0924444519730145,1.7785439235650586,2.715777311136972,3.971559448628839,5.6368632642754894,7.837426765402043,10.752372412265604
IND,C26,0.0,0.057401897565580326,0.19115669968878937,0.4164405307232004,0.7529299793577451,1.226532901186913,1.871979687629633,2.7368242899295776,3.887852030868935,5.421804441816203,7.484329435944007
IND,C27,0.0,0.06803355210653048,0.20866589506474764,0.44129159643191923,0.7910581342648931,1.2909421976392954,1.9847766822140327,2.931787678063349,4.213625010894081,5.9457102584048,8.296512695693062
IND,C28,0.0,0.07166680221694598,0.225652562192585,0.48247278312133385,0.8684463522530158,1.4177310786151944,2.1752690642177464,3.2011645780254963,4.577404369865453,6.418589272292693,8.889941305208298
IND,C29,0.0,0.06506875347478244,0.1902841186066016,0.3945844558336963,0.7032406998159685,1.1503419689007277,1.782467079792784,2.664243408520102,3.8870168345800815,5.5828755054321535,7.9483979021339355
IND,C301,0.0,0.05858537046829171,0.16083874909592766,0.3197839033259731,0.5527283183203052,0.8829785948971671,1.3424158065607144,1.9754758627714315,2.8455185847435387,4.045457796824221,5.716454786525178
IND,C302T309,0.0,0.07077064522679384,0.21245408454545592,0.44484760033586995,0.7938463262908398,1.2937119401471917,1.9903948606571507,2.9465299498392987,4.249192313131003,6.022418743353229,8.44844115516891
IND,C31T33,0.0,0.6985667721230404,1.465577107604025,2.3165246722679664,3.2710955275909206,4.354608380637168,5.600096213170139,7.051400275953133,8.767925761899823,10.832257782349139,13.363000185693155
IND,D,0.0,6.427235004328901,12.981370073749899,19.671281681066176,26.507485004920795,33.50265724560331,40.6723962542417,48.03635482498563,55.62000006733114,63.45746618859983,71.59644126481115
IND,E,0.0,1.6702032712322556,3.498302125189365,5.501790107493345,7.701792846951537,10.1242311334185,12.801491767252301,15.774896560450818,19.09847531916967,22.84497154763538,27.115900483883138
IND,F,0.0,0.08217241243412592,0.2281890988915243,0.45388164896415767,0.7793064623853181,1.2301698368834744,1.8398757926051252,2.6525495473110188,3.7276487566451424,5.147281098354546,7.028408552010622
IND,G,0.0,0.2036605507010527,0.42726806891923697,0.6738344545790668,0.9471231626367909,1.251908536758022,1.5943532621824092,1.982573693391853,2.4275159474163597,2.944371046434247,3.554981723981057
IND,H49,0.0,0.2766781704428203,0.5993949371497238,0.9757790079848336,1.4152289530549702,1.92951097885692,2.5336294196662434,3.247131801623298,4.096134226953243,5.116599156871642,6.359923485897428
IND,H50,0.0,0.7262206151032168,1.486807802366235,2.288540788004682,3.1400673865834867,4.0526048288704555,5.04098645510526,6.125275105629202,7.33334484848553,8.705202621614493,10.300633685365872
IND,H51,0.0,1.2919640790954214,2.634421782215711,4.0400828484734435,5.524744193907562,7.108342985476493,8.816496421876609,10.68282326478661,12.752573834766439,15.088561659115921,17.781399025725676
IND,H52,0.0,0.11803302494576122,0.2836226409567239,0.5046053298892396,0.7908265679059778,1.154840408982157,1.61293150934682,2.186653158679457,2.90522506365906,3.8094351464394114,4.958335228742825
IND,H53,0.0,0.08617842263680309,0.21101012468767658,0.3822747521889814,0.6097552234091236,0.9059188649731786,1.286905104086338,1.7740000455558371,2.3959156868503775,3.1924643959031855,4.220800883481389
IND,I,0.0,0.14086004583894574,0.37511633940943867,0.7181127898606198,1.18798063391123,1.806443351140596,2.5999541101228223,3.601351586002693,4.852356856678494,6.407502594312994,8.34065136840008
IND,J58T60,0.0,0.08212664426188075,0.1978656960733407,0.35593918623715376,0.5674199333261726,0.8465351304655857,1.211829651925721,1.6878993012601275,2.3080637249344957,3.1186650498244193,4.186351823633507
IND,J61,0.0,0.08079460725988655,0.20726630370811508,0.38758119187794693,0.6320689138429112,0.954005309383695,1.3707647974048365,1.9055675041660523,2.5902219662624537,3.469616474831496,4.609469276185214
IND,J62_63,0.0,0.05217289511564707,0.11839059917314566,0.20201256020282296,0.3073416483374545,0.4399724168958637,0.6073063367619556,0.8193371075263663,1.0898907951949521,1.4386700799494863,1.8948076238885496
IND,K,0.0,0.04633612402228737,0.10952309922685514,0.19367477235054772,0.30409677766224547,0.44771882455630413,0.6337267128503216,0.8745121029866086,1.1871475251990324,1.5957709020838138,2.135638535715073
IND,L,0.0,0.043884214982398376,0.09880609856014111,0.1671921453283819,0.25216706987178,0.35779716346431834,0.48944133777203125,0.6542710987893807,0.8620656346078408,1.1264758752331674,1.4671348067573102
IND,M,0.0,0.22418619577713292,0.4762087246826331,0.7614748804381373,1.086824551375101,1.461026864819193,1.8955025183603893,2.405405039533622,3.0112959430317194,3.7418508813118616,4.638464960632504
IND,N,0.0,0.12196940834977395,0.27111190323360085,0.453032374023228,0.6748148366238946,0.9455362984688835,1.2770148064854283,1.684930146290272,2.1905613964201986,2.823595577138928,3.6269094301570055
IND,O,0.0,0.0502417007941456,0.12023269278217394,0.2130892193056426,0.3327123148342707,0.484055408533417,0.6735119152700354,0.9094926821542622,1.2033157905321599,1.5706351726498524,2.03385487528133
IND,P,0.0,0.05662603812614356,0.12982449818247258,0.22145375102306802,0.33378090699013807,0.469615157473732,0.6325000400827425,0.8269987861423578,1.0591326250807684,1.3370827383253874,1.6723743546805212
IND,Q,0.0,0.05857768425852937,0.15346862670211403,0.2905993902534881,0.4773964304655717,0.7232941942338855,1.0404693655109276,1.4449325862760165,1.9582080941634135,2.6100279251440197,3.4428844003237953
IND,R,0.0,0.1925837145358376,0.4462807319979374,0.7685798336864853,1.1686696644678056,1.6580020843557617,2.251106842551931,2.9668043064812006,3.830074075314431,4.875057337399284,6.150138590483982
IND,S,0.0,0.13515805111103482,0.3206246909873372,0.5630683391812309,0.870698903320243,1.2537801712141692,1.725371437654901,2.302432804322367,3.0075309634142386,3.871585639891499,4.9385306334206325
IND,T,0.0,0.0,0.0,0.0,0.0,0.0,0.0,0.0,0.0,0.0,0.0
AUS,A01,0.0,0.3760573210359545,0.7791519395619637,1.2141811598096124,1.6873425400296866,2.2066236932348966,2.7825425249811415,3.4293055523443314,4.166695564124408,5.023299341040828,6.042355660963461
AUS,A02,0.0,0.8746167507338816,1.7866380874727108,2.740146260646884,3.740207066756768,4.793247980427054,5.907635337279823,7.0945862205966295,8.369667933301841,9.755382850167123,11.285884796142694
AUS,A03,0.0,0.6176731736216863,1.2605301689712092,1.9331568124103138,2.641373598393213,3.392713084879881,4.197146977855335,5.068232394174132,6.024993096325206,7.095157233767741,8.32105804775103
AUS,B05,0.0,0.22091055618793112,0.4546560211331833,0.7031591747831833,0.9688699339160991,1.2549765081952677,1.565729378486039,1.9069554298252052,2.2869065478382025,2.717726980876586,3.218137344051602
AUS,B06,0.0,0.2073799839282753,0.4244717410483291,0.6527130297659733,0.8939421455945575,1.1505603132539157,1.425781547879105,1.7240302646457886,2.051599303304978,2.417790647053008,2.837006844978426
AUS,B07,0.0,0.2007136523618601,0.4212267463280068,0.6645177964405314,0.9343356618297108,1.235499324268706,1.5743559887519,1.9595054827932292,2.4029922156262375,2.922360805282222,3.544407663236509
AUS,B08,0.0,0.10370996184384199,0.22291885723821925,0.3599785843465928,0.517857701436993,0.7003838989303206,0.912615576574102,1.161431094712769,1.4565010754716663,1.8119697403499744,2.2495311460344114
AUS,B09,0.0,0.06898775218639097,0.14896936297128224,0.2423742617129183,0.35239769186861103,0.4833242095385736,0.6410277832086636,0.8337708018797291,1.0735308298120199,1.3783069846518967,1.7763580812102375
AUS,C10T12,0.0,0.030850983909489968,0.09882239932095227,0.21049918135458506,0.3742193896322086,0.6007338048971439,0.9042026089681222,1.3037549173113256,1.8260305191514696,2.509526999725741,3.412478585511755
AUS,C13T15,0.0,0.3182620569031742,0.6582212218556832,1.0245139742772085,1.4232559247206784,1.8626828784346354,2.3541536159832828,2.913773931405879,3.565135486603552,4.3441612835305286,5.308186930233349
AUS,C16,0.0,0.023288870356436116,0.08102417995714596,0.17879479266210294,0.3235743431161146,0.5242447247900159,0.7923924170656018,1.143562780215137,1.5993171425747732,2.190771046457736,2.965038752519082
AUS,C17_18,0.0,0.052520017756582195,0.13557345088394582,0.25522867398130894,0.4192424257975362,0.6377277880897063,0.9241763072588045,1.2970764133740245,1.7825801660158322,2.4191095662913753,3.2657790396906083
AUS,C19,0.0,0.2589475295755189,0.5578732230384372,0.9015953129938816,1.2960099462094485,1.748482092274105,2.2684351051361236,2.8682714774947797,3.5648703652040785,4.38214262301939,5.355648732434042
AUS,C20,0.0,0.4746617727387142,0.988272727405797,1.5476173505611261,2.161279578355044,2.8403282108869625,3.5993550337622304,4.458101858308902,5.444114622957499,6.5972833066606205,7.978066011935795
AUS,C21,0.0,0.07114698405739871,0.16030124532355905,0.2716137052882209,0.4105082627912556,0.5842048074893715,0.8025222010464232,1.0791528298105126,1.433766138685743,1.8956451179984422,2.5103360885449786
AUS,C22,0.0,0.040593486206005495,0.1109269613843432,0.21727966112171462,0.3677746281933288,0.5731096283792276,0.8476688472539706,1.211271247434221,1.692030535240097,2.331258340719538,3.1923632957846935
AUS,C23,0.0,0.38869424082588094,0.8123496506506206,1.2762884810802668,1.7871624258315886,2.3534586162231945,2.9862704748859996,3.70051365441752,4.516923010039119,5.465491945525049,6.591744231720596
AUS,C24A,0.0,0.12138431815913327,0.29210221404823267,0.5218341568968919,0.8227535863767907,1.2104348479578861,1.7052146180563044,2.3343054024957564,3.135212369047157,4.161529272946677,5.493357113587599
AUS,C24B,0.0,0.3870376547869247,0.8283433393228835,1.3342865419464633,1.9179634908158834,2.596201734955789,3.391068627257779,4.332216019321644,5.460674870292877,6.83529759901966,8.54434656972803
AUS,C25,0.0,0.019208583033156208,0.06654224209574625,0.14984544484595272,0.2793026561882187,0.46833506211042775,0.7349506325464245,1.1038461579764378,1.609812262351126,2.303515997794452,3.2619011343384665
AUS,C26,0.0,0.003614716379045618,0.014513506880842457,0.03572658123681106,0.07154805976081534,0.12816401316587275,0.21465789776977656,0.3446697320230813,0.5392338136470354,0.8318448696239443,1.2779899139269852
AUS,C27,0.0,0.008450988099702326,0.03456683298922534,0.08396808235109947,0.16425956117721605,0.2858989712902921,0.46354383177918695,0.7182079614420029,1.080846526507744,1.5985907245684563,2.3462027311179896
AUS,C28,0.0,0.02558198695154996,0.06848277170474391,0.13455931525778655,0.23164705866690444,0.37038585461572654,0.5654856148094977,0.8377297414406913,1.2172701753951802,1.7493007962156606,2.504386380130614
AUS,C29,0.0,0.0073939119310160424,0.02986710704078676,0.07309298026578856,0.14484320889041677,0.2559219344839942,0.4216163644569575,0.6640203199011977,1.0158953212582895,1.5273761373409194,2.2782627792292938
AUS,C301,0.0,0.0052364464184453344,0.020794287789345604,0.050997202196805445,0.10186902720323718,0.18190840090294028,0.30329450859415896,0.4838219620860877,0.7501204064777672,1.143251561853326,1.7289766110659017
AUS,C302T309,0.0,0.007218016629779925,0.028716083282806164,0.07009930254586016,0.1391052297232923,0.24655650795191364,0.40783639770360386,0.6452450111546315,0.9919010632252997,1.498492573570436,2.2456039329601687
AUS,C31T33,0.0,0.008948549343849886,0.031666388520689356,0.07247374622519469,0.13718208764089115,0.2337397673658256,0.373231622710178,0.571477209601023,0.8516850305366804,1.2490650310790523,1.8192993240060196
AUS,D,0.0,1.8275913933549965,3.7305813840623183,5.715767521548899,7.791334152479493,9.967364904522048,12.256626016384486,14.675806576245357,17.2475633334231,20.004055829337407,22.99341540258552
AUS,E,0.0,0.2884479184264121,0.6115797297137282,0.9748248663647143,1.3850089938715278,1.8508971503722544,2.384025331425417,3.0000184680239217,3.7207645740290056,4.578174315905356,5.621061081902504
AUS,F,0.0,0.020363828914036316,0.056307366399610904,0.11323672749156037,0.19847797287667282,0.32210337032207503,0.49820470287526103,0.7469193031637493,1.0977781346736988,1.595495460443411,2.3105505128562545
AUS,G,0.0,0.01886456972270891,0.04878351480526192,0.09204823074883249,0.1516693914340524,0.23168337659059893,0.3376276062254577,0.4773026225155272,0.6620418990541529,0.9089266337627984,1.244868546894589
AUS,H49,0.0,0.1669249554633414,0.351170450662673,0.5565314525011338,0.7878719589531504,1.0515508350637466,1.3560746316648835,1.713132836977982,2.1393055422650242,2.659014557884999,3.3099181911795914
AUS,H50,0.0,0.2813941778874116,0.5769137532076762,0.889960158734336,1.2249744227169133,1.5878656657654244,1.9866707932074037,2.4326044889434812,2.9417966058930825,3.538302456342559,4.25961732597053
AUS,H51,0.0,0.19806713913239798,0.41137475221889885,0.6442206759763528,0.9022031169251158,1.192746376953227,1.5259066768562017,1.9156494198029628,2.3819544789169917,2.9544510367907435,3.6790551460710725
AUS,H52,0.0,0.027774872312139022,0.06803859105320781,0.12361118538917473,0.19821270325876583,0.29684160195429254,0.42635931937508653,0.5964239421539056,0.8210405236624295,1.1212566528364485,1.5301175496332218
AUS,H53,0.0,0.06328421756053888,0.14294489920812775,0.24274730696520622,0.36765806968939535,0.5243479441852984,0.7219681496567614,0.9733902550461564,1.2972657350803438,1.721609696388606,2.2903957536505977
AUS,I,0.0,0.023687631743129826,0.066177197830112,0.13168416344357575,0.22552430719893374,0.3545328787156537,0.5277009263703019,0.7571755826044193,1.0598976149004453,1.460413863169549,1.995994070425066
AUS,J58T60,0.0,0.005394255935908816,0.018820849047203856,0.04307413289279514,0.08194523846963045,0.14066328036015519,0.22658358360553854,0.3502967920827776,0.5274857427637838,0.7821784540770975,1.1527687274402798
AUS,J61,0.0,0.017057861525375667,0.04417978118974056,0.08411548494563724,0.14063025248810482,0.21898421709427884,0.32669218806609196,0.47476654505102756,0.6798265083345816,0.9678382647165014,1.3811106219656772
AUS,J62_63,0.0,0.001879666675275497,0.008335122317524887,0.02104234565160195,0.04233185769241593,0.07549714760454633,0.12528219280399538,0.19867665518205463,0.30626169645853274,0.4645902691747471,0.7006288960732097
AUS,K,0.0,0.0058698575932249605,0.014687266413549997,0.027381801135299023,0.04523055002915562,0.07001900789998662,0.10429467384485522,0.15177973113112583,0.21806820503668967,0.31185735313196433,0.44724347877148535
AUS,L,0.0,0.01816229749640204,0.0414251642811913,0.07107746357039128,0.10888164251387508,0.15728698663937726,0.219761803502785,0.30132740084428744,0.4094490081982948,0.5555901554392345,0.7580765654109811
AUS,M,0.0,0.011897032491093681,0.02993164122635114,0.05600811967271253,0.09272520359094041,0.14368892710257822,0.2140020096233139,0.3110543639240037,0.44584906897823645,0.6353287477082046,0.9066860799783765
AUS,N,0.0,0.06976701955447061,0.14695705111894175,0.23341958366473428,0.33163912592056327,0.44501334907858897,0.5782861444984979,0.738244249860437,0.9348815092351593,1.1834351296595926,1.508148624689045
AUS,O,0.0,0.027713175116530462,0.06658815781242683,0.11908935619259267,0.18848214951731523,0.27917847372131166,0.397273643363341,0.551407937874031,0.7542033726048697,1.0247712262052517,1.39333662457339
AUS,P,0.0,0.02761520651252801,0.06642600201461334,0.11836695952678704,0.1859375713843391,0.2724377224226821,0.3823322831116211,0.5218348336003104,0.699879345415191,0.9298139822576466,1.2325226862551517
AUS,Q,0.0,0.026680354174475715,0.063092802010697,0.11113787501015557,0.17327993826166663,0.25278184208195703,0.35406792335202725,0.4833047066007766,0.6493668601826349,0.8655200353095098,1.152520972944265
AUS,R,0.0,0.03034625989326792,0.0768741755077206,0.1430705909516242,0.23347922664527365,0.3541457042005382,0.5133082309316721,0.722506148925006,0.9984299995948733,1.3661549890263809,1.865115956543952
AUS,S,0.0,0.0594058370483982,0.13325557430491383,0.2242273888645104,0.3357927275630651,0.47254975243807373,0.6407407446736925,0.8490823259220339,1.1101506513863317,1.4428018496151467,1.876644135340932
AUS,T,0.0,0.0,0.0,0.0,0.0,0.0,0.0,0.0,0.0,0.0,0.0
CAN,A01,0.0,0.7160427176535923,1.4694642529964104,2.266307464695927,3.1140777358681055,4.022254334986237,5.003047291901004,6.072555487726219,7.252609156564686,8.573841015105343,10.08110356958855
CAN,A02,0.0,0.23027794927130632,0.48368062212569624,0.7640072014432221,1.0760297155628513,1.425848189083685,1.82142132067875,2.273385921482084,2.796371872542005,3.411211149148432,4.148861157187232
CAN,A03,0.0,0.18979704498278044,0.39132593676731653,0.6072813126407389,0.8410060123670614,1.0967240411768966,1.379888998950453,1.6977227532688783,2.0600811504819285,2.4809110346660295,2.9808438980381617
CAN,B05,0.0,0.16481269092132103,0.34256389565677875,0.5351425964918495,0.7449652555327937,0.9751806904023835,1.2299795671408043,1.5150770424189854,1.8384941687400231,2.2118811173127044,2.652884408404589
CAN,B06,0.0,0.3445057189930764,0.7034865638958785,1.0787327379433034,1.4725152398440884,1.8877724259248958,2.328392038410565,2.7996513585886165,3.3089303944765938,3.866920540479556,4.489788438756767
CAN,B07,0.0,0.1121389313480495,0.23581667059551983,0.37292469065897693,0.5258691812663833,0.6977688680831006,0.8927535331434447,1.1164291394800483,1.3766303361027785,1.6846940051509982,2.0577365665714056
CAN,B08,0.0,0.32960087682517064,0.6726958103424077,1.0310655224281513,1.4069552111595576,1.8032506956892334,2.223744026898947,2.6735471563032753,3.159761079244488,3.6926083230211493,4.287458289669717
CAN,B09,0.0,0.25683232170041204,0.5248767079132568,0.8057388392887282,1.1014610512997982,1.4146928655430455,1.7489492377947637,2.1090142798044575,2.501596464709228,2.93644067942811,3.428321839005491
CAN,C10T12,0.0,0.05601530435302081,0.15742549826188118,0.31117921148084793,0.5258919891318314,0.812424158820311,1.1847342284761155,1.661181787754276,2.2665959742529,3.0357162025251556,4.0192497336240764
CAN,C13T15,0.0,0.05635537237135424,0.12957758862756094,0.2238172841665326,0.3445400190016592,0.49907121824227996,0.6974344599319701,0.9536855792151409,1.2881223588329533,1.7311229406451394,2.3302098222785594
CAN,C16,0.0,0.18210808730926262,0.3875723165827715,0.6207103783436584,0.8869966982999444,1.1934901675609757,1.5494730396082816,1.9674367748862744,2.464662536952013,3.0658734834147237,3.8079403995897265
CAN,C17_18,0.0,0.8239454718000028,1.6879356508003958,2.5970642347894435,3.5577017277840786,4.577972943455123,5.668474695842215,6.843390356734061,8.12228855521519,9.533162320122447,11.117859435737548
CAN,C19,0.0,0.2703792654621246,0.5858661315423396,0.9511585356642908,1.3719432958447486,1.8552491402559008,2.409974722436868,3.047704763811076,3.784020919687318,4.640705578931898,5.64965812606992
CAN,C20,0.0,0.30248223003147584,0.6340349243657586,0.9998217838133902,1.406332935720932,1.861870270586589,2.377272642736511,2.9670356034762513,3.6511082815426548,4.457912912583092,5.429712048798578
CAN,C21,0.0,0.022936957134304006,0.05958123783692705,0.11306680528425717,0.1874736149768211,0.28820051082157977,0.4225285855702244,0.6004998867967236,0.8363406496509357,1.1508731785919966,1.5758355749711432
CAN,C22,0.0,0.03339696690186017,0.09049506111493688,0.17652482056725988,0.29824921971557433,0.4645516967717828,0.6873190457268965,0.982810435741834,1.3738627478639478,1.8936097013654867,2.592115520545029
CAN,C23,0.0,0.09595884366000772,0.2203490484416457,0.3774213062753682,0.5725063209383711,0.8124168231715446,1.106051156073365,1.465329549846315,1.9067031498657017,2.4536999236032573,3.141465852630269
CAN,C24A,0.0,0.4966297102691242,1.0362722214950597,1.6264350297282126,2.2766249563804886,2.9990843885049783,3.80988746642704,4.730624973056623,5.791093462209896,7.033785966246856,8.52181917707248
CAN,C24B,0.0,0.06829496301651665,0.1618173157746053,0.28703764056864806,0.45241449064598344,0.6691693228708164,0.9524483420984676,1.323118615748689,1.8106478614234773,2.4579300644184805,3.329823927584854
CAN,C25,0.0,0.04077148932268842,0.10877019766136051,0.210584645483099,0.35478233012278165,0.5526716850123886,0.8194423352987777,1.175925361128222,1.6514131930486917,2.2883838023433705,3.1508635411733508
CAN,C26,0.0,0.009012116721566963,0.02842720652428348,0.06187156078448551,0.11440768072318451,0.1932136060189283,0.30865486410056203,0.4760284977305021,0.7185049456762825,1.0723104704708382,1.5963542932305865
CAN,C27,0.0,0.015291613995077797,0.046507564622733276,0.09895620193460053,0.17985356562595167,0.29914666417064345,0.47077735376088153,0.7146826745905022,1.060077898762706,1.551086847093713,2.2569344982556827
CAN,C28,0.0,0.020219619022724348,0.057693322221816265,0.11760372589068921,0.20687915198188628,0.3349136550808804,0.5146603104615445,0.764342974600744,1.1102361935240679,1.5913839625845707,2.268058087200348
CAN,C29,0.0,0.013236430094944464,0.04135008669730137,0.09005224843144047,0.16723594170868458,0.2839450913493075,0.45586859926096335,0.7057125953719917,1.0671020574885473,1.5912778809418902,2.3592155181036434
CAN,C301,0.0,0.006662533392970181,0.02581207973476589,0.06156487324693644,0.11953716825787156,0.20750018438156514,0.33638731888747225,0.521890145656293,0.7870793302289607,1.1668989870885875,1.7162965110761657
CAN,C302T309,0.0,0.012824164103605795,0.03992908456607832,0.0864529708009267,0.15948884498616417,0.2689544912313268,0.428932885894815,0.6597983334680866,0.9917081199604171,1.4705844509048012,2.168914721864447
CAN,C31T33,0.0,0.07510285551803073,0.16764773525763738,0.2820725076798892,0.42422334098945735,0.6019238161704079,0.8258382349176028,1.110823164531622,1.478123966717514,1.9591089763180531,2.601977988266916
CAN,D,0.0,0.8066636949354018,1.6260352774526334,2.4592656558355355,3.307766876739518,4.173309043781682,5.058166254258318,5.965343608195779,6.898944015688256,7.864788361855078,8.871523466824478
CAN,E,0.0,0.07136580676446767,0.15517318327852048,0.25375491508121,0.37011078181644474,0.5081685541396703,0.6731785893844388,0.8723296340639077,1.1157464375025707,1.4181799512883155,1.8020321720657306
CAN,F,0.0,0.023471868526707074,0.06202916018872265,0.11972219002997371,0.20182760374758452,0.31533139541660454,0.46965792943295437,0.6778054756242541,0.9581821873860076,1.3377109128853113,1.8573768946569096
CAN,G,0.0,0.046925636505170135,0.10224482637621911,0.16770497232076015,0.24559686899875,0.3389764638771872,0.4520030706341219,0.5904716490482106,0.7626820873344936,0.9809232163928132,1.2641474229753118
CAN,H49,0.0,0.2926572538625397,0.599179707696633,0.9225330598928112,1.2664377885586549,1.635653364257762,2.0364079001742392,2.4770690198044774,2.9692317260987133,3.529563682363696,4.18311146002549
CAN,H50,0.0,0.41258933418106564,0.8506013753979396,1.3190763157058856,1.824389515540286,2.3747606297223016,2.9810217087439805,3.6578141641556603,4.425526429830288,5.313576620088935,6.366290756970844
CAN,H51,0.0,1.1720936239744055,2.36526920753903,3.584567046166761,4.836218440870639,6.128083624155103,7.470312307516363,8.87637298694361,10.36471891995025,11.961609018646863,13.706153544635887
CAN,H52,0.0,0.009831037607019193,0.03288507788933032,0.07186707363182347,0.1302738254433882,0.21270435835993073,0.3253300931356803,0.47663034788363173,0.6785870966875261,0.9487150133193203,1.3137049830555263
CAN,H53,0.0,0.08765803016207882,0.18667287232297758,0.29897095479452207,0.42699592159667554,0.5739035027107763,0.7438553054639359,0.9424766674827297,1.177598272457289,1.4605136358541146,1.8082327606262962
CAN,I,0.0,0.026309006689044456,0.07118692392650824,0.13930397402462652,0.23644773202815766,0.3699141485355761,0.5490867328198412,0.7863235332628102,1.0983697326756166,1.5087148127471801,2.0517552910681287
CAN,J58T60,0.0,0.00938276431699153,0.028979802980749134,0.06092050389447365,0.10794870396065111,0.1736660529491409,0.262901992554162,0.38229468039686487,0.5412382851090707,0.7534989022094111,1.0401262818444004
CAN,J61,0.0,0.007778274878928748,0.02051373363980928,0.03949186664061873,0.0664425178541317,0.10373542760605367,0.15468386421239536,0.22403101688839355,0.31875826170501936,0.4494885580922912,0.6330573250494458
CAN,J62_63,0.0,0.005030824589000465,0.014055966885408624,0.028304467757654297,0.049431098787768454,0.07969980745990557,0.12226657833744653,0.18162936571902058,0.2643705002089817,0.38043668679451703,0.5454675703778997
CAN,K,0.0,0.004173933915706253,0.012669899879378783,0.026634034022646136,0.04758634095977255,0.07757610232755112,0.11941965262716721,0.17707577873945804,0.25626070354894775,0.36550108210805704,0.5180369113726221
CAN,L,0.0,0.019242228535141032,0.042029113140307224,0.06921207863893816,0.1019163858549167,0.14165266491592254,0.19048653837847898,0.2513047929015836,0.3282487812971458,0.4274521243348336,0.558366391660425
CAN,M,0.0,0.036270092339776815,0.07799763354184976,0.12645488304880004,0.18331828052865445,0.25083453585344256,0.3320743074661283,0.43133210313424064,0.5547805922950466,0.7115899552697337,0.9159498353911997
CAN,N,0.0,0.06381706321975232,0.13501446148145047,0.21522135464889686,0.3065695254448346,0.41189798417404794,0.535065082954191,0.6814399757742178,0.8587059213727611,1.0782333083517268,1.3575580756462313
CAN,O,0.0,0.03463312287711104,0.07849191307607413,0.13350384327505183,0.202179380113083,0.287846558147799,0.39500806377608355,0.5299023308704023,0.7014187410874057,0.9226586121858954,1.2137469733010862
CAN,P,0.0,0.031599185184026796,0.06845008134250768,0.11143426576908716,0.1616887134723222,0.22070679391494502,0.2904916894882079,0.37379707574951576,0.4745192498443842,0.598365511074975,0.754057823886107
CAN,Q,0.0,0.012359749455366012,0.029978371245941843,0.054104451165741335,0.08637946561268298,0.12899775115464657,0.18495017112519752,0.25840723590254516,0.3553444651048524,0.4846100003061721,0.6598499333158974
CAN,R,0.0,0.06058757712672009,0.13164619790893595,0.21527745183099917,0.3142131457597787,0.4320679714087579,0.5737240277475637,0.7459350794358656,0.9583125935726305,1.2250088860091264,1.5677523524231753
CAN,S,0.0,0.03568206324554259,0.08168414838858468,0.14003986064192328,0.21338606140719152,0.3052035498552071,0.42018318855354553,0.5648010850624752,0.7482570453875467,0.9840765215949222,1.2929999668281504
CAN,T,0.0,0.0,0.0,0.0,0.0,0.0,0.0,0.0,0.0,0.0,0.0
USA,A01,0.0,0.6927655436048891,1.41679001459882,2.17620374348737,2.9760573702829376,3.8226270475548456,4.7238607031509465,5.690052393028803,6.734901710928656,7.877257512756418,9.144156043967783
USA,A02,0.0,0.5053465393442664,1.0348364000708734,1.5914187040798788,2.1787396206498983,2.801380026597664,3.4652047917256725,4.177893225234254,4.949776351033563,5.795220976333388,6.7350503093278125
USA,A03,0.0,0.23370535147684296,0.477813286538318,0.7345317207928589,1.0065832741095662,1.2973767231544064,1.611259118215962,1.9538989686339798,2.332891730578846,2.7587621230869876,3.2467202095615524
USA,B05,0.0,0.5723839575852124,1.160543112675457,1.7664045178618835,2.3923765810265745,3.0415198793432583,3.717800032032554,4.4264743028609095,5.174705554655098,5.972582761627129,6.8349146707708295
USA,B06,0.0,0.18086396205747376,0.38254943693951593,0.6076039640603716,0.8592033148526697,1.1413759937131447,1.4593359257620853,1.8199915615134052,2.232755070064828,2.7108884183797235,3.273870857036745
USA,B07,0.0,0.09431408943788219,0.2118824450628579,0.3558764380629479,0.5302376970133321,0.7399476375206638,0.9914260368034061,1.2931398466949844,1.65656935800304,2.0978133215048658,2.6404091339848987
USA,B08,0.0,0.0750782318418089,0.16683516162485246,0.2773877315020816,0.4093558446482741,0.5660359271451718,0.7516569515661146,0.9717706603293019,1.2338696845380732,1.5484128322182202,1.9306241609119166
USA,B09,0.0,0.08450452062767838,0.17459308305991475,0.27133217978406843,0.3760703610870438,0.4905400938229283,0.6170089256109593,0.7585111178505349,0.919216268772158,1.1050432158579588,1.3247409247820894
USA,C10T12,0.0,0.05313275055737832,0.15371836798943617,0.3074866380456978,0.5214106104743673,0.8041162632844729,1.1664802171030826,1.6225308845400583,2.1908607957637862,2.8969454886175514,3.777173727063615
USA,C13T15,0.0,0.07916427131877528,0.17928836307895876,0.3041655973716107,0.4586323358775797,0.6489635934547126,0.883468860357343,1.173420509654124,1.5345596548292268,1.9896585996313665,2.573142962002853
USA,C16,0.0,0.05417957321653623,0.1288371069904181,0.22776682176465463,0.35575549577306204,0.5189368793617345,0.725314838559785,0.9855606418962166,1.3142750002854124,1.732079052555582,2.269278115764662
USA,C17_18,0.0,0.10525178485641874,0.2348540553222167,0.39286492914613924,0.5843625807065186,0.8158089261332596,1.0955883549224923,1.4348321526532102,1.848729583746418,2.3587114041635644,2.9962974263926103
USA,C19,0.0,0.10851824517322575,0.2511351471681622,0.43281588916421815,0.6595158532892297,0.9385115813376289,1.2788875714463883,1.6922761405469982,2.194026082097026,2.805135645617736,3.55563447461439
USA,C20,0.0,0.16973549353609313,0.35952617410745197,0.573006430347561,0.8147254613060378,1.0904659040514768,1.40771392134462,1.7763758830935696,2.209914155896473,2.727232646138385,3.355989650067674
USA,C21,0.0,0.07116829550351506,0.15034555429802898,0.2390975672266304,0.3394160088859416,0.4538743090404619,0.5858591633901433,0.7399256493245768,0.9223631239603363,1.1421393293360311,1.4125663955422691
USA,C22,0.0,0.06623597946569687,0.15572720964601566,0.2732811093246102,0.4250307035928013,0.6189189439995759,0.8654170136743191,1.1786246032019216,1.5780210783263589,2.0913841102473647,2.7599368150565917
USA,C23,0.0,0.4199156705157324,0.8705721103471278,1.3559783029186592,1.8810684423705493,2.452019772791429,3.0767206731935883,3.7654830384821434,4.532169287846513,5.396060017736244,6.385129412652269
USA,C24A,0.0,0.21884633126425163,0.47714756966267596,0.7814740636051377,1.1399998027572198,1.5630556312123611,2.063941099613388,2.6601543263681533,3.375326558182835,4.242406336363164,5.309200419768585
USA,C24B,0.0,0.06415229698056006,0.1525288333379928,0.27057083421108136,0.42526154778362596,0.6256993559220297,0.8839474811028585,1.2163326093749731,1.6455027356980179,2.203834316136829,2.9393877594705833
USA,C25,0.0,0.09588412701517253,0.21375039593606077,0.3587992210871437,0.537691681000739,0.7590821693447187,1.0344055332869486,1.379076934752736,1.8143896763119889,2.370654220341523,3.092684251470517
USA,C26,0.0,0.05245191801108037,0.11034596361449739,0.17514390572173905,0.2488212884861334,0.33409504914919425,0.43477777464232087,0.556346750447947,0.7068926061161706,0.8987724920604524,1.1516510299204503
USA,C27,0.0,0.06555529777038434,0.14375658002999794,0.23811902021737413,0.35330331178544044,0.49558133128722326,0.6735421279986544,0.8991960101472587,1.1897660641495036,1.5707273667492738,2.08125259930993
USA,C28,0.0,0.03771058547803633,0.09083340751017964,0.1635308039025319,0.2612470268855006,0.39120470628768134,0.5631482594856663,0.7904921565136064,1.0921612282937425,1.4956746778031182,2.042606059751837
USA,C29,0.0,0.06234336801702872,0.14324559069404172,0.2481217857114471,0.3841663605651638,0.5610756632805303,0.7921414816863657,1.095957078881044,1.4991775047386044,2.041186435542607,2.782425310853396
USA,C301,0.0,0.05638897488879477,0.12288744475336387,0.2021068146364841,0.2974730021884966,0.4135464028616205,0.5565025176840085,0.7348765290691786,0.9607598937331081,1.2518105597397846,1.6348195214816164
USA,C302T309,0.0,0.05731411859262536,0.12687833065488197,0.21206747384403163,0.3173840259349732,0.44892325086558643,0.6150788530842305,0.8276461480122415,1.1036095624451678,1.468167381986485,1.9601317471698294
USA,C31T33,0.0,0.08774764789096949,0.18686168792324756,0.3001114221620062,0.43107479859695136,0.5844445004196624,0.7664850860699705,0.9857377348700933,1.254148442771907,1.588958056613867,2.016050202199017
USA,D,0.0,1.6209781599480468,3.2764639752180607,4.9692149570081385,6.702529289167352,8.480428259508479,10.307925598359853,12.191438384455378,14.139438537050628,16.163534368969646,18.280369612823673
USA,E,0.0,0.8444860938114134,1.713817404978942,2.6105866178112795,3.5379947932851152,4.500065208790685,5.50195945983878,6.550459966714138,7.654734945052019,8.827607684163082,10.087783324595067
USA,F,0.0,0.12117074546392154,0.25814903223921065,0.4142348947621526,0.5936252297579522,0.8017413131813524,1.045714660873132,1.3351310637157963,1.6832137755336503,2.108792514898409,2.639768059495748
USA,G,0.0,0.03642026783846327,0.08339357236657297,0.14274374565680395,0.21678211747344966,0.30848663117871905,0.42176851452548103,0.5618822042263485,0.7360797348200194,0.9547038279358544,1.2331179246300608
USA,H49,0.0,0.44036951591428775,0.8953457455052006,1.3679286854800754,1.8618319083263064,2.381720690163424,2.933562608326087,3.5251610555527586,4.166999171091358,4.87363796720383,5.666166754249165
USA,H50,0.0,0.16963290715252688,0.35775215673019894,0.5687396873308954,0.8080916764287414,1.082804538544135,1.4019464707341731,1.7775321907539616,2.225914729544768,2.77010500457288,3.443862135995431
USA,H51,0.0,0.5434267700005293,1.0998426474293395,1.6723931057921617,2.2649781204652224,2.8825006771179917,3.531232084897888,4.21936713603743,4.957901262573004,5.7620822744051825,6.653952605481103
USA,H52,0.0,0.05730718628906929,0.12684161167093103,0.2106308124080632,0.31122934088179705,0.4319052900184816,0.57691586429386,0.7519279696111466,0.9646852289524758,1.2261155043423022,1.552275846389181
USA,H53,0.0,0.06051966775099813,0.12993107399102585,0.20952993024898298,0.3009350168073273,0.4061996677729166,0.5279756901653858,0.6697624433235234,0.83630026945472,1.0342213769900042,1.273189129075608
USA,I,0.0,0.022136825464031923,0.06333612282990599,0.12666229945655158,0.21583549033691213,0.33544980100450306,0.49129285165143133,0.690829186682415,0.9439603619733302,1.2642766954224867,1.6712386978496037
USA,J58T60,0.0,0.01293799063421883,0.03172442816262923,0.05781130693192308,0.09306770247116788,0.13993547010150081,0.20166121126601416,0.2826530363646283,0.3890503218890331,0.5296757566882643,0.7177168348266136
USA,J61,0.0,0.01574652960192083,0.039306755709916645,0.07228738996067166,0.11677382378456472,0.17552151923649506,0.2522465800104885,0.3520811751747519,0.4823146413968038,0.6536548859607574,0.8824964114028042
USA,J62_63,0.0,0.011996002270505016,0.02746080194189618,0.047310874173548345,0.0727463402348125,0.10536321849440573,0.14732289039205204,0.2016161221262522,0.2724899937550543,0.36616980118999054,0.49214835302363374
USA,K,0.0,0.011827408301280581,0.027538919633291116,0.04809832396889144,0.07475678996793468,0.10916269257221459,0.15352571175680055,0.2108697496408483,0.2854373733592212,0.3833659531031349,0.5138814322841756
USA,L,0.0,0.013748294572035746,0.033577137552125616,0.06051063734917034,0.09584955500327524,0.14127342449863373,0.19899227036646194,0.2719791853127443,0.36434037337576664,0.48193090509221365,0.6334373421766291
USA,M,0.0,0.016128335589060676,0.036945240866581214,0.0635017708344896,0.0971520683909919,0.1396679737989596,0.19341035107151186,0.2615934532400479,0.3487084577668353,0.4612333259009051,0.6088901472948285
USA,N,0.0,0.052188670418042656,0.11075692815329984,0.17706851530805257,0.25286812271467635,0.34042270887438714,0.4427321109250088,0.5638530945900105,0.7094171040809282,0.8874958254198653,1.1101307131506886
USA,O,0.0,0.01500950855832949,0.04015384986099774,0.07707318752545637,0.12783626250474753,0.19509628212429983,0.2823227776975831,0.3941576780819453,0.5369832295284368,0.7198698672107819,0.9562485840292669
USA,P,0.0,0.017045814812470684,0.04262979682114081,0.07786299843235088,0.12413471030943493,0.18321293858670856,0.2573937689526573,0.3497306905855419,0.464400358852502,0.6073132361080966,0.7871915776178829
USA,Q,0.0,0.015234633923200208,0.03971133149983256,0.07503480299899613,0.12323189949981891,0.18690739088576075,0.26947647679368425,0.37552322378586694,0.5113746111055144,0.686062897365393,0.9130317144343388
USA,R,0.0,0.02008779763744246,0.04895868800387157,0.08813457166522048,0.1395296235932434,0.2055922450318202,0.28951601361555973,0.39556341235786796,0.5295818575441881,0.699864593022982,0.9186692196321273
USA,S,0.0,0.023752548306951216,0.057869021993427694,0.10405133110438083,0.16444306979432527,0.24179000151278524,0.3396787805347588,0.4629037021070612,0.6180520353794825,0.8144819099951326,1.0660499027125752
USA,T,0.0,0.0,0.0,0.0,0.0,0.0,0.0,0.0,0.0,0.0,0.0
BRA,A01,0.0,1.8570381770413178,3.7745980650318063,5.7607479332026195,7.825442200237144,9.981204001616566,12.24415265132895,14.635605174439997,17.184675745139426,19.932700713220285,22.941214625796157
BRA,A02,0.0,0.027640399797878978,0.06884107167709723,0.12586265910210848,0.20161224399155458,0.29990643679504986,0.42587544675994715,0.5866044544893935,0.7921914564622811,1.0575730892725481,1.4058537432351255
BRA,A03,0.0,0.1556617355525229,0.3314874243152268,0.5334341517617934,0.7690973809869861,1.0483645382937732,1.384417123273535,1.7953192491572856,2.3066352035035624,2.9559446167949552,3.8010732318335636
BRA,B05,0.0,0.17701507223160765,0.3820694578567626,0.6211259065330499,0.9020438390732968,1.2353754532400025,1.6355909485050297,2.123025852513295,2.7270950618596155,3.491841453765328,4.486052050501978
BRA,B06,0.0,0.19446991726759952,0.407474735017925,0.6428609446266056,0.9056952629962735,1.2027769083977977,1.5434264755128175,1.9407405931485013,2.4136642422865258,2.990571062574945,3.715795877346438
BRA,B07,0.0,0.028518893909564778,0.07315633853461105,0.13778233695233094,0.22750212674287718,0.34917163025791076,0.512189934264216,0.7297577098107436,1.020952650059735,1.4143101739853636,1.9543483387431373
BRA,B08,0.0,0.030485341735606755,0.08109520889813773,0.1560169091646578,0.2607682439618438,0.4027562456634627,0.592137312398972,0.8431846907650435,1.1765462501141002,1.623143600251967,2.2312833771247793
BRA,B09,0.0,0.03763474604960134,0.09465862707369983,0.17605315158233167,0.2884471201933553,0.44081703828666086,0.6455668081408554,0.9202462986217987,1.2903917067895705,1.794435229163012,2.4926665361908142
BRA,C10T12,0.0,0.08522500072556168,0.3038185248601709,0.6715737530865846,1.2076172224868398,1.9355560982878626,2.885195861146248,4.095206322689741,5.617435017048428,7.524233463113031,9.92164345529921
BRA,C13T15,0.0,0.04656001215209265,0.11871297884749811,0.22333932381839267,0.369614401192115,0.5699890133271506,0.8417046790579361,1.2092132868890806,1.7081926782805374,2.3925241410851545,3.3471119790421424
BRA,C16,0.0,0.05274361099185846,0.1278190931133014,0.23089044629020644,0.3693903323896189,0.5532505927591577,0.7960232166063225,1.116657281237959,1.5424250393258248,2.1139635283229112,2.8944513983325417
BRA,C17_18,0.0,0.15018821586999828,0.33463617065557705,0.5618301550212207,0.8430495262002183,1.1935547806560072,1.6344180689743426,2.1954347032365864,2.9199307478500405,3.873064902485589,5.156967263212428
BRA,C19,0.0,0.1952500324926466,0.42942317766836224,0.7116686159287196,1.0540281689104802,1.4726442783402423,1.9896172888308794,2.635954666544875,3.456434641914502,4.517996409350597,5.925026717247384
BRA,C20,0.0,0.16426211726800263,0.3671559919121858,0.6198122766594448,0.9369352612306415,1.3382565101611485,1.8507488301562978,2.512109167886406,3.376450827757735,4.524040739212757,6.0789072676809655
BRA,C21,0.0,0.09981520999501062,0.21932364415942016,0.3636994189192465,0.5397765527634774,0.7567338989832649,1.0271424917622336,1.3686195952368858,1.806542092045735,2.378704408951547,3.1437684055730166
BRA,C22,0.0,0.12528836784859929,0.2848149511175869,0.48840026490613275,0.7491155243887847,1.084620098883928,1.519199821322644,2.0869745833138253,2.837140981395613,3.8429395460380835,5.217866756286967
BRA,C23,0.0,1.2241805729905182,2.511623520129542,3.871066774247875,5.313632555813314,6.853788925182306,8.510823410877824,10.311176747562602,12.29228313937797,14.509183741864634,17.046561020020658
BRA,C24A,0.0,0.6772413858809132,1.4123890861003736,2.2150291053895064,3.0973575460822373,4.075202226959729,5.169577161791631,6.409127689585984,7.834128638477263,9.503329704735867,11.50634613727239
BRA,C24B,0.0,0.3386985605375739,0.7125766925960519,1.129195863362184,1.5984725657562437,2.1336503406771254,2.7527872352734306,3.4811058481823185,4.354848284841452,5.427889932175447,6.783723335220962
BRA,C25,0.0,0.04329038977865922,0.13986425466659363,0.30051394566215894,0.5390735828599961,0.8736123930893671,1.328248384481257,1.9359972755733934,2.7434237979861673,3.818592411051714,5.265435314563085
BRA,C26,0.0,0.028335282790362588,0.07909068034195763,0.1597992172852094,0.2809080897347376,0.4571584902667327,0.7097681325726738,1.0699914432553015,1.5851413457765584,2.3292256284100787,3.422753550897254
BRA,C27,0.0,0.04215365415975129,0.11538060615396929,0.22836663332965654,0.39276250306194954,0.6244671270832034,0.9456112817219923,1.3877224450761694,1.9969648411706706,2.843209412308428,4.036606841371233
BRA,C28,0.0,0.05416461051087034,0.14432339913967937,0.2797911185132492,0.47281941996833193,0.7398131928726965,1.1031963457280116,1.5943673593969747,2.258561424565374,3.163217909225585,4.413191695121625
BRA,C29,0.0,0.05215731131804928,0.13298725281837134,0.2516801380416207,0.4207440650460817,0.6574775736429633,0.9862555639134756,1.4421885992522703,2.07719775909104,2.97054946957384,4.248126104129216
BRA,C301,0.0,0.02499010910646853,0.066673321455857,0.13293164735756244,0.23537817752734289,0.3912893482031176,0.6266940353761489,0.9814484241784416,1.5178528955636268,2.3358879944827016,3.6015512351653025
BRA,C302T309,0.0,0.02748063296886885,0.07719228771268304,0.15614096997726248,0.2739853764563429,0.44425485113283747,0.6862494343341891,1.0280928440926522,1.5118135282611769,2.202168478905874,3.2027918867991425
BRA,C31T33,0.0,0.06670568415656479,0.15524290695060097,0.27196647945789837,0.4253989375903322,0.6271635539487876,0.8934250982235634,1.2471860516678808,1.722084901235343,2.368965021265176,3.267868434526518
BRA,D,0.0,0.35394196175210313,0.7452174759723812,1.1806783700642476,1.6692032070051446,2.2225414196607276,2.856616422679708,3.593603879797449,4.4653744921401906,5.51945971263303,6.829967525798479
BRA,E,0.0,3.0635488849161443,6.187256737890504,9.376128633948442,12.636465026691482,15.97638776000741,19.40664784161016,22.94190714531745,26.60285128448238,30.419834233402376,34.43951995259876
BRA,F,0.0,0.06579707282064104,0.17758896497973542,0.34350457501705456,0.5739418709714728,0.8824790384245569,1.2872691460836065,1.8132461648670741,2.4957507993002896,3.3867676791266335,4.566263165050151
BRA,G,0.0,0.06574934156470276,0.1459500278582857,0.24377250468005104,0.3634115532236616,0.5105226787797715,0.6928966958910909,0.9215366522223181,1.2124430684320955,1.589708949393617,2.091184960510531
BRA,H49,0.0,0.42118484290979635,0.8670186419281846,1.3433110059036766,1.857803569294187,2.42099834544425,3.0474384737650606,3.7577525023869462,4.582041551993075,5.565746828394595,6.780378249352337
BRA,H50,0.0,0.9562969774004585,1.936895209345282,2.9475853585315783,3.996319129886103,5.09420792462466,6.257088866598405,7.508055547801009,8.88169601824434,10.431500403613745,12.243507853514558
BRA,H51,0.0,1.3581235310578976,2.747418600383315,4.176911611047371,5.65875881361538,7.209602999686229,8.852674827792445,10.621151642443413,12.56372869695785,14.754277465669277,17.3095146692691
BRA,H52,0.0,0.06822186013036591,0.15399350312917304,0.26083046920455794,0.3933978917450497,0.5580022004546646,0.7633514215523022,1.021769139977006,1.3512070148130892,1.7787335936723485,2.3469192381223185
BRA,H53,0.0,0.08577742495033702,0.18845988145583906,0.3111135508173426,0.4577894907972473,0.6339483715213253,0.8471188456255003,1.1079513121353328,1.431968974032258,1.8426102024657158,2.3768078513907414
BRA,I,0.0,0.12143258002763864,0.28402111254900375,0.5004837451997188,0.7860349820631742,1.1592045526802846,1.6430562341180355,2.2670705928542567,3.0701799899220337,4.105910045866194,5.451617852962146
BRA,J58T60,0.0,0.04323349561163303,0.09715997205985812,0.16509494750341305,0.25154676069086707,0.3627428360731719,0.5074468014539686,0.6982680366645669,0.9538400128370508,1.3026083148700538,1.7897830131043186
BRA,J61,0.0,0.041716983704135485,0.09278706948361994,0.1561791325058707,0.23597550222745933,0.3378865808535649,0.4700600441438047,0.6443936565064255,0.8787446973771929,1.2008145399562593,1.6553513268758182
BRA,J62_63,0.0,0.021837924465551672,0.04918988216040134,0.0838791314181998,0.12841434869801222,0.18629937017829212,0.26251734687805994,0.3643118724841102,0.5024948990502897,0.693735645051755,0.9647870123831302
BRA,K,0.0,0.027477554617624637,0.0608096161407927,0.10156770431139386,0.1518797365103339,0.2146746556610767,0.29406266411567206,0.39594553500013974,0.529033762503579,0.7066192101491586,0.9498361353352367
BRA,L,0.0,0.013245601447169991,0.03185168805771102,0.05718181744005892,0.09099438216252549,0.13560499858725703,0.19413646860866543,0.2709163710930675,0.37213414340018763,0.5069774044526784,0.689707828390261
BRA,M,0.0,0.029923995348859794,0.06810367233844995,0.11685260042569093,0.17930243119931036,0.259759055869698,0.36425467000146555,0.5014313796885808,0.6840095956499864,0.9313398004257959,1.2740840614339906
BRA,N,0.0,0.048477751059058,0.10490084549011225,0.17124168020615316,0.2501548009280809,0.34526477492092483,0.4616101286527473,0.606350782316683,0.7899393483037979,1.02815040187937,1.345794170289298
BRA,O,0.0,0.03767547116545814,0.08721774698687382,0.1509717141497257,0.23202953232012427,0.33454714805812236,0.46423419624593737,0.6291371208009983,0.8409390509664167,1.1172161262463052,1.4855723056877612
BRA,P,0.0,0.024431557327927858,0.05980636852008219,0.10804337005109607,0.17162508118907085,0.2538262048070413,0.3590650583862299,0.4934621122474692,0.6657626860940313,0.8889324920251261,1.1830729723048634
BRA,Q,0.0,0.02558441678870919,0.06629428404727764,0.1255760463725212,0.20797795458518814,0.31960997781064904,0.46885165109954025,0.6674775491257812,0.9325162491250739,1.2894630282924047,1.7781452888522338
BRA,R,0.0,0.04272820625623865,0.10325518367039985,0.185838034092878,0.296012182531073,0.4411089073440375,0.631050371146492,0.8796125084661011,1.206510583690996,1.6410050185565503,2.2284900018204854
BRA,S,0.0,0.042796011206292076,0.10339430329290211,0.18597954256321347,0.296076342045327,0.4411043630578695,0.6312330214272281,0.8807416389029392,1.2102687691517227,1.6507052351026716,2.250312950454551
BRA,T,0.0,0.0,0.0,0.0,0.0,0.0,0.0,0.0,0.0,0.0,0.0
ROW,A01,0.0,0.9255183823629195,1.9054908943524407,2.9470410067609936,4.058804702463846,5.25140073881177,6.538105427374321,7.9358526483210055,9.466774343963316,11.160687932494028,13.059353123031853
ROW,A02,0.0,0.07336275089395039,0.16764674825652634,0.2870298399990596,0.4367488802464795,0.6234549227730395,0.8557275349705443,1.1448430261135536,1.5059657006209013,1.9600814632219188,2.5373196788214964
ROW,A03,0.0,0.11176056774931525,0.2453814242670017,0.4063038414814589,0.6014441070650978,0.839700971952656,1.1326939999060006,1.4958720980147902,1.950241819376949,2.5251889107167638,3.2633552595993653
ROW,B05,0.0,0.37444618446085476,0.7692790117458852,1.1871857592066615,1.6314722177266265,2.1062732784453924,2.616862430704899,3.170121911256914,3.7752854221128542,4.445168058169157,5.19832408574724
ROW,B06,0.0,0.3309866203378283,0.6835369219013014,1.0606664104162604,1.4661079745804941,1.9045583093050131,2.382039932133425,2.906450684600247,3.4884308141464935,4.142796668916278,4.891051195899094
ROW,B07,0.0,0.11998497281037669,0.2668548947797547,0.4458065577862348,0.6633496853202361,0.9277588797888594,1.2497360208695059,1.6434131360814286,2.127930579345268,2.7300392859865603,3.488645183518872
ROW,B08,0.0,0.14201631266992,0.3157632057533901,0.5267707553057588,0.7818817371728762,1.0896888673550746,1.4611723836038977,1.910660802303368,2.457336330106023,3.1277075397150287,3.959912753685182
ROW,B09,0.0,0.09352280659697806,0.20644717804938112,0.342968037055422,0.5084059281583925,0.7096074803631124,0.955535857099098,1.2581699226755152,1.6339272751263154,2.1060235733776014,2.708614319495721
ROW,C10T12,0.0,0.07195700636081595,0.21583926163766734,0.4430587471290123,0.7675450976574029,1.2065396955620504,1.7817374295943538,2.5209819478213724,3.46088159861812,4.651039685548031,6.161302976299295
ROW,C13T15,0.0,0.04521285530941961,0.12576447822951606,0.25009771548298465,0.4291013611963206,0.6770424849491757,1.012969530099659,1.4628976834088507,2.063354245938811,2.86741877356598,3.9556453210173896
ROW,C16,0.0,0.07393381348528352,0.17821275921626592,0.3201147453925114,0.5089476038980044,0.7567710861801774,1.0794548110095405,1.4982773818249493,2.0424354632497788,2.753164040459813,3.6908954288389793
ROW,C17_18,0.0,0.12133812689549454,0.2922440922094327,0.5229199269393989,0.8262272177858148,1.2186218626347924,1.7215297973442198,2.363438653933485,3.183203602568426,4.235522745526951,5.600543110755121
ROW,C19,0.0,0.24898235706980887,0.550086376807886,0.9109850336930693,1.3410265392222704,1.8517824753479746,2.4578475671676117,3.178046216106038,4.037326134966933,5.069875300628593,6.324560527914887
ROW,C20,0.0,0.393104981424502,0.8408972228660635,1.3539494566415682,1.9455165317517908,2.6324615273437346,3.4366149431355066,4.386836026404964,5.522263440062232,6.897688806543499,8.592968057138705
ROW,C21,0.0,0.0328207589976547,0.08536101936770808,0.1632441700160951,0.27381642439088,0.42679983345876704,0.6352629210303957,0.9171089381894192,1.2974443166333995,1.8125223114681968,2.5166868004672263
ROW,C22,0.0,0.12177688314044618,0.29314353256382225,0.5249094787636923,0.830859152143226,1.228824335563661,1.742268098768524,2.4027010823096555,3.2535126816147653,4.356336235317549,5.802249537718282
ROW,C23,0.0,0.9338898886109038,1.938496470937789,3.024015740145174,4.202976683119738,5.49101534334124,6.908004186632064,8.479755256389208,10.240691631561573,12.238241134286469,14.540495180929213
ROW,C24A,0.0,0.740261882941072,1.5706694167995714,2.5065550172360624,3.566978408047138,4.775988501464862,6.164465048886094,7.772893900249891,9.655712004638646,11.888432100568464,14.58001091714188
ROW,C24B,0.0,0.3416756611925617,0.7400390126440424,1.206391716372907,1.7550484559066672,2.4044053508822416,3.1785087341015066,4.10943138939633,5.241008356786321,6.634981982156614,8.38169192833458
ROW,C25,0.0,0.07106459461209737,0.1938472626972563,0.3801788238422071,0.6451336158662085,1.0081908645613589,1.4949445221457174,2.1397012614296362,2.989579662743738,4.111280730506876,5.602919972140404
ROW,C26,0.0,0.018894405680295247,0.05888246143794921,0.1265573053343202,0.23089144982880572,0.38430985210848845,0.6043690285527561,0.9164690566401549,1.358399776724895,1.9883074659802151,2.8994302779288614
ROW,C27,0.0,0.0412469478205352,0.11514287183695246,0.23111956666073646,0.4016827913120806,0.6436653787827227,0.9801302612210884,1.4433528970526108,2.079673453640675,2.9577550759714204,4.183439153217109
ROW,C28,0.0,0.06838166454936291,0.17335577171450656,0.3247145872344399,0.5352203976247165,0.8217483631873973,1.2069972836675869,1.7221324856400138,2.411024954507333,3.3373666515607567,4.5972996027387705
ROW,C29,0.0,0.04519024891949861,0.12488255882497595,0.24890280450249358,0.43018174384618635,0.6859841741842795,1.039760577119842,1.5240251300616707,2.1849987277544,3.0904442540687187,4.343641653581742
ROW,C301,0.0,0.036782373631990634,0.10269023050673969,0.20750851675907436,0.3644286197069375,0.5914659378000645,0.913611088256944,1.3661937907202566,2.000335280887795,2.8921800938904845,4.15939419350054
ROW,C302T309,0.0,0.04121270508487796,0.11753775362868767,0.23952181975053366,0.4211468201211161,0.6812071225173897,1.0453854787278556,1.549479557739434,2.2446038032029847,3.2059566740426564,4.5484296363262535
ROW,C31T33,0.0,0.058252407429280895,0.14833281888923971,0.27851875861759745,0.45956901976037334,0.7056700723423279,1.0358508384165548,1.47616628297298,2.063198426998957,2.8499340339332777,3.916206767932881
ROW,D,0.0,2.517684043075873,5.150143556685202,7.907916389222009,10.803427639245749,13.851569774930116,17.070546609252453,20.483144303755545,24.1187247718171,28.016507264759515,32.23129837734905
ROW,E,0.0,3.6015029780437446,7.353028161850774,11.26732998363042,15.359333490221285,19.64678372954329,24.15118620665117,28.899216713235674,33.92492231256868,39.27332798816367,45.00670529947396
ROW,F,0.0,0.06670893788061884,0.17513034344103764,0.33439700942192874,0.5561029950845043,0.8551811913075582,1.251196095274739,1.7703101023415828,2.4483905502382997,3.3361515624581806,4.508161714039782
ROW,G,0.0,0.07839449624529769,0.17761105618180636,0.3014999319649088,0.4549100715278826,0.6440460352493022,0.8769965770283781,1.1645435381635272,1.5214487390462772,1.9685992309620186,2.53679380112528
ROW,H49,0.0,0.4387094916725208,0.9055910153641757,1.4061018359426198,1.9470186094342787,2.5368843102892744,3.186664270348732,3.9107416845369016,4.728488814117067,5.6668667923272995,6.764983434556855
ROW,H50,0.0,0.356030820919023,0.7504697987948445,1.1909224008542965,1.6871608674244691,2.2519430303742602,2.9022376711108415,3.6611186381066254,4.560807227712551,5.647789504039584,6.991923023278989
ROW,H51,0.0,0.4477375852943877,0.929970346854286,1.4549402776498057,2.0330833684972665,2.6777964342983704,3.4065668441584283,4.242692695137599,5.218006309053796,6.377393434665006,7.7867353891645505
ROW,H52,0.0,0.07099307090492168,0.1681992501625883,0.296458121332616,0.461901862978955,0.6724201026705736,0.9383482130648284,1.2735202880937653,1.6969436209029247,2.2355884763803617,2.9293087188145113
ROW,H53,0.0,0.07913390620020207,0.18311015435028433,0.31654379707602776,0.485285421917735,0.6968597508579173,0.9611122980792647,1.2911945926140482,1.705124883705592,2.2283792364693187,2.898447612008058
ROW,I,0.0,0.104079026966809,0.2519832985390393,0.45219579558913237,0.7150713447000874,1.0534289321433654,1.483405924405271,2.025730858730138,2.7076952891213777,3.5663563724495604,4.654049920976991
ROW,J58T60,0.0,0.03647523858894606,0.08890956655760587,0.16182273214376067,0.2611095049381351,0.39456219306248663,0.5726506203223464,0.8097242969739169,1.1259372918015513,1.5504753258952442,2.1272802000156967
ROW,J61,0.0,0.031067388996436764,0.07627577684622285,0.13909183268458075,0.22404614077140902,0.3371616227003134,0.4866058303269181,0.683716909873233,0.9446802606619067,1.2933968566493839,1.7666713809429635
ROW,J62_63,0.0,0.01668755059739099,0.04334564804657898,0.08311344775874514,0.1401760919934465,0.22019650821970796,0.3309742315173689,0.48348325067300535,0.6935698274239183,0.9848585468985334,1.3940089751981168
ROW,K,0.0,0.021557005766301516,0.05122714269516306,0.09097086411187245,0.14332138121352872,0.21159980753291197,0.30023592310122643,0.41526202029246356,0.5651028120144641,0.7618983818250203,1.023848453375854
ROW,L,0.0,0.043555330408708036,0.09814639452760013,0.16599869638302547,0.24992747631260473,0.35354747042080353,0.4815817597751947,0.6403312285295498,0.8384157994582985,1.08799992953632,1.4069369857026974
ROW,M,0.0,0.0337857650557414,0.08103777773491225,0.1450978868602773,0.23029873565194792,0.34233947576564067,0.4888472375148778,0.6802436215684365,0.9311340131473115,1.262640168368819,1.7065439527789463
ROW,N,0.0,0.0575004093678996,0.13173877501150333,0.22625499376140312,0.34557383183924084,0.49556297008585515,0.6839640983500239,0.9212068712611791,1.221705709915452,1.6060245971760418,2.104703369965054
ROW,O,0.0,0.05177137148536825,0.12495936477973961,0.2230149478475577,0.35024173484277393,0.5120959291190279,0.7156297629279692,0.970169027595241,1.2883894328698282,1.6881086227325603,2.195445775559442
ROW,P,0.0,0.06814884147258549,0.15562009117429412,0.26517673563163974,0.4002169409372384,0.5649891446611114,0.7649081095363799,1.0070350648617998,1.300836463092837,1.6594411663403072,2.1018475763934177
ROW,Q,0.0,0.054830581833351086,0.12837472368137642,0.22410249429533402,0.34639880550297714,0.5008942177888281,0.6949554243748602,0.9384364475359659,1.2448743038516379,1.6334825795274184,2.132670207714153
ROW,R,0.0,0.055151681200309645,0.1389297574463525,0.2564667972504932,0.41416152477417895,0.6201201025953467,0.8848073477101605,1.222040161378054,1.6505637329776786,2.1966732986624526,2.8988341607526906
ROW,S,0.0,0.0938909809567144,0.21277642386456347,0.36126858272804874,0.5451627809657071,0.7718574556739919,1.0509759982030045,1.3953183069651791,1.8223750892832107,2.3568539841465217,3.0351434824101213
ROW,T,0.0,0.00053725,0.0010745,0.0016117499999999997,0.002149,0.0026862499999999994,0.0032234999999999994,0.003760749999999999,0.004298,0.004835249999999999,0.005372499999999999
