scenario,region,tenor,2025,2030,2035,2040,2045
Below 2?C,EU27,1D,-0.11978385416674144,-17.14811941877678,-23.295188081458242,-28.52126404204816,-37.65511102927414
Below 2?C,EU27,6M,-0.11860045986453964,-16.97870604537331,-23.06504527100949,-28.239490662874957,-37.283100593053
Below 2?C,EU27,1Y,-0.11742623663866604,-16.810605592756783,-22.836686022706587,-27.9599009727417,-36.913973165562865
Below 2?C,EU27,5Y,-0.10857159410224987,-15.542985105160179,-21.114662927734514,-25.85155674274616,-34.13043818789255
Below 2?C,EU27,10Y,-0.09873124855223091,-14.13425250269391,-19.200943403773167,-23.50851063148644,-31.037038774173656
Below 2?C,EU27,20Y,-0.08245639181345925,-11.804362645489523,-16.035860335059052,-19.63336828010688,-25.920894017043835
Below 2?C,USA,1D,-0.11166514827362962,-14.788366967144146,-17.917219302615884,-22.1635133650476,-29.574074171491944
Below 2?C,USA,6M,-0.11056196202919984,-14.642266565470422,-17.74020767294749,-21.94455083779029,-29.281899645042667
Below 2?C,USA,1Y,-0.10946732526420651,-14.49729841357417,-17.564567849078443,-21.72728522765245,-28.991989414507472
Below 2?C,USA,5Y,-0.10121283238102932,-13.404115161938874,-16.240094085273892,-20.08891760654222,-26.805819525788625
Below 2?C,USA,10Y,-0.09203944542875248,-12.189238231408538,-14.768179272883728,-18.268166123534026,-24.376284166505005
Below 2?C,USA,20Y,-0.07686766536282429,-10.179964481912844,-12.333792941472863,-15.256842040224031,-20.358098045587234
Below 2?C,CHN,1D,-0.1641897567548508,-90.92071945900466,-100.61526859996034,-126.21010509734128,-160.426607820713
Below 2?C,CHN,6M,-0.16256765815086768,-90.02247601786358,-99.62124869298731,-124.9632232008498,-158.84168692350826
Below 2?C,CHN,1Y,-0.1609581304964669,-89.13119378918118,-98.63493224750773,-123.72600439722915,-157.26904885586873
Below 2?C,CHN,5Y,-0.1488209220695152,-82.41016719036602,-91.19726676783482,-114.39632158735039,-145.41001931082798
Below 2?C,CHN,10Y,-0.13533259383462448,-74.94095271770837,-82.93163683365889,-104.02805405495634,-132.230836963133
Below 2?C,CHN,20Y,-0.11302437218198623,-62.587687796698674,-69.26118772690403,-86.88007201903633,-110.43390884179571
Below 2?C,GBR,1D,-0.09848538794445372,-9.852904029260484,-13.377699571658223,-16.55504027850002,-21.768613560048056
Below 2?C,GBR,6M,-0.09751241001053815,-9.755563109906385,-13.245535737393624,-16.39148617953918,-21.553552411506832
Below 2?C,GBR,1Y,-0.09654697246690584,-9.658976563798456,-13.114396147212014,-16.229199593124722,-21.340157945156683
Below 2?C,GBR,5Y,-0.08926675167776264,-8.930631798707905,-12.12549202077015,-15.005420605031427,-19.73098204304144
Below 2?C,GBR,10Y,-0.0811760932518612,-8.121207348363098,-11.026502617188173,-13.645409958620334,-17.94267191505444
Below 2?C,GBR,20Y,-0.06779502790872109,-6.782507715991412,-9.208894179576923,-11.396100895128946,-14.985002289578057
Below 2?C,JPN,1D,-0.13276686641085098,-23.40981224166375,-30.615927955995776,-37.51274089445733,-49.615730819429444
Below 2?C,JPN,6M,-0.13145520755394793,-23.17853701166626,-30.31346052453951,-37.14213699175874,-49.12555646696989
Below 2?C,JPN,1Y,-0.1301537137987957,-22.949054119846487,-30.01333715701487,-36.77440519742915,-48.63918087067486
Below 2?C,JPN,5Y,-0.12033934314820918,-21.21855779639369,-27.75015152271689,-34.00139448165067,-44.97149490710969
Below 2?C,JPN,10Y,-0.10943243209442605,-19.295421800131884,-25.23502698846949,-30.91969089565702,-40.8955203997251
Below 2?C,JPN,20Y,-0.09139359250687686,-16.114764914736686,-21.075285720545484,-25.82288976012079,-34.154303758360136
Below 2?C,IND,1D,-0.1980323538160918,-85.09849626957511,-92.16406557477066,-116.13092553882662,-148.00465781019963
Below 2?C,IND,6M,-0.19607591018027962,-84.25777298251863,-91.25353860243669,-114.98362003135176,-146.54245850153399
Below 2?C,IND,1Y,-0.1941346286032018,-83.42356513788243,-90.3500680375458,-113.8452059190452,-145.09159095392368
Below 2?C,IND,5Y,-0.17949571323447713,-77.13292797233655,-83.53713100989418,-105.26059457703526,-134.15081477210512
Below 2?C,IND,10Y,-0.16322718685260498,-70.14201408911866,-75.96577459579943,-95.72034022226372,-121.99210618824776
Below 2?C,IND,20Y,-0.13632082112895555,-58.57980610118459,-63.44357805999436,-79.9418015432993,-101.8829302121693
Below 2?C,CAN,1D,-0.10747726140487782,-15.276632529969127,-19.867705185590125,-24.414793764250113,-32.318167484759556
Below 2?C,CAN,6M,-0.10641544902918203,-15.125708350591571,-19.671423898116068,-24.173589905591275,-31.998882924038796
Below 2?C,CAN,1Y,-0.10536186549346427,-14.975953804333146,-19.47666375255209,-23.93425533005667,-31.68207275673985
Below 2?C,CAN,5Y,-0.09741694890054511,-13.846677065376603,-18.008006489341838,-22.12946892635801,-29.29305444955443
Below 2?C,CAN,10Y,-0.08858760041822383,-12.591688703370002,-16.375857601896925,-20.123772842825446,-26.638089489496217
Below 2?C,CAN,20Y,-0.07398482240437723,-10.516075027339712,-13.676461611736777,-16.806570590619476,-22.247067431198403
Below 2?C,NOR,1D,-0.11737399785366501,-3.978478398480791,-9.027696134955947,-11.185103180890778,-14.162891688847877
Below 2?C,NOR,6M,-0.11621441151999,-3.9391733627483347,-8.938507786138546,-11.074600914405178,-14.022970616480702
Below 2?C,NOR,1Y,-0.11506381175550455,-3.900172933419775,-8.85001062972681,-10.964955019053438,-13.884133905287326
Below 2?C,NOR,5Y,-0.10638731022452566,-3.606076501956125,-8.18266674804517,-10.13813164549715,-12.837186935187683
Below 2?C,NOR,10Y,-0.09674493642129621,-3.2792411160297377,-7.441033828429174,-9.219265901209374,-11.67369333101836
Below 2?C,NOR,20Y,-0.08079750332846725,-2.7386910859443767,-6.214453983427284,-7.699562322261422,-9.749401991036262
Below 2?C,IDN,1D,-0.1853715582642764,-53.34515423762164,-59.23792524730347,-74.8048115747892,-95.03504427045303
Below 2?C,IDN,6M,-0.18354019587102055,-52.818135366722714,-58.65268925118723,-74.065783861825,-94.0961537106068
Below 2?C,IDN,1Y,-0.18172302618112815,-52.29520078986038,-58.071988720537085,-73.33248347030525,-93.1645393705059
Below 2?C,IDN,5Y,-0.168020020076785,-48.351828996474914,-53.69301246941681,-67.8027743863356,-86.13937432383808
Below 2?C,IDN,10Y,-0.15279158882321434,-43.9694791817283,-48.826566501763935,-61.65749546021831,-78.33216456683007
Below 2?C,IDN,20Y,-0.12760542683852494,-36.72155124549376,-40.77799640349428,-51.49387532777704,-65.41989236266946
Below 2?C,RUS,1D,-0.12377411080116198,-73.34066989723628,-78.34968268677069,-94.92813858542463,-131.82794461326267
Below 2?C,RUS,6M,-0.12255129510115707,-72.61610704625942,-77.57563372403004,-93.99030419111438,-130.52556175364
Below 2?C,RUS,1Y,-0.12133795598566774,-71.89715941685199,-76.80758349062742,-93.05973783147138,-129.2332721085882
Below 2?C,RUS,5Y,-0.11218834634895128,-66.4756823752355,-71.0158310223251,-86.04247544942076,-119.48830828202757
Below 2?C,RUS,10Y,-0.10202019782090077,-60.450683933842384,-64.57933791784599,-78.24404808540937,-108.658530452893
Below 2?C,RUS,20Y,-0.08520319076038603,-50.48599458563075,-53.934081341943816,-65.34630100001789,-90.74726079412058
Below 2?C,CHL,1D,-0.1387966928230302,-27.361362366763835,-35.06369143463424,-38.85295603743833,-51.644521250855284
Below 2?C,CHL,6M,-0.1374254628138289,-27.091048136598605,-34.71728270579047,-38.46911159430998,-51.13430363752713
Below 2?C,CHL,1Y,-0.13606485957125516,-26.822828789290956,-34.37355857741087,-38.08824187117101,-50.62804011174793
Below 2?C,CHL,5Y,-0.12580475307581793,-24.80022662180858,-31.78158609647287,-35.21615999012121,-46.810382232714325
Below 2?C,CHL,10Y,-0.11440248665118591,-22.55246742019326,-28.9010740076254,-32.024356589673914,-42.56774086498634
Below 2?C,CHL,20Y,-0.09554438338490025,-18.834919209757235,-24.137021633448146,-26.74546238656293,-35.55087544061858
Below 2?C,AUS,1D,-0.11743395056429294,-18.25028715288068,-24.602533351767747,-30.200787660818982,-39.824827800061435
Below 2?C,AUS,6M,-0.11627377193296103,-18.06998500798391,-24.35947473597397,-29.90242157226359,-39.43138183330237
Below 2?C,AUS,1Y,-0.11512258446101063,-17.89108016974132,-24.1182997773125,-29.606367763027787,-39.040984996478656
Below 2?C,AUS,5Y,-0.10644165111553228,-16.541985418617706,-22.299635318437154,-27.373870061939368,-36.09706056946031
Below 2?C,AUS,10Y,-0.09679435214610788,-15.042708798903783,-20.278516268032774,-24.8928496562049,-32.82541707669803
Below 2?C,AUS,20Y,-0.0808387733663384,-12.563069026742843,-16.935806113177488,-20.78951289185521,-27.41447608134466
Below 2?C,SGP,1D,-0.13654382364391712,-32.44368203469487,-39.90678434434712,-48.988906046899004,-63.85936946526055
Below 2?C,SGP,6M,-0.13519485066233206,-32.12315746375512,-39.51252869494584,-48.50492435595842,-63.22847630780551
Below 2?C,SGP,1Y,-0.1338563319597272,-31.80511689607589,-39.121328450363364,-48.02469342925661,-62.60247244996194
Below 2?C,SGP,5Y,-0.12376276169240785,-29.406820322795863,-36.17134564504172,-44.40334350431983,-57.88187055290916
Below 2?C,SGP,10Y,-0.11254557038792184,-26.741544235653702,-32.89296935242534,-40.37886318539595,-52.635769010127355
Below 2?C,SGP,20Y,-0.09399356115573046,-22.33346869938059,-27.47089304149599,-33.722812307348676,-43.959290058058606
Below 2?C,TUR,1D,-0.15829263932239726,-52.49314376582604,-58.75383422857695,-70.5122831206648,-96.81396660417084
Below 2?C,TUR,6M,-0.156728800783742,-51.97454225922678,-58.173380768114555,-69.81566307399241,-95.8575013338728
Below 2?C,TUR,1Y,-0.15517708169046207,-51.459959813723295,-57.597425709394486,-69.12444169757549,-94.90844848391758
Below 2?C,TUR,5Y,-0.1434757990168006,-47.57957019950975,-53.25423435562729,-63.91204420207549,-87.75178223055798
Below 2?C,TUR,10Y,-0.13047192399714544,-43.26721377004053,-48.42755687710066,-58.119400141197,-79.79843249005886
Below 2?C,TUR,20Y,-0.1089649350486352,-36.13504724810397,-40.44475951617617,-48.53899955970396,-66.6444607151835
Below 2?C,KOR,1D,-0.13606831102590977,-42.15001995723023,-50.78644727367891,-62.738570617908486,-80.63043535264912
Below 2?C,KOR,6M,-0.13472403583040524,-41.73360245420311,-50.28470692853119,-62.11875029643036,-79.83385388977891
Below 2?C,KOR,1Y,-0.1333901785069499,-41.3204121060622,-49.786854973748156,-61.50373346223241,-79.04344577875264
Below 2?C,KOR,5Y,-0.12333175900584441,-38.2046052035347,-46.03262749934256,-56.86598307482228,-73.08309588377026
Below 2?C,KOR,10Y,-0.11215363146756575,-34.74194519643581,-41.86047763901874,-51.71195611109564,-66.4592370069799
Below 2?C,KOR,20Y,-0.09366622943798429,-29.015083749939166,-34.960197468539825,-43.18775845603912,-55.50409790849607
Below 2?C,KAZ,1D,-0.14503545547811716,-63.191408813404614,-70.85582387241412,-85.56733745622064,-118.00658083321716
Below 2?C,KAZ,6M,-0.14360259014894577,-62.56711471585628,-70.15580984438238,-84.72198229291695,-116.84074495031133
Below 2?C,KAZ,1Y,-0.14218082924817782,-61.94765877648498,-69.46122078930337,-83.88317846817615,-115.68394406938954
Below 2?C,KAZ,5Y,-0.13145954195700962,-57.276433757824705,-64.22342813036843,-77.55788370087771,-106.96068084254172
Below 2?C,KAZ,10Y,-0.1195447558713793,-52.085205750994824,-58.4025619043973,-70.52845411521591,-97.26633980924476
Below 2?C,KAZ,20Y,-0.09983900106520077,-43.49948163388871,-48.775484944376096,-58.902545362274964,-81.23295859394793
Below 2?C,MEA,1D,-0.1781633436990867,-29.271467667412463,-33.423374888311926,-40.58452085448666,-55.3489396398761
Below 2?C,MEA,6M,-0.17640319424270645,-28.98228271593744,-33.093171525944534,-40.18356956542617,-54.80212454314726
Below 2?C,MEA,1Y,-0.17465668560324027,-28.695338891750268,-32.76552717559407,-39.78572557109324,-54.25954715736579
Below 2?C,MEA,5Y,-0.16148652396065316,-26.531538231684628,-30.294809906932308,-36.78564323797704,-50.16805186620112
Below 2?C,MEA,10Y,-0.1468502536674521,-24.126862254214522,-27.54905121819464,-33.45159031433197,-45.6210893755356
Below 2?C,MEA,20Y,-0.12264346123308197,-20.149790835577566,-23.007866249506534,-27.937430936900167,-38.10091005297032
Below 2?C,AFR,1D,-0.19588927188252497,-39.566665232251744,-46.53969434038203,-55.93423526828587,-76.43596001699201
Below 2?C,AFR,6M,-0.19395400064066337,-39.17576976041465,-46.07990942619855,-55.38163779365157,-75.68081751304886
Below 2?C,AFR,1Y,-0.19203372737558927,-38.78790365267194,-45.62368775592684,-54.833322842271954,-74.93152721705489
Below 2?C,AFR,5Y,-0.1775532325601186,-35.86306307689665,-42.18338805940419,-50.69856142309907,-69.28124064390684
Below 2?C,AFR,10Y,-0.16146076218274721,-32.612627858763695,-38.36011256633045,-46.103516398501625,-63.001961485234766
Below 2?C,AFR,20Y,-0.13484557386101786,-27.23676303319668,-32.0368324938627,-38.503813816575054,-52.61671960417647
Below 2?C,LAM,1D,-0.15422668431101183,-38.580754807533275,-47.12623155694819,-51.13089441687013,-69.16947078770033
Below 2?C,LAM,6M,-0.1527030150257752,-38.199599553083665,-46.66065199869568,-50.62575113574664,-68.48611694017315
Below 2?C,LAM,1Y,-0.15119115388199053,-37.82139817793273,-46.198680591722606,-50.124522617081645,-67.80805895243097
Below 2?C,LAM,5Y,-0.1397904340717084,-34.969437911816335,-42.715022986714494,-46.34483297712072,-62.69492461125677
Below 2?C,LAM,10Y,-0.12712058071616808,-31.79999607403572,-38.84356296218527,-42.144386490876016,-57.01259372619914
Below 2?C,LAM,20Y,-0.10616602711695354,-26.55808545315825,-32.44059093759278,-35.19730679179191,-47.61463908867809
Below 2?C,ROW,1D,-0.1719907484570082,-61.59487416646695,-69.0736709498386,-84.50202652101757,-111.61981057261401
Below 2?C,ROW,6M,-0.1702915806253226,-60.98635289587928,-68.39126354858386,-83.66719600562709,-110.51707223810858
Below 2?C,ROW,1Y,-0.1686055810147868,-60.38254754711877,-67.7141446723391,-82.83883526481937,-109.42287991182454
Below 2?C,ROW,5Y,-0.1558917089512151,-55.82934130230725,-62.60809203115872,-76.59229023876928,-101.17173847478931
Below 2?C,ROW,10Y,-0.14176252260972846,-50.76926997529645,-56.933631184302435,-69.65037685296207,-92.00207605323108
Below 2?C,ROW,20Y,-0.11839439164580501,-42.4004646811665,-47.54869273037008,-58.16921033571963,-76.83645595430367
Current Policies,EU27,1D,-0.11982008884282819,-0.8750787225786041,-1.8833043602205202,-3.3022437791916395,-4.90191819316906
Current Policies,EU27,6M,-0.1186363365632552,-0.8664334574760467,-1.8646984165004727,-3.269619545316706,-4.853490113274581
Current Policies,EU27,1Y,-0.11746175813426564,-0.8578551915013249,-1.8462366652357187,-3.2372481429269833,-4.805437341606881
Current Policies,EU27,5Y,-0.108604437064032,-0.7931677648564021,-1.7070193474007678,-2.9931402167273213,-4.443078544211308
Current Policies,EU27,10Y,-0.09876111480453857,-0.7212793031472317,-1.552304291608441,-2.721858080218237,-4.0403817933490265
Current Policies,EU27,20Y,-0.08248133491342398,-0.602383639418719,-1.296422487910366,-2.273187056926301,-3.3743653515341534
Current Policies,USA,1D,-0.11169892703710337,-0.657255268943891,-1.5912838051510572,-2.88305306643241,-4.3421175454452605
Current Policies,USA,6M,-0.11059540707828021,-0.6507619719484744,-1.575562853430966,-2.854570191211078,-4.299219967983631
Current Policies,USA,1Y,-0.10950043918511532,-0.6443189967454273,-1.5599637360376999,-2.826308052748589,-4.256654838427541
Current Policies,USA,5Y,-0.10124344931369242,-0.5957334799229931,-1.4423331140593252,-2.6131874740665784,-3.935677533234987
Current Policies,USA,10Y,-0.09206728740725213,-0.5417394002870558,-1.3116077953612133,-2.376342211321528,-3.5789688819462793
Current Policies,USA,20Y,-0.0768909178702289,-0.45243909001339744,-1.0954023965642226,-1.984626015905504,-2.989011733826316
Current Policies,CHN,1D,-0.1642394242387881,-5.765733012624296,-7.6941658428457185,-10.007047412308964,-12.624391659139722
Current Policies,CHN,6M,-0.16261683494916201,-5.708770948391011,-7.618151992047893,-9.908183646637298,-12.499670065715339
Current Policies,CHN,1Y,-0.16100682041183684,-5.652250329108004,-7.542727233851213,-9.810086055975418,-12.375915040450819
Current Policies,CHN,5Y,-0.14886594047323604,-5.2260367534775645,-6.973960360984816,-9.07034672885693,-11.44269681868789
Current Policies,CHN,10Y,-0.13537353201227526,-4.752376880132729,-6.341878089634952,-8.248259268426184,-10.405592301147625
Current Policies,CHN,20Y,-0.11305856211137537,-3.9689951846010048,-5.296483051315733,-6.888616400475756,-8.690334705740499
Current Policies,GBR,1D,-0.09851517982380396,-0.5979032976505515,-1.386927606600373,-2.503295873558696,-3.7677801601336527
Current Policies,GBR,6M,-0.09754190756357438,-0.5919963633593707,-1.3732255743971635,-2.4785647769171493,-3.7305566995556982
Current Policies,GBR,1Y,-0.09657617797459991,-0.5861352066633239,-1.359629730286083,-2.4540253414780926,-3.6936217135779046
Current Policies,GBR,5Y,-0.08929375491500909,-0.5419370965852291,-1.2571054938957718,-2.2689771120865694,-3.4151004829340534
Current Policies,GBR,10Y,-0.08120064906086757,-0.4928188318966743,-1.1431682108057624,-2.063329225890955,-3.105574136581814
Current Policies,GBR,20Y,-0.06781553593873609,-0.41158258699044153,-0.9547283892497802,-1.7232100837884299,-2.593651367391214
Current Policies,JPN,1D,-0.13280702845466655,-0.9152308052704029,-2.0855571619878206,-3.709187781675754,-5.53371086609306
Current Policies,JPN,6M,-0.1314949728203001,-0.9061888611144827,-2.064953079078809,-3.6725431794698387,-5.479041044734241
Current Policies,JPN,1Y,-0.13019308536263283,-0.8972169902721275,-2.0445086738162748,-3.6361825658239675,-5.4247949038879915
Current Policies,JPN,5Y,-0.12037574585999196,-0.8295614479174397,-1.8903404573473128,-3.36199259142673,-5.015732831541176
Current Policies,JPN,10Y,-0.10946553546013342,-0.7543744584476728,-1.7190101617825269,-3.057279658824065,-4.561133774973419
Current Policies,JPN,20Y,-0.091421239114543,-0.6300233900812137,-1.4356485662821614,-2.5533177502354185,-3.809276588494156
Current Policies,IND,1D,-0.19809225870264877,-5.41327704283916,-7.409344481291753,-10.022689018693125,-12.985759669232275
Current Policies,IND,6M,-0.19613522324165347,-5.35979703709633,-7.336144498679693,-9.923670723114228,-12.857467971580437
Current Policies,IND,1Y,-0.19419335442592295,-5.306731491025806,-7.263511801736078,-9.825419800121924,-12.730170509703818
Current Policies,IND,5Y,-0.17955001077794194,-4.906572108124287,-6.715799447117065,-9.084524216726741,-11.770239300821514
Current Policies,IND,10Y,-0.16327656315866304,-4.461866792620151,-6.107115492987955,-8.261151785021292,-10.703448093745582
Current Policies,IND,20Y,-0.13636205824585954,-3.7263727732270917,-5.100418715696304,-6.899383714932085,-8.9390919563426
Current Policies,CAN,1D,-0.10750977333046899,-0.6975872866582994,-1.6057221368656018,-2.8724256436593802,-4.300847000321472
Current Policies,CAN,6M,-0.1064476397559959,-0.6906955329569141,-1.5898585428870602,-2.844047761148829,-4.258357151666766
Current Policies,CAN,1Y,-0.10539373751072907,-0.6838571890100905,-1.574117888685181,-2.8158898017239746,-4.2161965910984245
Current Policies,CAN,5Y,-0.0974464175765476,-0.6322902553504891,-1.4554199587040388,-2.603554821655343,-3.898270080413163
Current Policies,CAN,10Y,-0.08861439821187292,-0.5749828661387322,-1.3235085187692606,-2.3675826107345155,-3.5449518395255972
Current Policies,CAN,20Y,-0.07400720285033803,-0.48020270371927554,-1.1053414049996162,-1.9773103476776277,-2.96060205989526
Current Policies,NOR,1D,-0.11740950354700586,-0.6418987214340398,-1.5037048854135506,-2.7726173615818706,-4.217420565485369
Current Policies,NOR,6M,-0.11624956643788212,-0.6355571381311829,-1.48884916211119,-2.745225526424234,-4.175754921130357
Current Policies,NOR,1Y,-0.11509861861638965,-0.6292647008690022,-1.474108567783224,-2.7180459726765487,-4.134412177438238
Current Policies,NOR,5Y,-0.10641949243933699,-0.5818143682476368,-1.3629519404295474,-2.51308900416146,-3.822652702065873
Current Policies,NOR,10Y,-0.09677420181318594,-0.5290818420573072,-1.2394213045132632,-2.285316128545283,-3.4761880137919228
Current Policies,NOR,20Y,-0.08082194461383152,-0.44186800339089116,-1.035115125206073,-1.9086046705188735,-2.9031732616127313
Current Policies,IDN,1D,-0.1854276332538158,-3.6570702186939315,-5.39818974412068,-7.665173332415099,-10.243115547553419
Current Policies,IDN,6M,-0.18359571687251558,-3.620940507476508,-5.344858792050093,-7.589445910634678,-10.141919567009197
Current Policies,IDN,1Y,-0.1817779974878787,-3.5850907945138295,-5.291941144514762,-7.514305361686072,-10.041507835687701
Current Policies,IDN,5Y,-0.1680708462173021,-3.31475344610933,-4.89289704244906,-6.947681668448367,-9.284317918367647
Current Policies,IDN,10Y,-0.15283780835562372,-3.014322015655128,-4.4494311613732025,-6.317981156501592,-8.442837259744094
Current Policies,IDN,20Y,-0.1276440275442758,-2.517441243977658,-3.7159870311486483,-5.276525288090021,-7.051120160183583
Current Policies,RUS,1D,-0.12381155253188605,-6.3447238242941575,-7.581308156947743,-9.208629933728833,-11.021345106606358
Current Policies,RUS,6M,-0.12258836692951734,-6.28204167005105,-7.50640927396741,-9.11765406498203,-10.912460673954843
Current Policies,RUS,1Y,-0.12137466077833577,-6.219845290346411,-7.432090842803882,-9.027383241573665,-10.804420074538742
Current Policies,RUS,5Y,-0.11222228338010576,-5.750831650342773,-6.8716666173924805,-8.346664401121206,-9.989701998648217
Current Policies,RUS,10Y,-0.10205105898201518,-5.229607189126302,-6.2488557009755255,-7.5901676159701745,-9.084289119513043
Current Policies,RUS,20Y,-0.08522896476841268,-4.367558860444878,-5.218794471061754,-6.3390045608627625,-7.586835110153042
Current Policies,CHL,1D,-0.13883867889236592,-5.791144184527367,-7.348377626161939,-8.660726156195166,-10.182146470419784
Current Policies,CHL,6M,-0.13746703408539768,-5.733931072803153,-7.2757799603603175,-8.575163255773674,-10.081552828638097
Current Policies,CHL,1Y,-0.1361060192596593,-5.677161351598582,-7.203744912388677,-8.490263451235919,-9.981738768070548
Current Policies,CHL,5Y,-0.1258428090768506,-5.24906933546213,-6.660539339693649,-7.850046664488122,-9.229055796929083
Current Policies,CHL,10Y,-0.11443709346089458,-4.773321912721789,-6.056863864593276,-7.138560640900888,-8.392583799873771
Current Policies,CHL,20Y,-0.0955732856088931,-3.986487638500193,-5.058450564569521,-5.961840469168888,-7.009150479481559
Current Policies,AUS,1D,-0.11746947439335888,-0.690958544880929,-1.7075998228626197,-3.1272741966750686,-4.724133139765296
Current Policies,AUS,6M,-0.1163089448074079,-0.6841322792647675,-1.6907297370328258,-3.09637855976714,-4.677461472040706
Current Policies,AUS,1Y,-0.11515740910066867,-0.6773589158832085,-1.6739903910963376,-3.0657223580531805,-4.631151500689227
Current Policies,AUS,5Y,-0.10647384976849042,-0.6262819909924275,-1.5477614754225402,-2.834548504802729,-4.281934901022713
Current Policies,AUS,10Y,-0.09682363248627922,-0.5695191585584177,-1.4074806968901619,-2.5776402683879667,-3.8938433435839648
Current Policies,AUS,20Y,-0.08086322713590988,-0.4756396335707375,-1.1754716112119246,-2.1527421058785534,-3.251982296455368
Current Policies,SGP,1D,-0.1365851282191939,-1.8983377459432038,-3.3150606157795957,-4.99208093889065,-6.884995600848991
Current Policies,SGP,6M,-0.13523574717260395,-1.8795832811797255,-3.2823097590680876,-4.942762103891487,-6.816975877978933
Current Policies,SGP,1Y,-0.13389682356741886,-1.860974159880822,-3.2498127151442158,-4.893825480298406,-6.749483294769007
Current Policies,SGP,5Y,-0.1238001999900208,-1.7206455465577402,-3.0047573448401415,-4.524801687115044,-6.240531772592634
Current Policies,SGP,10Y,-0.11257961547952762,-1.5646954853356168,-2.7324222942988534,-4.114697989967633,-5.674923525187236
Current Policies,SGP,20Y,-0.09402199425521958,-1.3067711175487724,-2.2820098662010344,-3.4364312680127447,-4.739469261919739
Current Policies,TUR,1D,-0.15834052292534742,-2.199014542922242,-3.8050065055795477,-5.912764488022,-8.264591749406675
Current Policies,TUR,6M,-0.15677621132474825,-2.177289567560115,-3.7674152705181374,-5.854349838952133,-8.182942424843638
Current Policies,TUR,1Y,-0.15522402283566275,-2.1557329565435857,-3.730115360237807,-5.796387892083304,-8.101925866710454
Current Policies,TUR,5Y,-0.14351920051811165,-1.9931777620609272,-3.4488422897558286,-5.359305479702661,-7.490992062989774
Current Policies,TUR,10Y,-0.1305113918197275,-1.8125268461056778,-3.1362577674474035,-4.873566845537287,-6.812048818011285
Current Policies,TUR,20Y,-0.10899789699625131,-1.513749962514034,-2.6192771092511897,-4.070208198897803,-5.6891508476488175
Current Policies,KOR,1D,-0.13610947175838067,-2.7948527955382465,-4.304468266242229,-6.022035006967527,-7.9650451637351
Current Policies,KOR,6M,-0.13476478991895388,-2.7672412873200454,-4.261942641601793,-5.9625408291880655,-7.886355183945143
Current Policies,KOR,1Y,-0.1334305291029878,-2.7398437629354113,-4.219746582304673,-5.903507719747774,-7.808275036236998
Current Policies,KOR,5Y,-0.12336906692492806,-2.5332431102969872,-3.90155238099048,-5.4583478298826895,-7.2194842663799115
Current Policies,KOR,10Y,-0.11218755799745114,-2.3036435748600237,-3.5479366500260037,-4.963632529602055,-6.565149028313887
Current Policies,KOR,20Y,-0.09369456351946429,-1.9239110210049502,-2.9630948543014837,-4.145427457674451,-5.482950013602042
Current Policies,KAZ,1D,-0.14507932877629157,-5.584041868364972,-7.170182693052303,-8.981093955883955,-11.009364062590508
Current Policies,KAZ,6M,-0.14364603000463796,-5.528874806190793,-7.099345488791931,-8.892366009293276,-10.900597995634614
Current Policies,KAZ,1Y,-0.142223839020483,-5.474135278049067,-7.029057259126029,-8.8043256870803,-10.792674844602951
Current Policies,KAZ,5Y,-0.13149930853452088,-5.061352645559004,-6.499024183220844,-8.140426724081324,-9.978842429494602
Current Policies,KAZ,10Y,-0.11958091822011149,-4.602618854325381,-5.909987573510629,-7.402622213132276,-9.074413803320615
Current Policies,KAZ,20Y,-0.09986920241320033,-3.8439232683206366,-4.935785357928166,-6.182374137911776,-7.578587640854466
Current Policies,MEA,1D,-0.17821723820009747,-1.4396069755472953,-2.9788719211208536,-5.081469549033824,-7.454656979593718
Current Policies,MEA,6M,-0.17645655629762202,-1.4253845020417997,-2.9494424117519515,-5.031267606935953,-7.381009336045365
Current Policies,MEA,1Y,-0.17470951933841466,-1.4112722499475885,-2.9202409753729404,-4.981454720152906,-7.307932447450891
Current Policies,MEA,5Y,-0.16153537371531157,-1.304853857835592,-2.700037290938347,-4.605823156705756,-6.756870509720807
Current Policies,MEA,10Y,-0.14689467594299088,-1.1865889197590176,-2.4553204277434664,-4.188376109169733,-6.144464095297464
Current Policies,MEA,20Y,-0.12268056094174343,-0.990991629538631,-2.0505854649503568,-3.49796428774148,-5.131610775260797
Current Policies,AFR,1D,-0.19594852848572,-1.6700653249733475,-3.4715275553766802,-5.882733204253116,-8.591857144160233
Current Policies,AFR,6M,-0.19401267182333512,-1.6535660579926144,-3.4372308969701924,-5.824615246672657,-8.50697462922982
Current Policies,AFR,1Y,-0.19209181767463324,-1.6371946571310254,-3.4032000310146757,-5.766947691991738,-8.422749937327543
Current Policies,AFR,5Y,-0.17760694250220316,-1.5137403604900295,-3.1465783371143465,-5.332085247273121,-7.78762407445799
Current Policies,AFR,10Y,-0.16150960414445484,-1.3765430728992831,-2.861389394339419,-4.848813708624519,-7.081795698813599
Current Policies,AFR,20Y,-0.13488636471488188,-1.1496337444475855,-2.3897180324394545,-4.049535368503973,-5.9144326588286615
Current Policies,LAM,1D,-0.15427333796052756,-8.658881303652045,-9.9554330321559,-11.350923147769238,-12.978023436731656
Current Policies,LAM,6M,-0.1527492077645664,-8.573336629292847,-9.857079186321176,-11.238782677158714,-12.849808168524548
Current Policies,LAM,1Y,-0.1512368892820259,-8.488454909568937,-9.759487563716394,-11.127511273446299,-12.722586543779288
Current Policies,LAM,5Y,-0.13983272074827136,-7.848374497710022,-9.023563666391624,-10.288430183336116,-11.763227211414467
Current Policies,LAM,10Y,-0.12715903475572332,-7.137040030329086,-8.205716371211775,-9.355942187664564,-10.697071542421618
Current Policies,LAM,20Y,-0.10619814239351363,-5.96057051600874,-6.853086273458926,-7.813708892803327,-8.933766515592103
Current Policies,ROW,1D,-0.17204277574485594,-3.6742616358042657,-5.369323003453217,-7.602415320917083,-10.116111705765762
Current Policies,ROW,6M,-0.17034309391404728,-3.637962083457613,-5.316277237868461,-7.527307911522646,-10.016170448771513
Current Policies,ROW,1Y,-0.16865658428778194,-3.6019438456015167,-5.263642566679006,-7.452782569984281,-9.917003717135824
Current Policies,ROW,5Y,-0.15593886627152123,-3.3303356760645255,-4.866732347110069,-6.890798064239556,-9.169202157099846
Current Policies,ROW,10Y,-0.14180540584406523,-3.0284919560656514,-4.425637893344234,-6.266253176341351,-8.338154972153227
Current Policies,ROW,20Y,-0.11843020600878079,-2.529275411737071,-3.696115844873906,-5.233324146988729,-6.963693698469638
Delayed transition,EU27,1D,-0.11779673405656484,-0.8823336336592386,-19.200191024574426,-32.26515108097368,-37.14855388544218
Delayed transition,EU27,6M,-0.1166329713368708,-0.8736166942855907,-19.01050438593915,-31.94639029126196,-36.781547937028854
Delayed transition,EU27,1Y,-0.115478227552548,-0.8649673095014786,-18.822287781964448,-31.630099835848313,-36.417386213536616
Delayed transition,EU27,5Y,-0.1067704765849074,-0.799743586502599,-17.402974391723603,-29.24500059861899,-33.671296870456224
Delayed transition,EU27,10Y,-0.09709337464288181,-0.7272591276745787,-15.825662360628145,-26.594390981246164,-30.619511557158564
Delayed transition,EU27,20Y,-0.08108850500162697,-0.6073777498086207,-13.216960541374446,-22.210572184042444,-25.572191976870943
Delayed transition,USA,1D,-0.10981271112102722,-0.6640184569141441,-16.782487064004396,-25.588665299545763,-28.556480647036466
Delayed transition,USA,6M,-0.10872782587039018,-0.6574583435838851,-16.6166859240555,-25.335864277846472,-28.274359348438093
Delayed transition,USA,1Y,-0.10765134827003708,-0.650949069859632,-16.45216971078484,-25.085022415035755,-27.99442443518774
Delayed transition,USA,5Y,-0.09953379094400636,-0.6018636057588289,-15.211577438499718,-23.19346127111002,-25.883476929060475
Delayed transition,USA,10Y,-0.09051258328014951,-0.5473139244759921,-13.83288184511331,-21.091330642045463,-23.53753774373336
Delayed transition,USA,20Y,-0.075592491135652,-0.4570947097633429,-11.552669920167613,-17.614636184487136,-19.657610563839153
Delayed transition,CHN,1D,-0.16146597757941705,-5.775677442062585,-90.12823162310421,-139.51233868257006,-163.72828527963966
Delayed transition,CHN,6M,-0.15987078831792492,-5.718617132692525,-89.2378174974923,-138.13403851154715,-162.1107457434724
Delayed transition,CHN,1Y,-0.15828796146382976,-5.661999029653501,-88.35430390866216,-136.76641989953472,-160.50574182499614
Delayed transition,CHN,5Y,-0.14635209979695998,-5.235050343531607,-81.69185946643373,-126.45341154755785,-148.40264621718998
Delayed transition,CHN,10Y,-0.13308753233913445,-4.7605735268461915,-74.28774854386381,-114.99235420658489,-134.95222825667759
Delayed transition,CHN,20Y,-0.11114938657173637,-3.975840696258889,-62.0421577838353,-96.03701718604472,-112.70670605715293
Delayed transition,GBR,1D,-0.0968515926695868,-0.6038682312156729,-11.251657057903914,-18.75897009684269,-21.6911905100797
Delayed transition,GBR,6M,-0.0958947556758062,-0.5979023668755044,-11.1404972781049,-18.573642462478244,-21.476894255912843
Delayed transition,GBR,1Y,-0.0949453339831533,-0.5919827368269203,-11.030198965040404,-18.389751081336687,-21.264258756154007
Delayed transition,GBR,5Y,-0.08778588634192111,-0.547343687902434,-10.198455806639464,-17.003053552572563,-19.660806108114343
Delayed transition,GBR,10Y,-0.07982944558813013,-0.4977353988456368,-9.27412260472095,-15.461988196147772,-17.878856349565485
Delayed transition,GBR,20Y,-0.06667036161488256,-0.4156887071567057,-7.745376448028831,-12.913234417796032,-14.931706080435404
Delayed transition,JPN,1D,-0.13056436831922263,-0.9232720543766839,-26.10511416301231,-42.591175103310185,-48.60713271196091
Delayed transition,JPN,6M,-0.12927446885310206,-0.9141506673906665,-25.847210929110407,-42.17039924589641,-48.126922717902524
Delayed transition,JPN,1Y,-0.12799456585767385,-0.9050999693847399,-25.591306395252108,-41.75288431977006,-47.65043425816358
Delayed transition,JPN,5Y,-0.11834300791188944,-0.8368500031247794,-23.66156840265052,-38.60446641846637,-44.057305719442226
Delayed transition,JPN,10Y,-0.10761703395055208,-0.7610024181982206,-21.51701105997937,-35.10556514071549,-40.064188404854015
Delayed transition,JPN,20Y,-0.08987744455125257,-0.6355587970990423,-17.970147452127055,-29.318764590973522,-33.46000851038814
Delayed transition,IND,1D,-0.19474715252188574,-5.42527120622636,-84.97390513543021,-129.11370038849583,-150.58867243071012
Delayed transition,IND,6M,-0.1928231647501814,-5.371672705176206,-84.13441273578572,-127.83813267163768,-149.10094457147318
Delayed transition,IND,1Y,-0.19091408751055924,-5.318489582114006,-83.30142623942278,-126.57245035719475,-147.62474631460736
Delayed transition,IND,5Y,-0.17651802025623797,-4.917443568622281,-77.01999907938001,-117.02812844964757,-136.49295502534665
Delayed transition,IND,10Y,-0.16051937595623106,-4.471752922389438,-70.03932046385312,-106.42132809326712,-124.12196744154387
Delayed transition,IND,20Y,-0.13405936571841198,-3.734629273592766,-58.49404049074403,-88.87883881995991,-103.66170518549687
Delayed transition,CAN,1D,-0.10569429800793247,-0.7040968281996585,-17.180173817527397,-27.822012713781763,-31.670607620422413
Delayed transition,CAN,6M,-0.10465010026602563,-0.697140764041546,-17.01044376544377,-27.54714752806613,-31.35772057177973
Delayed transition,CAN,1Y,-0.10361399485410128,-0.6902386080315625,-16.842029088345434,-27.274412494230965,-31.047258337081033
Delayed transition,CAN,5Y,-0.09580087819069089,-0.6381904771035508,-15.572039080711004,-25.21775820690745,-28.706108844599587
Delayed transition,CAN,10Y,-0.08711800166864361,-0.5803483235148686,-14.160673182110639,-22.93215618729361,-26.104341478438553
Delayed transition,CAN,20Y,-0.07275747227885086,-0.4846837192250308,-11.826428140719344,-19.152020089228373,-21.801302429997772
Delayed transition,NOR,1D,-0.11542685536798263,-0.6490076755041064,-5.013582473719027,-12.076805950078887,-15.383222145085876
Delayed transition,NOR,6M,-0.11428650566130683,-0.6425958598999126,-4.96405121615272,-11.957494182649649,-15.231244922757911
Delayed transition,NOR,1Y,-0.11315499344369218,-0.6362337346231092,-4.914903816226191,-11.83910705827802,-15.080445494427709
Delayed transition,NOR,5Y,-0.10462242826204954,-0.5882578950581233,-4.544290590091169,-10.946367378013967,-13.943289455322425
Delayed transition,NOR,10Y,-0.09514001387094223,-0.5349413622415644,-4.132420523560849,-9.954247492441796,-12.679544665731415
Delayed transition,NOR,20Y,-0.0794571361743718,-0.44676164040284877,-3.451232419576389,-8.313389564912764,-10.589448814887723
Delayed transition,IDN,1D,-0.18229638962953731,-3.6682975596527045,-53.674062117200215,-82.85978605191912,-97.37185501366197
Delayed transition,IDN,6M,-0.18049540810076423,-3.632056928884296,-53.14379382914612,-82.04117991023489,-96.40987813272454
Delayed transition,IDN,1Y,-0.17870838382954704,-3.5960971559756394,-52.61763501748134,-81.22891780738385,-95.45535638604339
Delayed transition,IDN,5Y,-0.16523269983960093,-3.324929861903455,-48.64994974945159,-75.10377021351573,-88.2574499966436
Delayed transition,IDN,10Y,-0.1502568963061927,-3.023576095835569,-44.24057987251302,-68.29676827971156,-80.25826924856895
Delayed transition,IDN,20Y,-0.12548855297766606,-2.525169881794164,-36.94796370464966,-57.0387305685266,-67.02849799300522
Delayed transition,RUS,1D,-0.12172079546577594,-6.352220411995343,-76.85291175461121,-111.05133669558604,-115.57669686090023
Delayed transition,RUS,6M,-0.12051826531832252,-6.289464195857723,-76.09365001177713,-109.95421454993765,-114.43486680806103
Delayed transition,RUS,1Y,-0.1193250545462867,-6.227194328223891,-75.34027240019469,-108.86559488813626,-113.30188571667865
Delayed transition,RUS,5Y,-0.1103272297509903,-5.757626526686559,-69.65916398868421,-100.65647608434647,-104.7582439766289
Delayed transition,RUS,10Y,-0.10032776282501303,-5.2357862144112035,-63.34563188996112,-91.53351427552964,-95.2635199793706
Delayed transition,RUS,20Y,-0.08378973671026424,-4.372719335344044,-52.903739387298266,-76.44513188925326,-79.56028353872968
Delayed transition,CHL,1D,-0.13649416464464376,-5.79955064023646,-25.01007632424922,-44.49135723434337,-52.20824108449359
Delayed transition,CHL,6M,-0.13514568226487814,-5.742254477654874,-24.7629914226518,-44.051808690721984,-51.692454249471865
Delayed transition,CHL,1Y,-0.13380765036202377,-5.685402349220968,-24.517821381120786,-43.61566656306526,-51.18066466238707
Delayed transition,CHL,5Y,-0.1237177509791516,-5.2566889124362985,-22.66903059708539,-40.3267837081046,-47.32133557772833
Delayed transition,CHL,10Y,-0.11250463920371327,-4.780250892205973,-20.61443154469245,-36.67178085132697,-43.032384145968855
Delayed transition,CHL,20Y,-0.09395937706698469,-3.9922744451656933,-17.21634912336462,-30.626805339898677,-35.938926933859015
Delayed transition,AUS,1D,-0.11548581351020416,-0.6980711300879938,-20.54709137727721,-34.17469754148665,-39.20818570588832
Delayed transition,AUS,6M,-0.1143448813316246,-0.6911745962969892,-20.34409815225673,-33.837071551478275,-38.8208318017517
Delayed transition,AUS,1Y,-0.11321279115615053,-0.684331509305314,-20.142678085360558,-33.50206209741146,-38.43647981524664
Delayed transition,AUS,5Y,-0.10467586768033199,-0.6327288090505955,-18.6237993468654,-30.97580567808826,-35.53813870456749
Delayed transition,AUS,10Y,-0.09518860982767065,-0.5753816716893619,-16.93583830564886,-28.168325194053335,-32.31715288457389
Delayed transition,AUS,20Y,-0.0794977215747117,-0.4805357701721191,-14.144135109171778,-23.525059117439014,-26.98999414695113
Delayed transition,SGP,1D,-0.13427866879670758,-1.906607752832175,-34.30956746805186,-54.79999175928676,-63.78395367145099
Delayed transition,SGP,6M,-0.1329520742179418,-1.887771585245727,-33.970609042184364,-54.25859994600972,-63.153805577855444
Delayed transition,SGP,1Y,-0.1316357604898746,-1.8690813943048865,-33.63427747837791,-53.72140381428512,-62.528541009770954
Delayed transition,SGP,5Y,-0.12170963462982698,-1.72814144688102,-31.098051226334306,-49.67048775884095,-57.81351398673128
Delayed transition,SGP,10Y,-0.11067852772357559,-1.571511997555595,-28.279491063064317,-45.168621803693725,-52.573607915586095
Delayed transition,SGP,20Y,-0.09243428176119979,-1.3124639960513107,-23.617900407161024,-37.72302722525605,-43.90737559691072
Delayed transition,TUR,1D,-0.15566668869592457,-2.20860180350082,-57.73133116134946,-82.37477819282586,-93.01622520964338
Delayed transition,TUR,6M,-0.15412879301101076,-2.186782111621001,-57.160979432144245,-81.56096364464119,-92.09727939936595
Delayed transition,TUR,1Y,-0.15260281571938725,-2.1651315181214215,-56.59504781822329,-80.75345600136934,-91.18545524089285
Delayed transition,TUR,5Y,-0.1410956481397628,-2.0018676157255197,-52.32744176946795,-74.66416107937839,-84.30952500766064
Delayed transition,TUR,10Y,-0.12830749719862836,-1.8204290981554485,-47.58476378801433,-67.8970029539168,-76.66816295441478
Delayed transition,TUR,20Y,-0.1071572923137653,-1.5203496075178133,-39.74089242049557,-56.70486254983412,-64.030184737743
Delayed transition,KOR,1D,-0.13381104455975507,-2.8030940022038036,-43.0596249882834,-69.36270009385828,-81.84824862131394
Delayed transition,KOR,6M,-0.13248906983448652,-2.775401075691968,-42.63422112045371,-68.67743725399221,-81.03963587682144
Delayed transition,KOR,1Y,-0.1311773401569479,-2.747922763989683,-42.21211405009456,-67.99748506823154,-80.23728972427203
Delayed transition,KOR,5Y,-0.12128578193949606,-2.540712906215894,-39.029067472776745,-62.87006686179444,-74.18691683541336
Delayed transition,KOR,10Y,-0.11029309076223574,-2.3104363486384893,-35.4916826383473,-57.171862024807226,-67.46301356230245
Delayed transition,KOR,20Y,-0.09211238021969528,-1.9295840741101282,-29.641234489183283,-47.74765360460962,-56.34241195954401
Delayed transition,KAZ,1D,-0.14262943112471801,-5.592826185252692,-66.73122482661962,-99.44159360472533,-105.13370809687233
Delayed transition,KAZ,6M,-0.1412203359065568,-5.537572339174073,-66.07195942070905,-98.4591689190921,-104.09504865485773
Delayed transition,KAZ,1Y,-0.13982216090304883,-5.4827466996863325,-65.41780319383281,-97.48435783423578,-103.06443862207554
Delayed transition,KAZ,5Y,-0.12927873135181947,-5.069314714355618,-60.48490847302663,-90.13345256618761,-95.29276179466385
Delayed transition,KAZ,10Y,-0.11756160221423033,-4.609859284014642,-55.00288156850024,-81.96424103161047,-86.65593821084482
Delayed transition,KAZ,20Y,-0.09818275041124838,-3.849970185746579,-45.936207836795084,-68.45325742659793,-72.37157535079993
Delayed transition,MEA,1D,-0.1752077536855282,-1.4503977388380316,-32.96758589456802,-47.335744124066316,-54.19345970109655
Delayed transition,MEA,6M,-0.17347680372691018,-1.436068658913136,-32.64188546042877,-46.8680947043964,-53.65806006920954
Delayed transition,MEA,1Y,-0.17175926829476168,-1.421850626578599,-32.318709141486,-46.404069477030475,-53.12680968063137
Delayed transition,MEA,5Y,-0.15880758929523453,-1.314634561422107,-29.881684632501315,-42.90492431819783,-49.12072958909494
Delayed transition,MEA,10Y,-0.14441412323671035,-1.1954831529587853,-27.173369397453932,-39.01625265799487,-44.66869075865726
Delayed transition,MEA,20Y,-0.12060890248646927,-0.9984197375424749,-22.694111811449343,-32.58481446792006,-37.305504802176074
Delayed transition,AFR,1D,-0.19263962263527526,-1.6819296889900508,-44.53943861330874,-65.1406547366563,-74.81860247285505
Delayed transition,AFR,6M,-0.1907364560241262,-1.6653132090437284,-44.099415053832296,-64.4971032313779,-74.07943851389754
Delayed transition,AFR,1Y,-0.18884803858510316,-1.6488255035943002,-43.66280159160126,-63.85853912545158,-73.34600293226451
Delayed transition,AFR,5Y,-0.17460776381141768,-1.5244941713709996,-40.37036447278461,-59.04322226748602,-67.81527439977671
Delayed transition,AFR,10Y,-0.158782254885001,-1.3863222161802855,-36.71141168981006,-53.691862049347755,-61.66886253964792
Delayed transition,AFR,20Y,-0.13260859164457875,-1.1578008939752422,-30.65990343187843,-44.84129674500287,-51.50336865809512
Delayed transition,LAM,1D,-0.15166818468639912,-8.668222302810243,-33.66522514708156,-60.10213255972233,-69.15436608778029
Delayed transition,LAM,6M,-0.15016979187852258,-8.58258534485191,-33.332632445848716,-59.508358701666744,-68.47116146583902
Delayed transition,LAM,1Y,-0.14868301132430076,-8.497612056708864,-33.00261727354561,-58.9191864758514,-67.79325154721342
Delayed transition,LAM,5Y,-0.13747142050609434,-7.856841141033268,-30.514021989489848,-54.4763264326954,-62.68123377320382
Delayed transition,LAM,10Y,-0.1250117500718744,-7.14473930262275,-27.74839509619148,-49.53888509892902,-57.00014375209799
Delayed transition,LAM,20Y,-0.10440481606752455,-5.967000640434738,-23.174350287242834,-41.37289641949869,-47.60424136802119
Delayed transition,ROW,1D,-0.16913755695302213,-3.6846785454573014,-64.0933297192068,-96.49052727888234,-109.50635981208922
Delayed transition,ROW,6M,-0.16746657698181566,-3.6482760801461622,-63.460125171511514,-95.53725739962692,-108.42450113290448
Delayed transition,ROW,1Y,-0.16580854678130721,-3.612155726881094,-62.83182783625376,-94.59137517705346,-107.35102664866194
Delayed transition,ROW,5Y,-0.15330558787486745,-3.3397775202472553,-58.09393116745704,-87.4586181527596,-99.25611537413856
Delayed transition,ROW,10Y,-0.13941079364336015,-3.0370780422561023,-52.82860959072478,-79.53183922806403,-90.26007473100101
Delayed transition,ROW,20Y,-0.11643032162812118,-2.5364461676775214,-44.120342801789114,-66.4218126803595,-75.38160608993293
Fragmented World,EU27,1D,-0.11747577004185474,-0.877444057761798,-4.6915624346844575,-6.525518967142604,-8.78961345465654
Fragmented World,EU27,6M,-0.116315178258585,-0.8687754245333938,-4.6452125464440845,-6.461050662809394,-8.702777223236588
Fragmented World,EU27,1Y,-0.11516358083654421,-0.8601739715312685,-4.599221860848228,-6.397081975331436,-8.616613955768655
Fragmented World,EU27,5Y,-0.1064795561184644,-0.795311694964612,-4.2524129475319,-5.914703626257621,-7.966869583159652
Fragmented World,EU27,10Y,-0.09682882164337195,-0.7232289189573572,-3.866997101231625,-5.378626690208295,-7.244795358327008
Fragmented World,EU27,20Y,-0.08086756091246688,-0.6040118806035794,-3.229561388074446,-4.492013990398619,-6.050563458219778
Fragmented World,USA,1D,-0.10951350139412022,-0.6594602865214731,-3.239605761544651,-4.543030232139857,-6.230303754751768
Fragmented World,USA,6M,-0.10843157216028901,-0.6529452052442289,-3.207600354586753,-4.498147755041056,-6.168752003761218
Fragmented World,USA,1Y,-0.10735802766818484,-0.6464806145833135,-3.1758429833254778,-4.453613108435022,-6.107677266903165
Fragmented World,USA,5Y,-0.09926258847479902,-0.5977320988110473,-2.9363653744529055,-4.117783968376349,-5.647121768623533
Fragmented World,USA,10Y,-0.09026596114462049,-0.5435568751047491,-2.6702290043954204,-3.7445701689087776,-5.13529701348587
Fragmented World,USA,20Y,-0.07538652218726687,-0.4539569723239765,-2.2300685167737293,-3.1273153084576966,-4.2887947719862
Fragmented World,CHN,1D,-0.16102602677078015,-5.768975217603205,-28.279375620768132,-31.147183927108138,-41.240212891222995
Fragmented World,CHN,6M,-0.15943518396552633,-5.711981122284217,-27.99999195748362,-30.839467997900663,-40.83278374898545
Fragmented World,CHN,1Y,-0.1578566698834766,-5.6554287201502085,-27.722773463404398,-30.534136807464467,-40.42851210358124
Fragmented World,CHN,5Y,-0.14595333018854692,-5.228975474771974,-25.63231006984572,-28.2316797558936,-37.37995981063898
Fragmented World,CHN,10Y,-0.1327249050640276,-4.755049251529164,-23.309135298229418,-25.672912091546387,-33.99204122821405
Fragmented World,CHN,20Y,-0.11084653476831123,-3.971227042357963,-19.466857972194756,-21.44098985331034,-28.388793934577922
Fragmented World,GBR,1D,-0.0965876984600974,-0.5998480585263475,-2.8140504902825856,-4.125420624408737,-5.651874154893354
Fragmented World,GBR,6M,-0.09563346858650061,-0.5939219111370778,-2.7862493200875353,-4.084663885572172,-5.596036949468723
Fragmented World,GBR,1Y,-0.09468663380935571,-0.5880416902407261,-2.758663603569589,-4.044223003557009,-5.540632471556764
Fragmented World,GBR,5Y,-0.08754669371284829,-0.5436998198662728,-2.550643822070544,-3.7392643328279056,-5.122835551842311
Fragmented World,GBR,10Y,-0.07961193209292797,-0.4944217914168746,-2.3194671796740307,-3.4003575180008663,-4.65852928054841
Fragmented World,GBR,20Y,-0.06648870303922282,-0.4129213147002287,-1.9371262631656412,-2.83984266300242,-3.890617421171998
Fragmented World,JPN,1D,-0.130208615978808,-0.9178525120310392,-5.350475577752757,-7.396316973229207,-9.948539546138328
Fragmented World,JPN,6M,-0.1289222311373885,-0.9087846669482856,-5.297616013691906,-7.3232456947644655,-9.850253803906815
Fragmented World,JPN,1Y,-0.12764581552900153,-0.8997870959062569,-5.245166101000658,-7.250740704535989,-9.752729757115532
Fragmented World,JPN,5Y,-0.11802055544971822,-0.8319377521718904,-4.849649117761194,-6.703991367243782,-9.017315438940138
Fragmented World,JPN,10Y,-0.10732380684587384,-0.7565353872607925,-4.410102996054892,-6.096377633987785,-8.200034449502652
Fragmented World,JPN,20Y,-0.08963255299576003,-0.6318281114385187,-3.6831417196961596,-5.09145088512656,-6.84834095959355
Fragmented World,IND,1D,-0.1942165195766908,-5.417187527245849,-27.221331850018775,-30.11079564922641,-40.195903565256096
Fragmented World,IND,6M,-0.19229777414760665,-5.36366888820809,-26.95240103932024,-29.81331862902254,-39.79879158733659
Fragmented World,IND,1Y,-0.19039389862346603,-5.31056500824318,-26.68555439024673,-29.518146998030954,-39.40475715022791
Fragmented World,IND,5Y,-0.1760370567311974,-4.910116555150973,-24.673303535790577,-27.29230167174988,-36.43340212100042
Fragmented World,IND,10Y,-0.16008200437918102,-4.465089990025195,-22.43704796028501,-24.818674186346552,-33.13127443836001
Fragmented World,IND,20Y,-0.13369409046205552,-3.7290646588460787,-18.738525490963553,-20.727564504740958,-27.669915922550448
Fragmented World,CAN,1D,-0.10540630983498107,-0.6997096073129714,-3.461948163056559,-4.883161875806828,-6.634912669434837
Fragmented World,CAN,6M,-0.10436495724750132,-0.6927968863269077,-3.4277461434339793,-4.834919097339249,-6.569363619412736
Fragmented World,CAN,1Y,-0.103331674940609,-0.6859377375877956,-3.3938091828301507,-4.78705019104833,-6.504322561815372
Fragmented World,CAN,5Y,-0.09553984689196177,-0.6342139180868137,-3.1378956152069466,-4.4260778950865065,-6.0138576293178465
Fragmented World,CAN,10Y,-0.08688062884338633,-0.5767321784272839,-2.8534936276627123,-4.024921991656244,-5.468793907536504
Fragmented World,CAN,20Y,-0.07255922798464517,-0.48166365941044775,-2.383123803759993,-3.3614539431965573,-4.5673180456979
Fragmented World,NOR,1D,-0.11511234862718898,-0.644216469920651,-2.2897120379561438,-3.9490578722076,-5.4662920631618785
Fragmented World,NOR,6M,-0.11397510606285426,-0.6378519886206301,-2.2670910244794165,-3.910043494038316,-5.412288300077815
Fragmented World,NOR,1Y,-0.11284667690783017,-0.6315368308163226,-2.244645319469893,-3.871331469733185,-5.358703055683873
Fragmented World,NOR,5Y,-0.10433736064219874,-0.5839151659692493,-2.075385599547974,-3.5794098576155524,-4.954624705094396
Fragmented World,NOR,10Y,-0.09488078324747752,-0.5309922347684536,-1.8872838071965423,-3.2549913929579417,-4.505564160557551
Fragmented World,NOR,20Y,-0.0792406371209121,-0.4434634870115053,-1.5761839878594228,-2.7184386866655603,-3.7628670680395078
Fragmented World,IDN,1D,-0.18179968162187266,-3.6607306942377855,-17.61728208582039,-20.259988185038118,-27.123233444844256
Fragmented World,IDN,6M,-0.18000360727721224,-3.624564819666528,-17.443233660131728,-20.05983137135373,-26.855271788916593
Fragmented World,IDN,1Y,-0.17822145216038263,-3.588679223608992,-17.270534075986262,-19.861225734155912,-26.589386783852444
Fragmented World,IDN,5Y,-0.16478248573878865,-3.318071286128198,-15.968232222215551,-18.363570191023978,-24.584387543708214
Fragmented World,IDN,10Y,-0.1498474871908844,-3.017339144493181,-14.52095750741709,-16.699194921360707,-22.35619083566469
Fragmented World,IDN,20Y,-0.12514663085150146,-2.519961029367494,-12.127323206135241,-13.946500014902666,-18.670996852904494
Fragmented World,RUS,1D,-0.1213891394525656,-6.347167953856386,-38.69504479042295,-42.39188286571273,-54.633963981038406
Fragmented World,RUS,6M,-0.12018988587221763,-6.284461653045128,-38.31276041790069,-41.973075898848414,-54.094212424940864
Fragmented World,RUS,1Y,-0.11899992627452764,-6.22224131390356,-37.9334386751232,-41.557514604751624,-53.55864383872077
Fragmented World,RUS,5Y,-0.11002661810096177,-5.753046999352951,-35.07302988352713,-38.4238287517401,-49.52000086162868
Fragmented World,RUS,10Y,-0.10005439699869283,-5.231621750813106,-31.89419902639692,-34.94129950089584,-45.03177422974612
Fragmented World,RUS,20Y,-0.08356143250046237,-4.369241341829601,-26.636759993020576,-29.1815764954407,-37.60873760224803
Fragmented World,CHL,1D,-0.13612225522440635,-5.793884960428502,-8.726615495039276,-5.419511380691916,-6.702850708205805
Fragmented World,CHL,6M,-0.1347774470918246,-5.736644771444104,-8.640401646552151,-5.365969783343571,-6.636630470163051
Fragmented World,CHL,1Y,-0.13344306096145098,-5.679848182822867,-8.554855938670022,-5.31284312299053,-6.57092342612202
Fragmented World,CHL,5Y,-0.1233806538061001,-5.251553563497145,-7.909768490959745,-4.9122228863827955,-6.07543638900007
Fragmented World,CHL,10Y,-0.11219809470601108,-4.77558098368426,-7.192869602117852,-4.467005414718939,-5.524791499521735
Fragmented World,CHL,20Y,-0.09370336335722773,-3.9883743242572085,-6.007197142468922,-3.7306643449773946,-4.614084995909227
Fragmented World,AUS,1D,-0.11517114612453208,-0.6932774772354058,-3.9748064192998513,-5.7658575358456305,-7.782924102090667
Fragmented World,AUS,6M,-0.1140333226753709,-0.6864283019261594,-3.935537660570425,-5.708894241395871,-7.706033371691707
Fragmented World,AUS,1Y,-0.1129043171372651,-0.6796322063971937,-3.896573227105157,-5.6523724014303305,-7.629738529540738
Fragmented World,AUS,5Y,-0.10439065445262227,-0.6283838617670177,-3.602748235087788,-5.226149620814627,-7.054410483106871
Fragmented World,AUS,10Y,-0.09492924679346053,-0.571430527066789,-3.2762145053757905,-4.752479517781197,-6.415036645231082
Fragmented World,AUS,20Y,-0.07928111193709077,-0.4772359321381844,-2.73616338172096,-3.9690809034618613,-5.357582152291347
Fragmented World,SGP,1D,-0.13391279599919675,-1.9010340351247428,-9.856617869763545,-12.44507943190965,-16.450717913548864
Fragmented World,SGP,6M,-0.13258981602931896,-1.8822529326038075,-9.759240259841077,-12.322129338237845,-16.288194458435093
Fragmented World,SGP,1Y,-0.13127708889762185,-1.8636173799849016,-9.66261730750957,-12.200132083946393,-16.12693052857778
Fragmented World,SGP,5Y,-0.12137800902685461,-1.7230894520125841,-8.93399800850691,-11.280168951407102,-14.910863241336175
Fragmented World,SGP,10Y,-0.11037695888225864,-1.5669178883397865,-8.124268463004478,-10.257795085919751,-13.559422765979066
Fragmented World,SGP,20Y,-0.09218242352074407,-1.3086271796928897,-6.785064236565768,-8.566900380068818,-11.324287829343426
Fragmented World,TUR,1D,-0.15524253936987897,-2.202140299324342,-26.818265791391994,-33.15723712259141,-43.92239503262007
Fragmented World,TUR,6M,-0.15370883403181296,-2.1803844433202286,-26.553317037211077,-32.82966304542899,-43.48846750221763
Fragmented World,TUR,1Y,-0.15218701461266188,-2.1587971909806987,-26.290421584489472,-32.50462760383309,-43.05790282601758
Fragmented World,TUR,5Y,-0.14071120093035794,-1.9960109348429527,-24.307966113497393,-30.053583727693955,-39.81107870216085
Fragmented World,TUR,10Y,-0.1279578942172885,-1.8151032353394045,-22.104822757697583,-27.329688482880496,-36.202816574413895
Fragmented World,TUR,20Y,-0.10686531787982241,-1.5159016598057762,-18.461064283123537,-22.82466326243232,-30.235145123597416
Fragmented World,KOR,1D,-0.133446445910918,-2.7975396949173508,-13.850051443637508,-16.66421915272253,-21.930802926199213
Fragmented World,KOR,6M,-0.13212807320669498,-2.769901641707441,-13.713221049611386,-16.499586430448264,-21.714139441741217
Fragmented World,KOR,1Y,-0.13081991763523743,-2.7424777780496337,-13.577451064601348,-16.33622957984187,-21.49915505726689
Fragmented World,KOR,5Y,-0.12095531121965543,-2.5356785048734185,-12.553629820098132,-15.104379888810412,-19.87798981927272
Fragmented World,KOR,10Y,-0.10999257213165275,-2.305858238366041,-11.41583630828464,-13.735400104976037,-18.076355696841162
Fragmented World,KOR,20Y,-0.09186139907326031,-1.9257606194296122,-9.534050113994661,-11.471257067830752,-15.09664963985216
Fragmented World,KAZ,1D,-0.14224080477445247,-5.586905839206781,-33.73378751735443,-38.63311892607649,-49.598131692093325
Fragmented World,KAZ,6M,-0.14083554895694997,-5.531710482678581,-33.40051746007147,-38.251446344813886,-49.10813120870119
Fragmented World,KAZ,1Y,-0.13944118359949023,-5.47694287945859,-33.06983018109627,-37.872731652032435,-48.62192813402199
Fragmented World,KAZ,5Y,-0.12892648202195792,-5.063948536982941,-30.576166640684598,-35.0169005340833,-44.955543130278144
Fragmented World,KAZ,10Y,-0.11724127886974517,-4.6049794681075635,-27.804907290325076,-31.84315693940504,-40.88101440618022
Fragmented World,KAZ,20Y,-0.097915229159495,-3.8458947585813,-23.221547012596236,-26.59413168247356,-34.142188932457294
Fragmented World,MEA,1D,-0.1747303602800011,-1.4431251126797033,-15.83485538983217,-20.47329688266466,-27.428455451432452
Fragmented World,MEA,6M,-0.17300412668854237,-1.428867882040487,-15.678416295641462,-20.27103270401747,-27.15747838089807
Fragmented World,MEA,1Y,-0.17129127107262243,-1.4147211421736003,-15.523189574090093,-20.070336033526583,-26.88860133010558
Fragmented World,MEA,5Y,-0.15837488187057752,-1.3080426829021499,-14.352647975907512,-18.556912319629646,-24.86103951855816
Fragmented World,MEA,10Y,-0.1440206340865559,-1.1894887268663852,-13.051801130942716,-16.875013558941045,-22.607768562944372
Fragmented World,MEA,20Y,-0.12028027607876902,-0.9934134325091674,-10.900342532942124,-14.093336712311226,-18.88110451341016
Fragmented World,AFR,1D,-0.19211473213497024,-1.6739334905956442,-21.78006608710501,-28.773162608379934,-38.302060759233875
Fragmented World,AFR,6M,-0.19021675113445013,-1.6573960084047792,-21.56489179430608,-28.488900618949508,-37.92365883870484
Fragmented World,AFR,1Y,-0.18833347911857937,-1.6409866884935251,-21.351385060544285,-28.20684160480586,-37.5481894596706
Fragmented World,AFR,5Y,-0.17413200521487165,-1.5172464499441194,-19.741362566591313,-26.079876570063135,-34.71683076955028
Fragmented World,AFR,10Y,-0.15834961648971124,-1.3797313892558811,-17.95211160376105,-23.716136777225863,-31.570283884992506
Fragmented World,AFR,20Y,-0.13224726935241018,-1.15229649880935,-14.992885940215547,-19.806769336761715,-26.366239016069443
Fragmented World,LAM,1D,-0.1512549301946629,-8.66192677088238,-11.322198082406942,-5.45455468862512,-7.159384038535047
Fragmented World,LAM,6M,-0.14976062009905408,-8.576352009091176,-11.210341398613238,-5.400666883924982,-7.08865351865477
Fragmented World,LAM,1Y,-0.14827789061687172,-8.49144043510702,-11.099351582424845,-5.347196699259981,-7.018471146585707
Fragmented World,LAM,5Y,-0.13709684832982041,-7.851134896716081,-10.262393901912622,-4.943985996957179,-6.489236327058978
Fragmented World,LAM,10Y,-0.12467112710375604,-7.139550241610628,-9.332265694804216,-4.495889687726461,-5.901086836006484
Fragmented World,LAM,20Y,-0.10412034138163041,-5.962666944120413,-7.793935232481098,-3.75478733508721,-4.928351817789329
Fragmented World,ROW,1D,-0.1686767031801847,-3.6776578845836965,-19.279453954605938,-21.958041101291883,-29.535458766856937
Fragmented World,ROW,6M,-0.1670102761742566,-3.6413247792888406,-19.08898424465919,-21.741108519621818,-29.243665737982106
Fragmented World,ROW,1Y,-0.16535676365442858,-3.605273248513382,-18.89999063802381,-21.525857123386622,-28.95413404848914
Fragmented World,ROW,5Y,-0.1528878719054402,-3.333414022027891,-17.474817986393354,-19.902678389454564,-26.77081868141531
Fragmented World,ROW,10Y,-0.1390309372035356,-3.031291297301745,-15.890994438146919,-18.098806627760784,-24.344455610482278
Fragmented World,ROW,20Y,-0.11611308071509385,-2.531613309628242,-13.271523280738826,-15.115399759835764,-20.33151610800667
Low demand,EU27,1D,-0.12046087522315116,-34.491678548855326,-50.89895762337989,-68.74266154342062,-80.8014864101045
Low demand,EU27,6M,-0.11927079234955382,-34.15092097220169,-50.39610574189282,-68.06352432117504,-80.00321506299916
Low demand,EU27,1Y,-0.11808993238741579,-33.812804200678755,-49.897150864961475,-67.38965028068633,-79.21113016401286
Low demand,EU27,5Y,-0.10918524321085904,-31.26311596301403,-46.13460641883059,-62.30806646287461,-73.23813586065191
Low demand,EU27,10Y,-0.0992892798049441,-28.429595219488384,-41.95321373753802,-56.66079832042843,-66.60022499393548
Low demand,EU27,20Y,-0.08292243720731986,-23.743261397895214,-35.037646950713764,-47.320833629497045,-55.62184543892713
Low demand,USA,1D,-0.11229628222047291,-29.838183974599037,-38.97125697043772,-53.83116818366199,-61.30018443808191
Low demand,USA,6M,-0.11118686074240655,-29.543400198027303,-38.58624378339951,-53.29934777971392,-60.694574529362775
Low demand,USA,1Y,-0.11008603706562803,-29.25090093855205,-38.20421437388931,-52.77164888075234,-60.093657979980975
Low demand,USA,5Y,-0.10178488960174153,-27.045207568032218,-35.32338747055983,-48.79235004369445,-55.56223574122064
Low demand,USA,10Y,-0.09255965445866729,-24.593975363678776,-32.12186554779831,-44.370073769706444,-50.526373426163275
Low demand,USA,20Y,-0.077302123148222,-20.539905030829658,-26.826897970274544,-37.056111830810394,-42.19760719360147
Low demand,CHN,1D,-0.16511776097831726,-164.61069692660234,-234.88475331622843,-308.56544695587246,-364.24088590837823
Low demand,CHN,6M,-0.16348649423628991,-162.9844396803357,-232.56422956382374,-305.51700111712336,-360.64239935097544
Low demand,CHN,1Y,-0.16186786949513665,-161.37078561232255,-230.26168942044535,-302.49218014239256,-357.0718003664827
Low demand,CHN,5Y,-0.14966206129129314,-149.20246051463084,-212.89857698482157,-279.68245548550846,-330.14644498948286
Low demand,CHN,10Y,-0.1360974967197583,-135.67955168643115,-193.60259462441755,-254.33354144392888,-300.22374626087026
Low demand,CHN,20Y,-0.11366318849314097,-113.31413750948731,-161.6891473828382,-212.40920632651526,-250.7348708377245
Low demand,GBR,1D,-0.0990420295874439,-19.567765549357183,-28.721530571687325,-39.022866170764296,-45.56483867129986
Low demand,GBR,6M,-0.0980635523602115,-19.374447489765483,-28.4377786765301,-38.637343115062784,-45.114684759994745
Low demand,GBR,1Y,-0.09709265814171902,-19.18262760764247,-28.156225803527974,-38.25480778827255,-44.668019454196966
Low demand,GBR,5Y,-0.08977128937980562,-17.73614243331532,-26.03307750378281,-35.37016583805164,-41.29978287948959
Low demand,GBR,10Y,-0.08163490236925765,-16.128633842220957,-23.673579326696178,-32.164404175566375,-37.556592609185614
Low demand,GBR,20Y,-0.06817820694176667,-13.469990210915238,-19.771227055397762,-26.862424531620476,-31.36576474795834
Low demand,JPN,1D,-0.13351726774648137,-47.104551578466236,-67.28345507053788,-91.67152787995373,-106.63768678287425
Low demand,JPN,6M,-0.13219819536401492,-46.63918620569962,-66.61873395334884,-90.76586689148479,-105.58416891256788
Low demand,JPN,1Y,-0.13088934553668458,-46.177427324316476,-65.95916429589842,-89.86722460002773,-104.53881560143147
Low demand,JPN,5Y,-0.12101950384092189,-42.69537234314269,-60.98544770104494,-83.09069686354188,-96.65596190682365
Low demand,JPN,10Y,-0.11005094667886176,-38.825693347294354,-55.458054612059655,-75.55980284020188,-87.89558519413703
Low demand,JPN,20Y,-0.09191015116145103,-32.425666949609166,-46.31635016633125,-63.10452667924493,-73.4068789539002
Low demand,IND,1D,-0.19915163716455742,-154.84335121671714,-215.5471981829633,-283.14002785671516,-333.1859545209303
Low demand,IND,6M,-0.19718413566500945,-153.31358962373469,-213.4177181461112,-280.3427702628455,-329.8942724916906
Low demand,IND,1Y,-0.19523188192049515,-151.7956833864076,-211.30474116654187,-277.5671908728131,-326.6281003597709
Low demand,IND,5Y,-0.18051022707058942,-140.34937842567226,-195.3710963284037,-256.63695990084756,-301.99838255714735
Low demand,IND,10Y,-0.16414975060918524,-127.62886535907474,-177.66371057751425,-233.37676567405612,-274.62687286824644
Low demand,IND,20Y,-0.13709130949713652,-106.59052613102307,-148.37762861534807,-194.90694499216903,-229.35738546595655
Low demand,CAN,1D,-0.10808472532029884,-30.678209287314317,-43.2654914591156,-59.159131902837245,-68.50229531532166
Low demand,CAN,6M,-0.10701691155700951,-30.375126552792974,-42.83805375116369,-58.574674338802204,-67.82553277058794
Low demand,CAN,1Y,-0.10595737314328812,-30.07439265068267,-42.413928602548836,-57.994746207535584,-67.15401500432094
Low demand,CAN,5Y,-0.09796755170186296,-27.80660306596621,-39.21566399754162,-53.621594505177335,-62.09019949962995
Low demand,CAN,10Y,-0.08908829954196763,-25.28636206735262,-35.66136705735097,-48.76162147782166,-56.46267764736204
Low demand,CAN,20Y,-0.07440298629608812,-21.118158726207138,-29.782948132464156,-40.72375691580375,-47.15537116361862
Low demand,NOR,1D,-0.11803739834761894,-7.418865683656935,-18.033030256412914,-23.57732403081892,-29.52483670157167
Low demand,NOR,6M,-0.11687125800572568,-7.34557163714363,-17.854874482370395,-23.34439388248359,-29.233148612478775
Low demand,NOR,1Y,-0.11571415502531454,-7.272845605275761,-17.67809938102422,-23.11326889762213,-28.943721049504795
Low demand,NOR,5Y,-0.10698861371119203,-6.724429425887984,-16.345064658776582,-21.370389795004957,-26.761190885009004
Low demand,NOR,10Y,-0.09729174099286277,-6.114963296882496,-14.863635877982516,-19.43349256271969,-24.33570042577802
Low demand,NOR,20Y,-0.08125417264704303,-5.106972887777508,-12.41351448198437,-16.230076095997607,-20.324204127747535
Low demand,IDN,1D,-0.18641928250956313,-96.34894286864406,-137.02022133434915,-180.15516397801898,-212.31536697899125
Low demand,IDN,6M,-0.18457756921458704,-95.39707176041269,-135.66654182268655,-178.3753365042173,-210.21781554102304
Low demand,IDN,1Y,-0.18275012884045524,-94.45257746865911,-134.32335306469946,-176.60930234814825,-208.13651971988867
Low demand,IDN,5Y,-0.16896967303528812,-87.3302866240529,-124.19456660498679,-163.2919016916772,-192.4417777810459
Low demand,IDN,10Y,-0.15365517034340495,-79.41513897913985,-112.93823882484055,-148.4920016676199,-174.99988971369356
Low demand,IDN,20Y,-0.12832665560080508,-66.3243492977818,-94.32150213654587,-124.01458353069154,-146.1529119214042
Low demand,RUS,1D,-0.12447368487843394,-155.52147105703582,-190.14350661074354,-236.57408527205882,-289.7658385576664
Low demand,RUS,6M,-0.12324395779640038,-153.98501003731656,-188.26500016353404,-234.23687190964816,-286.9031218358908
Low demand,RUS,1Y,-0.12202376086075267,-152.46045629251054,-186.4010517769628,-231.91777149750445,-284.0625906134982
Low demand,RUS,5Y,-0.11282243742316482,-140.96402346750966,-172.3452944850398,-214.42978054049496,-262.6425675432653
Low demand,RUS,10Y,-0.102596818289363,-128.18780227898304,-156.72484361411142,-194.99501812238032,-238.8380573291487
Low demand,RUS,20Y,-0.08568476112409946,-107.05732790191921,-130.8903240002255,-162.85204382344733,-199.4679974565432
Low demand,CHL,1D,-0.13958117487409538,-53.04449173514151,-74.45117052919272,-96.49536951821304,-116.2176362308478
Low demand,CHL,6M,-0.1382021946418288,-52.52044323361996,-73.7156365825737,-95.54205180046995,-115.0694740725364
Low demand,CHL,1Y,-0.13683390123891545,-52.000456006348415,-72.98580288138754,-94.59612211014777,-113.93020994827111
Low demand,CHL,5Y,-0.1265158043892127,-48.07930973744691,-67.48223559312771,-87.46300713862766,-105.33918879262416
Low demand,CHL,10Y,-0.11504909209652969,-43.72165960312817,-61.36600857983746,-79.53583041985057,-95.7918110807165
Low demand,CHL,20Y,-0.096084402403517,-36.514582240525804,-51.25043713804878,-66.42514596418381,-80.00149114708984
Low demand,AUS,1D,-0.11809768991232501,-36.66375277902879,-53.71907750337476,-73.29687140479658,-85.37217104080695
Low demand,AUS,6M,-0.11693095392509507,-36.30153638151965,-53.18836448967812,-72.57274125726508,-84.52874400734672
Low demand,AUS,1Y,-0.1157732599154831,-35.94212709084099,-52.66176439890829,-71.85422297793525,-83.69185336981703
Low demand,AUS,5Y,-0.10704326173814521,-33.23187513609988,-48.6907515108417,-66.43598360133535,-77.38098566245603
Low demand,AUS,10Y,-0.09734143601647015,-30.219916646236197,-44.27768358162299,-60.414583243366536,-70.36758916389758
Low demand,AUS,20Y,-0.08129567594410284,-25.238466281867215,-36.978951239203994,-50.45584473214198,-58.76819738582918
Low demand,SGP,1D,-0.13731557242736284,-62.185485265471584,-88.95660856968371,-119.63793008928461,-140.20974416836467
Low demand,SGP,6M,-0.13595897501993665,-61.571129103243116,-88.0777693934286,-118.45597743147653,-138.8245540397264
Low demand,SGP,1Y,-0.1346128909793122,-60.96153408212039,-87.20574105034268,-117.28318467753218,-137.45009886593385
Low demand,SGP,5Y,-0.1244622716242601,-56.364668779950044,-80.62990513643078,-108.4393291169762,-127.08553701935118
Low demand,SGP,10Y,-0.1131816805004934,-51.25607824857477,-73.32204404469347,-98.61097135409459,-115.56718722426213
Low demand,SGP,20Y,-0.09452481489198761,-42.80702748988287,-61.2356399920798,-82.35594110589521,-96.51709474231944
Low demand,TUR,1D,-0.15918731290458762,-111.16994031393406,-133.20698768551904,-179.0350495564923,-209.20257164193632
Low demand,TUR,6M,-0.15761463551509677,-110.0716464340219,-131.89098068827317,-177.26628815694139,-207.13577279822562
Low demand,TUR,1Y,-0.15605414607036094,-108.98186411867003,-130.5851724900225,-175.51123431519383,-205.0849912447076
Low demand,TUR,5Y,-0.14428672748203739,-100.76397791754357,-120.73826726633372,-162.27663457435116,-189.62035285521526
Low demand,TUR,10Y,-0.13120935426628166,-91.63127272055355,-109.79519987531485,-147.56875290318504,-172.4341835736391
Low demand,TUR,20Y,-0.10958080732918105,-76.52677583444962,-91.69656165511407,-123.24352307133498,-144.0101367224194
Low demand,KOR,1D,-0.13683737220126999,-78.18723011448195,-115.05791774128434,-152.59068947220334,-180.56621748960978
Low demand,KOR,6M,-0.13548549913191762,-77.4147860879805,-113.9212129222133,-151.08318285750477,-178.78232904793478
Low demand,KOR,1Y,-0.13414410281666317,-76.6483283528725,-112.79331734503138,-149.58735912669619,-177.01226539570584
Low demand,KOR,5Y,-0.12402883290075162,-70.86858467713029,-104.28802471047261,-138.3075750601321,-163.66447890857506
Low demand,KOR,10Y,-0.11278752633248355,-64.44543718970392,-94.83591885934648,-125.77212007275176,-148.83081048875405
Low demand,KOR,20Y,-0.0941956330879599,-53.82225280674659,-79.2031681774879,-105.03984669495935,-124.29754311354861
Low demand,KAZ,1D,-0.14585519915699371,-133.60249055250185,-170.23671765957374,-211.94026189274726,-259.41385378542446
Low demand,KAZ,6M,-0.14441423524053276,-132.28257621864083,-168.5548786245445,-209.84641627327085,-256.8509968910842
Low demand,KAZ,1Y,-0.14298443851495607,-130.97289096487594,-166.88607351585182,-207.76879755125367,-254.30800164062083
Low demand,KAZ,5Y,-0.13220255426522087,-121.09674944274259,-154.30186263088547,-192.10178406943362,-235.1316530396936
Low demand,KAZ,10Y,-0.12022042553880892,-110.1211911546474,-140.31677141200277,-174.6907112041124,-213.8205842026763
Low demand,KAZ,20Y,-0.10040329336020375,-91.96881653946507,-117.1869580422344,-145.89469839022578,-178.57440402439076
Low demand,MEA,1D,-0.17917032695241172,-61.40029043752211,-74.04017607206436,-100.21123001735742,-116.53812803379765
Low demand,MEA,6M,-0.17740022909144318,-60.793691540176944,-73.30870250989518,-99.2212017748691,-115.38679960423747
Low demand,MEA,1Y,-0.17564384914559486,-60.19179366663916,-72.5828977259669,-98.23884605924867,-114.24439374671155
Low demand,MEA,5Y,-0.1623992494511486,-55.65297140851093,-67.10971190295241,-90.83104785379862,-105.62968124826456
Low demand,MEA,10Y,-0.14768025462679318,-50.60888530041422,-61.02724843405151,-82.59861003300065,-96.05597486202166
Low demand,MEA,20Y,-0.12333664485339009,-42.26651781240015,-50.96751820689666,-68.98305705640075,-80.22211017676513
Low demand,AFR,1D,-0.19699644248336917,-84.06002232168915,-103.56424591645823,-139.6886939415149,-163.2394105222243
Low demand,AFR,6M,-0.19505023304462188,-83.229558548834,-102.54109184129582,-138.30865148385374,-161.6267007822465
Low demand,AFR,1Y,-0.1931191063515665,-82.40553070915387,-101.52586701177991,-136.93930408758655,-160.02648922997597
Low demand,AFR,5Y,-0.17855676745146937,-76.19165944545574,-93.87020771176087,-126.61325923091346,-147.95953214227424
Low demand,AFR,10Y,-0.16237334206709045,-69.2860570807474,-85.36231678159871,-115.13771415534845,-134.5492756590921
Low demand,AFR,20Y,-0.13560772409823157,-57.86494502637097,-71.29119444817438,-96.15841600419996,-112.37017615647835
Low demand,LAM,1D,-0.15509837702339907,-75.17135962066664,-100.46421781079201,-129.70908540568553,-156.45607035531708
Low demand,LAM,6M,-0.15356609592485682,-74.4287106277562,-99.47169019712084,-128.4276356336718,-154.91037604207824
Low demand,LAM,1Y,-0.15204568970764945,-73.6918170205075,-98.48685447995948,-127.15611684885991,-153.3766605599867
Low demand,LAM,5Y,-0.14058053277081567,-68.13501203165781,-91.06035495209395,-117.56778298715223,-141.81114043804888
Low demand,LAM,10Y,-0.1278390691171847,-61.959620871657165,-82.80713396878504,-106.91207124496603,-128.95814112187
Low demand,LAM,20Y,-0.10676607990648462,-51.746198393348585,-69.15720791141021,-89.28868788182862,-107.7006841076762
Low demand,ROW,1D,-0.1729628440622386,-120.34742691609047,-157.6614197468747,-210.55852634729013,-245.64412711333043
Low demand,ROW,6M,-0.1712540724954885,-119.15846484530168,-156.1038172878172,-208.47833146549468,-243.21730705133274
Low demand,ROW,1Y,-0.1695585435769723,-117.97871699996783,-154.55828594572765,-206.4142576905889,-240.80929437414503
Low demand,ROW,5Y,-0.15677281242057534,-109.08241413066736,-142.90366418260476,-190.84938463846194,-222.65082926305627
Low demand,ROW,10Y,-0.14256376759791306,-99.19577059971643,-129.95164438821584,-173.55182252398959,-202.4709551895177
Low demand,ROW,20Y,-0.11906355942858017,-82.84434205732956,-108.53041831846589,-144.94354409391974,-169.09564759651752
Nationally Determined Contributions (NDCs),EU27,1D,-0.1183747519802707,-15.576965146581701,-21.44813241780838,-24.47626489814784,-27.244360600543533
Nationally Determined Contributions (NDCs),EU27,6M,-0.11720527878212995,-15.423073856905875,-21.236237435194344,-24.23445374069977,-26.975202279281515
Nationally Determined Contributions (NDCs),EU27,1Y,-0.11604486877446088,-15.270375194878532,-21.025984597599507,-23.99451657282377,-26.708129882807263
Nationally Determined Contributions (NDCs),EU27,5Y,-0.10729438966011252,-14.118897317207345,-19.44049925022501,-22.185186109988276,-24.694176700809763
Nationally Determined Contributions (NDCs),EU27,10Y,-0.0975698030537894,-12.8392363751776,-17.67851692078683,-20.174440120497074,-22.45602929385224
Nationally Determined Contributions (NDCs),EU27,20Y,-0.0814863989642469,-10.722816946624555,-14.764390598485246,-16.848885875405962,-18.75437794194247
Nationally Determined Contributions (NDCs),USA,1D,-0.11035155216604471,-14.424015077105635,-17.07601892212603,-19.511647108348487,-21.680593300169807
Nationally Determined Contributions (NDCs),USA,6M,-0.1092613434815701,-14.281514258645085,-16.90731785938844,-19.318883466076215,-21.46640174022834
Nationally Determined Contributions (NDCs),USA,1Y,-0.10817958370295921,-14.140117793890232,-16.739924197168268,-19.12761370464593,-21.253870123334956
Nationally Determined Contributions (NDCs),USA,5Y,-0.10002219425705917,-13.073868103261145,-15.47763351072877,-17.68527690856466,-19.651200840518328
Nationally Determined Contributions (NDCs),USA,10Y,-0.09095672034282667,-11.888922990543168,-14.07482402541637,-16.082378495153222,-17.87012165178128
Nationally Determined Contributions (NDCs),USA,20Y,-0.07596341665514053,-9.92915319843912,-11.754730357038499,-13.431359594193452,-14.924411210032892
Nationally Determined Contributions (NDCs),CHN,1D,-0.16225827653283945,-29.088825629820214,-42.0471692598791,-55.11414957890282,-68.55054659234841
Nationally Determined Contributions (NDCs),CHN,6M,-0.1606552598218664,-28.801445074673335,-41.631767861485365,-54.569654070421514,-67.87330735326631
Nationally Determined Contributions (NDCs),CHN,1Y,-0.1590646661795057,-28.516291663092716,-41.219585743364,-54.029378296528535,-67.2013165869397
Nationally Determined Contributions (NDCs),CHN,5Y,-0.14707023631858898,-26.365992237949364,-38.11138175331581,-49.95523911796755,-62.13393425921591
Nationally Determined Contributions (NDCs),CHN,10Y,-0.133740580827532,-23.976320459286928,-34.65717101852525,-45.42756483060588,-56.50244852348077
Nationally Determined Contributions (NDCs),CHN,20Y,-0.11169478656233821,-20.02406434666069,-28.94428374556406,-37.939286089572306,-47.188586209433375
Nationally Determined Contributions (NDCs),GBR,1D,-0.0973268346782116,-9.161266329896359,-12.496671479028766,-14.467972032455759,-16.21823284518318
Nationally Determined Contributions (NDCs),GBR,6M,-0.09636530257181265,-9.070758385806824,-12.373211686157314,-14.325036945029119,-16.058006206340394
Nationally Determined Contributions (NDCs),GBR,1Y,-0.09541122215275358,-8.980951860730384,-12.250708682736155,-14.183209576808434,-15.899021292873417
Nationally Determined Contributions (NDCs),GBR,5Y,-0.08821664374925017,-8.30373422487758,-11.326931771302041,-13.113710507293336,-14.7001397289478
Nationally Determined Contributions (NDCs),GBR,10Y,-0.0802211614600429,-7.5511284000855055,-10.300319575241536,-11.925154293288122,-13.367798099790393
Nationally Determined Contributions (NDCs),GBR,20Y,-0.06699750705148565,-6.306400568425923,-8.60241513354962,-9.95941213407356,-11.164250568718513
Nationally Determined Contributions (NDCs),JPN,1D,-0.13120503586990032,-22.111212788640117,-28.765470201727563,-32.48088931904722,-35.90954960362015
Nationally Determined Contributions (NDCs),JPN,6M,-0.12990880698372265,-21.892766960436724,-28.48128420876816,-32.15999716193645,-35.55478429162407
Nationally Determined Contributions (NDCs),JPN,1Y,-0.12862262362001525,-21.67601404503535,-28.199300602137622,-31.84159185680773,-35.20276834199086
Nationally Determined Contributions (NDCs),JPN,5Y,-0.11892370635201337,-20.041512578606465,-26.07290420422518,-29.440544852720627,-32.548268471406075
Nationally Determined Contributions (NDCs),JPN,10Y,-0.10814510100621098,-18.225057632455385,-23.709796349140262,-26.772212155507336,-29.598268414192347
Nationally Determined Contributions (NDCs),JPN,20Y,-0.09031846504561161,-15.220839551822534,-19.8014740646958,-22.359081320031464,-24.719290530084486
Nationally Determined Contributions (NDCs),IND,1D,-0.19570275919171307,-30.975621946957006,-42.51303901697152,-54.59249013733365,-66.89628683592599
Nationally Determined Contributions (NDCs),IND,6M,-0.19376933058596574,-30.669600949601552,-42.0930350983137,-54.05314831851391,-66.23539071406726
Nationally Determined Contributions (NDCs),IND,1Y,-0.1918508856769334,-30.36595155562425,-41.67628612856767,-53.517986294187175,-65.57961640897517
Nationally Determined Contributions (NDCs),IND,5Y,-0.17738417822218117,-28.076176680776165,-38.53364419029786,-49.48240913980694,-60.634520001231145
Nationally Determined Contributions (NDCs),IND,10Y,-0.16130703002107322,-25.531502979089247,-35.041161858529705,-44.997589619476926,-55.13893311218052
Nationally Determined Contributions (NDCs),IND,20Y,-0.13471718290533563,-21.32289061569571,-29.264977544340816,-37.58018798234876,-46.049832647146715
Nationally Determined Contributions (NDCs),CAN,1D,-0.1062129303721605,-14.449343129832773,-18.64030522438268,-21.23679898948877,-23.586086263102995
Nationally Determined Contributions (NDCs),CAN,6M,-0.10516360884634278,-14.306592085050058,-18.456149929436748,-21.026991857334025,-23.353069549046168
Nationally Determined Contributions (NDCs),CAN,1Y,-0.10412241935883909,-14.164947333178501,-18.273421802310576,-20.818810689762362,-23.121858669330766
Nationally Determined Contributions (NDCs),CAN,5Y,-0.0962709644383656,-13.096825346365572,-16.8954961988996,-19.24894749761723,-21.37833184640741
Nationally Determined Contributions (NDCs),CAN,10Y,-0.0875454818262661,-11.909799512563124,-15.36417926272542,-17.504326389149956,-19.440714789283774
Nationally Determined Contributions (NDCs),CAN,20Y,-0.07311448661713053,-9.946588435049838,-12.83154830670767,-14.618913630073905,-16.236107810901107
Nationally Determined Contributions (NDCs),NOR,1D,-0.11599324451123054,-3.3027391393982852,-8.430603832427462,-10.22845368350532,-11.757808385835263
Nationally Determined Contributions (NDCs),NOR,6M,-0.11484729921164606,-3.2701100116547233,-8.347314405744568,-10.127402553588047,-11.64164812745178
Nationally Determined Contributions (NDCs),NOR,1Y,-0.11371023476588256,-3.237733753322905,-8.264670455964866,-10.027134550329231,-11.526388088542024
Nationally Determined Contributions (NDCs),NOR,5Y,-0.10513580105834507,-2.993589209186818,-7.641464734112143,-9.271028464932657,-10.657229294208
Nationally Determined Contributions (NDCs),NOR,10Y,-0.09560685731715038,-2.72226637841523,-6.948883455245307,-8.430752290917187,-9.69131532998982
Nationally Determined Contributions (NDCs),NOR,20Y,-0.07984702515765273,-2.2735280512579004,-5.803429666430818,-7.041027277339935,-8.093799134067247
Nationally Determined Contributions (NDCs),IDN,1D,-0.18319090153155787,-18.0068340077695,-26.068805493757104,-34.42220208098716,-42.773661487288
Nationally Determined Contributions (NDCs),IDN,6M,-0.1813810827492545,-17.82893703731616,-25.811260968235526,-34.08213089113235,-42.35108277131261
Nationally Determined Contributions (NDCs),IDN,1Y,-0.17958528971150797,-17.652418733881536,-25.55571236283717,-33.744695187043675,-41.931778958428836
Nationally Determined Contributions (NDCs),IDN,5Y,-0.1660434817585949,-16.321320486454702,-23.628658373763972,-31.200142777508248,-38.76987132840396
Nationally Determined Contributions (NDCs),IDN,10Y,-0.15099419331124966,-14.842043749778423,-21.48708381916905,-28.37232958493906,-35.25597863892229
Nationally Determined Contributions (NDCs),IDN,20Y,-0.1261043139613804,-12.395481599696435,-17.94515341700305,-23.695435429226873,-29.444383931598097
Nationally Determined Contributions (NDCs),RUS,1D,-0.1223180684040322,-2.570027057882739,-14.830314646881872,-27.33065167438626,-39.55266028984775
Nationally Determined Contributions (NDCs),RUS,6M,-0.12110963754986911,-2.5446366962354237,-14.683799826707945,-27.060640847869454,-39.16190317863664
Nationally Determined Contributions (NDCs),RUS,1Y,-0.11991057180045621,-2.5194431049665313,-14.538420467974493,-26.792722552890798,-38.77417435925187
Nationally Determined Contributions (NDCs),RUS,5Y,-0.1108685954924061,-2.3294619838482267,-13.442136366797385,-24.77239057620284,-35.8503690545454
Nationally Determined Contributions (NDCs),RUS,10Y,-0.10082006208630091,-2.118332074075407,-12.223813398681163,-22.52715428409964,-32.601084354348465
Nationally Determined Contributions (NDCs),RUS,20Y,-0.08420088537265309,-1.7691462637442026,-10.208840279408095,-18.813778690434635,-27.227122359783543
Nationally Determined Contributions (NDCs),CHL,1D,-0.13716392916976194,-20.931730087797007,-26.791536330552503,-31.071777763914188,-35.05318042792572
Nationally Determined Contributions (NDCs),CHL,6M,-0.1358088299088786,-20.7249368576623,-26.52685164778487,-30.76480680342137,-34.706875541670215
Nationally Determined Contributions (NDCs),CHL,1Y,-0.13446423240445188,-20.519746234954546,-26.264218219974314,-30.46021480833676,-34.36325445111897
Nationally Determined Contributions (NDCs),CHL,5Y,-0.12432482279756205,-18.97243429641742,-24.283738639828048,-28.163331918866206,-31.77205896310501
Nationally Determined Contributions (NDCs),CHL,10Y,-0.1130566892964483,-17.252874857822885,-22.082791131981672,-25.61075893499234,-28.892410362403
Nationally Determined Contributions (NDCs),CHL,20Y,-0.09442042723514026,-14.408911363382924,-18.442664350083515,-21.38908202165204,-24.129786103304784
Nationally Determined Contributions (NDCs),AUS,1D,-0.1160524919557254,-17.183211774033307,-23.101200070869314,-26.19847504861546,-29.032325924754545
Nationally Determined Contributions (NDCs),AUS,6M,-0.11490596132610022,-17.01345170871923,-22.872973748314724,-25.93964946386052,-28.745503553592613
Nationally Determined Contributions (NDCs),AUS,1Y,-0.1137683160864903,-16.845007250987155,-22.64651613549649,-25.6828297271894,-28.460904000179312
Nationally Determined Contributions (NDCs),AUS,5Y,-0.10518950269902141,-15.574792672027248,-20.938832990612557,-23.746190326425168,-26.31478113702129
Nationally Determined Contributions (NDCs),AUS,10Y,-0.09565569172984477,-14.163177202714772,-19.041049746795427,-21.593963307556162,-23.929750857208496
Nationally Determined Contributions (NDCs),AUS,20Y,-0.07988780970688264,-11.82851939862473,-15.90232354481712,-18.034414892984557,-19.98517127671694
Nationally Determined Contributions (NDCs),SGP,1D,-0.13493756208400864,-22.142179918990685,-27.394778418998968,-32.43936769185553,-37.355348574733206
Nationally Determined Contributions (NDCs),SGP,6M,-0.13360445802558577,-21.923428153681936,-27.124134057814896,-32.118885744095415,-36.9862996159431
Nationally Determined Contributions (NDCs),SGP,1Y,-0.13228168526506628,-21.70637167212843,-26.855587137939768,-31.800887469274443,-36.62011071500828
Nationally Determined Contributions (NDCs),SGP,5Y,-0.12230685280287029,-20.069581058539104,-24.830514794492707,-29.402909820142312,-33.858734728624924
Nationally Determined Contributions (NDCs),SGP,10Y,-0.11122161725238106,-18.250582136278208,-22.58001043575084,-26.737988159935703,-30.789961055629803
Nationally Determined Contributions (NDCs),SGP,20Y,-0.09288784842457769,-15.242156597022717,-18.85792203526428,-22.330498807102092,-25.71454458393756
Nationally Determined Contributions (NDCs),TUR,1D,-0.15643053106312452,-92.11589152885948,-94.42219592450321,-97.1666493425873,-99.63440667160766
Nationally Determined Contributions (NDCs),TUR,6M,-0.15488508906312998,-91.2058404878757,-93.48935994726962,-96.20669977345761,-98.65007710583573
Nationally Determined Contributions (NDCs),TUR,1Y,-0.15335162393890406,-90.30284216595935,-92.56375326794034,-95.25418962731088,-97.67337590329237
Nationally Determined Contributions (NDCs),TUR,5Y,-0.1417879917283594,-83.49346625227459,-85.58389109677414,-88.07145241806857,-90.30821753915318
Nationally Determined Contributions (NDCs),TUR,10Y,-0.12893709048676685,-75.9260673770452,-77.82702735288998,-80.08912949049274,-82.1231662470571
Nationally Determined Contributions (NDCs),TUR,20Y,-0.1076831034587789,-63.4104161782656,-64.99802195544808,-66.88723922875705,-68.58598541318844
Nationally Determined Contributions (NDCs),KOR,1D,-0.13446764325720453,-19.9533979956474,-26.919028429535786,-33.55490660698794,-40.18727772475106
Nationally Determined Contributions (NDCs),KOR,6M,-0.13313918172148229,-19.756270113414253,-26.653084199523136,-33.22340378829964,-39.79025096508218
Nationally Determined Contributions (NDCs),KOR,1Y,-0.1318210155050129,-19.56066993403637,-26.389200985714435,-32.89447005216273,-39.396301085799216
Nationally Determined Contributions (NDCs),KOR,5Y,-0.12188092030570956,-18.08567810089366,-24.39929695541529,-30.41402971723984,-36.425583694547065
Nationally Determined Contributions (NDCs),KOR,10Y,-0.11083428898672029,-16.44648947618214,-22.187875863147873,-27.657465585885856,-33.124164632044305
Nationally Determined Contributions (NDCs),KOR,20Y,-0.09256436734131301,-13.735450529490608,-18.530426916583107,-23.098409595322988,-27.663978096544177
Nationally Determined Contributions (NDCs),KAZ,1D,-0.14332930084774845,-3.182035854341379,-13.937309864351656,-25.455906737296697,-36.65241893371161
Nationally Determined Contributions (NDCs),KAZ,6M,-0.1419132913267517,-3.1505992043385525,-13.79961740825039,-25.20441729241405,-36.29031450795411
Nationally Determined Contributions (NDCs),KAZ,1Y,-0.14050825560491415,-3.119406182276255,-13.662992041979091,-24.954876841954032,-35.93101632126775
Nationally Determined Contributions (NDCs),KAZ,5Y,-0.12991309039813587,-2.88418424669693,-12.632720494727723,-23.07312945481999,-33.22160218519214
Nationally Determined Contributions (NDCs),KAZ,10Y,-0.11813846636724475,-2.622777293505379,-11.487758629399899,-20.98190505461526,-30.21057478036581
Nationally Determined Contributions (NDCs),KAZ,20Y,-0.09866452429055805,-2.1904387448145672,-9.594116761352778,-17.52324830837019,-25.230664328951875
Nationally Determined Contributions (NDCs),MEA,1D,-0.17606748229187352,-55.06562090425598,-56.69679127520446,-58.74860838820137,-60.43256254906148
Nationally Determined Contributions (NDCs),MEA,6M,-0.17432803871830824,-54.52160483064901,-56.136660193975395,-58.168206555980255,-59.835524236298035
Nationally Determined Contributions (NDCs),MEA,1Y,-0.17260207549508105,-53.98180477610309,-55.58087001999101,-57.59230272539261,-59.24311285466569
Nationally Determined Contributions (NDCs),MEA,5Y,-0.1595868437776983,-49.91125292631652,-51.389739060012886,-53.249497675345566,-54.77582681971586
Nationally Determined Contributions (NDCs),MEA,10Y,-0.14512275028257568,-45.387565310872624,-46.732049410549095,-48.42324950405273,-49.81124038114545
Nationally Determined Contributions (NDCs),MEA,20Y,-0.12120071946640522,-37.90588008975118,-39.02873946138408,-40.44116217040231,-41.60035666326359
Nationally Determined Contributions (NDCs),AFR,1D,-0.19358488784649627,-79.86508232066485,-85.01341522217362,-86.95715710384924,-88.50034342545851
Nationally Determined Contributions (NDCs),AFR,6M,-0.19167238256885658,-79.07606209735839,-84.17353248601961,-86.09807133667134,-87.62601188151935
Nationally Determined Contributions (NDCs),AFR,1Y,-0.189774698836197,-78.2931566277557,-83.3401586781794,-85.24564331757334,-86.75845623747314
Nationally Determined Contributions (NDCs),AFR,5Y,-0.1754645483216974,-72.3893830348094,-77.05581085994669,-78.81761052889927,-80.21634828115656
Nationally Determined Contributions (NDCs),AFR,10Y,-0.15956138505380427,-65.82839856087467,-70.07188645717267,-71.674006076516,-72.94596975927676
Nationally Determined Contributions (NDCs),AFR,20Y,-0.13325929001429038,-54.977246857326314,-58.52123830647437,-59.85926456464245,-60.92155778321476
Nationally Determined Contributions (NDCs),LAM,1D,-0.15241240675593948,-30.049429165531546,-36.208479607657175,-41.616512667061095,-46.68200188315109
Nationally Determined Contributions (NDCs),LAM,6M,-0.1509066614700283,-29.75255841023421,-35.850761042353334,-41.205365903498496,-46.220811053817826
Nationally Determined Contributions (NDCs),LAM,1Y,-0.14941258541805058,-29.457988345713712,-35.49581472655273,-40.7974054476135,-45.76319436396605
Nationally Determined Contributions (NDCs),LAM,5Y,-0.13814598033736838,-27.236679342634247,-32.81921740095141,-37.721036383999106,-42.31237503247072
Nationally Determined Contributions (NDCs),LAM,10Y,-0.125625171426839,-24.76809316608634,-29.844659989531173,-34.30220445477631,-38.47740885366172
Nationally Determined Contributions (NDCs),LAM,20Y,-0.1049171210604564,-20.685321258696174,-24.92506692381586,-28.647829862012944,-32.134793663890186
Nationally Determined Contributions (NDCs),ROW,1D,-0.16996749965282335,-47.586604163643194,-54.827010123441504,-62.29914497990509,-69.994160251679
Nationally Determined Contributions (NDCs),ROW,6M,-0.1682883203339758,-47.11647639375195,-54.285351384555675,-61.68366592628707,-69.30265895540302
Nationally Determined Contributions (NDCs),ROW,1Y,-0.16662215432918034,-46.64999202289826,-53.747890395843996,-61.07295671596528,-68.61651666005967
Nationally Determined Contributions (NDCs),ROW,5Y,-0.15405784453381174,-43.132302829123866,-49.69497709329025,-56.46768947891732,-63.442419758798586
Nationally Determined Contributions (NDCs),ROW,10Y,-0.140094869803275,-39.223022803199996,-45.1908915565364,-51.34976170528245,-57.692339932504574
Nationally Determined Contributions (NDCs),ROW,20Y,-0.11700163468958161,-32.75750062714898,-37.74162603255274,-42.885268167743256,-48.1823359459824
Net Zero 2050,EU27,1D,-0.1204213666980084,-86.7187021677166,-116.72754723699236,-132.30076867327563,-151.74662270981122
Net Zero 2050,EU27,6M,-0.11923167414549289,-85.86197219560567,-115.57434745667838,-130.99371458895027,-150.24745498021733
Net Zero 2050,EU27,1Y,-0.118051201479524,-85.0118817146198,-114.43008475100406,-129.6967899202813,-148.75990550977116
Net Zero 2050,EU27,5Y,-0.10914943284572079,-78.60147595285336,-105.80137003710418,-119.91687407065248,-137.54251640878775
Net Zero 2050,EU27,10Y,-0.09925671509876617,-71.47746077638692,-96.21210270213231,-109.04825334263762,-125.07640222419758
Net Zero 2050,EU27,20Y,-0.08289524046655875,-59.69511778726262,-80.35250190730565,-91.07274177169027,-104.45881096054694
Net Zero 2050,USA,1D,-0.11225945150277042,-74.73710261117589,-88.89937982539766,-100.61909385099374,-115.61837681431872
Net Zero 2050,USA,6M,-0.11115039389061718,-73.99874382310398,-88.02110603560789,-99.62503615278156,-114.4761349879585
Net Zero 2050,USA,1Y,-0.11004993125986152,-73.26610717243835,-87.14963869735182,-98.63868220893762,-113.34274531422004
Net Zero 2050,USA,5Y,-0.10175150639028363,-67.74140325943668,-80.57803323734363,-91.20073395968153,-104.79602251544979
Net Zero 2050,USA,10Y,-0.09252929692200977,-61.60168668229725,-73.2748735356483,-82.93478977787812,-95.29787447455054
Net Zero 2050,USA,20Y,-0.07727676974720836,-51.447266067523884,-61.19624506865986,-69.26382093987074,-79.58897503971492
Net Zero 2050,CHN,1D,-0.1650636059740552,-439.64078412816093,-484.05378008094266,-570.4401976560348,-670.3859562451477
Net Zero 2050,CHN,6M,-0.16343287425174255,-435.2973907503808,-479.271612323094,-564.8045827031771,-663.7629357519827
Net Zero 2050,CHN,1Y,-0.1618147803840049,-430.98765782889745,-474.52650543788934,-559.2126426732024,-657.1912423831354
Net Zero 2050,CHN,5Y,-0.14961297541755625,-398.48860346998833,-438.74436083389804,-517.0446553949201,-607.6350810350355
Net Zero 2050,CHN,10Y,-0.13605285972570477,-362.3717389409824,-398.9789308940764,-470.18250774067417,-552.5623042637251
Net Zero 2050,CHN,20Y,-0.11362590946015982,-302.63838983495833,-333.21125310912197,-392.6776339872777,-461.4779467476722
Net Zero 2050,GBR,1D,-0.0990095459739147,-49.10679582896894,-65.10414237412648,-74.11587508602818,-85.12096362546968
Net Zero 2050,GBR,6M,-0.09803138966575302,-48.62164945604881,-64.46095158959862,-73.38365366195032,-84.28001837409975
Net Zero 2050,GBR,1Y,-0.09706081387927068,-48.140262873426906,-63.82274540890698,-72.65710681189809,-83.44559028533052
Net Zero 2050,GBR,5Y,-0.08974184636574,-44.51019831924241,-59.01012761185086,-67.17832517871643,-77.15329229156559
Net Zero 2050,GBR,10Y,-0.0816081279116854,-40.47603325440302,-53.661766915364645,-61.089642971402235,-70.16053269594235
Net Zero 2050,GBR,20Y,-0.06815584598516436,-33.80396486441726,-44.81616249221282,-51.01962763014668,-58.59527210128571
Net Zero 2050,JPN,1D,-0.1334734770109419,-118.92020796004788,-154.3865113680236,-175.10019170222006,-201.17181293465728
Net Zero 2050,JPN,6M,-0.1321548372552872,-117.74534597638957,-152.86126308510052,-173.37030439298044,-199.1843532820476
Net Zero 2050,JPN,1Y,-0.1308464167019947,-116.57958894524558,-151.34783518055522,-171.65382337488384,-197.21229605628704
Net Zero 2050,JPN,5Y,-0.1209798120978443,-107.7887887228992,-139.9353006606252,-158.71009555474834,-182.34130610250276
Net Zero 2050,JPN,10Y,-0.11001485238197252,-98.01939244368094,-127.25231737634628,-144.32546580468292,-165.81487048251378
Net Zero 2050,JPN,20Y,-0.09188000664763021,-81.86187804945727,-106.27604830910028,-120.53485934349654,-138.481951048873
Net Zero 2050,IND,1D,-0.19908631979533234,-412.52637563963754,-443.0563630643827,-521.6639734806485,-612.7533690867382
Net Zero 2050,IND,6M,-0.19711946359312527,-408.4508567323869,-438.67922576777516,-516.5102390464432,-606.6997247898798
Net Zero 2050,IND,1Y,-0.19516785014502264,-404.4069223062394,-434.3360104362908,-511.3964450545601,-600.6929950622458
Net Zero 2050,IND,5Y,-0.18045102367503446,-373.9122148304923,-401.5844702081838,-472.8340858665874,-555.3971404248165
Net Zero 2050,IND,10Y,-0.16409591309109403,-340.0228220318586,-365.1870129630762,-429.9789465345387,-505.05892973109195
Net Zero 2050,IND,20Y,-0.13704634655428824,-283.97346787471105,-304.98959415205155,-359.1012268849632,-421.8050273795742
Net Zero 2050,CAN,1D,-0.10804927590089236,-77.15947940717409,-98.95017398214769,-112.42389172987163,-129.10420134861778
Net Zero 2050,CAN,6M,-0.10698181235709825,-76.39718895553942,-97.97260423448078,-111.31320954461414,-127.82872747670854
Net Zero 2050,CAN,1Y,-0.1059226214487389,-75.6408061070622,-97.00261046276316,-110.21113493088069,-126.56313827993428
Net Zero 2050,CAN,5Y,-0.09793542049351492,-69.93703565152622,-89.688031835927,-101.90055433764773,-117.01951855886409
Net Zero 2050,CAN,10Y,-0.08905908053358959,-63.598318759270946,-81.55919084151874,-92.66483596478692,-106.41349855669284
Net Zero 2050,CAN,20Y,-0.07437858374837854,-53.11477335888736,-68.11497570051755,-77.38996653729393,-88.87229990401433
Net Zero 2050,NOR,1D,-0.11799868466974003,-18.09099895696095,-40.81809706269439,-47.26931642087249,-53.79191210542764
Net Zero 2050,NOR,6M,-0.11683292679630329,-17.912270486118754,-40.41483817754053,-46.80232326799257,-53.260479528533835
Net Zero 2050,NOR,1Y,-0.11567620332029234,-17.734927126262022,-40.014704470536415,-46.33894922147631,-52.733165451042055
Net Zero 2050,NOR,5Y,-0.10695352379235357,-16.39760725118453,-36.997355755042754,-42.84471452048782,-48.756768495398525
Net Zero 2050,NOR,10Y,-0.09725983143560547,-14.911416292311905,-33.64411434713145,-38.96149995262897,-44.33771714164248
Net Zero 2050,NOR,20Y,-0.08122752306046954,-12.453418773915503,-28.098219312564456,-32.53908719724639,-37.02908886857171
Net Zero 2050,IDN,1D,-0.18635814107342075,-256.4523952624775,-281.0967280721374,-331.3142986279087,-389.24269389282193
Net Zero 2050,IDN,6M,-0.18451703182001322,-253.91879584333407,-278.319657083045,-328.0411074623575,-385.3972041201749
Net Zero 2050,IDN,1Y,-0.18269019080624496,-251.40483132830903,-275.5641078555179,-324.793282893519,-381.5815161474509
Net Zero 2050,IDN,5Y,-0.16891425468835097,-232.44739918143594,-254.78492135705872,-300.30192133263745,-352.8079811972826
Net Zero 2050,IDN,10Y,-0.15360477481747525,-211.37961668213555,-231.69258594631884,-273.08416976803625,-320.831362667428
Net Zero 2050,IDN,20Y,-0.12828456727220966,-176.53580553375025,-193.50038541198583,-228.06898150927535,-267.94552823016767
Net Zero 2050,RUS,1D,-0.12443286023973266,-371.86432201494665,-445.7698778914915,-480.0310191729067,-536.9054353158657
Net Zero 2050,RUS,6M,-0.1232035364812118,-368.19052037510255,-441.3659326581409,-475.2885939360415,-531.601124168142
Net Zero 2050,RUS,1Y,-0.1219837397433978,-364.54518998545035,-436.99611714622387,-470.5829215749905,-526.3379204030663
Net Zero 2050,RUS,5Y,-0.11278543413809539,-337.05629620761636,-404.0439889175182,-435.09814684691366,-486.6488843584997
Net Zero 2050,RUS,10Y,-0.10256316878310263,-306.5073257156767,-367.42361412029476,-395.66319013886067,-442.5416459669469
Net Zero 2050,RUS,20Y,-0.08565665840167654,-255.9826651998349,-306.85751402599584,-330.4420789836749,-369.5930912320992
Net Zero 2050,CHL,1D,-0.1395353953100108,-140.76561687243967,-153.4024446400888,-185.34644059553784,-219.70121555934443
Net Zero 2050,CHL,6M,-0.13815686735301683,-139.37493504715056,-151.88691835990912,-183.51532635013362,-217.53069626450005
Net Zero 2050,CHL,1Y,-0.13678902272033042,-137.9950307362911,-150.38313711447148,-181.69840288499512,-215.37699807322852
Net Zero 2050,CHL,5Y,-0.12647430998009934,-127.58937775831538,-139.04334661474732,-167.9972535248649,-199.13628063992476
Net Zero 2050,CHL,10Y,-0.11501135851756207,-116.02536254756599,-126.4412052495611,-152.77088570915504,-181.08763882669933
Net Zero 2050,CHL,20Y,-0.09605288882683786,-96.89974445587609,-105.59863988662433,-127.58813642531062,-151.23715661074883
Net Zero 2050,AUS,1D,-0.11805895646013521,-92.25790254750572,-123.6776074259796,-140.4195436495257,-161.06508457269734
Net Zero 2050,AUS,6M,-0.11689260313672038,-91.34644852085677,-122.45574512278371,-139.0322808249274,-159.4738558992431
Net Zero 2050,AUS,1Y,-0.11573528882535321,-90.44205808614204,-121.24335201546305,-137.6557690181665,-157.89495893939667
Net Zero 2050,AUS,5Y,-0.10700815389595242,-83.62218445709244,-112.10087608551149,-127.27569840854619,-145.98873202000223
Net Zero 2050,AUS,10Y,-0.09730951016033504,-76.04311925583681,-101.94065539185188,-115.74011340755064,-132.7570982638191
Net Zero 2050,AUS,20Y,-0.08126901274535817,-63.50817322805149,-85.13676010351065,-96.66151577753504,-110.87342124179013
Net Zero 2050,SGP,1D,-0.13727053593119196,-161.58902860205518,-194.73089123118368,-223.18633103887586,-260.4840476328439
Net Zero 2050,SGP,6M,-0.1359143834579627,-159.99262366855046,-192.8070641115046,-220.98138084489503,-257.9106178502784
Net Zero 2050,SGP,1Y,-0.13456874090338142,-158.40859056366503,-190.89814627888563,-218.79351858727762,-255.357131649423
Net Zero 2050,SGP,5Y,-0.12442145072885588,-146.46363273916384,-176.5032810890442,-202.29517501575975,-236.10167235340674
Net Zero 2050,SGP,10Y,-0.1131445593915735,-133.18895653511817,-160.505972667906,-183.96022800022737,-214.70268618114116
Net Zero 2050,SGP,20Y,-0.0944938128258076,-111.23409200558869,-134.0481718278259,-153.6362282510333,-179.31110033302957
Net Zero 2050,TUR,1D,-0.159135102957228,-291.48817844566275,-302.8425224272393,-329.26064622653456,-388.7969494335502
Net Zero 2050,TUR,6M,-0.15756294137142918,-288.6084460148494,-299.8506157299816,-326.0077439435493,-384.9558633550155
Net Zero 2050,TUR,1Y,-0.15600296373300682,-285.7510309518641,-296.88189572936113,-322.7800510223718,-381.14454494862844
Net Zero 2050,TUR,5Y,-0.1442394045998989,-264.203689353266,-274.495220166334,-298.4404992194474,-352.40396024769774
Net Zero 2050,TUR,10Y,-0.1311663204757469,-240.25768745172326,-249.61644924471145,-271.3914569471771,-320.4639600044792
Net Zero 2050,TUR,20Y,-0.10954486722768748,-200.65361578238932,-208.46967949683963,-226.65529543084412,-267.6386882137225
Net Zero 2050,KOR,1D,-0.13679249254428538,-206.33623828702287,-244.86408949587795,-284.0733991556858,-333.0729308221616
Net Zero 2050,KOR,6M,-0.13544106285965066,-204.29775713757914,-242.4449757485453,-281.2669204002103,-329.78236540084924
Net Zero 2050,KOR,1Y,-0.13410010649296833,-202.27507382168966,-240.04460966357854,-278.48219131078616,-326.5173012233621
Net Zero 2050,KOR,5Y,-0.12398815416374255,-187.02232005909065,-221.94380636605845,-257.48296381784854,-301.8959383401699
Net Zero 2050,KOR,10Y,-0.11275053449748616,-170.0716225017306,-201.82801304656758,-234.14609234459311,-274.5337136443005
Net Zero 2050,KOR,20Y,-0.09416473898619203,-142.03702016322325,-168.5586880216122,-195.54945587204296,-229.27958260634156
Net Zero 2050,KAZ,1D,-0.14580736185054535,-319.6335839054435,-398.2365266323001,-431.3497205211978,-481.9499128645347
Net Zero 2050,KAZ,6M,-0.144366870538646,-316.475791358048,-394.3021830613437,-427.08823799442456,-477.1885300822056
Net Zero 2050,KAZ,1Y,-0.1429375427550372,-313.3424710904556,-390.39832989001445,-422.85978113073895,-472.46404709299134
Net Zero 2050,KAZ,5Y,-0.13215919472686918,-289.7145694186949,-360.95995430256346,-390.9736174238884,-436.8374242183263
Net Zero 2050,KAZ,10Y,-0.12018099587588917,-263.456398508263,-328.2444847598474,-355.5378708254855,-397.24482876062103
Net Zero 2050,KAZ,20Y,-0.1003703632820121,-220.02825184235283,-274.13667144750656,-296.93101638231917,-331.76300033143013
Net Zero 2050,MEA,1D,-0.17911156301470907,-161.53173180954997,-166.2827341941987,-181.26031884230932,-214.9911804025858
Net Zero 2050,MEA,6M,-0.17734204570701737,-159.93589293478712,-164.6399581993135,-179.46957308591814,-212.86719349565337
Net Zero 2050,MEA,1Y,-0.17558624181527058,-158.3524215017981,-163.00991339977983,-177.69270526183215,-210.75966707531225
Net Zero 2050,MEA,5Y,-0.1623459860590455,-146.41169916144995,-150.71798823582608,-164.2936095276835,-194.86712409287395
Net Zero 2050,MEA,10Y,-0.1476318187421776,-133.14172993766536,-137.05772012327117,-149.4029200910918,-177.20541567578653
Net Zero 2050,MEA,20Y,-0.12329619313887966,-111.19465023937295,-114.46512869292104,-124.77534618220571,-147.9948790346722
Net Zero 2050,AFR,1D,-0.19693183197073214,-221.8638670769296,-236.05322162924298,-254.90852289203565,-301.83672143953476
Net Zero 2050,AFR,6M,-0.19498626084599674,-219.6719820521097,-233.72115409446843,-252.390176027414,-298.8547514667736
Net Zero 2050,AFR,1Y,-0.1930557675201435,-217.49708371112612,-231.4071596307947,-249.89134586257137,-295.89589118296215
Net Zero 2050,AFR,5Y,-0.17849820474782646,-201.09649910496952,-213.95767187106026,-231.0480395973307,-273.58356627654763
Net Zero 2050,AFR,10Y,-0.16232008717204105,-182.87019362926344,-194.56569884443252,-210.10708752702226,-248.78742276195266
Net Zero 2050,AFR,20Y,-0.13556324773885634,-152.72587512068878,-162.49349352539446,-175.473040055275,-207.77730972041647
Net Zero 2050,LAM,1D,-0.15504750815733054,-200.3020784004972,-203.37547727189113,-250.51698552615488,-296.44860251442043
Net Zero 2050,LAM,6M,-0.1535157296133829,-198.3232112155395,-201.36624670667567,-248.0420244778675,-293.51986399993825
Net Zero 2050,LAM,1Y,-0.1519958220560694,-196.35967986747303,-199.37258728865964,-245.58624389769707,-290.613822640928
Net Zero 2050,LAM,5Y,-0.14053442543925876,-181.55298228810878,-184.33869841905576,-227.06756814155708,-268.69979738313873
Net Zero 2050,LAM,10Y,-0.12779714070626225,-165.09799610020275,-167.6312298985521,-206.48738460283994,-244.34629242326847
Net Zero 2050,LAM,20Y,-0.10673106297385353,-137.88324622324123,-139.9989018205802,-172.45000887779722,-204.0682552045358
Net Zero 2050,ROW,1D,-0.1729061160427823,-312.92427680554636,-342.4968575349323,-392.52468747181086,-458.0257851459044
Net Zero 2050,ROW,6M,-0.17119790491562956,-309.832768281561,-339.1131892388306,-388.6467735254031,-453.50075872916665
Net Zero 2050,ROW,1Y,-0.16950293209341255,-306.7652183490527,-335.755743715777,-384.7989126599765,-449.01080038955064
Net Zero 2050,ROW,5Y,-0.15672139437642008,-283.6332809827478,-310.4377468587371,-355.782766715606,-415.1526929831652
Net Zero 2050,ROW,10Y,-0.1425170098088289,-257.9262853598658,-282.30133856411135,-323.5365296204209,-377.52548497581205
Net Zero 2050,ROW,20Y,-0.1190245091923724,-215.40972241804627,-235.76679241316455,-270.20477552489626,-315.2941927222127
