region,sector,0%,10%,20%,30%,40%,50%,60%,70%,80%,90%,100%
GBR,A01,-18.346584181042676,-15.018045391421806,-11.637574575771028,-8.200316682494385,-4.700173620006173,-1.1292838566380785,2.5227879288211166,6.270356411769408,10.133804157980595,14.143426840477364,18.34658418104265
GBR,A02,-0.12646663027249386,-0.15071825864971727,-0.1721017659785903,-0.18933958141240625,-0.2006568244732893,-0.2035418051856548,-0.19436319096665305,-0.1677383583747074,-0.1154518400534069,-0.02451967371820192,0.1264666302724941
GBR,A03,-4.954348210000282,-4.136117770449825,-3.305511618839337,-2.457484290905506,-1.585543996570653,-0.6811583171836265,0.2671723718315786,1.2754110884581302,2.3664998776043635,3.574795278635464,4.954348210000268
GBR,B05,-59.00881905224696,-47.29655361946899,-35.57667785057024,-23.847419712841305,-12.106218312180909,-0.3493365332195923,11.428755202761325,23.23639005760546,35.08642587192563,46.999307409641844,59.00881905224685
GBR,B06,-2.722341800848261,-2.2747392514351614,-1.8147277526263055,-1.3407357331613199,-0.850661068680426,-0.3416230379897977,0.19042931025001153,0.7513550997024437,1.3498998812179037,1.999600874091273,2.722341800848261
GBR,B07,,,,,,,,,,,
GBR,B08,-17.87069783164164,-14.453304081752941,-11.01264923914907,-7.546640199636447,-4.052533923323128,-0.5266410178776665,3.0361440659274432,6.643113146532666,10.305057354635832,14.038613066402887,17.870697831641625
GBR,B09,-5.244387269435642,-4.358538959066427,-3.4597916972913247,-2.544741063638373,-1.6085363316444996,-0.6441422605922764,0.35884833805333877,1.4161828917245698,2.552330906865094,3.8065525448856565,5.244387269435647
GBR,C10T12,-1.1236365388036609,-1.3493762288252276,-1.5176120304104208,-1.6196298107291456,-1.6444890231095917,-1.5781030398981513,-1.4018029869707325,-1.0900154001050897,-0.6063524198809953,0.1032905568542251,1.1236365388036602
GBR,C13T15,-0.8084357903962516,-0.6861961079161584,-0.5634070744789142,-0.4387420921754582,-0.31036994856718164,-0.17572105612260305,-0.031117532103273178,0.12883196916876502,0.31226157389713644,0.5318819311372869,0.8084357903962506
GBR,C16,-0.8631820268292666,-0.8149366488463541,-0.760817352420145,-0.6975721919388003,-0.6205676959508813,-0.523123832477855,-0.3954574073610307,-0.22294785953631036,0.01682077415076964,0.35934382417239324,0.8631820268292666
GBR,C17_18,-1.058746606959984,-1.0488903737794855,-1.0191215535443492,-0.9648779461068164,-0.8801514588193581,-0.7568628827056146,-0.5838903622434105,-0.3455088513083345,-0.018783578206453853,0.4309918162679233,1.0587466069599836
GBR,C19,-23.071653492172892,-20.957823709251382,-18.511205214248367,-15.683573220675568,-12.415091118269089,-8.629969339920322,-4.229918865402362,0.9160637114671135,6.988288044921097,14.24464214216417,23.07165349217288
GBR,C20,-3.6313788811322354,-3.1600328204677917,-2.6714533048959255,-2.1593542203825233,-1.614948386804811,-1.0258155847419985,-0.3741383792393244,0.36613931558904034,1.234070932021591,2.2900593751712424,3.6313788811322376
GBR,C21,-0.16452204805259193,-0.17824722885239,-0.19039116706050302,-0.19971686353874393,-0.2044142690093583,-0.2018171550688561,-0.18795469161647574,-0.1568192719009081,-0.09912665249752774,-0.00012164170180325034,0.16452204805259166
GBR,C22,-1.7722143749996964,-1.6078353400627274,-1.434429547427817,-1.246995655596145,-1.03837323326764,-0.7982362949168091,-0.5115199752624061,-0.15588154649433442,0.302555598820729,0.9166711333779982,1.7722143749996964
GBR,C23,-9.196703408421572,-7.609298129552876,-5.988583013598237,-4.3308395512205236,-2.630991946772397,-0.8819628718315647,0.9263485418703294,2.8087416448302003,4.7875668749699924,6.8978129842989455,9.196703408421577
GBR,C24A,-19.89403193483966,-16.376804860068198,-12.809630328546028,-9.183578003203346,-5.486524552079677,-1.7017182037449512,2.194458366629552,6.236088382838716,10.473740767814206,14.985009077703218,19.894031934839678
GBR,C24B,-3.14909065093836,-2.7567701566475113,-2.3475561353091434,-1.915138043480917,-1.4509943203546918,-0.9434620828612221,-0.37631571311177875,0.2734749842591474,1.0394171941192092,1.971793380626817,3.1490906509383625
GBR,C25,-0.9747263706998182,-0.8842689341325115,-0.7876823297408557,-0.6824053477256206,-0.5647757773997601,-0.4295069941413077,-0.26886629120737127,-0.07134447435059528,0.18057966640467757,0.5143686686947855,0.9747263706998182
GBR,C26,-0.22707823758456375,-0.2163409545421675,-0.2057885830061434,-0.19450790429716802,-0.18104901088167863,-0.1631360872272265,-0.13720038526786102,-0.09760420507004489,-0.03530615069361298,0.06453339355558828,0.22707823758456408
GBR,C27,-0.6872769091026361,-0.646337286814546,-0.6037218005943917,-0.5567787092809089,-0.5015427804741559,-0.43207285659738887,-0.3394013352144102,-0.20981891148664886,-0.021973554763077344,0.2582515989442411,0.6872769091026366
GBR,C28,-0.5646115019736722,-0.5392892138476417,-0.513922358484658,-0.485784516332642,-0.4508598485488098,-0.4032158416222062,-0.3340179086577238,-0.2299347421444711,-0.07046363758219744,0.17675608718058636,0.5646115019736704
GBR,C29,-0.31149664570954755,-0.4352793798563286,-0.5558089052867451,-0.6678676129175012,-0.7637458636663782,-0.8319811888223656,-0.8553538156909093,-0.807605912386865,-0.6478801312587643,-0.3108791133622015,0.3114966457095478
GBR,C301,-0.5000550281141912,-0.46796519660415203,-0.4344650356201299,-0.3980077838947583,-0.356124362942261,-0.30490711544550597,-0.23817543032388858,-0.14609198769643827,-0.012793342973730122,0.18783213368031923,0.5000550281141913
GBR,C302T309,-0.13845071037710568,-0.19665672524278355,-0.25313207828846934,-0.30573175112282985,-0.3511317975142364,-0.3842131347887908,-0.3970807383799197,-0.3774586801958047,-0.30597347385683504,-0.15136000324968377,0.13845071037710566
GBR,C31T33,-0.34651929450150654,-0.34978017080899537,-0.3515460322227719,-0.34994566028565804,-0.3421198008007445,-0.32371557591782546,-0.28808309567087803,-0.22496142799889488,-0.11825273982663917,0.057913348871823096,0.34651929450150615
GBR,D,-13.946013182783703,-12.567197491958689,-11.084157266256286,-9.462662770067997,-7.655890616184926,-5.598547459710651,-3.197516584220953,-0.31644134248906713,3.250744781220933,7.827528288503915,13.946013182783707
GBR,E,-4.800397352738058,-3.9613333812986955,-3.105883576536982,-2.2321536590692905,-1.3376807145514396,-0.4191593567593811,0.527999780886369,1.5104050885525853,2.5379545577701,3.6261328194804876,4.800397352738065
GBR,F,-0.4084818693080031,-0.42746886491778674,-0.44057594410919837,-0.44544980817419844,-0.43872559511308673,-0.4154957122331036,-0.3684456093129131,-0.28640496925468917,-0.1518311077952819,0.06375370064844244,0.4084818693080034
GBR,G,-0.30717339055142623,-0.28229960061865933,-0.25543939244338143,-0.22574408311936495,-0.19197583613881566,-0.15230683844961349,-0.10399471526157197,-0.042841516533100484,0.037741537948927095,0.14842340250582378,0.3071733905514264
GBR,H49,-5.152761662067502,-4.227166523765943,-3.294164038683336,-2.3507426447180584,-1.3929936958134992,-0.4157336947165211,0.5880873237913918,1.628344704397795,2.719356366043269,3.882740866573855,5.152761662067504
GBR,H50,-19.952481604030503,-16.190909273915395,-12.398986031331424,-8.572606982044888,-4.70657047884515,-0.7941211181996908,3.173764161040897,7.20953016078387,11.330984476000943,15.564718074134964,19.952481604030485
GBR,H51,-35.847549221926535,-29.192200056179924,-22.490710726568842,-15.73028381923012,-8.894160277925316,-1.9600041802089112,5.102595633008933,12.336123582988154,19.80179312804758,27.591158035946968,35.84754922192654
GBR,H52,-0.759424498753215,-0.717638916004867,-0.6626952228925768,-0.5926305907478678,-0.5048343140583015,-0.3957446015504268,-0.26036503939604994,-0.09146761942638144,0.12177220271043178,0.3962218790428413,0.7594244987532153
GBR,H53,-0.9253402189326638,-0.788137318105094,-0.6464944105092247,-0.4994523288661975,-0.34568432188060505,-0.18330977685181568,-0.009592009284319412,0.17956774854853835,0.3905094435803373,0.6334100948251179,0.9253402189326647
GBR,I,-0.3457153006566273,-0.3147216636878886,-0.28562215435342786,-0.2565896444373777,-0.22519145397878565,-0.18812201177756604,-0.14077887769848615,-0.07656644141270567,0.014294555298253528,0.14690088879645452,0.3457153006566277
GBR,J58T60,-0.027575953175011415,-0.04323586974477547,-0.060074820004070384,-0.07755217686715943,-0.0947244454022929,-0.1100038283227394,-0.12075837977644525,-0.12263172653042857,-0.10834693237914057,-0.06551638456981351,0.02757595317501135
GBR,J61,-0.04449981480403484,-0.049781266545237735,-0.055955302052715754,-0.06263777100197206,-0.0691701106965017,-0.07445510629659527,-0.07668528649421999,-0.07288157117768652,-0.05808336359487348,-0.023867685926032653,0.04449981480403485
GBR,J62_63,-0.020889827560145627,-0.02974209473341945,-0.039451037423508,-0.049668273564778286,-0.05978961619727746,-0.06880161893634058,-0.07502741498405764,-0.0756942291594732,-0.06617269246575654,-0.03858327034809651,0.020889827560145596
GBR,K,-0.006766043797175373,-0.017426232857779615,-0.02824589286082052,-0.03894719996650759,-0.0490629714839368,-0.057823617707707574,-0.06396953863384698,-0.06543121540867426,-0.058765326667362845,-0.03811960124431808,0.006766043797175244
GBR,L,-0.017490571023047657,-0.01908011744790305,-0.02080999482749009,-0.02252908570349861,-0.02400424035856006,-0.02487433528665574,-0.024574572342185172,-0.022208056938367336,-0.01632021965057074,-0.004485488681243932,0.01749057102304768
GBR,M,-0.044307715320720566,-0.05190779903469488,-0.059441887766997735,-0.06652994425701952,-0.07254984956048431,-0.07649872881098412,-0.0767656505669262,-0.07074851792150852,-0.05418610257672031,-0.019944097008689248,0.04430771532072054
GBR,N,-0.1453364445278465,-0.1462366842658358,-0.14541641692664228,-0.14224765815677567,-0.13577924422753784,-0.12456565533564279,-0.10639006950135009,-0.07780259795751125,-0.03332227886230909,0.036002938143463774,0.14533644452784658
GBR,O,-0.205226264722223,-0.1939334616866466,-0.18150273985307339,-0.16727846992566653,-0.15024188442198794,-0.12881427380641491,-0.10053714024888759,-0.06153709524318728,-0.005598934804496942,0.0775093984178331,0.2052262647222228
GBR,P,-0.10341853831361747,-0.09578231853396436,-0.08784127982098906,-0.07924990026778884,-0.06949430691422866,-0.057805687074089014,-0.04302039105385251,-0.023346771988391888,0.004037944958091351,0.04371607449370595,0.10341853831361728
GBR,Q,-0.18820229464793253,-0.17494682507661813,-0.16097613167009542,-0.145712066755446,-0.1282642434768585,-0.10726348097445126,-0.08059262349653219,-0.04493840583842013,0.004981620049707561,0.07781154071434887,0.1882022946479326
GBR,R,-0.18335786447600524,-0.1708209488135644,-0.15842043540653905,-0.14546946332820726,-0.1309188170882293,-0.11316527582176436,-0.08974068286756984,-0.056791776099206874,-0.008177683536175963,0.06616616212082561,0.1833578644760052
GBR,S,-0.12866461073013816,-0.118703979126665,-0.1083193518346352,-0.09710813951756724,-0.08446741889906195,-0.06948948320958712,-0.05079289240337909,-0.026240623251338233,0.007547671742520251,0.05607775050681597,0.12866461073013807
GBR,T,-0.2516269,-0.20130152,-0.15097613999999998,-0.10065075999999998,-0.05032537999999999,0.0,0.05032537999999999,0.10065075999999998,0.15097613999999998,0.20130152,0.2516269
EU27,A01,-12.903667409622457,-10.555073629463804,-8.179879643883242,-5.7731353361497355,-3.3284832192081204,-0.8376014718459582,1.71064477788676,4.331540522866708,7.046710804853518,9.887876774310445,12.903667409622473
EU27,A02,-1.1188060777109903,-0.9891113397912503,-0.8510795545394837,-0.7025800127466724,-0.5407165488365941,-0.3614851872795722,-0.15924050337870715,0.07416256167772552,0.3508003660097877,0.6891758569863906,1.11880607771099
EU27,A03,-5.709202928235873,-4.685718283577941,-3.655869248070847,-2.615639825826781,-1.5599027915056973,-0.4819887841628481,0.6269705137411902,1.7790779844966909,2.991369407331138,4.288731224515168,5.709202928235873
EU27,B05,-16.73409374298351,-13.437478898105443,-10.134349631382229,-6.823856425571527,-3.5048743924879813,-0.17588816494040246,3.1651850417576033,6.521276337294961,9.896628340602382,13.297594196075016,16.734093742983514
EU27,B06,-5.1156946210766066,-4.188179754266821,-3.249050497989561,-2.296409312901514,-1.3278169495982295,-0.3400758064249232,0.6711019425048841,1.711620155939515,2.7898650595707957,3.918200232628476,5.1156946210766145
EU27,B07,-4.628179755601188,-3.8153275743799773,-2.9906624478076744,-2.151682904583472,-1.2951137723185142,-0.4165914564848406,0.4898179717649285,1.432381334614949,2.422952217289744,3.479128935305213,4.628179755601193
EU27,B08,-3.325284351527258,-2.8328645472193528,-2.322176920209996,-1.7894137593207404,-1.2295987198398923,-0.6361121770703101,3.6487458860022276e-05,0.6913622843004521,1.455804839858203,2.320005866974169,3.3252843515272565
EU27,B09,-5.167612632615158,-4.195997015566121,-3.21857489919762,-2.2340482002749398,-1.240625068603899,-0.23579473667601636,0.7840241587782966,1.8240500988015649,2.8920851888275654,4.000167292015924,5.167612632615154
EU27,C10T12,-1.4873213582578524,-1.9031040119958462,-2.2303892482686236,-2.4551996337891686,-2.559668231146327,-2.5204884776416683,-2.3065460756378653,-1.8751791322543665,-1.1660387502749143,-0.09053724095342357,1.4873213582578537
EU27,C13T15,-0.798734242041806,-0.7956573573100586,-0.7853989852331671,-0.7636592059478965,-0.7243660814077817,-0.6588627358866485,-0.5546380098694599,-0.39328012731481077,-0.14705064524836398,0.22711770543676876,0.7987342420418061
EU27,C16,-0.5610076155451101,-0.6102095194110849,-0.6519823975885557,-0.6819725118103815,-0.6939907175836676,-0.6791586712968837,-0.6245765515731587,-0.5111806630969097,-0.3101728511923574,0.023192583311453137,0.5610076155451088
EU27,C17_18,-2.705766043090681,-2.4353569770168333,-2.1447256209776144,-1.827102439320839,-1.4732512720491693,-1.0703855107108675,-0.60049035749388,-0.03764249351127411,0.6564342387548733,1.5400733462337846,2.705766043090681
EU27,C19,-12.762305514395948,-11.762353843688121,-10.548059582533739,-9.08922581977635,-7.349185795303469,-5.282596756298805,-2.832163166298201,0.07640472474943233,3.5424734166337513,7.704093676602176,12.762305514395933
EU27,C20,-4.994817403698828,-4.376646160371463,-3.7295078970975513,-3.043029063446197,-2.3034895127138686,-1.4924904708078603,-0.5849357577466968,0.45413022429398536,1.6746710435386936,3.150438908748918,4.9948174036988275
EU27,C21,-0.17228759213046493,-0.19670043180543723,-0.21864813469170954,-0.23646395642217427,-0.24779409628027368,-0.24928768513216995,-0.236116859176916,-0.2012106159411729,-0.13398627100982502,-0.018154639569268383,0.17228759213046468
EU27,C22,-0.5007658514259291,-0.6581635671395301,-0.8007395463629502,-0.9215023009822166,-1.0107346167887532,-1.0548194758429028,-1.0344430991904212,-0.9217571086428216,-0.6757266419734638,-0.2341545904102685,0.5007658514259297
EU27,C23,-15.003353452712172,-12.414652197830275,-9.774511623377904,-7.075077194439226,-4.306226331583372,-1.454656339532752,1.4975092240365548,4.574921800619807,7.812622060264046,11.262253215188872,15.003353452712165
EU27,C24A,-16.251861030171106,-14.008811216255006,-11.658107520104293,-9.176935592874406,-6.535785485018286,-3.6958389914648344,-0.6050246122893237,2.808135053645176,6.644491146527858,11.051169495746034,16.251861030171135
EU27,C24B,-4.587250305527952,-4.528229900795576,-4.4106838182478665,-4.211423642894592,-3.899004649832463,-3.430287571114539,-2.745222036684123,-1.7586894165848683,-0.34727945740152283,1.6731021462526763,4.587250305527956
EU27,C25,-0.3690281755593898,-0.5371188514140778,-0.6924975664618674,-0.8282423337627761,-0.9348313197422107,-0.9990273152102948,-1.0021733469895788,-0.9175088011410861,-0.7057880995672087,-0.3078095013843733,0.3690281755593875
EU27,C26,-0.16387506036883714,-0.21474575456736353,-0.2670799099964491,-0.3186328171153672,-0.3657933667367011,-0.4028312663738082,-0.42067912078349917,-0.4049075976899098,-0.332246077556723,-0.1643573129671338,0.1638750603688377
EU27,C27,-0.20495042404886565,-0.32607714617946437,-0.44830205158689285,-0.5667753590088199,-0.6741125568019108,-0.7591291204546534,-0.8048504361993067,-0.7852933252979021,-0.6600819116108109,-0.3650592460314967,0.20495042404886588
EU27,C28,-0.2518500415736717,-0.3438315913875597,-0.4350699974013621,-0.5212446685766297,-0.5959494751864138,-0.6496934575038326,-0.6683429056946568,-0.6306225273998483,-0.5039674758048003,-0.23734291900122492,0.25185004157367114
EU27,C29,-0.2428428818799802,-0.3563347384633842,-0.4740628000110134,-0.5912821487718896,-0.7004552309922004,-0.7897819003601863,-0.8408640714699427,-0.8248960163932759,-0.6962446780254132,-0.38118968618199683,0.24284288187998043
EU27,C301,-0.2294500388132362,-0.39092690891036974,-0.5564240219715804,-0.7198097851875254,-0.871484859157143,-0.9965963327275366,-1.0722142999960511,-1.0627463863116826,-0.912241899396535,-0.5309417912660218,0.22945003881323367
EU27,C302T309,-0.15927275713621739,-0.28653702093140065,-0.4166886039302069,-0.5451181606392453,-0.6645690805985734,-0.763758361388075,-0.8251917103683464,-0.8216095448833345,-0.7100159808304805,-0.4212377159653561,0.15927275713621605
EU27,C31T33,-0.19256354236571424,-0.24895401782490673,-0.3042027722003928,-0.35552463174469034,-0.39879691259666783,-0.42791330657496,-0.43377202001093107,-0.402644685994429,-0.3134541244859911,-0.13303465757285046,0.19256354236571446
EU27,D,-15.684430135148864,-13.186556407907272,-10.602162038801907,-7.918883600807012,-5.121524201380688,-2.1910469587135273,0.8969402451399097,4.174549352719714,7.685458216363021,11.491477248744848,15.684430135148878
EU27,E,-7.33288575309847,-6.122923534829618,-4.881925443253364,-3.6048284863794127,-2.2851169729626397,-0.9142240501830721,0.5193913891437096,2.0317161264232193,3.6456194059582177,5.395074885935874,7.33288575309847
EU27,F,-0.47888774348614244,-0.5405514320879897,-0.5929210304904697,-0.63201459829478,-0.6522199552487971,-0.6455259247650438,-0.6003190859894438,-0.4994446966459294,-0.316970826035327,-0.012555085070012779,0.4788877434861425
EU27,G,-0.31724104912879086,-0.3063742025242537,-0.29190307151545636,-0.272544044913929,-0.24650800827394248,-0.21126554615312296,-0.1631780504402693,-0.09690011123960898,-0.004375829769311461,0.12692119468179688,0.3172410491287905
EU27,H49,-3.787337598873123,-3.150851517059779,-2.506685549812718,-1.8511408131926719,-1.1794114353947402,-0.4851432426288006,0.24024283410957747,1.0086235494449698,1.8369420262664522,2.7502612836564784,3.787337598873117
EU27,H50,-9.948713190600719,-8.20779524317,-6.442584285211282,-4.646994452259512,-2.8131678228419514,-0.9307781527975463,1.0140279808709114,3.040295802404159,5.174982854020937,7.457615020547435,9.948713190600715
EU27,H51,-22.211264341306965,-18.0618793679464,-13.900014424508525,-9.715221399191893,-5.494077991512423,-1.2190325062145588,3.1333597470180043,7.595221356573837,12.211926295678756,17.049966852690368,22.211264341306993
EU27,H52,-0.7132576239389729,-0.678142202397919,-0.6346724584716106,-0.580328623693912,-0.5116167279148053,-0.4236276422614196,-0.3093487659965873,-0.15855538179753748,0.04404189865586799,0.322031538484692,0.7132576239389717
EU27,H53,-0.937430182639426,-0.8381665490760738,-0.7322197038282809,-0.6175176146391711,-0.49117999308225635,-0.34914671663799485,-0.18559574109766683,0.007997815425969943,0.24443964336513538,0.5435812414476082,0.9374301826394253
EU27,I,-0.26550212362059883,-0.316017865096468,-0.36079917986439364,-0.3963602114188751,-0.418270624248927,-0.42077734623245644,-0.39622358051893325,-0.3341259999093093,-0.21965092472645104,-0.030980031303616856,0.26550212362059916
EU27,J58T60,-0.06130030080100274,-0.08723718917740507,-0.11298216739295434,-0.13745708262278164,-0.159027568713831,-0.17521957845963082,-0.18226824796256053,-0.17437892060487475,-0.14247422408615576,-0.07197922821548193,0.06130030080100279
EU27,J61,-0.09144098278066849,-0.12263052664020921,-0.15297188074580653,-0.1811626630069062,-0.2052367175416363,-0.2222122312020321,-0.2275244579998723,-0.21408532151322643,-0.17067144530632128,-0.07904644605251544,0.09144098278066816
EU27,J62_63,-0.04077398047720854,-0.0567331053158961,-0.07335411495597538,-0.08995635050256523,-0.10544724750501801,-0.11809760381732935,-0.12517914412881037,-0.12236390156872075,-0.10269559430143324,-0.05475567299071989,0.04077398047720852
EU27,K,-0.059091457074950136,-0.07122211620955135,-0.0835183896001349,-0.09537259923207829,-0.10580677230025291,-0.11326509526108491,-0.11527611840068067,-0.10788803390954585,-0.08469345077123883,-0.03507712541823522,0.05909145707495004
EU27,L,-0.01805271190167285,-0.029381201469271704,-0.04013402023562778,-0.04990931625103998,-0.05813170116785942,-0.063965706010985,-0.06617800671063859,-0.06291173426266725,-0.05130394523603121,-0.026809926453655368,0.018052711901672985
EU27,M,-0.10131264588241215,-0.11168812117703548,-0.12165914680363492,-0.13040954540895183,-0.13669536362281987,-0.13862269648357706,-0.1332922614676727,-0.11621450971745428,-0.08031397544886865,-0.014163250684839411,0.101312645882412
EU27,N,-0.2397557228146917,-0.22841229189224993,-0.21545636718393554,-0.1999629671942791,-0.18057996879999058,-0.15531961692138627,-0.12122851202129763,-0.07384949864590974,-0.006312798143070046,0.09226547719747288,0.2397557228146918
EU27,O,-0.16686119980291483,-0.16199452333634665,-0.1552690598713183,-0.14596629005159437,-0.1330911727569831,-0.11524296760098457,-0.09041174967284099,-0.05564798868243371,-0.006506472628606372,0.06393049424006096,0.16686119980291464
EU27,P,-0.1114845521295132,-0.10628271641061975,-0.09964486557288836,-0.09116606263782452,-0.08029911894809949,-0.06629101146025405,-0.04808339388595966,-0.024151927967322045,0.007762942789490955,0.05112736401091293,0.1114845521295132
EU27,Q,-0.14137515213265175,-0.14447548703797955,-0.14562937509673154,-0.14402370441227308,-0.13853115094592797,-0.12756700191421314,-0.1088653460865585,-0.0791181983531808,-0.03337197094170999,0.03602694268553306,0.1413751521326515
EU27,R,-0.21217247722273014,-0.23217533711642288,-0.24831929027136815,-0.25897462667902965,-0.2618936434701677,-0.25392654303210294,-0.23057478651209617,-0.18526662656198986,-0.10813825517599605,0.01610805763034353,0.21217247722273047
EU27,S,-0.2886039215908109,-0.27843897468296486,-0.264906860102812,-0.2468108205335781,-0.22251045592610968,-0.1897222937869814,-0.14520805225016253,-0.08427173327098808,8.222598797558254e-05,0.11862158270884272,0.2886039215908108
EU27,T,-0.0357665,-0.0286132,-0.0214599,-0.014306599999999996,-0.007153299999999998,0.0,0.007153299999999998,0.014306599999999996,0.0214599,0.0286132,0.0357665
ZAF,A01,-38.53708787638607,-32.17516406311446,-25.6533341922056,-18.940688964550958,-11.998636769225195,-4.778419847896482,2.7824134059807446,10.765152414563605,19.27766903789036,28.466550056365037,38.53708787638612
ZAF,A02,-13.777034833498853,-13.34138822463494,-12.684054491892338,-11.74316351490534,-10.439601514481765,-8.671245319323793,-6.304761596716586,-3.163643814845143,0.9897856899026735,6.48251331914891,13.777034833498872
ZAF,A03,-3.898468458923967,-3.3886680519424104,-2.850265504827969,-2.2761304629152366,-1.6574273422213983,-0.9830881085681892,-0.23906664801903904,0.5927457345651557,1.5361521347233529,2.6232104075913325,3.898468458923967
ZAF,B05,-55.7711791252002,-45.69587317072605,-35.45691081589473,-25.036067540513677,-14.411311349329115,-3.555639420757269,7.564569559717674,18.991956535397826,30.781803912467954,43.00773550116039,55.77117912520018
ZAF,B06,-2.069600067069788,-3.359870470716479,-4.386595152194268,-5.122329593742479,-5.533852425613357,-5.58037587149449,-5.211006140662273,-4.361035745533391,-2.946341793100705,-0.8545576999557152,2.0696000670697856
ZAF,B07,-4.397462866250256,-4.299661548903324,-4.109413866151519,-3.80795208870618,-3.3721559847787788,-2.773232090983815,-1.9748595028562081,-0.9305153661993806,0.42051159797207827,2.159309969102229,4.3974628662502555
ZAF,B08,-8.945027918929716,-8.727497935384138,-8.29052795661631,-7.603037676359367,-6.6273897985304435,-5.31742737459864,-3.61570976696879,-1.4495084962830294,1.275194984996319,4.683093713172343,8.945027918929709
ZAF,B09,-10.288631502481588,-9.332354127993296,-8.265705860221503,-7.059513855605745,-5.676933658479073,-4.0709713757762644,-2.1809642711552044,0.07255752815135,2.7956279306986374,6.133049840052402,10.28863150248159
ZAF,C10T12,-1.8145098708369694,-2.7175876497592557,-3.478783931538301,-4.067535134005733,-4.445449985004216,-4.5637514366591425,-4.359643927153951,-3.7510208842461403,-2.628510517033002,-0.8430497076355807,1.8145098708369698
ZAF,C13T15,-1.2712303743869502,-1.5428514423624136,-1.7712872533772888,-1.9420059031001005,-2.0361680337866703,-2.028992373896398,-1.887316198988998,-1.5658364642176823,-1.001092231671394,-0.10137093958345184,1.2712303743869517
ZAF,C16,-3.4772874191037957,-3.591843669786652,-3.630245680768049,-3.5709664902470015,-3.3863466292941,-3.0404856056516363,-2.4862257113135184,-1.660727091611312,-0.4787726394385513,1.177759804810921,3.477287419103799
ZAF,C17_18,-2.434787693200416,-2.844649232289022,-3.1491350483036458,-3.327089995890136,-3.3522993355937842,-3.191853885035581,-2.8038100276236513,-2.133742871100388,-1.1094898432412328,0.3672148307327276,2.434787693200413
ZAF,C19,-45.65735625667847,-38.63660187251547,-31.347152530657024,-23.740856415853546,-15.759357615875413,-7.3311420519535115,1.6325961873357318,11.243907729294165,21.646963868837986,33.03187021891636,45.65735625667843
ZAF,C20,-18.61518278964698,-16.467523849989398,-14.115816257520692,-11.526802700470538,-8.65939310912497,-5.462200593116123,-1.8700343791406098,2.2012412197190248,6.862516860291186,12.263835264422692,18.615182789646994
ZAF,C21,-8.561568916353357,-7.613665116519294,-6.576498743490624,-5.4323912224523685,-4.15920291802931,-2.728852014084832,-1.1051875500459218,0.7591539747892974,2.927558469512199,5.4871161351387965,8.561568916353353
ZAF,C22,-40.66986341384281,-33.8689461433137,-26.892339134241972,-19.713727673493796,-12.300164784871177,-4.609820392388799,3.411272490966972,11.83406283430748,20.753959314944485,30.302891047945323,40.66986341384279
ZAF,C23,-48.064389237932,-40.221909512596596,-32.13213095443271,-23.75988569526843,-15.062682057833621,-5.988519359158291,3.5271913459127884,13.566091656815656,24.233575043488358,35.66927528863088,48.06438923793204
ZAF,C24A,-30.32296190659493,-26.249290472943354,-21.987161434649536,-17.481791084899196,-12.663612966903976,-7.4435700418871455,-1.7064945367533315,4.69844352488022,11.971957506230703,20.38666715544611,30.322961906594887
ZAF,C24B,-45.8433726237243,-37.91683758089419,-29.941313657094486,-21.86770909169234,-13.633690177290376,-5.159521409739315,3.6577786517053603,12.952864294779792,22.904605923225756,33.75551382930052,45.843372623724335
ZAF,C25,-1.8435072626857663,-2.382386396410101,-2.8243351865186317,-3.148269441347815,-3.3267676590208977,-3.323846197233383,-3.091763504580156,-2.5663055862335327,-1.6595992449648993,-0.24869899676258223,1.8435072626857631
ZAF,C26,-1.1085540691993598,-1.7760850803757968,-2.3497889407513477,-2.8102536565997718,-3.132008392518649,-3.2810014989513245,-3.210739234889736,-2.856185405244196,-2.123758964510111,-0.8741854859993717,1.1085540691993625
ZAF,C27,-1.6936824055706634,-2.04933884612678,-2.3425639337241275,-2.5561997231705846,-2.66752823216648,-2.6460505410621478,-2.4501595322955243,-2.0220072265809264,-1.2793026067438047,-0.10162475561859502,1.6936824055706634
ZAF,C28,-1.449388915971352,-1.75647330888932,-2.0082231846123575,-2.189832632841938,-2.28174333579274,-2.2578597989100477,-2.082934812372839,-1.7086308929294751,-1.0673814484681068,-0.06240954595735648,1.4493889159713547
ZAF,C29,-2.457992529147784,-3.377688809699379,-4.165174442620188,-4.785804602910302,-5.193976494907031,-5.328887094200095,-5.108245073929719,-4.41868288806638,-3.1006277430696323,-0.9234008276302688,2.4579925291477926
ZAF,C301,-6.920148810889732,-7.88614323112766,-8.637209428270996,-9.115974229454155,-9.246093133381118,-8.92486177834438,-8.012285826518548,-6.3144533115817305,-3.557364347557436,0.6560262025045043,6.920148810889729
ZAF,C302T309,-0.8806575679812767,-0.9902022374100556,-1.0697184223685667,-1.1126180508294325,-1.1103125730740429,-1.0514673586690428,-0.9209086140048605,-0.6979753005486619,-0.3539480093970994,0.1521349875499855,0.8806575679812776
ZAF,C31T33,-6.549866508974709,-5.575505733509562,-4.567374344016536,-3.517103037935216,-2.413942739409375,-1.2439161772306335,0.01141732933456043,1.3768124323388575,2.8862083016064943,4.587376731595819,6.549866508974713
ZAF,D,-201.32757415961925,-164.10312407808905,-126.3354745362575,-87.98829848637202,-49.02002531963078,-9.382469083566862,30.981083579351303,72.13861928179658,114.17348433984615,157.1907370255567,201.32757415961922
ZAF,E,-45.541904070241166,-37.72524370064176,-29.70174076629611,-21.452361411214106,-12.954005366034266,-4.17824471965112,4.910455070599033,14.357311842908608,24.22108101819098,34.580056708905744,45.541904070241166
ZAF,F,-35.02148246184973,-28.843334185237467,-22.571612906575357,-16.186789247482157,-9.664270060489496,-2.9727171621239665,3.928362592277515,11.092170223124622,18.590034526856712,26.520036383793748,35.02148246184972
ZAF,G,-2.0095181974455723,-1.976149591435994,-1.8957865876197546,-1.760509428712061,-1.5605318467697602,-1.2836014234829056,-0.9141437010972374,-0.4320055263093296,0.189454086549801,0.9863888412778564,2.00951819744557
ZAF,H49,-15.145249268276952,-12.768699819436463,-10.317384036021783,-7.774983970955494,-5.12143812470517,-2.3318252039133727,0.6252051102007913,3.789702072546449,7.213812563667056,10.967090782906446,15.145249268276956
ZAF,H50,-76.71884350571123,-61.54514466728169,-46.351905448366495,-31.135196266312615,-15.890048053963937,-0.6101112560850164,14.712834479304519,30.089607141074094,45.534740123032506,61.06827997957696,76.71884350571125
ZAF,H51,-36.01793915062481,-30.6516663618399,-25.106561977016124,-19.330614444430694,-13.259052552790909,-6.810553638232422,0.11806408856475646,7.659482551081349,15.987264766080036,25.333534546437786,36.0179391506248
ZAF,H52,-2.518061969933678,-2.952363685389138,-3.2878883213184946,-3.500781813406406,-3.560973494818652,-3.4301557706668455,-3.058907628217633,-2.3824829267179366,-1.3144306204173317,0.26348336525067784,2.5180619699336764
ZAF,H53,-7.600172456435295,-6.771862480058148,-5.868044394035745,-4.8714866742534735,-3.7605404155306594,-2.5077420431790216,-1.0778391720151264,0.5750762259389084,2.5118724194444892,4.815114360201397,7.60017245643529
ZAF,I,-4.059149116858716,-4.2193785741397445,-4.278007338699511,-4.209076494518971,-3.9804813194845323,-3.5519969426763804,-2.8724773788897964,-1.8757782615847836,-0.47463341364247513,1.4489052509271856,4.059149116858718
ZAF,J58T60,-0.5262259263763096,-0.5397586454466315,-0.5439943623400371,-0.5353130391142591,-0.5090995596113009,-0.4594130828246381,-0.37851417663917364,-0.2561699073743662,-0.07859842828476024,0.17320051845692078,0.5262259263763096
ZAF,J61,-0.39333710705075936,-0.47238098985065546,-0.5347588521381651,-0.5764918526304568,-0.5925790109436962,-0.5766508233214852,-0.5204670483198696,-0.413166677371251,-0.24010737989326036,0.019009643150268665,0.3933371070507592
ZAF,J62_63,-0.25181507448828316,-0.2449691615428981,-0.2342345067714945,-0.2183730894998984,-0.19581854652185934,-0.164565792024343,-0.1220118357346401,-0.06471950304684536,0.01194567282536976,0.11439772295112206,0.2518150744882834
ZAF,K,-0.2238243527428984,-0.18702181651554048,-0.14932291079236198,-0.11053490634790293,-0.07041650247765012,-0.028662109307026614,0.015120540163790419,0.06144316442918032,0.11098652745508852,0.16467861120022298,0.2238243527428981
ZAF,L,-0.6357148143623434,-0.6690743147451662,-0.6781599180358768,-0.6602713399249626,-0.6121333348096265,-0.5297158457078978,-0.40797858074278553,-0.24049813304013046,-0.018905217359917622,0.26800026241585084,0.6357148143623429
ZAF,M,-0.7221548573312051,-0.7188670407099305,-0.7029465945734319,-0.6704246231641272,-0.6162477222990873,-0.533914819790385,-0.41495663011390377,-0.24816864325009508,-0.018442570873595573,0.29508889392959586,0.7221548573312061
ZAF,N,-0.8243163825482834,-0.8214062635331322,-0.8034143574350628,-0.7657806154991522,-0.7027652958620401,-0.607065637629491,-0.46926862643201395,-0.27704758262950807,-0.013942051646129064,0.34257405341997466,0.8243163825482828
ZAF,O,-1.2243412463706267,-2.1068069372478933,-2.8422199344362955,-3.406710678828843,-3.770965525564947,-3.8985120818909125,-3.7432823926486463,-3.2460523914360233,-2.3290619702481385,-0.8875425471026942,1.2243412463706211
ZAF,P,-1.8558695694921972,-2.643201589598212,-3.2619142334384446,-3.6904706613691816,-3.902981153387349,-3.8678783313588156,-3.546040529174773,-2.8880585972211335,-1.830119810366954,-0.287548670377502,1.855869569492201
ZAF,Q,-3.2431145023954207,-3.891065566272217,-4.362786096775013,-4.632254822080908,-4.667694184059423,-4.429729788751896,-3.8687556608269427,-2.921052392586816,-1.5028657641001062,0.4990197720654052,3.2431145023954278
ZAF,R,-0.11491672894185365,-0.11846545558798886,-0.11894715100728463,-0.11574787604816854,-0.10809209633043032,-0.09499017982902609,-0.07516400435644999,-0.046938903496785575,-0.008081932603188749,0.0444494198359208,0.1149167289418535
ZAF,S,-0.2523423085759713,-0.23689484166338268,-0.21693479469939006,-0.19172593575995264,-0.1603572803232832,-0.12168564284919692,-0.07425305207269092,-0.0161645910152439,0.05509864115803171,0.14297831243995068,0.2523423085759709
ZAF,T,0.0,0.0,0.0,0.0,0.0,0.0,0.0,0.0,0.0,0.0,0.0
RUS,A01,-12.787627330582406,-10.632309897388067,-8.431487362390646,-6.176025475523163,-3.8542845033646675,-1.451224019726284,1.0529043595209893,3.684520932212798,6.479771450030082,9.48948024831803,12.78762733058242
RUS,A02,-4.323506260490557,-3.8348200819089135,-3.3109952639477935,-2.7428007549805407,-2.1180650038690607,-1.4205435071285566,-0.6282432936986164,0.2891261187090241,1.3741642566711212,2.6883635101755208,4.323506260490548
RUS,A03,-4.580910989706647,-3.871647410804812,-3.1458854938779734,-2.3977968549050788,-1.6198192889961147,-0.8020060195253664,0.06894079750453641,1.0111505107752927,2.0499375653267533,3.2217180199943045,4.580910989706648
RUS,B05,-33.95246301347819,-27.394371220230035,-20.808535670547272,-14.190255499259866,-7.533492102879135,-0.8303333374873779,5.92983075651185,12.761623244146895,19.685871509102764,26.73345080203492,33.95246301347815
RUS,B06,-4.453349378526227,-3.5947173967741155,-2.733179684394089,-1.8680844619377592,-0.9985326067827199,-0.12325233469557022,0.7596058829066052,1.652816965725171,2.5606953264550363,3.4902342008514795,4.453349378526223
RUS,B07,-1.3245716833026582,-1.1317601215920592,-0.9300802920157873,-0.7180453803541862,-0.4937797698601266,-0.2548721313139893,0.0018475196818583735,0.28065877485623114,0.5875277285869307,0.9311057596439822,1.32457168330266
RUS,B08,-1.3450155210635948,-1.1272728967514478,-0.9035268376076665,-0.6727630304118022,-0.433666992638792,-0.1844951876228054,0.07712811329876515,0.35454326338832254,0.6526235865397473,0.978798663800543,1.3450155210635948
RUS,B09,-5.385816309243076,-5.624224088440298,-5.841291528273162,-6.006907302709459,-6.0737792339100425,-5.967344760467693,-5.568834001912423,-4.685918844089913,-2.9998697338976985,0.034097079041558113,5.385816309243079
RUS,C10T12,-1.9092130823112425,-2.7828924411031286,-3.524078744964404,-4.102925124277647,-4.481043338725789,-4.608408203616656,-4.418833696590395,-3.8231759958568348,-2.6987730926867024,-0.8723423393632721,1.9092130823112425
RUS,C13T15,-1.140487756304055,-1.4742827408394228,-1.7568363095963366,-1.9732454098220504,-2.1043230239355606,-2.125040959447619,-2.002231531110109,-1.6910854478575248,-1.1296063129430232,-0.22940681065243837,1.140487756304053
RUS,C16,-7.368716224093438,-6.614196050887365,-5.795338935509152,-4.893486757469747,-3.884245287008186,-2.7353353635218163,-1.4034323746485704,0.1706139427637662,2.0692587452232356,4.410466469173331,7.368716224093442
RUS,C17_18,-3.833347755015247,-4.072534192550064,-4.212569773897657,-4.227058129631019,-4.082511765713279,-3.7359395138114935,-3.1313532815633245,-2.1945536890473143,-0.8250541130524388,1.11700957335136,3.833347755015241
RUS,C19,-17.559831939162258,-15.547390266967085,-13.33860615016926,-10.904383694366986,-8.208444064066674,-5.204617384223772,-1.8326971032988877,1.9881579133762595,6.370411611872502,11.47746014218081,17.559831939162258
RUS,C20,-35.056460316235494,-29.340448062102404,-23.461387786248387,-17.391545912723004,-11.096476409167469,-4.532780992438202,2.355143076302677,9.639978584399337,17.419084682264494,25.826904190407525,35.0564603162355
RUS,C21,-0.7427172850735146,-0.8944482138208932,-1.0254145716334622,-1.1267909265661793,-1.1869369916411991,-1.1903456660475356,-1.1160963591477628,-0.9355143407376967,-0.6085021907440826,-0.07753543257222673,0.7427172850735129
RUS,C22,-3.768955901038882,-4.76657852872902,-5.58232457645826,-6.172345001222539,-6.481025787898706,-6.43691804989818,-5.946816164565735,-4.886874092557062,-3.0887772433942895,-0.3172171816015952,3.768955901038882
RUS,C23,-35.099333557103854,-29.637296773333805,-23.97434574957234,-18.078051180052494,-11.90824506070146,-5.414431087437505,1.4679869969687998,8.823380763634868,16.764778883586864,25.448450922440998,35.099333557103805
RUS,C24A,-40.076979547121574,-34.70587015270322,-29.04630917524329,-23.03549583729751,-16.593509335932985,-9.617321104099743,-1.972108886733345,6.521699945568144,16.10842043253604,27.129276287425196,40.07697954712156
RUS,C24B,-11.889561302411355,-10.315960828092125,-8.65476793041596,-6.886876227230024,-4.987967022492854,-2.9266802724365286,-0.6619569899817556,1.8609329020453838,4.716534089052555,8.009118480382327,11.889561302411346
RUS,C25,-1.9242932816743819,-2.6716525071896076,-3.334328551442989,-3.879811405511812,-4.26539411183626,-4.434423000952856,-4.310828994465485,-3.790935969202892,-2.7307850762191546,-0.9257122360701605,1.924293281674384
RUS,C26,-0.3691736125595306,-0.59686516091149,-0.8093591577427034,-0.9977082347111643,-1.14969176418003,-1.2484479118566412,-1.2703984167039324,-1.182005050259801,-0.934515323826117,-0.45507142540061873,0.36917361255953435
RUS,C27,-2.025738330705882,-2.476601374015365,-2.8759065879074055,-3.198122082827528,-3.409035371876263,-3.4623794962079053,-3.294837229872628,-2.8184342900800954,-1.908557884201606,-0.3842772539957001,2.025738330705877
RUS,C28,-1.8405632661382338,-2.191810162606717,-2.505028426353145,-2.7579163157678788,-2.920456465416298,-2.9519354058591696,-2.7965509517034137,-2.376761342153776,-1.582878835122101,-0.2561090530200525,1.8405632661382283
RUS,C29,-1.8338080047272578,-2.621426664213551,-3.383372425895788,-4.082283206690825,-4.665404710316876,-5.058053210336782,-5.1537941691728495,-4.799294993090864,-3.770203742083055,-1.7311761285711178,1.8338080047272527
RUS,C301,-1.3587249692698322,-1.444959437637163,-1.5310391730734367,-1.6063094253774466,-1.6546248884961776,-1.6516720625481047,-1.5608240444185038,-1.3265700290886082,-0.8637932350011168,-0.03962549124111363,1.358724969269828
RUS,C302T309,-1.4808394084452345,-1.527411322443579,-1.5685001135438204,-1.593870570154366,-1.5884775006425802,-1.5302238203758742,-1.3865234048594837,-1.1089019572900538,-0.6242596166797291,0.17980435140872467,1.4808394084452356
RUS,C31T33,-1.0965447937395012,-1.2832499958176191,-1.4456434395875728,-1.5717901284181004,-1.6456013028377878,-1.6451929117864337,-1.5404463817018772,-1.2892822523827308,-0.8317729138870509,-0.08044650191201823,1.0965447937395025
RUS,D,-98.50982186162582,-82.03045771968482,-65.07050237065312,-47.571863306965845,-29.46526042430559,-10.666921317719522,8.926156708728314,29.443247971937442,51.050824314542794,73.97042258311839,98.50982186162581
RUS,E,-60.05012849072383,-49.774635171284736,-39.24703944392065,-28.435942028601406,-17.30322861083961,-5.801937562333633,6.126805840914031,18.558334539585385,31.59143094906105,45.359578486112255,60.05012849072381
RUS,F,-1.8423462606310912,-1.8956782665767828,-1.9200691724345524,-1.9032796489297104,-1.8290595144412007,-1.6756273862841526,-1.413432973756392,-1.001769746901058,-0.3834689990664621,0.5237718175190713,1.842346260631094
RUS,G,-0.7302318754387315,-0.791660809432268,-0.831884372672569,-0.8458474809017261,-0.827045546502773,-0.7669971555815361,-0.6544694977839182,-0.47430648957725124,-0.2055913459547704,0.1813639154059759,0.7302318754387317
RUS,H49,-9.070423703912759,-7.540198851856557,-5.980677999184172,-4.384925882528525,-2.744081749059505,-1.0466549891454158,0.722517422988499,2.5838632399479833,4.5656003391749955,6.707931210133047,9.070423703912764
RUS,H50,-53.95454803830108,-43.40088811266008,-32.840026924452964,-22.263815536924426,-11.661304777517445,-1.0175825375422916,9.68798600381645,20.48450026751662,31.413948386833162,42.538658906982555,53.95454803830106
RUS,H51,-56.06496657955603,-45.51669429660745,-34.9535704786772,-24.351171090009828,-13.67699215620454,-2.887178055880674,8.078410278828093,19.303854990364016,30.90951362433232,43.07277255860405,56.06496657955604
RUS,H52,-1.4581179218160527,-1.534371435800685,-1.576719728234108,-1.5758539301580183,-1.5195908547295716,-1.391791983507467,-1.1707677281377988,-0.8268522520030587,-0.3185853594472264,0.4135662421879687,1.4581179218160523
RUS,H53,-1.4978103638512614,-1.3753800789756025,-1.2327997256474665,-1.066198578856519,-0.870582685539103,-0.6394235234430924,-0.3640522406179685,-0.03274018485625347,0.3707486708067045,0.8695415064445199,1.4978103638512623
RUS,I,-0.1874790502653342,-0.4815726095584277,-0.7531639111904649,-0.9915503555489215,-1.1831123808123207,-1.3102772793116895,-1.3500085515944296,-1.2715407269143617,-1.0328653859594477,-0.5750463352198748,0.1874790502653337
RUS,J58T60,-0.31238858278140097,-0.44687555246532745,-0.5717191246805985,-0.6806125397878363,-0.7650901003852882,-0.8137086640144039,-0.8108436383139979,-0.734866482776082,-0.5552881181102148,-0.22808376605192549,0.31238858278140275
RUS,J61,-0.3543511089551002,-0.5086616559532114,-0.6457287912517433,-0.7592782995262766,-0.8410473432246431,-0.8800260380065242,-0.8613332152062314,-0.7645000526042963,-0.5607547259449094,-0.20853446705234635,0.3543511089551005
RUS,J62_63,-0.03460248715073549,-0.09982124429038115,-0.16257532050281823,-0.22054947995047286,-0.270545735307656,-0.308122097531494,-0.32705191240701853,-0.3184915182996013,-0.2696541289939641,-0.16160541704322082,0.03460248715073598
RUS,K,-0.11873928198480369,-0.140921591445793,-0.1600137934963671,-0.17466908962134006,-0.18310123276940068,-0.18291815442187292,-0.17087675595059765,-0.14251101652683207,-0.09154802061543185,-0.00895066737440838,0.1187392819848036
RUS,L,-0.05679562492741019,-0.11847933848226011,-0.17319889957413948,-0.2191039321127588,-0.25379398367971207,-0.27411727213397974,-0.2758760149681336,-0.25338250427380155,-0.1987667644515576,-0.10084944493876782,0.056795624927410394
RUS,M,-0.3219157601490472,-0.37366133628812337,-0.41792013691987195,-0.4513025525449256,-0.4692713929236701,-0.46570039982689393,-0.43222200695884816,-0.35723593115810365,-0.2243491663505783,-0.009813786362984286,0.3219157601490464
RUS,N,-0.8735097982941231,-0.7730478734968801,-0.6669818648384762,-0.5532285516635472,-0.42903992487836456,-0.29075179591254807,-0.13341249866322824,0.049781702421139926,0.2683759252700951,0.5361197333791909,0.8735097982941232
RUS,O,-0.4269090816830141,-0.5152782451337238,-0.5850404496405216,-0.6320561405057435,-0.6510419409080987,-0.6351591287113874,-0.5754098073479614,-0.4597242782026314,-0.2715315712661923,0.012580021758624814,0.4269090816830139
RUS,P,-0.18398706951556015,-0.27101878305672056,-0.3428556054402695,-0.39674926235842733,-0.42928930198272985,-0.43618337952884695,-0.411939098948682,-0.34938881905552005,-0.23895294612771598,-0.06744429411223261,0.1839870695155595
RUS,Q,-0.27045948779151163,-0.3427766052450495,-0.4043244822624092,-0.45165916188585803,-0.4803061258241052,-0.4843827844660628,-0.45604432743219775,-0.38464614181708845,-0.25543221448754266,-0.04738962498880219,0.27045948779151097
RUS,R,-0.3807577733688723,-0.4964152797194253,-0.5929469320813348,-0.6653666183009497,-0.7073587688945961,-0.7108194742313705,-0.6651889285326464,-0.556450646695969,-0.36557564301606105,-0.06599327297701141,0.3807577733688726
RUS,S,-0.46637129182791304,-0.6358263463909335,-0.7774694989913395,-0.8848666943519964,-0.9498543845329267,-0.9619312594873889,-0.9073684993468374,-0.7678680851784547,-0.5184640947146522,-0.1240888654782757,0.4663712918279124
RUS,T,0.0,0.0,0.0,0.0,0.0,0.0,0.0,0.0,0.0,0.0,0.0
CHN,A01,-3.975848830367381,-3.3835912415866733,-2.772935667643801,-2.139183421735906,-1.476038587714166,-0.774911878291308,-0.023839605109791516,0.7942504650899762,1.7044294296083156,2.744810027484897,3.975848830367384
CHN,A02,-0.5537126479418334,-0.5412698225401785,-0.5223948407409345,-0.4945936902682652,-0.45440338745426234,-0.39695350713671185,-0.3152835042061507,-0.19924554103729775,-0.03367352664107105,0.20481382450936386,0.5537126479418334
CHN,A03,-0.17845491061519353,-0.23893702079595625,-0.29761938553088524,-0.3515044654818579,-0.39632794577664565,-0.42597920803709133,-0.431593461745685,-0.4000820556274003,-0.31165953145771375,-0.1354859749597677,0.17845491061519317
CHN,B05,-25.97911915487982,-21.62654132479441,-17.160072331759697,-12.564261745754346,-7.8197405086941885,-2.9017213819918894,2.222279022020438,7.596022072093183,13.280410778151689,19.363559629453466,25.979119154879847
CHN,B06,-1.8719298534070141,-1.9026506792900781,-1.880292654559577,-1.7972422568920035,-1.6438809353473818,-1.4078071837586876,-1.07265275765748,-0.6162183169815195,-0.007416845037121256,0.7989824645169114,1.8719298534070137
CHN,B07,-2.06105920138795,-2.5270785067885884,-2.885704376261568,-3.1185402229878307,-3.2024464704531486,-3.107758218551336,-2.7955863092854423,-2.21358553159432,-1.2890440851475315,0.08295837894818128,2.0610592013879474
CHN,B08,-3.680546641982764,-3.8986373395880727,-3.997215991136761,-3.9566448481552405,-3.752340986766925,-3.3529371714990313,-2.7175003546734384,-1.7911731430777087,-0.4980565070509281,1.2709927230551068,3.6805466419827715
CHN,B09,-1.2562992141264133,-1.4377061108965232,-1.591651020900791,-1.7065506335972698,-1.7665489732408033,-1.7496512144674785,-1.6248385877455165,-1.3474621284182358,-0.851602438962438,-0.036802454751655805,1.2562992141264118
CHN,C10T12,-0.37173665542153955,-0.7542381733736566,-1.1009677005040812,-1.4007523145300562,-1.6384271760266071,-1.7930502737040184,-1.835117075959415,-1.722072989093795,-1.3908041558213058,-0.7444887186129479,0.3717366554215436
CHN,C13T15,-0.24010275157892677,-0.5038354562448293,-0.7678520890172255,-1.0243740245665793,-1.2611553838734242,-1.458897802858378,-1.5869374803300578,-1.595822860963687,-1.4040602084788145,-0.8733678671760778,0.2401027515789257
CHN,C16,-0.5575716209301869,-0.9626235150411961,-1.3403465440408764,-1.676387509513478,-1.9508916105291478,-2.1360498551658345,-2.1923006458533867,-2.0622586733010135,-1.6606396375410546,-0.8567634012313354,0.5575716209301852
CHN,C17_18,-3.399139156238331,-3.5076030153859885,-3.5604841941872625,-3.537050260509754,-3.4092629420671012,-3.13862383254421,-2.6712979826232393,-1.9303235054765504,-0.8026728100780639,0.8832621164831698,3.39913915623833
CHN,C19,-8.725071681673132,-8.009730163073485,-7.187980898555542,-6.232483064602841,-5.109605665691128,-3.7772237646333284,-2.1814219794548304,-0.25138425687844446,2.10886492983602,5.034482559476626,8.72507168167312
CHN,C20,-12.060358877947731,-10.871709042209003,-9.578537858902287,-8.149874534158362,-6.544694427506174,-4.707865187417883,-2.5639854420400425,-0.0077040531730672235,3.1121011031895582,7.0194302739519205,12.060358877947735
CHN,C21,-0.26676430586011424,-0.5161514163502889,-0.7650685466426799,-1.0047911695266207,-1.2221295291052692,-1.3971509150761658,-1.4995559885287457,-1.4827445161037955,-1.273751424392745,-0.7554347054058735,0.26676430586011324
CHN,C22,-2.2366571239298416,-2.780653353950873,-3.2609987170848003,-3.650781358526503,-3.9133323158218123,-3.998058347873216,-3.834056186355145,-3.320006336927455,-2.3075508271311365,-0.5726516587936564,2.2366571239298407
CHN,C23,-29.29834456704069,-24.769525980499957,-20.0764159531498,-15.190760104264239,-10.077277035155449,-4.6911213887864225,1.025923836841305,7.15137078281147,13.791635797784323,21.098419349678377,29.298344567040697
CHN,C24A,-38.6390151369724,-33.40201095584951,-27.89179470138557,-22.049863758346486,-15.802018214115465,-9.052705265186422,-1.676620589206736,6.494194980241154,15.690995258175027,26.242981097188682,38.6390151369724
CHN,C24B,-2.770231164506775,-3.0977154540617926,-3.383903960226606,-3.601575483691508,-3.713784175097501,-3.6698923179072924,-3.399574889320588,-2.803469513270105,-1.7380351639279763,0.010113535038955134,2.770231164506771
CHN,C25,-0.5981655599828744,-1.7705656423238076,-2.8587416154753753,-3.8263321463156115,-4.624266182998863,-5.185675309721833,-5.418246378410375,-5.192355505651422,-4.32193972001126,-2.5321969946876592,0.598165559982873
CHN,C26,-0.6264139189696075,-0.9890592505851475,-1.3652670454349463,-1.7429109756477008,-2.1016516134335896,-2.40806860637236,-2.607625350460804,-2.6110527292813366,-2.2705222890251875,-1.3362661347603528,0.6264139189696069
CHN,C27,-0.5281582413211109,-1.0703734919243693,-1.6159802186308487,-2.1460365805463897,-2.63147898685086,-3.0280563107900194,-3.2683567373866453,-3.2488951720767933,-2.808461465513399,-1.6902310379272603,0.5281582413211029
CHN,C28,-0.5035872956767372,-1.0194505222361807,-1.5277724971486824,-2.0097033432759424,-2.4376965302723956,-2.7714656475963526,-2.9517260164849146,-2.890217623242833,-2.453220417940041,-1.433096485104463,0.503587295676737
CHN,C29,-0.28411723934492916,-0.7117338707860721,-1.152198030600212,-1.5919535011797592,-2.009151644573032,-2.3691292998505613,-2.617142141065469,-2.666372705372448,-2.3774809547251463,-1.5222857324289458,0.2841172393449303
CHN,C301,-0.47630024290357664,-1.321099554476922,-2.181399380591208,-3.0301676881117627,-3.8249241746279776,-4.499650197281558,-4.951936877666298,-5.022010203373778,-4.457343857989332,-2.850448192043913,0.476300242903574
CHN,C302T309,-0.3135337661811652,-1.0598262370365004,-1.7978713568274578,-2.504256038571181,-3.1440082929713746,-3.66492973165893,-3.9887098536629604,-3.996593048896967,-3.505444770052906,-2.2260473253519533,0.31353376618116013
CHN,C31T33,-9.765207918745231,-8.33082327725899,-6.88189646909391,-5.403505017361988,-3.874130503833115,-2.2625676881788666,-0.5230868285659253,1.4123817750131016,3.6473617243141634,6.343866952471674,9.765207918745224
CHN,D,-119.81666851080573,-98.85665529373296,-77.4223713556602,-55.46604585141689,-32.931199519049315,-9.749876657115209,14.161465572027756,38.908298758086545,64.62824468652906,91.50841467326633,119.81666851080566
CHN,E,-31.63892589971197,-26.37629638994267,-20.964336066365032,-15.383820952865888,-9.611033835497745,-3.6161303467228225,2.639327045165089,9.206226089918628,16.154193197691267,23.582361042810437,31.638925899711978
CHN,F,-1.3236040058975074,-2.1205682336790947,-2.8426468566898104,-3.4608909393253966,-3.9364986684491114,-4.216769538009399,-4.228942143023142,-3.870496147355477,-2.9932841231256897,-1.3763233223067945,1.323604005897499
CHN,G,-0.18697951133365476,-0.28083307410924135,-0.36228006105653,-0.42836072345467485,-0.47512546356277136,-0.49719828255205467,-0.4870950031342363,-0.43412288060539517,-0.3225347495349472,-0.128287194139309,0.18697951133365454
CHN,H49,-4.314555752271071,-3.7636117455186935,-3.1851195117773434,-2.571187430846349,-1.9114300070590662,-1.1920005013069932,-0.3941159994199246,0.5082718563998576,1.5523084477261382,2.7928495114814456,4.314555752271073
CHN,H50,-7.232493845757173,-6.058431161459107,-4.863509550858113,-3.6412456160095545,-2.382586641627151,-1.0748134299288437,0.30014541598742844,1.7683892427089232,3.368459073512114,5.158961107694205,7.232493845757178
CHN,H51,-9.290758209373989,-7.731020960170841,-6.169579214595808,-4.5954845479866115,-2.993504455938243,-1.3424696945213346,0.3872332360064183,2.237602294062202,4.2694692997129255,6.573578599730796,9.290758209373989
CHN,H52,-1.5075901592392933,-1.6086606405079493,-1.6724116116504828,-1.6894945706331408,-1.647422387218532,-1.5292474789118085,-1.3115296166739419,-0.9611039853692503,-0.4297329979386641,0.35517162044145695,1.5075901592392935
CHN,H53,-0.9694581387080715,-1.0069600751810361,-1.0279101032662685,-1.0264371347029526,-0.99449452518755,-0.9209145268682695,-0.7899476976321613,-0.5789286426204158,-0.25439324808913527,0.2346945800693146,0.9694581387080723
CHN,I,-0.3003141558675814,-0.4857956156170064,-0.6620226694933824,-0.8210788900373757,-0.9523541442665071,-1.0413510805253232,-1.067818939072221,-1.0027390300925234,-0.803265573528512,-0.40383899560853853,0.3003141558675828
CHN,J58T60,-0.18006045419763417,-0.3214386764198459,-0.45581474557348106,-0.5780199309081478,-0.6808485491908903,-0.7541252575522743,-0.7832422933170794,-0.746790208193968,-0.6125714974135421,-0.3305809600300406,0.18006045419763497
CHN,J61,-0.1238002906162641,-0.20362934510831776,-0.2744615931255881,-0.33391158505506124,-0.37876426282222825,-0.4045785938256836,-0.40505227778759095,-0.3709706930557761,-0.28840264276194183,-0.13546449301917868,0.12380029061626367
CHN,J62_63,-0.13741016809130277,-0.27757601253978204,-0.4106348325315018,-0.5321751955181001,-0.6358798219215073,-0.7125834415962596,-0.748766527785587,-0.7240714418726849,-0.6070543011172509,-0.3475947034947674,0.13741016809130185
CHN,K,-0.1081985765137264,-0.14033981812866023,-0.16929688897696712,-0.19365849013380496,-0.21146683583401332,-0.21996748836636895,-0.21521663804332553,-0.19144415882347876,-0.1399802084241583,-0.04736171251413456,0.10819857651372604
CHN,L,-0.07444405163237032,-0.12802594857821212,-0.1738277782243565,-0.21039904574026358,-0.23587120987284796,-0.24778770046418572,-0.24284260359134585,-0.21646496468161533,-0.1621305245835698,-0.07016678906658043,0.07444405163237014
CHN,M,-0.7907900681122795,-0.880725308022738,-0.9607489472873681,-1.024137618158653,-1.061257522944875,-1.0581758912275894,-0.9944697561743358,-0.8396576656353824,-0.5471683565881211,-0.04367934209324961,0.7907900681122784
CHN,N,-0.15643283263762342,-0.18352810137770634,-0.2074869363367082,-0.22681461371526712,-0.23938013634870414,-0.24212190097114708,-0.23058608908245753,-0.19817875648019162,-0.13490668029037384,-0.025158111897291873,0.15643283263762292
CHN,O,-0.1673815702031306,-0.27184009139703946,-0.36159962354196434,-0.43375000558989313,-0.48445611141641753,-0.5085593857909813,-0.4989561595434984,-0.4455943525057887,-0.3337892178018358,-0.1412606424753294,0.16738157020312838
CHN,P,-0.13193622934808666,-0.22884065279014856,-0.31002852966788114,-0.37313791551247394,-0.41517382031442646,-0.4322545943281296,-0.41922057161028947,-0.3690086335041079,-0.27161131400308164,-0.11225970555830196,0.13193622934808677
CHN,Q,-0.1172626965966389,-0.25733499705549706,-0.38765302350601355,-0.5045366685487757,-0.602603941266396,-0.6738962754957967,-0.7064761886205868,-0.6821125848818723,-0.5723241033016607,-0.33132148778064047,0.11726269659663843
CHN,R,-0.054487822788027516,-0.20638559068675036,-0.34179718305036866,-0.4570417089103209,-0.5473229406304411,-0.6062517978678039,-0.6250991900618902,-0.591586069048499,-0.4878443249076655,-0.28681468769425494,0.054487822788026635
CHN,S,-0.08348361790074224,-0.13428455349526025,-0.17935262772275543,-0.2171499502388163,-0.2455825676430874,-0.2617419626375722,-0.261495644372836,-0.23881732753664214,-0.18464852739211915,-0.08487392635095588,0.08348361790074255
CHN,T,,,,,,,,,,,
KOR,A01,-8.43029473250662,-6.942481110276087,-5.43947914848589,-3.9161544775944614,-2.3656336182027093,-0.7785620078212789,0.8580393525840615,2.5625927489026816,4.361967596078912,6.296668230796236,8.430294732506631
KOR,A02,-0.5748308456672594,-0.5533287324321559,-0.5265929603434161,-0.4919602239031813,-0.4458029991529578,-0.3831183741791075,-0.29689237190036394,-0.17708478031883162,-0.008945446885994376,0.2299063395434642,0.5748308456672607
KOR,A03,-8.177396682756308,-6.865254104754051,-5.545527330250868,-4.205560446592335,-2.8290326579292104,-1.3945336044849737,0.12661390816674314,1.7737959604488442,3.6027667245904045,5.695393280610707,8.177396682756303
KOR,B05,-160.14862483130926,-128.44952864509565,-96.71064655342802,-64.92559926235386,-33.08608695082508,-1.181082602395155,30.804414809952306,62.89137050280621,95.11001238538456,127.50554792189041,160.14862483130926
KOR,B06,-103.68324435936441,-83.19830574991175,-62.68235234969778,-42.130643921880186,-21.53702664439333,-0.8933397244502426,19.811502526606745,40.592977575995576,61.47338923748259,82.48609367383042,103.68324435936435
KOR,B07,-1.8480540146219613,-1.7779141657223954,-1.6775758780289278,-1.5400898224474748,-1.3564282170565436,-1.114632576549306,-0.7985000921048825,-0.3854915162978418,0.15673014337043106,0.876290433414738,1.8480540146219662
KOR,B08,-6.31357179381742,-5.483979998681606,-4.605547564532041,-3.668922356059914,-2.6621065730031495,-1.5693905171353086,-0.3697134040613281,0.9659415856937488,2.4788494363967715,4.229979109413049,6.3135717938174185
KOR,B09,-10.078156576851088,-8.16281311885247,-6.242641571962624,-4.314746238480705,-2.375157555082778,-0.41834610522242877,1.5635372361227469,3.5818869832776996,5.653693872777326,7.805129732428435,10.078156576851097
KOR,C10T12,-1.9043068405402461,-2.537884104118035,-3.069997637091443,-3.4786994414176395,-3.7346391097983314,-3.797844580305232,-3.6127325050393804,-3.100125845615102,-2.143999986175483,-0.5684784475360347,1.9043068405402437
KOR,C13T15,-2.3173632282045924,-2.2971450260225885,-2.2638434903761415,-2.206431848273419,-2.108273077258618,-1.944177854922581,-1.675674742799033,-1.2431810162149524,-0.5525810690012412,0.5487819471390445,2.3173632282045946
KOR,C16,-1.774045706494963,-1.7963408690265932,-1.7999420468157223,-1.7747725578964864,-1.706531911551326,-1.5747660314049265,-1.3498726427108194,-0.9883108289149295,-0.4246555370152121,0.44216832251559407,1.7740457064949644
KOR,C17_18,-4.004789675143575,-3.6066740932200947,-3.175292728655944,-2.7011630067789,-2.171379173561413,-1.5680656914738769,-0.8659630564253512,-0.028541020700749473,0.9984914508201381,2.2985070525127655,4.004789675143575
KOR,C19,-3.2841772189799086,-4.6412923335332845,-5.716117324822153,-6.469307908900186,-6.853560315891634,-6.811001335319055,-6.269352683892847,-5.136098069635995,-3.2892497276757986,-0.5620162239951144,3.2841772189798792
KOR,C20,-3.6731764548228414,-3.5567838472846502,-3.4145607952817967,-3.227574752383977,-2.9698415574426216,-2.605334950857176,-2.083407975324672,-1.331557784735614,-0.2435565339157909,1.3409140034485463,3.6731764548228325
KOR,C21,-0.032753892620155184,-0.1371633493877773,-0.240074111967486,-0.3383657525445343,-0.427352504469318,-0.5000128559390817,-0.5457785144562067,-0.5485746199848537,-0.4835355651340526,-0.3112628749015153,0.03275389262015476
KOR,C22,-0.29190969994719274,-0.5782462960282975,-0.8574562859808627,-1.1197534943473626,-1.350619292762713,-1.5285820250459727,-1.6217713787774342,-1.5824106992222733,-1.3376932734266183,-0.7739988516667475,0.2919096999471947
KOR,C23,-32.96889150988539,-27.3873863165782,-21.674240808202477,-15.810582764223188,-9.772445957834435,-3.5287376979663763,2.9618761653620176,9.755907184866475,16.933174753299,24.610826544338167,32.968891509885395
KOR,C24A,-24.003634893600136,-20.50930831350163,-16.865093556612642,-13.04227454833669,-9.004301531483833,-4.703827863953257,-0.07824564386437519,4.95726834391165,10.521015755806701,16.783884399001465,24.00363489360014
KOR,C24B,-3.256990045726862,-3.7303376827535875,-4.125745999478298,-4.412683326895714,-4.549983331011825,-4.481439254058235,-4.129109818924567,-3.3828308317521802,-2.0831704462096265,0.007517971532616199,3.2569900457268637
KOR,C25,-1.2046154641683797,-1.4897939356354846,-1.7402370246588854,-1.9416168357285788,-2.074513319213487,-2.1122642744624556,-2.017677084631654,-1.7378395885023852,-1.1956220266733435,-0.2751268700182046,1.2046154641683782
KOR,C26,-0.5270053690682948,-0.5232041756120066,-0.5220759197819946,-0.521312994608986,-0.5168935858517044,-0.502034479299773,-0.4654551304743786,-0.3884273319786445,-0.2396038162580715,0.03440018020408105,0.5270053690682949
KOR,C27,-0.9947976878961564,-1.0842189776245312,-1.1787611193948249,-1.2706197666962809,-1.3472343443784562,-1.38869458500932,-1.3635708405984563,-1.2220293955416,-0.8840893375926075,-0.21877425224523334,0.9947976878961553
KOR,C28,-0.9678797077938663,-1.1129378945826809,-1.2523076795847976,-1.3763481120463292,-1.4707886262776908,-1.514457935409935,-1.4757085960515541,-1.3066238053766146,-0.9333009315455129,-0.23885656178736056,0.967879707793869
KOR,C29,-0.04563363930031249,-0.41504904337437193,-0.7948253238257428,-1.1749592934855386,-1.5389831413950017,-1.8602912485397145,-2.0961762660831837,-2.1778961313010785,-1.99360371673776,-1.3578485566511544,0.04563363930031274
KOR,C301,-1.156191308233673,-1.492829670462256,-1.824505622099893,-2.134855904510811,-2.3993993988764997,-2.581498270731364,-2.62598308918824,-2.448800070327602,-1.9196124722588779,-0.831316755925152,1.1561913082336694
KOR,C302T309,-1.7585903550238147,-1.7966933558506142,-1.8230243602829648,-1.827084698176936,-1.7934394535457834,-1.6992895940202806,-1.510645460723261,-1.1761206661429993,-0.616514461808349,0.29342186141065935,1.7585903550238147
KOR,C31T33,-0.5051873834184971,-0.6251755844867273,-0.7421582826718749,-0.8497445239623147,-0.9384604684376787,-0.9942472059302065,-0.9961005629810074,-0.9122526485670104,-0.6937731767477887,-0.26337971410335004,0.5051873834184955
KOR,D,-87.74903413450086,-72.26887261700628,-56.46267119400177,-40.298711700298604,-23.739034360247018,-6.73726214258282,10.76468557696769,28.841737241055494,47.59405719612417,67.16139080922622,87.74903413450085
KOR,E,-13.456303312471354,-11.14349296454899,-8.781220318376752,-6.362673859093975,-3.879144612215372,-1.319233807338538,1.3323758694431906,4.096888934180242,7.004672786083174,10.100957376920288,13.456303312471368
KOR,F,-0.039077659575455594,-0.3161429347802235,-0.5727568398138985,-0.8018398294925368,-0.9936772088218687,-1.1347152513955434,-1.2056804074364729,-1.1785499852794332,-1.0114936946608875,-0.640052909854941,0.03907765957545547
KOR,G,-1.5946471962286337,-1.398939515375667,-1.1931044870887766,-0.9744372084887721,-0.7391636061323495,-0.4819313993619129,-0.19500315407367583,0.1330624491611303,0.5196441178590674,0.9920057447843424,1.5946471962286337
KOR,H49,-5.456681451765884,-4.421413416102137,-3.3852014407987485,-2.345719231046077,-1.2999984822532613,-0.24418309233118557,0.8268465633449918,1.9200679167895685,3.045293921860819,4.216857733039722,5.456681451765882
KOR,H50,-0.8340053032935748,-1.0615382007184795,-1.2948575564869664,-1.515372008069816,-1.699192589550506,-1.815087525100719,-1.8213712407733709,-1.6610104766732345,-1.2536185846084968,-0.4817390499680447,0.8340053032935751
KOR,H51,-2.9043656183320796,-2.3891196967209485,-1.8783276939460671,-1.3682184087344054,-0.8539133733716835,-0.32901602499446164,0.21500984419933084,0.7898136256064723,1.411745180017257,2.1045678270483985,2.9043656183320814
KOR,H52,-0.6956495850442533,-0.8172409635084796,-0.9244985003890889,-1.0105031090326064,-1.0655443066188302,-1.0758674458899449,-1.0217218979714826,-0.8742210649149025,-0.5900980023070903,-0.10254769927255894,0.6956495850442533
KOR,H53,-0.15269301520262896,-0.25938991822194696,-0.35935748019166075,-0.4490442237796672,-0.5233452809710107,-0.5748811440270724,-0.5928670542930613,-0.5612833206851304,-0.4558017838695678,-0.2383889099720556,0.15269301520262832
KOR,I,-2.7229324492231286,-2.5625525510864056,-2.3821065009548748,-2.169493787906614,-1.908869910691729,-1.5790349873062703,-1.150926109752738,-0.5835869888234684,0.18255763549433493,1.237435834202369,2.722932449223132
KOR,J58T60,-0.12326636849400333,-0.16918014379400065,-0.2144224696993984,-0.2570692694031192,-0.294194368489927,-0.3213534378862496,-0.33175721524165996,-0.31490746828173966,-0.2542668800290615,-0.12310850346084717,0.1232663684940027
KOR,J61,-0.1654809418658989,-0.2519222585299608,-0.3334501852974686,-0.4073781094696088,-0.46964354440830114,-0.5140374790040398,-0.530938910679466,-0.5051792645775813,-0.4123185459830424,-0.21188890604540161,0.16548094186589915
KOR,J62_63,-0.3024707913969137,-0.28535801245156067,-0.2679845739230825,-0.24926387017475626,-0.22747254379805998,-0.1999082005589966,-0.16233481964255933,-0.10805814287331514,-0.026330938649055037,0.10051248614349369,0.30247079139691363
KOR,K,-0.16697802898856046,-0.16676731607435902,-0.16557491099709784,-0.16258910868267942,-0.15656958590394685,-0.14562719483105824,-0.1268705533976125,-0.09582164445059893,-0.04541481451040546,0.035791529814122855,0.16697802898856023
KOR,L,-0.3616012322263304,-0.3371313218646121,-0.309801139149911,-0.2784052314490438,-0.24125781646902114,-0.19595950280338276,-0.1390272275815033,-0.06528930082902329,0.033139262144342686,0.16866773818947453,0.3616012322263303
KOR,M,-0.4701870342140342,-0.4475719480752856,-0.4229223508182776,-0.39445116548435427,-0.35943699892230624,-0.3137543044239809,-0.25112353127648174,-0.16187800001039485,-0.030863136225909357,0.16629705124584765,0.47018703421403535
KOR,N,-0.5597699014732713,-0.4882431075226953,-0.4153830828463852,-0.34011710646989546,-0.260864929499631,-0.17529466953580453,-0.0799360504955178,0.030451405723392104,0.16394824372789157,0.3333661333846019,0.5597699014732714
KOR,O,-0.28277272241311063,-0.27549133379019075,-0.26457910689715225,-0.24886376330405555,-0.22671599109690008,-0.19584050189553714,-0.15294653493033517,-0.0932116066068707,-0.009376120546452465,0.10985334500006469,0.28277272241311063
KOR,P,-0.6780164047938311,-0.6233151447199493,-0.5605110765355924,-0.4879633993011018,-0.40342605825156136,-0.30377583417950615,-0.18458419606435666,-0.03942130107611086,0.14131809772895812,0.37248393373004784,0.6780164047938297
KOR,Q,-0.8874004101956096,-0.7971351611291887,-0.7018654112547467,-0.5995423966933491,-0.48717468225329746,-0.36037281422363165,-0.21262781824586424,-0.03413317174976249,0.19020802579265847,0.48430085927566224,0.8874004101956094
KOR,R,-1.0759345188911504,-1.0009100537634963,-0.9155285397183868,-0.8165520383436505,-0.6994329520087444,-0.5577039850898422,-0.382013149982416,-0.15854835015901703,0.13363076872469093,0.5273125963340762,1.0759345188911504
KOR,S,-1.4461465475771043,-1.3426828760273575,-1.2285535791782007,-1.0993332878545599,-0.948634136307247,-0.7671414891830877,-0.5410764212834008,-0.2496693703486743,0.13914053332746332,0.6763436149241105,1.446146547577105
KOR,T,0.0,0.0,0.0,0.0,0.0,0.0,0.0,0.0,0.0,0.0,0.0
JPN,A01,-2.710530354063113,-2.4004997837216404,-2.0708353953361183,-1.7154312598040806,-1.326271476709088,-0.8926912842156014,-0.4002690148811783,0.17088902579716442,0.8489047520976907,1.674761244130486,2.7105303540631147
JPN,A02,-2.0312943336337037,-1.7942298403413357,-1.5404082658306422,-1.2657145816143076,-0.9648309851416433,-0.6307738526314893,-0.2541961893912932,0.177697279497123,0.6829019581978134,1.2875716815182694,2.031294333633701
JPN,A03,-7.900815981128298,-6.425560033082828,-4.946020048495206,-3.45870153431702,-1.958969026798549,-0.440576720969326,1.1050469765870856,2.689924246060168,4.3313620542184985,6.055077365634595,7.900815981128299
JPN,B05,-5.218739669318283,-4.1976945670589325,-3.173861535089924,-2.1467690652447504,-1.1158236102012928,-0.0802629871966635,0.9609140544016845,2.009057734685865,3.0660452259126023,4.134581930760346,5.218739669318284
JPN,B06,-6.6286468665120335,-5.680896438031274,-4.68184727483493,-3.624455982574309,-2.4999630297425455,-1.2972515271613616,-0.0018800069522266348,1.405424301577682,2.951202405384512,4.673384599332181,6.628646866512041
JPN,B07,-0.07767004605627376,-0.08255627550239672,-0.08633423915266401,-0.08826847072019467,-0.08744211052554536,-0.0826892432463459,-0.07249298453200674,-0.05482695953043558,-0.026899273344115005,0.015279959417028845,0.07767004605627362
JPN,B08,-5.063791194635382,-5.115777597348834,-5.046178767838661,-4.830143843859524,-4.43676214279332,-3.8268337039663383,-2.949514153664671,-1.7370975630583714,-0.09658861980955236,2.1045419437423867,5.063791194635407
JPN,B09,-0.17773019512463342,-0.31710553444564205,-0.4420815243471736,-0.5482092220484408,-0.6295686820371652,-0.678156604666682,-0.682950114576108,-0.628431125997624,-0.4921754517242879,-0.24074040739880087,0.17773019512463337
JPN,C10T12,-0.6734501879528416,-0.8257108435956725,-0.9518461244818156,-1.044731821999053,-1.094982735098824,-1.0900677064890674,-1.0129802538301584,-0.840178140847443,-0.5382692815557449,-0.05843844739185507,0.6734501879528415
JPN,C13T15,-3.66215148057431,-3.182620894984918,-2.679920465512587,-2.148114182671253,-1.5792897891713633,-0.9627231443162051,-0.28358924794647605,0.47909303291381866,1.3558682621885874,2.392761688295865,3.662151480574311
JPN,C16,-0.24225199176034565,-0.3444949383277349,-0.43363190987393646,-0.5059048494889836,-0.5563114486450643,-0.5781093576766618,-0.5620690638277502,-0.49531255010015274,-0.3594405201478967,-0.12737593803774447,0.24225199176034462
JPN,C17_18,-4.332981985496053,-3.841723075674334,-3.3092517172430225,-2.7269587527121226,-2.083845127190436,-1.365632372889628,-0.5534331419982756,0.37830145918611185,1.4650746841272062,2.757873224044218,4.332981985496062
JPN,C19,-16.211340712821077,-14.752135961244559,-13.01679634248851,-10.976361481404748,-8.59616431486322,-5.833988568568107,-2.637374759459156,1.0604540412288128,5.347003759903268,10.341090189519605,16.21134071282106
JPN,C20,-7.188394909681932,-6.271890182049428,-5.309694427603424,-4.28756018382672,-3.18720380336983,-1.9848312875049876,-0.6489466283462739,0.8630145534555973,2.610058246881425,4.676611828262567,7.188394909681935
JPN,C21,-0.08031526681349932,-0.18501037317464256,-0.2859998614429045,-0.3795866888079606,-0.46055462893833615,-0.5215083651325493,-0.5518651014055495,-0.5362668811385036,-0.4519900521158253,-0.26453219152930013,0.08031526681349935
JPN,C22,-0.24215267857665765,-0.47601816829257104,-0.6906704423574397,-0.8784894093910265,-1.0290934119124435,-1.128215787766358,-1.1560123438233225,-1.0844318995813003,-0.8729786044180091,-0.46157255893259597,0.24215267857665823
JPN,C23,-19.417181467311476,-15.907630125815139,-12.344995436127164,-8.722856756834396,-5.033187746606109,-1.2657658520255795,2.5927123763184645,6.560000718549949,10.660505679897149,14.928993236399476,19.417181467311455
JPN,C24A,-15.582165300798554,-13.4966374899169,-11.310280063402827,-8.998645404883572,-6.529702273718269,-3.8608212053424964,-0.9342281184506405,2.330061615594867,6.045620851673786,10.378724451596208,15.582165300798556
JPN,C24B,-0.8462376874341877,-1.1432153622583052,-1.413640827887628,-1.6441359950577594,-1.8164242798159547,-1.9053087974960354,-1.8756250883436572,-1.6775141114831498,-1.2388319361482052,-0.4524378227454716,0.8462376874341861
JPN,C25,-0.3336238387442803,-0.6152443653753091,-0.8680692495834983,-1.0832774388903639,-1.249075653206059,-1.3494813136794683,-1.362481069927696,-1.2571610798727155,-0.9890757446031283,-0.4924524919861349,0.33362383874428003
JPN,C26,-0.09181742988776233,-0.2319010970670241,-0.3625716463889005,-0.4800083851545807,-0.5787629749213886,-0.6509565558432823,-0.6850015397171472,-0.6635058458687668,-0.5597148761266199,-0.33121262790734596,0.09181742988776534
JPN,C27,-0.0651059657661711,-0.23170033472491203,-0.3951867293315157,-0.5502584604396986,-0.6891753592145735,-0.8006002451253375,-0.8677771340707451,-0.8655955708929886,-0.7556946430502337,-0.4779503532754117,0.06510596576616903
JPN,C28,-0.20656159450311448,-0.3332429821215267,-0.45345700323356963,-0.5624265829271632,-0.6533619925044847,-0.7165430016962929,-0.7379001184842372,-0.6967580104972518,-0.5621217359161517,-0.2863065651052947,0.20656159450311595
JPN,C29,-0.19492212250287483,-0.41884798079383656,-0.6417423228118754,-0.8565737670459743,-1.0524418572052807,-1.2125206132913005,-1.3107678014126762,-1.3065208695561652,-1.1353392550219084,-0.6928764250007203,0.19492212250287283
JPN,C301,-0.3112305611781603,-0.7991108936847813,-1.2506632746168775,-1.6511410953721315,-1.980412695766659,-2.210662108495913,-2.3028802068518135,-2.201351243242707,-1.824684015865673,-1.0505995826400567,0.3112305611781623
JPN,C302T309,-0.259280138718658,-0.5106290634946337,-0.7504297195573449,-0.9705260731601915,-1.1591284286658443,-1.2990528273190571,-1.3649575264498028,-1.318885572742054,-1.1028366801560667,-0.6258864920461394,0.2592801387186593
JPN,C31T33,-0.44455742602286014,-0.4967949933233346,-0.5456625856058179,-0.586938856097402,-0.6145499939597401,-0.6197210790632711,-0.5896628744355077,-0.5054798261012684,-0.338719636287296,-0.045437717152328756,0.444557426022861
JPN,D,-101.46792509974833,-83.53259526523946,-65.21724893889491,-46.48565875841251,-27.29518191538574,-7.594780428251348,12.677875577123174,33.60079752068794,55.274606779495805,77.8340084711081,101.46792509974831
JPN,E,-1.7131237607807337,-1.5401315605037962,-1.3437892222759693,-1.1208864672888044,-0.8674849316085611,-0.578657106623907,-0.24809471332668487,0.13249857915787244,0.5743858151503545,1.0934474796235114,1.7131237607807321
JPN,F,-0.1318620880660841,-0.299226959208792,-0.4502032729608382,-0.5800301592024585,-0.6823176360251686,-0.7483630850123246,-0.7661105414659782,-0.7185181108861476,-0.5809044662711296,-0.3164476571508006,0.13186208806608496
JPN,G,-0.06920312432463846,-0.13652029133184654,-0.19608228592437252,-0.24595553708006507,-0.28360528416892744,-0.3056489687189475,-0.30747894525026864,-0.28266689095779823,-0.22198841814202708,-0.11175409556983135,0.06920312432463879
JPN,H49,-8.716954519673463,-7.057233666725404,-5.388845971523142,-3.7095677600573493,-2.016675767971827,-0.30676621724958897,1.4245178046006046,3.18291091316637,4.976212393930582,6.815449096695322,8.716954519673456
JPN,H50,-11.088785961350979,-9.45309391371643,-7.767532403519667,-6.01549592758311,-4.176016885333276,-2.222137251755838,-0.11847004218937707,2.182572283292689,4.7468373833089865,7.668622264753014,11.088785961351006
JPN,H51,-30.066432578179324,-24.34982221015089,-18.643831340942995,-12.932065220885667,-7.194116083298245,-1.4040454228380566,4.471919117071617,10.478992364710987,16.67970007683959,23.163853014658685,30.066432578179352
JPN,H52,-0.030991001058306437,-0.0890549701419941,-0.14137552819409452,-0.18635352416388437,-0.22188773799657469,-0.24516860433474577,-0.25236349734193925,-0.23812152783445018,-0.1947654976621612,-0.11091466924860864,0.030991001058306357
JPN,H53,-0.02185273118145295,-0.11552195004162491,-0.19669192730399354,-0.26348143350055137,-0.3134795884364051,-0.3435500016928179,-0.3495361335298132,-0.32580308552511716,-0.2644969449773613,-0.1542915476015561,0.021852731181453207
JPN,I,-0.5054588237130463,-0.7112285983073815,-0.8846373496692216,-1.018155716937174,-1.1023049308085597,-1.1249303091582148,-1.0701096824155125,-0.9164591191658444,-0.6344013480163742,-0.18155827709650263,0.5054588237130485
JPN,J58T60,-0.04009574251311803,-0.1180710227104749,-0.192583238085397,-0.2610477883310622,-0.3198770392648639,-0.36404851751161643,-0.3864422821910884,-0.376792586491314,-0.3199684353980213,-0.19302872215789005,0.04009574251311797
JPN,J61,-0.013487924234313787,-0.0733792544040687,-0.1322058835211088,-0.18812951015164456,-0.23846650321156931,-0.27927834244532324,-0.3047279986991422,-0.30603951941124113,-0.2697585293083251,-0.17472265039577992,0.013487924234313858
JPN,J62_63,-0.01165979503816464,-0.04089164489174302,-0.07084012892033943,-0.10042150365987997,-0.12802578392729155,-0.1512685863564698,-0.1666051371318759,-0.16871239674267657,-0.14946537606213667,-0.09616875364370894,0.011659795038165185
JPN,K,-0.009442453552609496,-0.04406691764254474,-0.07638458219382528,-0.10544696008981885,-0.12993758849097237,-0.14800843703253158,-0.15702690923009988,-0.15317269581902362,-0.13077221749806353,-0.08115203353441867,0.009442453552609498
JPN,L,-0.016870929443524828,-0.02441182001871493,-0.03160308833688143,-0.03809278467674992,-0.043401469944901516,-0.04686534876522701,-0.047548283429044234,-0.04410160187168792,-0.034532806447631875,-0.015807626496329955,0.01687092944352484
JPN,M,-0.023316939698823102,-0.07341595990189675,-0.11970355169797053,-0.16075087681102943,-0.19461137889719402,-0.21859582361388796,-0.2289260067312362,-0.22018532112834288,-0.18441527726366225,-0.10956460490253986,0.023316939698823234
JPN,N,-0.10592056962539628,-0.1183689496049915,-0.12971368305851916,-0.13903363931305318,-0.14498302861239207,-0.14559088157703212,-0.1379486204277216,-0.11770911825081166,-0.07825545496207234,-0.009262870147107177,0.10592056962539628
JPN,O,-0.03329880134509151,-0.08742976230656023,-0.13693708244677136,-0.18009250978230792,-0.21466312504590915,-0.2377066922343344,-0.24525878630505799,-0.23183923319542468,-0.18964439237532388,-0.10716614080943487,0.033298801345091625
JPN,P,-0.22836415879941224,-0.23189206269315457,-0.2289764050032494,-0.2186800390711668,-0.19982344747573738,-0.1708920505803794,-0.12989573936084153,-0.07414902196933064,8.627663487044368e-05,0.09820822005699464,0.2283641587994118
JPN,Q,-0.12394440395722993,-0.1430688696286551,-0.15979333496101955,-0.17287046818310678,-0.18059243464623712,-0.1805911844409964,-0.16953192759260394,-0.14262836844890897,-0.09284829683148661,-0.009554707715586879,0.12394440395722985
JPN,R,-0.3388416193328516,-0.3711203358345144,-0.39224464794686786,-0.3999601155320445,-0.3914044950897371,-0.3628688133588119,-0.3094337060024824,-0.22439796007294252,-0.09834641223287015,0.08243939955505392,0.33884161933285195
JPN,S,-0.6132361984669732,-0.5867779778493053,-0.5522647567950542,-0.5072718379625009,-0.4485747378723543,-0.37181695850450797,-0.2710017331926673,-0.13768988292662443,0.04031339740472101,0.28120477619910544,0.613236198466974
JPN,T,,,,,,,,,,,
IND,A01,-11.41969881312273,-9.293430839792126,-7.143498492952199,-4.967046759892335,-2.7606848065220184,-0.5203337905351553,1.7589868612292063,4.083468504880476,6.460976013901572,8.901770496295818,11.419698813122729
IND,A02,-1.057857376342238,-0.8797910262160336,-0.6968231741152157,-0.5083524213646069,-0.3136488998607983,-0.11181399544335545,0.09827718719951754,0.3180603476844633,0.5494103420766373,0.794844052959396,1.057857376342236
IND,A03,-0.2721736121382442,-0.28725934055117874,-0.2947205308225539,-0.29263324526206175,-0.2786980453725243,-0.25012827649072344,-0.20349117338612052,-0.13447507866448496,-0.037536245109492106,0.09466029146772462,0.2721736121382443
IND,B05,-12.82529005074566,-10.65973652703457,-8.430357535401043,-6.131203766953463,-3.7550989224689495,-1.2932455613629794,1.2653411055202592,3.934669751810434,6.733050865073572,9.685129906757957,12.82529005074566
IND,B06,-6.608004660288811,-5.453150612320915,-4.272289659299321,-3.0629165436448327,-1.8219446937060007,-0.5455126186826285,0.7712947496685155,2.134858214378201,3.5536540859524712,5.0392554081995415,6.608004660288811
IND,B07,-3.7402066324584835,-3.713172773382752,-3.5796674808285864,-3.3268644000278256,-2.9392768405685534,-2.397917702977366,-1.6790966066469748,-0.752648485319887,0.4207636526321398,1.893925760516773,3.7402066324584844
IND,B08,-2.2659933988133782,-2.4243890118141525,-2.487299405947562,-2.4450455965912488,-2.2859612903225863,-1.9957658207623328,-1.5566650544180134,-0.9460246613161647,-0.13434429063321698,0.9179667658207489,2.2659933988133774
IND,B09,-1.6442940979267406,-1.4430327772433782,-1.229167566039658,-0.9993513731451026,-0.74933693831431,-0.47366981262858865,-0.16524610756290317,0.18534177745469038,0.5908044871619981,1.068742772429666,1.6442940979267389
IND,C10T12,-0.4642175735396722,-4.610313512866327,-8.085300555013978,-10.819634854398071,-12.731420805439486,-13.723023257972574,-13.676340838001854,-12.446017557057395,-9.84935254050122,-5.650664705843674,0.46421757353967386
IND,C13T15,-1.9043635647129373,-2.9554241259127085,-3.848584982877872,-4.548597461909328,-5.011271969509753,-5.180565912047781,-4.9844296936483286,-4.328715973129035,-3.087948458942846,-1.0907502268654816,1.9043635647129404
IND,C16,-0.5997411863518113,-0.6433872516639015,-0.6643141411180523,-0.6593052134694842,-0.6244518172774746,-0.5549368202759025,-0.4447258573737868,-0.28611444383056117,-0.06904121503517245,0.21999628414613193,0.599741186351811
IND,C17_18,-3.6695503405761123,-4.802773085172638,-5.71903500324658,-6.37372215633419,-6.711491260813886,-6.662841828557607,-6.139230721774628,-5.025912603965462,-3.171091491486152,-0.368798162344341,3.6695503405761123
IND,C19,-13.973552917139234,-12.50052121165807,-10.820091646246855,-8.910643517193996,-6.746635110656543,-4.297400358558528,-1.5254158924452912,1.6162755721736728,5.188044581242436,9.27010990032995,13.973552917139227
IND,C20,-14.285429424722446,-14.324432031612147,-14.021750194088698,-13.308226924456942,-12.09870892593099,-10.287003374849863,-7.738668911440946,-4.280400109337448,0.3161698898749335,6.360277622462542,14.285429424722482
IND,C21,-3.6640595331978236,-3.9417230458134673,-4.132453936261009,-4.207492694360222,-4.129996992445508,-3.852311912057534,-3.312056487532821,-2.426357730281752,-1.0830703315643069,0.87314651978137,3.664059533197822
IND,C22,-41.54919076157617,-35.70477013209696,-29.59494550960257,-23.15855290217923,-16.318429385236765,-8.976151120550517,-1.0045001778848708,7.763630376922677,17.552143750403484,28.668601769579173,41.549190761576156
IND,C23,-57.58827122408341,-48.229121472865636,-38.544603481628414,-28.49652099798191,-18.039353058176978,-7.118080201956061,4.334900907740243,16.404286575511094,29.19868817996656,42.86139611513506,57.588271224083385
IND,C24A,-52.37010262317683,-44.99327564714543,-37.25436202601162,-29.081315656470945,-20.384020215564252,-11.048375670527598,-0.9278710413710274,10.168736498992352,22.495993988268044,36.400811537540704,52.37010262317683
IND,C24B,-0.9197572911958752,-2.1818792960799906,-3.343174847167617,-4.357836005070185,-5.167047997580383,-5.69456638740718,-5.840364199787044,-5.47125877567195,-4.406629856091264,-2.395782242063814,0.9197572911958709
IND,C25,-1.6789478726619302,-3.0659825457541405,-4.290252475563529,-5.306285300780719,-6.055524211954171,-6.461857668722808,-6.425224665998335,-5.812235517996733,-4.441996535483391,-2.063884504239102,1.6789478726619271
IND,C26,-1.3496923210935952,-2.8436202798767147,-4.138567293614255,-5.197460833147105,-5.971723543807897,-6.396809405092799,-6.385532058673234,-5.817789330066052,-4.524162358065631,-2.2585844322658777,1.349692321093599
IND,C27,-2.064654769004398,-3.2040399815917815,-4.236122684420571,-5.115895589149515,-5.783396811955136,-6.158185850550278,-6.131308876785948,-5.553303799389359,-4.215720611004565,-1.8215269116482393,2.0646547690043966
IND,C28,-1.3669296030231954,-2.299027186412449,-3.1351440163201385,-3.8411692780949087,-4.372503218486004,-4.670317554219325,-4.656159202496756,-4.2239641005864605,-3.2278729670578294,-1.4629343536863677,1.3669296030231946
IND,C29,-2.0776313058040583,-2.8273450769836206,-3.529244013429897,-4.14844147449593,-4.636015017583719,-4.9231043929786455,-4.912126773320611,-4.463403770183047,-3.37424158341726,-1.345084739198167,2.077631305804064
IND,C301,-1.4337966516243354,-1.733982129666722,-2.003934064950388,-2.226604769967075,-2.378501099688247,-2.426985295003025,-2.3262085150100367,-2.010814160786311,-1.3858607928225102,-0.3100305819082719,1.4337966516243354
IND,C302T309,-2.0605703440790943,-3.016851134381701,-3.8879739275246785,-4.634017392580855,-5.201089755042034,-5.5159236199112875,-5.477950175520848,-4.947387166373269,-3.726793657836844,-1.5314379814350536,2.0605703440791037
IND,C31T33,-27.793578508576356,-23.353037709849843,-18.808025669640376,-14.128792965774625,-9.277078626507095,-4.203182359964198,1.1582445927687515,6.894413643145183,13.123870868302564,20.011511363185726,27.793578508576395
IND,D,-168.3196558182825,-136.10299745281725,-103.62028728976627,-70.8568290809567,-37.795653374191744,-4.416841771051772,29.303441893392286,63.394383480529115,97.89271256382501,132.84621359800263,168.31965581828265
IND,E,-40.9782635716433,-34.488773597493996,-27.72481462578556,-20.660319027629257,-13.264366292835952,-5.499697991998169,2.679398872099415,11.330192500466582,20.526198060509003,30.364561599864786,40.978263571643346
IND,F,-1.3939365299847346,-1.7457651308747033,-2.047879928942694,-2.28141518159083,-2.422169196129337,-2.4388036307637506,-2.2902691260334023,-1.9220290878570776,-1.2603472029834795,-0.20331358440445796,1.3939365299847346
IND,G,-2.4407414735073525,-2.0555604415176356,-1.656074152619588,-1.2403792801309383,-0.8061114233586489,-0.3502886348320902,0.13091514699329343,0.642507351817378,1.1911955685704854,1.7862181029885924,2.440741473507348
IND,H49,-4.681433730625929,-4.088180077775353,-3.4507392086997974,-2.7616287097807715,-2.0117474480854995,-1.1898496358896582,-0.2817837135734769,0.7306408528895943,1.8713983450037535,3.173044421832663,4.681433730625932
IND,H50,-14.841998522985058,-12.160865993908933,-9.4475337471644,-6.695478367837287,-3.8963985108279386,-1.039554917309837,1.8892113200976521,4.908984966460686,8.046173987791745,11.338498285771468,14.841998522985064
IND,H51,-69.71833828087523,-56.84287955345977,-43.888993200913994,-30.820746659234445,-17.593801114629848,-4.152654242412514,9.573358491837961,23.676039698316004,38.277584484683466,53.54554308872819,69.71833828087532
IND,H52,-2.0435617887733852,-2.0459967530825107,-1.994573754342432,-1.8811425629166878,-1.6954862354395344,-1.4246139942876286,-1.051734610452331,-0.5547224671254062,0.09625420805447686,0.9425562067499436,2.0435617887733843
IND,H53,-1.4863402188382826,-1.5210122298367659,-1.5196975439832128,-1.4742508558217133,-1.374393589759027,-1.2070010084204983,-0.9550758800130507,-0.5962285911634071,-0.10034947015939842,0.5741043508263972,1.4863402188382806
IND,I,-2.7534146449457273,-3.261173987462492,-3.635046949051466,-3.8482550481476983,-3.869657973312664,-3.6625852339118055,-3.183209174784149,-2.3782125379264665,-1.1813275977969673,0.49201710523884895,2.753414644945736
IND,J58T60,-1.4822080997645304,-1.4686101447037418,-1.4348432221940213,-1.372068527235728,-1.268920402403223,-1.1106487663015758,-0.8778858873624148,-0.5448233670566646,-0.07642670885987916,0.5759959356574917,1.482208099764531
IND,J61,-1.370967831159682,-1.5174559319890792,-1.612252611196492,-1.6464719406240285,-1.6089171996770937,-1.4852496249619365,-1.2567684011136404,-0.8985688227975047,-0.3766666175046417,0.3566789983592785,1.3709678311596822
IND,J62_63,-0.6582794247648854,-0.6048822887281019,-0.5447769721878702,-0.47580691497666766,-0.39519487279388693,-0.29931347795232655,-0.18334678818626898,-0.040776448752786194,0.13742564861837697,0.36411979429496716,0.6582794247648847
IND,K,-0.7199979502996625,-0.6969490660129899,-0.6637950403994644,-0.6172693468430444,-0.55308278981265,-0.4655457386713572,-0.34701655388262004,-0.18707500679514125,0.028755699109050816,0.32106175371342766,0.7199979502996618
IND,L,-0.45974970496244894,-0.41919094340048674,-0.3735297982990708,-0.3215371911143184,-0.2615887960382208,-0.19152456717923572,-0.1084466756270937,-0.00842152980334675,0.11397301852037023,0.2663615168491527,0.4597497049624485
IND,M,-3.304295243465179,-2.817559132317378,-2.3110746816773076,-1.7808449741748087,-1.2217862336550633,-0.6273544093500726,0.010994946112957043,0.7046098233984709,1.4688761330067388,2.3251928279756484,3.304295243465179
IND,N,-1.8110036447062872,-1.6268562823829151,-1.4238885467734694,-1.1977062747648168,-0.9427323829939867,-0.6517999987320817,-0.31556325580236716,0.07837987070038463,0.5468372119183802,1.1131841158598375,1.8110036447062865
IND,O,-0.5005898208144788,-0.49868696538978496,-0.48352472374953864,-0.4532194989458855,-0.4054181118878627,-0.33713974067977637,-0.24454824057953242,-0.12261518938601287,0.03539516341701188,0.2387448167278281,0.5005898208144793
IND,P,-0.5427254667204587,-0.5116203684937466,-0.4680782423945859,-0.4109491354521496,-0.33885032152396216,-0.2500932753418845,-0.14257923016330287,-0.013645562728547384,0.1401677853181854,0.3234880979818699,0.5427254667204584
IND,Q,-0.605530597697278,-0.6977740097741799,-0.7618953960419388,-0.7936747552460923,-0.7878234611145615,-0.737626283854803,-0.6344273982885126,-0.4668720591542292,-0.2197506813384033,0.12783498444126284,0.6055305976972793
IND,R,-2.8844171267985605,-2.7566044308208384,-2.5592890413385496,-2.2853061388498324,-1.9259787232949337,-1.47063312674392,-0.9059036510126761,-0.2147061517747248,0.6253284213339825,1.6443434343332353,2.8844171267985623
IND,S,-1.7119893104839325,-1.6895492153771756,-1.6194264845312611,-1.49614867502628,-1.3130521745317183,-1.0618991738585064,-0.7323276382211693,-0.3110387559688168,0.2194446347764964,0.8827545736148789,1.7119893104839308
IND,T,0.0,0.0,0.0,0.0,0.0,0.0,0.0,0.0,0.0,0.0,0.0
AUS,A01,-8.220202686962635,-6.82297577311219,-5.395800537319109,-3.933364621385085,-2.4290114702938492,-0.8742538648238214,0.7419553204983736,2.4343557602237773,4.223213298329953,6.137437411204515,8.220202686962628
AUS,A02,-16.843628295190737,-13.785017637690908,-10.675868696976345,-7.511930547167628,-4.288079977633011,-0.9980040020487493,2.3662824701153977,5.815195889712433,9.362829245283148,13.029094654935513,16.84362829519071
AUS,A03,-13.770540941054582,-11.24746731030116,-8.696456629475227,-6.112554045476517,-3.4895510929630675,-0.8195195540413927,1.9078946717842615,4.706579776982841,7.595770177989866,10.603156436847867,13.770540941054582
AUS,B05,-2.9623003566780164,-2.442722527166629,-1.9128903006874864,-1.371557224265881,-0.8171637431822769,-0.24771500519620848,0.33940641310250197,0.9477375474541878,1.5822253214890423,2.2500746142372137,2.9623003566780133
AUS,B06,-2.6633995857114443,-2.183329615678416,-1.6957908231185512,-1.1999084854531805,-0.6945841051135998,-0.17840662003488827,0.3504842001412084,0.8946152537456882,1.4575404295249876,2.044466091327794,2.6633995857114448
AUS,B07,-3.164560511065161,-2.666235356364724,-2.1491372548027696,-1.6108224627406846,-1.0482809211594626,-0.4577255908665148,0.16572825163358282,0.8285687257004392,1.5397178443351025,2.31196197255745,3.1645605110651585
AUS,B08,-1.480537188803865,-1.2821364437602332,-1.07016592700898,-0.8428557518187952,-0.5980195324935964,-0.33289753214012757,-0.04391701511055581,0.27368706091502853,0.6264973014766797,1.0239947887504086,1.4805371888038639
AUS,B09,-1.2894809290953415,-1.1190109715181724,-0.9397893031113774,-0.749864254532179,-0.5466616628660457,-0.32671833185719823,-0.08526845517618145,0.18441956394156414,0.49214819775936886,0.8527181878351338,1.289480929095341
AUS,C10T12,-0.6132327176026351,-1.1426371052026043,-1.5913741104849777,-1.9457764338872932,-2.188693668617532,-2.2982337466107343,-2.2458772736802115,-1.9935497878332455,-1.4888828317913518,-0.6571566101639559,0.6132327176026383
AUS,C13T15,-7.296149410560029,-6.04078469343118,-4.764042380760925,-3.461586509969826,-2.1277022394369043,-0.7546938119709203,0.6680607215834762,2.1556468437366676,3.7302181594335515,5.425627164095531,7.2961494105600195
AUS,C16,-0.19889452707349536,-0.5245306249508255,-0.8020383741000334,-1.023946251542142,-1.181132856080975,-1.2622396682411996,-1.2527837816020884,-1.133768037095844,-0.8794114010426777,-0.453257803258821,0.19889452707349503
AUS,C17_18,-1.1962711903061,-1.3321480620494182,-1.426330129060229,-1.4702219853945349,-1.4529637974576903,-1.360561751922698,-1.1745615816107613,-0.8699531365864543,-0.4117234050570331,0.2510909507062711,1.196271190306101
AUS,C19,-10.340142907227968,-8.992133316947271,-7.532061770138408,-5.948366903603526,-4.227276162464301,-2.3520614301512204,-0.3019270517255781,1.949712394856791,4.438013204737282,7.2114190731300685,10.34014290722797
AUS,C20,-14.446785649319757,-12.057049848396979,-9.60458251313602,-7.0790473393011855,-4.467532495393015,-1.7536051863761073,1.084111466639643,4.074156341850531,7.255830032103539,10.685324784561027,14.446785649319779
AUS,C21,-1.8671043660947602,-1.7025026769285339,-1.518394867541792,-1.3097343786934648,-1.0699080042267965,-0.7900898392053072,-0.4582488564342286,-0.057572739548956246,0.4361350376764387,1.0589578351618967,1.8671043660947544
AUS,C22,-0.7608168452266652,-0.936140651428935,-1.0771827208684348,-1.176420449893248,-1.2241191943608831,-1.2074609103858578,-1.1092223970025783,-0.9057023727827943,-0.5633401810374866,-0.032935099772991694,0.7608168452266661
AUS,C23,-10.891503253556634,-9.133105012372692,-7.316789640219877,-5.434602432419853,-3.47681835855982,-1.4313061891239411,0.7174341147573782,2.9897822519914627,5.413469555077931,8.027824918769934,10.891503253556664
AUS,C24A,-5.692980880675822,-5.684274511858913,-5.54973768537415,-5.262099530396765,-4.787351846802575,-4.082413203140475,-3.091662244290706,-1.7416075908541864,0.06765325352142926,2.4768070859691305,5.692980880675825
AUS,C24B,-47.26775569716093,-40.65326415772466,-33.71222147153616,-26.37940127779151,-18.57299745325876,-10.18876803486159,-1.0913242668769034,8.899289664671596,20.029138981375123,32.64670320543124,47.26775569716087
AUS,C25,-0.19721261662079756,-0.4469770847908141,-0.6791055757613884,-0.884720497034111,-1.0521205354044505,-1.1657081257086213,-1.204384548188709,-1.139066705669416,-0.9286897108122829,-0.5134594812228817,0.1972126166207994
AUS,C26,-0.013345202767493911,-0.056360111913032175,-0.1002868091168059,-0.14383472468745306,-0.18499215778911904,-0.22061972329324048,-0.24578274955825416,-0.2526244213754727,-0.22839973752715745,-0.15190424488069962,0.01334520276749387
AUS,C27,-0.029072201722868875,-0.19486741017448017,-0.35371972357924897,-0.5007401118334248,-0.629053084730776,-0.7288820743122694,-0.7861200449088279,-0.7800253743252151,-0.6793688944232694,-0.4357003464337198,0.029072201722868386
AUS,C28,-0.48393668927825123,-0.5539587407910329,-0.6198760035755123,-0.6762373863024127,-0.7154840059342331,-0.7270416617467423,-0.6959269467861653,-0.600537171916603,-0.40901157490164086,-0.07296271302873737,0.48393668927824934
AUS,C29,-0.03951814597068852,-0.19057884131330258,-0.34133672343930727,-0.4867117792784029,-0.6193198726103358,-0.7283738690817252,-0.7979591835424266,-0.8042463549794001,-0.7108235601486877,-0.4605399891276972,0.03951814597068881
AUS,C301,-0.03041423806031076,-0.11637661280561465,-0.2046803576532555,-0.29239417651710303,-0.3750243393922844,-0.44573193821704943,-0.4940982726149525,-0.5041214994091857,-0.45085253628012256,-0.29450426142492375,0.03041423806031119
AUS,C302T309,-0.05186714729313751,-0.21260571775984333,-0.37472131643168405,-0.5328088361436182,-0.6788004892283107,-0.8006730255392164,-0.8804226287166613,-0.8908008671745513,-0.7898694161304407,-0.511525545554313,0.051867147293140355
AUS,C31T33,-0.07996217083910653,-0.19187494744763917,-0.29835760835181807,-0.3956857624880894,-0.4786890326525338,-0.5400985292953678,-0.5695301028219201,-0.5518494757395228,-0.4644439025009422,-0.27246132209366336,0.07996217083910705
AUS,D,-64.67736347763736,-52.9018390153254,-40.92607630753558,-28.735414790935987,-16.312827362755375,-3.638131120021146,9.313210691168925,22.571976513684543,36.17828986397683,50.18697654431288,64.67736347763748
AUS,E,-6.748275085445946,-5.750668706132125,-4.705284751874655,-3.6054104316897844,-2.4427910055078645,-1.20706022248774,0.11512805827733484,1.541472207326902,3.09628274669782,4.814387165722888,6.748275085445947
AUS,F,-0.5086575713598687,-0.6144141369533509,-0.7158435850304139,-0.8065085888358238,-0.8772391430357533,-0.9148952067359316,-0.9004492461199335,-0.8059215580340954,-0.5892980216345581,-0.1857185009328515,0.5086575713598677
AUS,G,-0.25425674420157923,-0.28370234436281433,-0.30443787564975855,-0.3147809884177527,-0.3125240703930295,-0.2947078133642489,-0.2572683113702752,-0.1944685756905229,-0.09794685682095745,0.04495073864618692,0.25425674420157934
AUS,H49,-3.703473335686706,-3.1218171309915403,-2.5244984062776803,-1.9075012933236268,-1.2657318197018659,-0.5926009013589687,0.12061376761222525,0.885778586014003,1.7195708428801117,2.646359480797677,3.7034733356866996
AUS,H50,-6.362046765147035,-5.217109547222574,-4.061125110377317,-2.8908370812066253,-1.701988072267706,-0.4889083032860829,0.7561185246326909,2.0438661027818643,3.3898411368267665,4.817192014185328,6.362046765147037
AUS,H51,-5.618226590186724,-4.6644571917757585,-3.70066624972418,-2.721594095053249,-1.7203589127632348,-0.6878077681852225,0.3884772621386445,1.5257537369157348,2.7487141393619763,4.093967596503015,5.6182265901867305
AUS,H52,-0.4887980341272933,-0.4990709961073865,-0.4988115984447471,-0.4855999666812665,-0.4562138108678894,-0.40628741511763017,-0.3297834963169208,-0.2181473696575441,-0.05889844601790966,0.16682589752318855,0.488798034127293
AUS,H53,-1.7924197007449387,-1.6398161821165522,-1.4676696973931744,-1.2712794947242405,-1.0443754547590371,-0.7784562463477069,-0.46176609823937576,-0.07765786948963926,0.39813168761950674,1.00223451119211,1.7924197007449378
AUS,I,-0.3206608869188747,-0.40963379767936126,-0.484310825913006,-0.5404117536589811,-0.5726222369071327,-0.5742166631943886,-0.5364896763682013,-0.44786809150850576,-0.29246460893708537,-0.04760432214624279,0.3206608869188735
AUS,J58T60,-0.05956181230902391,-0.13030945513077394,-0.19939347452526487,-0.26423310221796625,-0.32118177209670135,-0.3650335375948421,-0.38824691798734995,-0.37968454560956855,-0.32248799750537155,-0.19033021855314464,0.059561812309024374
AUS,J61,-0.3466111208043938,-0.3825387012924208,-0.4109202452012583,-0.4293880948340178,-0.4346094636192293,-0.4217942699762769,-0.3839008398090608,-0.3103151773509375,-0.18457616966686144,0.019711602581135065,0.34661112080439266
AUS,J62_63,-0.0005682642689423598,-0.03264156364700615,-0.06432923408925136,-0.0947312125331269,-0.12250576656054932,-0.14564216511291286,-0.16109530834398184,-0.1641807051180722,-0.14753652722689967,-0.0992656028496834,0.0005682642689420501
AUS,K,-0.07855704392169396,-0.08155939998232417,-0.08372416342968238,-0.08457120492121063,-0.08340945015222541,-0.07923196052706466,-0.07054821911405731,-0.05510765790181285,-0.02942705255583859,0.012053192888063748,0.07855704392169392
AUS,L,-0.22371221317073145,-0.20685205622554423,-0.18762199085248513,-0.16545657022786525,-0.1395445732037452,-0.10870971481484348,-0.07122278058033574,-0.024496786031749446,0.035425700641885334,0.11477297754029926,0.22371221317073137
AUS,M,-0.18200257250503157,-0.1906024002679549,-0.19707717505934294,-0.20024805737552084,-0.1984328402173719,-0.18920518874174863,-0.16901404330847863,-0.1325628980011084,-0.07175949955823577,0.026141333571083884,0.18200257250503118
AUS,N,-1.2108436445055637,-1.0213156486709218,-0.8273193294245138,-0.6276691907760161,-0.42073331494651434,-0.2042304860427862,0.025087959260654796,0.27195341042250026,0.5434466761020113,0.8505227651577272,1.2108436445055626
AUS,O,-0.4158148765679586,-0.41325540792160714,-0.40255467188789645,-0.3819855455105376,-0.34924492494566706,-0.3011992702511818,-0.2334868906029728,-0.13987585002257866,-0.011187284728395547,0.166593253026976,0.41581487656795907
AUS,P,-0.33326682197045965,-0.3339177879590507,-0.32595772839281617,-0.3081247861571436,-0.2788124952956844,-0.23592759175739536,-0.17666926612379902,-0.09717462644979392,0.008073516242480948,0.14728268277403192,0.3332668219704598
AUS,Q,-0.3277290067351856,-0.3194900586562514,-0.3046851184335074,-0.2821086666506261,-0.2502133295503517,-0.20696882038444206,-0.1496432300666782,-0.07445220363469486,0.024026392864926388,0.15387544192311417,0.3277290067351855
AUS,R,-0.6270691675523428,-0.6749842994390167,-0.705139244693138,-0.7135626743188273,-0.6951185290167401,-0.6430181298422026,-0.5480605130117752,-0.397408575042658,-0.17253816466682492,0.15436174457844812,0.6270691675523438
AUS,S,-0.9209809343629506,-0.8382809620586934,-0.7433460025533961,-0.634150773597661,-0.5081054482272211,-0.36182003328994117,-0.19073753320498008,0.011456902264779602,0.25382579288811635,0.5499160690172553,0.920980934362949
AUS,T,,,,,,,,,,,
CAN,A01,-21.594581332236015,-17.747335565382176,-13.837866227531242,-9.856488307343797,-5.79131196761054,-1.6275092136490377,2.653760107952623,7.076974586362132,11.674812293211058,16.492377112928793,21.594581332235986
CAN,A02,-4.814023776622162,-4.057956225274903,-3.274779144321932,-2.4603687509834447,-1.6095999769961888,-0.7159948298652093,0.22879918462075494,1.2358088018013027,2.320009701236775,3.502453906962333,4.8140237766221645
CAN,A03,-2.8869104175576856,-2.381213936846188,-1.8692151152685812,-1.3487066638782426,-0.8169965451073626,-0.27074369478991533,0.2942857859525094,0.8835928235876968,1.5045425954210399,2.167362993440123,2.886910417557688
CAN,B05,-2.4034464446906,-2.0036606740158796,-1.5922772997862724,-1.167988123881266,-0.7291324159040954,-0.2735613995918596,0.2015661775318546,0.7001023095232818,1.2274239212664326,1.7913012793266034,2.403446444690597
CAN,B06,-5.293305582077668,-4.329624947075877,-3.351147841216373,-2.356532493010117,-1.3441036288192811,-0.3117248742403043,0.7433938740003184,1.8249966004208342,2.9382665706694757,4.090646960754046,5.2933055820776795
CAN,B07,-1.610678282976818,-1.3595876571071415,-1.0991010158478094,-0.8278784513412716,-0.5442333471817389,-0.24600161158948833,0.06965522788387873,0.406556102214366,0.7699942787587689,1.167570633010418,1.610678282976821
CAN,B08,-4.813494252310373,-3.934451657638153,-3.042806793366392,-2.137259815847939,-1.2161970691054889,-0.2775756865379367,0.6812498327483404,1.663796846180949,2.6748886396948097,3.721386539681921,4.813494252310368
CAN,B09,-3.8554417566343027,-3.1554330474005168,-2.445150088398304,-1.7234307522540622,-0.9888186622872666,-0.2394497666967041,0.5271193163504654,1.3141794079357427,2.126303330263905,2.9700821403602333,3.8554417566343027
CAN,C10T12,-1.3098115688394656,-1.7395168275511326,-2.074415658475463,-2.301042913413951,-2.402894263191759,-2.359424692128176,-2.144585975446767,-1.7246184959149078,-1.0545837071424593,-0.07265760122293097,1.3098115688394623
CAN,C13T15,-1.2930142155998168,-1.2076233541803705,-1.1076120758240604,-0.9886696808946237,-0.8450545214828415,-0.6689953475242707,-0.44977038727854973,-0.17224191665815772,0.18557053380615468,0.6567051108684847,1.293014215599816
CAN,C16,-4.356584752977949,-3.724347104385565,-3.0635940216925026,-2.369130042467548,-1.6344000978738364,-0.8509987742959654,-0.007941976961877206,0.909449684185544,1.9213294022617649,3.056289129594435,4.356584752977937
CAN,C17_18,-25.085328599149936,-20.588963160640013,-16.012959694698857,-11.34924655254294,-6.587923520744117,-1.7166007533070067,3.2805897848694974,8.424521848612612,13.743527741338116,19.277521633186854,25.085328599149953
CAN,C19,-15.557526379864528,-13.63629560966759,-11.518983035975221,-9.188495079686604,-6.6247625615578345,-3.8037466194371103,-0.6959630108450651,2.735783314184824,6.540013863390773,10.782618324116303,15.55752637986454
CAN,C20,-8.884226123214084,-7.4686237781741385,-6.0086027933450445,-4.496328154826433,-2.9220561221623504,-1.2734609749450798,0.46536398454980094,2.3154382776730134,4.305335553589873,6.475257703755122,8.88422612321409
CAN,C21,-0.4000965460462941,-0.44740717023746285,-0.48269986921032104,-0.502893668938904,-0.5039392697455609,-0.48043421004264514,-0.42504221452777563,-0.32758919843335593,-0.17360263238052534,0.058156268352760096,0.40009654604629397
CAN,C22,-0.7020140786747999,-0.8475451456889618,-0.9648410053736647,-1.0470341800883793,-1.0851726737816103,-1.0674209005874684,-0.9778644581018866,-0.7946648623625843,-0.48710157178559094,-0.010610485968109476,0.7020140786748003
CAN,C23,-2.3088648049533327,-2.1730287972786937,-1.9915956976194342,-1.7586313904892434,-1.4668133873391171,-1.1069319939124698,-0.6671453476964639,-0.13182979981082038,0.5202635168617633,1.3191027368422352,2.3088648049533296
CAN,C24A,-23.61014670353937,-19.751763849945007,-15.784962440835695,-11.692028123468555,-7.450655963205597,-3.032292166553335,1.6003211412446299,6.496896884468429,11.72555044916657,17.382661106300677,23.61014670353934
CAN,C24B,-3.418985371720283,-3.3158574730589767,-3.1680455356193487,-2.959954639196213,-2.670824277269445,-2.272675258861562,-1.7272331373277672,-0.9811800223538794,0.04143664644638105,1.4518728103402136,3.4189853717202805
CAN,C25,-0.7649170923698817,-0.8923890969404604,-0.9958079828913868,-1.0679274439062192,-1.0991890523644254,-1.0768209558552626,-0.983491897769083,-0.7952399020098767,-0.4781680480516806,0.01706204309260523,0.76491709236988
CAN,C26,-0.10435333338176815,-0.16759447122635607,-0.2287138120472272,-0.2855713918105995,-0.334936304637475,-0.37191633290919734,-0.3890413793736965,-0.3747480019701534,-0.31078682072589053,-0.16759990883953801,0.10435333338176715
CAN,C27,-0.2537628392180856,-0.37427938377205255,-0.4894712523814734,-0.5943883804742718,-0.6819253214737804,-0.7418275476138014,-0.7591536714688701,-0.7118263950707338,-0.5665948144477491,-0.272090009248252,0.25376283921808607
CAN,C28,-0.3324347409936006,-0.4325850547875307,-0.5242527330535801,-0.6027083437193174,-0.6613883425479904,-0.6911036253753525,-0.6788333728476511,-0.6058324251121738,-0.4445553358812989,-0.15343845917931812,0.33243474099359993
CAN,C29,-0.40712423012962656,-0.6243303826899688,-0.8419385105414078,-1.050888535613614,-1.2375664207840238,-1.3815886885381308,-1.4523456852712087,-1.403459535504916,-1.1636006033659103,-0.6206395194244831,0.4071242301296264
CAN,C301,-0.03172306406787034,-0.12291501483059687,-0.21076172379448518,-0.29254730039466037,-0.3643475671600236,-0.42046135767012277,-0.4525271466710966,-0.44811209429630117,-0.3883810940870345,-0.24408339795916834,0.03172306406787046
CAN,C302T309,-0.2554568492188976,-0.39383266215346147,-0.5292503229608222,-0.6563412737193572,-0.7670898778346482,-0.8495385627558888,-0.8857664787388133,-0.8486495103218386,-0.6964965979808289,-0.36380912125203474,0.25545684921889683
CAN,C31T33,-1.775848043715069,-1.5983168366453533,-1.4067156890378278,-1.1964944311855834,-0.9615433454878058,-0.6935478668992601,-0.38100862121369944,-0.007707000565764528,0.44978667148697327,1.026342251296692,1.7758480437150674
CAN,D,-10.210158899035928,-8.237238501417563,-6.252350428147382,-4.254681281331382,-2.2432628930144323,-0.21691767456458488,1.8258233049465271,3.8868472318330847,5.968663826101245,8.074749381432522,10.210158899035934
CAN,E,-1.1766872351304156,-1.0310447932797604,-0.8747461951559155,-0.70593123777222,-0.5222171669560113,-0.32049511910168804,-0.09662262946894463,0.15505564539467878,0.44248303688574,0.7772010658996948,1.1766872351304138
CAN,F,-0.3817921205109104,-0.43507366252786794,-0.47949332921652527,-0.5112896941672858,-0.525509894688919,-0.5155358359909052,-0.4723695071624176,-0.3835212859560089,-0.23121637191883113,0.010629305757400313,0.3817921205109101
CAN,G,-0.7080532217516866,-0.6212864206413056,-0.5286015405334713,-0.4288433839393112,-0.3204841260601412,-0.20146887122162002,-0.06897946761780561,0.08093800408994106,0.253982496142971,0.45863883734310695,0.7080532217516864
CAN,H49,-5.697016891332765,-4.666611361405084,-3.6253550650743773,-2.5702914015635745,-1.497775253310285,-0.40322599961628935,0.7192447515699714,1.8774129603717389,3.0818801317206646,4.347660481437724,5.697016891332765
CAN,H50,-10.549365591477098,-8.706648704689599,-6.834417825213592,-4.926271409346855,-2.9742245938903062,-0.9681210039525571,1.1052517793677759,3.2635361465038724,5.531021102847329,7.942384123106976,10.549365591477084
CAN,H51,-37.90975481710447,-30.594639672974385,-23.25792016559944,-15.890816508993636,-8.482722471056855,-1.0205770380727848,6.512079293933945,14.13656974581263,21.881445116775673,29.786473789053,37.90975481710449
CAN,H52,-0.08844977427123883,-0.18839520249233072,-0.2755427384374875,-0.3472831193205059,-0.40023421019043137,-0.42994056935710834,-0.43041902838373725,-0.3934488808757148,-0.3074206783310153,-0.15538379945119887,0.08844977427123873
CAN,H53,-1.5003863872320093,-1.2843776814307528,-1.0575551498648292,-0.8182564893545156,-0.5643896734852875,-0.29327658821654246,-0.0014186247395852366,0.31586682658066695,0.6650326187712945,1.055291981241378,1.5003863872320116
CAN,I,-0.44106918957324565,-0.5247465392544555,-0.5958768206981488,-0.6485762049233812,-0.6756513076173326,-0.6681637768523271,-0.6147922454626856,-0.5008654192368693,-0.306837847932857,-0.00577153567217724,0.4410691895732455
CAN,J58T60,-0.10178074073014598,-0.1664307423416564,-0.22207838542821173,-0.26675511665841495,-0.2979351107317522,-0.31231645140294045,-0.3054886941257716,-0.2714112108028559,-0.2015631215018439,-0.08349452375815822,0.10178074073014585
CAN,J61,-0.09342588361314136,-0.10652607419898091,-0.11712893618715363,-0.12449147927474549,-0.12758922522584856,-0.12498587378948758,-0.11462891769468178,-0.09351932232784042,-0.05715833970149292,0.0014193117898554921,0.09342588361314136
CAN,J62_63,-0.057880753069620226,-0.07214374466308039,-0.08519677057664282,-0.09631076082958685,-0.10446943763090791,-0.10823949961848676,-0.10556895169926751,-0.09346422614411333,-0.06745449443891575,-0.020664026065427644,0.05788075306962032
CAN,K,-0.042776289124786586,-0.06487895858156202,-0.0847440992744162,-0.10157585579757178,-0.11429664997075947,-0.12142672655619774,-0.12089914181278139,-0.10976671319210246,-0.08372070027742459,-0.03626518582449054,0.0427762891247865
CAN,L,-0.238655997662498,-0.20962425364880413,-0.1789316540709329,-0.14613848491224168,-0.11065061213844529,-0.07165507725215912,-0.02802193565122227,0.021850002300560736,0.08028451824192116,0.15075573831982847,0.23865599766249804
CAN,M,-0.5311639803104562,-0.4585338725534608,-0.3827836387801055,-0.30313237199408,-0.2185361955971628,-0.12757804845201073,-0.028298878623210826,0.0820690624468496,0.20753931041494195,0.3541196119345677,0.5311639803104562
CAN,N,-1.0235680782034648,-0.8681838808937319,-0.7078742780205988,-0.541516957404243,-0.3676329658726089,-0.18423976023099767,0.011373420298479845,0.22299982707731175,0.4560948832085117,0.7187673879222314,1.0235680782034628
CAN,O,-0.5688768794241817,-0.5235209132971234,-0.4708593153839366,-0.4093933457680928,-0.33716226216255873,-0.25155653435745423,-0.14903313010024546,-0.024667718313585104,0.12857604292571176,0.32109258551231434,0.5688768794241827
CAN,P,-0.36943223542111137,-0.322645296261016,-0.27230902581252336,-0.21793335279089357,-0.15888799390921413,-0.09434743996654689,-0.023207443033856273,0.05604589940894153,0.1455492389569054,0.248424737508517,0.36943223542111087
CAN,Q,-0.15024746022219038,-0.15092705752140326,-0.14884535236896626,-0.14326446746688432,-0.1332008903587614,-0.11732362162431191,-0.0937987648971875,-0.060044901328630246,-0.012333608247330766,0.05489236360717328,0.15024746022219043
CAN,R,-1.1649521839674364,-1.019249377198004,-0.8637980828358294,-0.6967509561311401,-0.5156996927528356,-0.31744961469802313,-0.09767649394161418,0.1496128094012997,0.432960319701223,0.7649581077819922,1.1649521839674362
CAN,S,-0.574019454166955,-0.5356451252472071,-0.4885810596658506,-0.4312217384771829,-0.3614827510714513,-0.2766101197732245,-0.1728902712827283,-0.0451945245203912,0.11376371527113768,0.3146957790063859,0.5740194541669545
CAN,T,0.0,0.0,0.0,0.0,0.0,0.0,0.0,0.0,0.0,0.0,0.0
USA,A01,-15.202679184688291,-12.45336144199136,-9.660697953636582,-6.819576403262658,-3.923833793227867,-0.9659285498785296,2.063532735371162,5.1765011138181505,8.38857950335546,11.72079991891055,15.202679184688323
USA,A02,-9.620055367661106,-7.892781528982431,-6.134930448856679,-4.343471702263363,-2.514699243290149,-0.6440126395463238,1.2744007481745403,3.2480428909103867,5.2868495799238735,7.404407039457045,9.620055367661093
USA,A03,-3.3975487638180377,-2.779008320798514,-2.1544223925402792,-1.5220508103136134,-0.8797645376794591,-0.22492557783532316,0.4457875123089682,1.136641683555622,1.8532586338308117,2.6032843725897163,3.3975487638180377
USA,B05,-8.675662230386816,-7.041966408034482,-5.392448028011572,-3.7256122953376556,-2.0396090257179287,-0.33211123050356267,1.3998631555060366,3.160221538142174,4.9542221523653245,6.789174975972023,8.67566223038681
USA,B06,-3.516360966725797,-2.9921593133000304,-2.440077554226687,-1.857434769119035,-1.2409335554371128,-0.5864471616452605,0.11129352614146462,0.8591751679403568,1.6664510110128679,2.545976197566345,3.5163609667257942
USA,B07,-1.8460789366379526,-1.689997593668225,-1.5025252645436218,-1.280039025374553,-1.0180866407668323,-0.7111100349252277,-0.3520400387583954,0.06831700595644304,0.5622437032165716,1.1466987922236576,1.846078936637952
USA,B08,-1.0875078336465842,-0.9824088466658024,-0.8601523758835947,-0.7189389318377982,-0.5565682826485103,-0.37030826678309625,-0.15670329235846903,0.08871451992367566,0.3718781605341275,0.7009290604030872,1.0875078336465833
USA,B09,-1.0925627689489612,-0.9039306850823288,-0.7118541642339024,-0.5156537609733061,-0.31447233462679564,-0.10721268463542999,0.10755435541465737,0.33172971569081544,0.5679068502047933,0.819736401597358,1.0925627689489614
USA,C10T12,-1.2035690097611877,-1.7322723209616184,-2.1414381350846985,-2.418557663381073,-2.548657492574895,-2.513534664910567,-2.2906552484315728,-1.8515159433344717,-1.1591111504850238,-0.1638311397548293,1.203569009761187
USA,C13T15,-1.7060406706219142,-1.5721946039988652,-1.4130261138119649,-1.2242383579658926,-1.000379543880658,-0.7344142055475723,-0.41708197812741477,-0.03590541531157444,0.4264081681458689,0.9946679041499736,1.7060406706219131
USA,C16,-1.147343645859308,-1.128264397417754,-1.0842232931307276,-1.010549072115942,-0.9013650030488602,-0.7491676416098846,-0.5442101232813565,-0.27357050603672606,0.08030925755872219,0.5420202804083524,1.147343645859307
USA,C17_18,-2.5154167564148042,-2.277200944535975,-2.0047039831021833,-1.6924804902287742,-1.3337818400095436,-0.9201072118070204,-0.44054425309133294,0.11923096113412505,0.778529759378967,1.564250681565096,2.5154167564148033
USA,C19,-3.5585442864038592,-3.384255978495726,-3.135153436692447,-2.7998370631307563,-2.364980728822813,-1.8147337689687384,-1.1298514239389879,-0.2863880843654861,0.7463438456109683,2.009112673627131,3.5585442864038592
USA,C20,-3.3718574762205376,-2.86736656837362,-2.3424019297414205,-1.7931560324070732,-1.214883419774774,-0.6015879971887583,0.054433550592494925,0.7632805378564135,1.5385282372254692,2.3990015076898734,3.371857476220541
USA,C21,-0.9855615351332743,-0.8352424289894196,-0.6796355606443116,-0.5176789324431379,-0.34802113300311144,-0.1689171032148264,0.021925591009861127,0.22758079032447412,0.45227371483391127,0.701993034147421,0.9855615351332746
USA,C22,-1.8166960066327085,-1.7539383663499404,-1.6592394643142452,-1.5254534927782661,-1.3434271571344125,-1.1012755151746776,-0.7833158923727702,-0.36844798247669286,0.1724022059905714,0.88050385680912,1.8166960066327116
USA,C23,-9.960590651134478,-8.282656135282096,-6.557525143938488,-4.7798865179459336,-2.9433048208985033,-1.0398534103622115,0.94041999432025,3.01029766295902,5.186650213436301,7.492498690471845,9.960590651134455
USA,C24A,-7.053098053746125,-6.206441697182911,-5.286977866806854,-4.282858113092488,-3.17946707631341,-1.9585032496630486,-0.5966427262839855,0.9364649831677658,2.6813166243907443,4.693633678836949,7.053098053746133
USA,C24B,-1.5369373393271675,-1.5033537126295409,-1.443636792325424,-1.3508345034971667,-1.2159689737961448,-1.0272815629784415,-0.76911726057476,-0.42022720773590644,0.048906207505725635,0.6804680367535428,1.5369373393271695
USA,C25,-2.2073269597512537,-1.985479197440349,-1.744407542700375,-1.4781591733227013,-1.1790402960932316,-0.8369845852194635,-0.43862516559364334,0.03411064493098427,0.6062071993869192,1.3131778506526068,2.2073269597512537
USA,C26,-0.698087674622477,-0.5876816792889796,-0.47513737598702854,-0.3597638522434553,-0.24059854263334773,-0.11628032464277031,0.015149917695111821,0.15657249162616704,0.31233194461685565,0.4891898938455431,0.6980876746224767
USA,C27,-1.2439490318355662,-1.095070636575731,-0.9397314466656238,-0.7752071377096867,-0.5977837127294438,-0.40234197922667037,-0.18172622444213146,0.0742440851298036,0.38037769117115233,0.7588280592953359,1.2439490318355688
USA,C28,-0.7561771731481784,-0.7484539775127612,-0.7309600093758019,-0.6996258264244055,-0.6490138729562759,-0.5717794713918092,-0.4578651146668525,-0.2932594762519046,-0.058016201551678054,0.27704988122976054,0.756177173148179
USA,C29,-2.685212273843809,-2.4945605367093266,-2.2846015541224682,-2.045471980417599,-1.7636482742228683,-1.4204034889932913,-0.9894660817293371,-0.4333625632702404,0.30249990874192884,1.299824891205559,2.6852122738438093
USA,C301,-0.9171826230171533,-0.8026056078588903,-0.682778313414999,-0.5558735946481802,-0.4194426183214244,-0.27016505389317985,-0.10347397473146752,0.08702435752046177,0.3104804846060495,0.5803582070018521,0.9171826230171537
USA,C302T309,-1.1924812686672674,-1.0614244430917892,-0.9231470504901033,-0.7748546733786997,-0.612694242110131,-0.43129630949794684,-0.22307738003497418,0.02285424106095967,0.32247417494518116,0.699846817025817,1.192481268667268
USA,C31T33,-1.4945405305925168,-1.2754939772874716,-1.049748210810021,-0.8151526667060486,-0.5688991736008027,-0.30727277151510274,-0.02528111843611914,0.2839139865283736,0.6299014155829807,1.0265266878176018,1.4945405305925163
USA,D,-28.143163249515073,-22.77409721700517,-17.358726251928932,-11.89411510264857,-6.376849650657782,-0.8028874306808944,4.832660727351136,10.535860401331698,16.314471046463296,22.178796473224043,28.14316324951509
USA,E,-14.865981632026138,-12.0804156793955,-9.263770893422995,-6.413575072064724,-3.5268291261496163,-0.5998297002043206,2.372090846365843,5.394957929705014,8.476773033581864,11.628530121287774,14.865981632026134
USA,F,-2.3362033694192643,-1.9974879860482169,-1.6453281174457515,-1.2765813485821,-0.8872485119976267,-0.4721656274074451,-0.024549809284018734,0.46469124571490883,1.0080489288624892,1.623212085853449,2.336203369419265
USA,G,-0.6026453759196595,-0.5637474678308745,-0.514509153318084,-0.45328218147142296,-0.3779865551077053,-0.2859551987553702,-0.17370408987646557,-0.03658115252968996,0.1317904620865427,0.34043567555867243,0.6026453759196592
USA,H49,-9.101170805512272,-7.402629903051591,-5.691419753025036,-3.9642551355313964,-2.2170888052384026,-0.4448763041986652,1.3587662276215973,3.2020768135452413,5.095952813384799,7.055270211653123,9.101170805512272
USA,H50,-4.867111036094437,-4.110626634221169,-3.3357718008810253,-2.5360381650020836,-1.7032633604766545,-0.8270920711137069,0.1058138328038408,1.1129720683459399,2.217965455401689,3.4535540651754175,4.867111036094434
USA,H51,-10.693911419187515,-8.655307566662156,-6.608701861460915,-4.550862642017724,-2.477785928777567,-0.38446165061583765,1.7354656442157084,3.8902060833555336,6.090619621780099,8.351516880498204,10.693911419187504
USA,H52,-0.9876759089060053,-0.8853111220314904,-0.7705197131801766,-0.6414253277958305,-0.4956677475174183,-0.33023709602572904,-0.1412312177572467,0.07651107487100677,0.32998600853413795,0.6289719077049141,0.9876759089060047
USA,H53,-0.8517191436661761,-0.736764195110875,-0.6139377880265559,-0.48225574851559205,-0.3404940864525794,-0.18710952474775844,-0.020124014397191546,0.16304871013816005,0.3658739363568762,0.5931388750086428,0.8517191436661752
USA,I,-0.27160905424657644,-0.373814096037067,-0.45556163573942643,-0.5133345964998012,-0.5429451091392951,-0.5393248187044681,-0.4962215666236166,-0.4057461576867302,-0.25766857693562417,-0.03827350357498927,0.27160905424657716
USA,J58T60,-0.1920280046056201,-0.1954650969165584,-0.1955382069510447,-0.19107530613524337,-0.1805529253502806,-0.1619657204845239,-0.13263316856807505,-0.08890400212926654,-0.02568719901747725,0.0643263012193856,0.19202800460561978
USA,J61,-0.2608755120644712,-0.2749060664467351,-0.28175618695498944,-0.2799733677516039,-0.26767013401153655,-0.24234884370019555,-0.2006356276532738,-0.13786346026038898,-0.04739416489062018,0.08053414160126622,0.2608755120644707
USA,J62_63,-0.16741968254572487,-0.1552020177305545,-0.14145285169986246,-0.1255849557176776,-0.10681635142230365,-0.08409209580981063,-0.05596625702784496,-0.020418256053981104,0.02544354771271391,0.08588175015567502,0.16741968254572492
USA,K,-0.18125842110063442,-0.17195322819665348,-0.1604504581561668,-0.14602764711044738,-0.12773352728328624,-0.10429978251157576,-0.07400953901893713,-0.03449538418196999,0.017582205522560106,0.08706961741789998,0.1812584211006344
USA,L,-0.1632531173825483,-0.16739333708113519,-0.166767931796412,-0.16066226235487757,-0.14817190593969448,-0.1281332977604577,-0.09902119894619553,-0.05879241694934813,-0.004638767304434724,0.06742102427684213,0.16325311738254808
USA,M,-0.22016515073506668,-0.20503506073965158,-0.18712604764795843,-0.1657193129620664,-0.13988193119663495,-0.10838615878858661,-0.06958930631866987,-0.02124924331250299,0.03976962228992723,0.11798625076529069,0.22016515073506648
USA,N,-0.8342950992891282,-0.710164108773409,-0.5816728886576439,-0.44777919035518454,-0.30714432546870735,-0.15802473127825134,0.0018887495397436277,0.17571669668967974,0.36778138304730723,0.5842547569029666,0.8342950992891288
USA,O,-0.17982304497770643,-0.2154914805158466,-0.24163338529464284,-0.25687329513919804,-0.2594875408475955,-0.24728115516633892,-0.21740597657138755,-0.16608319117190679,-0.08816394169859554,0.02359854343349966,0.17982304497770613
USA,P,-0.1813630485384365,-0.19438254001986247,-0.19994399640287328,-0.1972689848960396,-0.1853965445300386,-0.16311946574061836,-0.12889024938010385,-0.08067779153510408,-0.015740547980134408,0.06974917493055705,0.18136304853843596
USA,Q,-0.18218267599875387,-0.20752075589555263,-0.22508445381532677,-0.23359674079425977,-0.23145815275089043,-0.2166306891434171,-0.18646556345914758,-0.1374393320224137,-0.06473407511568906,0.03846157424469716,0.18218267599875368
USA,R,-0.2796750499669452,-0.2855754560256829,-0.2836996341392911,-0.27275001139868504,-0.2511076453714413,-0.21671946124693497,-0.16693184126134786,-0.09823709173736135,-0.005872355011273568,0.11684425984162562,0.2796750499669447
USA,S,-0.335292132570407,-0.342707979216647,-0.3403360528700963,-0.32671288998554077,-0.30000919035911616,-0.25790074785392253,-0.19737779539287123,-0.11445421242732035,-0.003706896307698852,0.1424878000391399,0.33529213257040696
USA,T,0.0,0.0,0.0,0.0,0.0,0.0,0.0,0.0,0.0,0.0,0.0
BRA,A01,-35.51352165026773,-28.899125583647674,-22.212198420603716,-15.444315165149078,-8.585303734482844,-1.622655181600308,5.459355142134162,12.681025368055767,20.069414315327325,27.662041417896017,35.51352165026772
BRA,A02,-0.30448114702187096,-0.3220207210758809,-0.32926266144902155,-0.32476510910173917,-0.3066988886268273,-0.27269166493749375,-0.21958834375245964,-0.14307020988383154,-0.0370256725315597,0.10753780988005911,0.3044811470218712
BRA,A03,-2.737433279362799,-2.3307090553977594,-1.9175256542814882,-1.4926969759292785,-1.0497172248828883,-0.5802498239495482,-0.07334431380010559,0.48580512488928185,1.1179066766852002,1.8531053783394207,2.737433279362798
BRA,B05,-4.354518836439136,-3.7786643188895512,-3.171652414948112,-2.52727421495947,-1.8372827557891884,-1.0905198907393363,-0.27156718228889953,0.6414061598716383,1.6802068839439972,2.8927872072011063,4.354518836439138
BRA,B06,-3.3048476916194636,-2.7751145285537073,-2.2311161630164413,-1.67015501101598,-1.088653619149633,-0.48177835112315215,0.15714239468304628,0.8375468985116488,1.5731792787619374,2.3847566457685176,3.3048476916194676
BRA,B07,-0.3772463894868026,-0.41234855981613266,-0.4376718737403095,-0.4505653637587286,-0.4474919371515693,-0.42365235316546446,-0.37240522537592147,-0.28434321780562477,-0.14576526822260608,0.06396559239754408,0.37724638948680206
BRA,B08,-0.39524612435817086,-0.46333493492206995,-0.5154732967036815,-0.5486346744907772,-0.5588023822545388,-0.5405452649190515,-0.48636191546963065,-0.3856342632884198,-0.22289416772313758,0.02517882182995585,0.3952461243581692
BRA,B09,-0.8097252847972473,-0.8554731684116069,-0.8848732077954953,-0.8928034984791812,-0.8723230172912941,-0.8138728848301144,-0.7040389884613262,-0.523573596399573,-0.24411259872934044,0.17751827449867297,0.8097252847972475
BRA,C10T12,-1.587661642921306,-5.104220554938728,-8.021141627453106,-10.2758004146845,-11.794139116672829,-12.487099986388012,-12.245362550826828,-10.931278208451541,-8.365960004515504,-4.30754516347983,1.5876616429212813
BRA,C13T15,-1.2234070228365836,-1.3168355842263306,-1.38617826961153,-1.4227609079390204,-1.4147757307875939,-1.3459006730289533,-1.1931562097758213,-0.9234696839320076,-0.48795402671400634,0.18806328979856932,1.2234070228365888
BRA,C16,-1.4021605669820676,-1.4031162937364219,-1.3818426590172486,-1.3309312711938814,-1.2405926675240317,-1.0976621437284508,-0.8840709725634114,-0.5744181509749934,-0.13196444586723985,0.49828094368811315,1.4021605669820696
BRA,C17_18,-6.623371678561246,-5.951869620905408,-5.225189539778017,-4.427760596848829,-3.5385579131621303,-2.5287029372241636,-1.3577456449943563,0.032277213929751976,1.7266931407164443,3.855260960805825,6.623371678561256
BRA,C19,-13.062998946628426,-11.569051180993469,-9.97291337589652,-8.248003580244179,-6.359077382450389,-4.258546870582608,-1.8808014142382417,0.8668390703765158,4.119085730250681,8.078554207690718,13.06299894662841
BRA,C20,-9.220655694707942,-8.290199873286513,-7.307470953964708,-6.245850889123892,-5.069383198232501,-3.728900810914427,-2.156126467821081,-0.25439346670939633,2.1165098851332944,5.166238450820787,9.220655694707936
BRA,C21,-2.0520232037806303,-1.8121906326326507,-1.5597336407874969,-1.2901637916952204,-0.9974530417680831,-0.6733838611964457,-0.3065536626908146,0.11919952600848867,0.6273817754223407,1.2532819207591477,2.0520232037806325
BRA,C22,-6.093640195554611,-5.590877279098097,-5.045652118323532,-4.438162110490626,-3.741219419930538,-2.9171159588993207,-1.9128383763532455,-0.6525331787726382,0.9748075451075592,3.1363935962595617,6.093640195554604
BRA,C23,-41.307554020589365,-33.95377808683252,-26.466121948509773,-18.83026407941043,-11.02836276054499,-3.037658315319064,5.171670620857452,13.639905329157465,22.423384925570026,31.60415694218951,41.3075540205894
BRA,C24A,-21.981914580636435,-18.383724341426543,-14.680795539675284,-10.857860275319748,-6.895769438287299,-2.7700100118728144,1.5515451273152234,6.112168957081771,10.972044650168316,16.218119311315906,21.98191458063645
BRA,C24B,-13.77214204514517,-11.612951104013911,-9.392051099850136,-7.0964214330429725,-4.708892969719989,-2.2064029565192733,0.4426828757956887,3.282810704520734,6.378206407831527,9.824843707829526,13.77214204514517
BRA,C25,-0.7477939086743953,-1.407436638427799,-1.9787969957864218,-2.4432508157368518,-2.777098310962007,-2.9496076619392673,-2.920048482346838,-2.633041813657605,-2.0109831399758615,-0.9411146882091584,0.7477939086743952
BRA,C26,-1.4559309409912844,-1.7985161860179555,-2.1205839596993292,-2.40573100850306,-2.6298538090844543,-2.7571518496367227,-2.7336881777239594,-2.4767091460787083,-1.8563101311491625,-0.6626284347752484,1.4559309409912857
BRA,C27,-1.4000598911725586,-1.6946303091712176,-1.9518382730852724,-2.1567877706708654,-2.2889830833212272,-2.319795398071889,-2.2085162254196757,-1.8960189340947713,-1.294204485714636,-0.26764787193921163,1.400059891172559
BRA,C28,-1.6481377300460465,-1.9106723099276814,-2.128239755009094,-2.285095308367745,-2.360336841498898,-2.325736825639612,-2.142407045340006,-1.7555017274880667,-1.0854850732602508,-0.013078087761894796,1.6481377300460436
BRA,C29,-2.7912345056077594,-2.975221162689305,-3.129625114462754,-3.2339151963945767,-3.2588792983440538,-3.162513495305682,-2.883571236675626,-2.331138621846336,-1.3671880346446876,0.22387873963015661,2.791234505607766
BRA,C301,-0.8150124136299147,-0.9039302838975277,-1.0054952452975587,-1.1145009868608362,-1.2209342356109334,-1.3069003368798535,-1.3415362148466734,-1.2724113261573495,-1.010581287378856,-0.4036585693888863,0.8150124136299113
BRA,C302T309,-0.8277920171736964,-1.0416887282213165,-1.2382626005726678,-1.408086305131326,-1.5373977056743768,-1.6059116355192602,-1.5833498769434775,-1.4237874338185224,-1.0561339589833345,-0.3674509266606242,0.8277920171736999
BRA,C31T33,-1.6061884962540673,-1.5164492998517882,-1.4134332943236936,-1.2908527527647424,-1.140038885637712,-0.9488737590300432,-0.7001295357717904,-0.3688056066624138,0.08229893945489236,0.7102748417356957,1.6061884962540658
BRA,D,-10.092851815841621,-8.526083424753736,-6.904327981339001,-5.218675825085548,-3.4577169893581394,-1.6065015238375981,0.35507139468254656,2.4548326308875255,4.732632542439641,7.247802074829654,10.092851815841609
BRA,E,-54.54314933842288,-44.09809659692273,-33.57043000551009,-22.9556341191813,-12.248205885225692,-1.4412595414238143,9.47408114544208,20.509649011870305,31.681829195318162,43.01431666989999,54.543149338422936
BRA,F,-1.2626545527927082,-1.532674458140138,-1.7374895471789928,-1.8665889831423719,-1.90673513002453,-1.8408862141628857,-1.646546826970392,-1.2931574872200327,-0.7378013867045379,0.08218555635757835,1.262654552792709
BRA,G,-1.0423976084700728,-0.9344455291793343,-0.8162617720852668,-0.685696801200918,-0.5398825654048138,-0.37491899381091215,-0.185386741613865,0.03643468988986009,0.30186933659304704,0.6281125325246305,1.0423976084700723
BRA,H49,-11.694990427931753,-9.631785392684328,-7.543086936624718,-5.422779019907808,-3.2625652849959517,-1.0510045216067232,1.2279902989491214,3.59756209752895,6.0919243913812915,8.763348594555456,11.694990427931756
BRA,H50,-23.15646119376826,-18.759254640620398,-14.33997588500813,-9.894276695391286,-5.415915168870392,-0.8958030976018945,3.679513200387157,8.33034437011947,13.088083492708652,18.002670493895813,23.156461193768276
BRA,H51,-162.75362364373422,-131.63709021624496,-100.43584392201568,-69.11225687433277,-37.61391179196828,-5.866934373993692,26.23441689188152,58.84451197265596,92.19433042103748,126.64023816592633,162.75362364373424
BRA,H52,-1.1362879644602524,-1.0414525564541317,-0.931543501669959,-0.8040506748199755,-0.6556044741914815,-0.4815976424416662,-0.275597115567889,-0.028399782264948523,0.2735408314543468,0.6508544429594807,1.136287964460253
BRA,H53,-1.3870829673798748,-1.2313241291316432,-1.0603927879008732,-0.8721574249185509,-0.6637983410553723,-0.4315017777435799,-0.16998256920566512,0.12828479759877695,0.47435160806942966,0.8850404580119299,1.3870829673798748
BRA,I,-2.5090120751724987,-2.370853296423596,-2.2235640425235714,-2.0487346215843876,-1.8248381270711458,-1.5263235079447826,-1.1222908088421544,-0.5744783436859853,0.16593686528638918,1.1636979464616866,2.509012075172499
BRA,J58T60,-1.0074192006570448,-0.9103757603097475,-0.8084344001864939,-0.6988095833127327,-0.5775351049714132,-0.4389126517375063,-0.2746481230673364,-0.07245663928697017,0.18627403878571888,0.5305713512304527,1.0074192006570448
BRA,J61,-0.8998611373258785,-0.8032654484510418,-0.7030381854799882,-0.597039800698867,-0.4821805314487936,-0.35394590612109794,-0.2056396327217722,-0.027138772153234205,0.1972266989360792,0.4924422208755835,0.8998611373258777
BRA,J62_63,-0.3356986426251472,-0.30373535261068524,-0.2705399788066299,-0.23518259196634123,-0.196298583959447,-0.15187860867483216,-0.0989365548398553,-0.03296833374891629,0.05296283646869157,0.1698407055935178,0.3356986426251475
BRA,K,-0.4213761346254465,-0.3751959245895404,-0.326207560932254,-0.27352741505701866,-0.21591187475662812,-0.15159119347906072,-0.07800922613453128,0.008597354062763803,0.11390506767036587,0.24674164825238504,0.42137613462544643
BRA,L,-0.13551398331726933,-0.13405876711603226,-0.13065633946240396,-0.12455598877838162,-0.11480266021043019,-0.10015347663987992,-0.07894895399894332,-0.048907651396904686,-0.006785928015937841,0.052211949532677195,0.13551398331726944
BRA,M,-0.47686571148691054,-0.43854400033775043,-0.3964519652852619,-0.3492011852889125,-0.29483015985257904,-0.23054341679798798,-0.15230429317453018,-0.05417896736873348,0.07276005024375541,0.24234947894262263,0.47686571148691065
BRA,N,-0.7105695193560185,-0.6173793357236269,-0.5199772118247667,-0.4173000442777726,-0.30785013429901786,-0.18950765588803187,-0.05924059179604923,0.08735893498645925,0.2568447902770794,0.4592552429645074,0.7105695193560175
BRA,O,-0.4570387783814441,-0.4328800327219072,-0.4009964429765529,-0.3600862413958062,-0.30842187957262873,-0.24366782626195796,-0.16259698130914219,-0.060634852276997636,0.06890104671663975,0.23612784999978487,0.457038778381444
BRA,P,-0.25037336611341887,-0.2574154634811946,-0.25722326617097924,-0.24872548526888755,-0.23054307249804018,-0.2008666772770072,-0.1572681847039711,-0.09640086802197219,-0.013503267736990458,0.09846031662559948,0.2503733661134186
BRA,Q,-0.33771110617285893,-0.37635938558987087,-0.4047818819977132,-0.42058706071744195,-0.4205799841661101,-0.40042239569513016,-0.3541079498381294,-0.2731253629016481,-0.14507232650935836,0.048746020002292154,0.33771110617285843
BRA,R,-0.7374829045318759,-0.7365039457183097,-0.7227351652408815,-0.6923937616881146,-0.6405501784633537,-0.5606718736171701,-0.44392268209216623,-0.27804937687627074,-0.045540977927513625,0.27955840455691405,0.7374829045318775
BRA,S,-0.7503642599844772,-0.74993070675366,-0.7357511564269601,-0.7043552173230955,-0.6510848900424844,-0.5696011476469985,-0.45112279371298153,-0.2832125586830671,-0.04776480631558412,0.2824858791491553,0.7503642599844759
BRA,T,0.0,0.0,0.0,0.0,0.0,0.0,0.0,0.0,0.0,0.0,0.0
ROW,A01,-15.700970967796177,-12.955656645311223,-10.151427989505182,-7.281224480904481,-4.336580207409037,-1.3072117214553969,1.8195642646744163,5.059679612559512,8.43359922365065,11.968356652116539,15.700970967796184
ROW,A02,-1.097028549357237,-1.020597567970262,-0.9285652405338244,-0.8174060815726785,-0.6826874290846229,-0.5187717712389908,-0.31839029226552623,-0.07201356860358585,0.23311105555673017,0.6144986698052484,1.097028549357237
ROW,A03,-1.9628877416138981,-1.732726702017,-1.489798019813315,-1.2292945900299845,-0.945024300777279,-0.6289394323153684,-0.2704586881548677,0.14453912345293563,0.6352639780675498,1.2285076713474796,1.9628877416138988
ROW,B05,-4.692305548139231,-3.862840603660152,-3.0170948944742078,-2.153202996098626,-1.2689031060584566,-0.3614090421321629,0.5727756963610947,1.5381370014928444,2.5405856037270724,3.588169129332942,4.692305548139232
ROW,B06,-4.392333290351106,-3.636002069112692,-2.8619649806333767,-2.0680536456525997,-1.2516148387764,-0.40935104144216433,0.4629112513815939,1.370569210497492,2.3207857824593776,3.323375068603719,4.392333290351103
ROW,B07,-1.8891158208096104,-1.699736486701214,-1.4890586993318937,-1.252567727208221,-0.9846189631851977,-0.6780619667785031,-0.3236954044655723,0.09054862367476485,0.5808724444214204,1.1696765448254844,1.8891158208096077
ROW,B08,-2.3486099851175264,-2.1152870977459224,-1.852672547090425,-1.5554403755680772,-1.21704286952708,-0.829322594677899,-0.38195401587433464,0.13838645780153383,0.7493025142903837,1.4747530208641457,2.3486099851175264
ROW,B09,-1.522581235795366,-1.3555055961622078,-1.174735838483671,-0.9767453809061069,-0.7570442971291091,-0.509843668403564,-0.22756511217737088,0.09989886805247723,0.4863432134962406,0.9511494695158034,1.522581235795366
ROW,C10T12,-1.326545956881937,-2.0539855252936374,-2.6497820588592327,-3.0926340584014254,-3.3567605538324616,-3.410561043817705,-3.2147168531321233,-2.7194164590515584,-1.8601460234982583,-0.5510034519607386,1.3265459568819389
ROW,C13T15,-0.8428068449186613,-1.0634469120593195,-1.250340512813135,-1.3931240603887263,-1.4783324409938812,-1.488231296093005,-1.3990725629439147,-1.1783987274306245,-0.7807049120798327,-0.14010814725978635,0.8428068449186588
ROW,C16,-1.7575599356551932,-1.7481812833738133,-1.709611811871134,-1.6324038170708428,-1.5043180185038136,-1.30933341836075,-1.0262073130163152,-0.6263182379648372,-0.07031672078438066,0.6973099824066014,1.7575599356551916
ROW,C17_18,-3.060369719425957,-3.0552642586488004,-2.9860272260891145,-2.837491551870732,-2.59053459627617,-2.2207247964523376,-1.6963493665849083,-0.9754474022909373,-0.0011738869759478911,1.3057872267665462,3.0603697194259625
ROW,C19,-8.59510089420938,-7.6952189134017095,-6.681110723992677,-5.536370256641838,-4.241298025733732,-2.771891667951794,-1.0983938108534543,0.8168669282166823,3.0228144988009467,5.585038839888103,8.59510089420938
ROW,C20,-12.224526983443395,-10.506229177137294,-8.705767079014539,-6.805793449126036,-4.7845957742693805,-2.6146401946325106,-0.2604584666341662,2.324518503002372,5.202891720855572,8.461340060669425,12.224526983443393
ROW,C21,-0.6815706102313634,-0.7535904209812186,-0.8135617068020563,-0.8551770489641298,-0.8699817185570089,-0.8465448385550831,-0.7692318132076371,-0.6163315999956356,-0.3570955197743824,0.053155500620130657,0.6815706102313634
ROW,C22,-3.4011858027362654,-3.3876043711073436,-3.307959563408308,-3.1454351366848368,-2.8784428566936597,-2.4789238242352862,-1.9098605941996794,-1.121517345453925,-0.04553926747919235,1.4147438374082073,3.4011858027362694
ROW,C23,-25.273911459411995,-21.037387915807596,-16.684749962384608,-12.200547386504041,-7.566005478482558,-2.757978818136261,2.252554834807761,7.502734271868862,13.041277370789093,18.934092000786325,25.27391145941199
ROW,C24A,-28.33461755886851,-24.15160320676409,-19.78029679643565,-15.18877126819623,-10.337570051875979,-5.177250662280502,0.3551608668758736,6.3414496191205245,12.890372830318352,20.1508618535325,28.334617558868512
ROW,C24B,-11.22526596250295,-9.783719842395286,-8.253594453420869,-6.615944655829925,-4.846716585782519,-2.914959532652465,-0.7802197175234323,1.6113737527810799,4.33320268783799,7.4880747345559815,11.225265962502954
ROW,C25,-1.2237001266467755,-1.4910578398075456,-1.7112805623466607,-1.8706755139770133,-1.9516712007397075,-1.9314436359907525,-1.7799090224087877,-1.4567000947390505,-0.9064416085963789,-0.051030432192750955,1.2237001266467746
ROW,C26,-0.30880402490086484,-0.48903952538792195,-0.6583621685627973,-0.810227753432526,-0.9353902885655667,-1.02060981069603,-1.0466068192228246,-0.984723065062326,-0.791269868759043,-0.3975396695597436,0.3088040249008666
ROW,C27,-0.9438959948956223,-1.1808376247999268,-1.3933804258383329,-1.5693675963128662,-1.6922385125852601,-1.7391775328519137,-1.6782977006803652,-1.4642241559183455,-1.030911791145255,-0.2794390294878075,0.9438959948956266
ROW,C28,-1.531437321596444,-1.6328241871870863,-1.7059988470026364,-1.7392894785488038,-1.7172076386550175,-1.6189625157195693,-1.4162431222356449,-1.0698053931814535,-0.5240248544396541,0.30219295251817474,1.5314373215964374
ROW,C29,-1.1039046456695925,-1.356104952559194,-1.580391320530999,-1.7629412669348663,-1.8851183842094554,-1.9215228963543396,-1.8370560016484823,-1.5823638070091135,-1.0865063458075852,-0.24463185562615727,1.103904645669592
ROW,C301,-0.9314094178604043,-1.1485288474636286,-1.3543999917802627,-1.5366638203889003,-1.67778427888528,-1.7527654555637544,-1.7256690459796356,-1.5441501367883559,-1.1305866260824375,-0.3670634963060322,0.9314094178604068
ROW,C302T309,-1.1316742374347866,-1.4701308028897107,-1.7805685684430004,-2.046170986827352,-2.24391384674656,-2.341987939465212,-2.2959086569896896,-2.042469659271572,-1.4900096048356946,-0.502055540347749,1.1316742374347795
ROW,C31T33,-1.2191518455680082,-1.310728395973489,-1.3775279776760903,-1.4101319526393423,-1.3960914676926415,-1.3187634535583492,-1.155577687764988,-0.8753758448373526,-0.4341710484247169,0.23192198697851485,1.2191518455680048
ROW,D,-68.0164657209258,-55.76152171849081,-43.27601737290146,-30.541501359670043,-17.53669430503328,-4.23670777593161,9.38807178139774,23.37363453903865,37.76489349877714,52.61980729907217,68.01646572092582
ROW,E,-72.94448063219086,-59.67973067114213,-46.183635706070355,-32.439050670181985,-18.42634934606129,-4.122762291291307,10.498564004120114,25.469951486658722,40.83131273826719,56.6335675048375,72.94448063219085
ROW,F,-1.2146296201898532,-1.38490324989987,-1.5146958374879294,-1.5932978595246765,-1.6070580096738,-1.5383514439027168,-1.3640724652023415,-1.0533631959790768,-0.5640611901819226,0.1631145243790443,1.2146296201898548
ROW,G,-1.1087973996023701,-1.0217669830313776,-0.9187433778421507,-0.7967155576753951,-0.6519074336984313,-0.47951264491351353,-0.2733053059533918,-0.02504992583739589,0.27642818621272347,0.6467769428660244,1.1087973996023701
ROW,H49,-8.193563506588953,-6.771673609656665,-5.325519803243559,-3.849684633296585,-2.337481074222738,-0.7805447313668814,0.8317573853272567,2.5132127117279843,4.282143331778969,6.16366014407141,8.193563506588957
ROW,H50,-10.690462645398629,-9.037556945103368,-7.330127051413501,-5.557526985188787,-3.706019681812969,-1.7576164962885308,0.3116505863515461,2.5343845485734144,4.956062479620136,7.642118759017799,10.690462645398636
ROW,H51,-14.682169022243643,-12.201750979851015,-9.682728441293962,-7.1119254566992085,-4.472546483997265,-1.7429545068386776,1.1051095802743094,4.10920787352217,7.320401359301998,10.810131075581493,14.682169022243642
ROW,H52,-1.1166051887453095,-1.092569813182218,-1.0447253366249365,-0.9687591550735862,-0.8592042245765328,-0.709033425888133,-0.5090641895172441,-0.24705607520330045,0.09371042967948362,0.5367780527772379,1.1166051887453072
ROW,H53,-1.3135615559883262,-1.2442826428031832,-1.1520116943989795,-1.0325567482031819,-0.8805834272178873,-0.6892180574757465,-0.44946841657763603,-0.14935064620252167,0.2274783638591123,0.7039654016618033,1.3135615559883258
ROW,I,-1.7855227816762231,-1.7980764554258195,-1.7698152694226588,-1.6908430494094802,-1.5491840794953036,-1.330162602332385,-1.0155213769126563,-0.5821292471495243,-1.2454870178468358e-05,0.7707869903044758,1.7855227816762218
ROW,J58T60,-0.6430468017506461,-0.645639494430238,-0.6405069715457616,-0.6236680747619394,-0.5898087383656363,-0.5317712399111638,-0.43979538035531923,-0.3003555542554259,-0.09431085851817218,0.20617382252289645,0.6430468017506463
ROW,J61,-0.4600741366137707,-0.4696312117178401,-0.4706435742031709,-0.4604948990092802,-0.4357351414999402,-0.39174230755875644,-0.32220761060394126,-0.2183261708956585,-0.06747565622687585,0.14904134108189826,0.46007413661377133
ROW,J62_63,-0.2537643568394658,-0.27833932987530063,-0.29986796629181345,-0.31604606293089554,-0.32369835222137744,-0.318407531395956,-0.29394712791104644,-0.2413870023139631,-0.14762930089634663,0.0070970084240734,0.2537643568394667
ROW,K,-0.2745655801318766,-0.26779494748524113,-0.2569193273121633,-0.24065840793840715,-0.21733619201913237,-0.18473246162202445,-0.13986252426480072,-0.0786402246341768,0.004657320251094147,0.11827940526131293,0.27456558013187654
ROW,L,-0.5027317246906813,-0.45944270181222985,-0.4099335927488781,-0.3528269589909673,-0.2863792257315894,-0.20835273337714474,-0.11582888458720711,-0.0049267276406593785,0.12963687763785275,0.29526645981877103,0.5027317246906817
ROW,M,-0.48362028616374875,-0.4773349988478214,-0.4636870941929978,-0.44023898601183115,-0.40378250697743134,-0.3500461033341022,-0.27325937612290313,-0.16548484470261984,-0.015553328411960441,0.19271101244692113,0.48362028616374864
ROW,N,-0.8035464996123991,-0.7493723715584006,-0.6841714205265039,-0.6053771572892697,-0.5096825736340316,-0.3927756579800919,-0.24895030167673074,-0.07051520744461844,0.15313912091628432,0.437082881648551,0.8035464996123993
ROW,O,-0.5977222351458439,-0.6026361411343101,-0.5910510131123992,-0.5604663970322685,-0.5077944642940124,-0.42916163412395547,-0.31961816034411716,-0.172698912607913,0.020267088753815127,0.2712939213685458,0.5977222351458444
ROW,P,-0.7500467591899652,-0.7010099768768594,-0.6375704899786823,-0.5578406310277387,-0.4595300618237339,-0.3398169373310098,-0.1951609250851881,-0.021022714352764156,0.18857359502336063,0.4417562935298687,0.7500467591899653
ROW,Q,-0.6997616854703387,-0.6734344783410486,-0.6336235533834274,-0.5778187310417751,-0.5028597110318631,-0.4047063521762257,-0.2781006886921088,-0.11605362483793154,0.09096474226988217,0.3563622861742179,0.699761685470338
ROW,R,-0.7798564607129935,-0.8371817125481282,-0.8686291180448148,-0.8693775414100033,-0.8334655592815179,-0.7534108986454429,-0.619654868219705,-0.41972425254596024,-0.13691668776626886,0.25186075915528217,0.7798564607129932
ROW,S,-1.3787448311697843,-1.270963845714503,-1.1432375522323177,-0.9917823884921678,-0.811867347581249,-0.5974892863443432,-0.340896909710971,-0.03186971397485634,0.343417560771933,0.804269132671211,1.3787448311697836
ROW,T,-0.005372499999999999,-0.004298,-0.0032235,-0.0021489999999999994,-0.0010744999999999997,0.0,0.0010744999999999997,0.0021489999999999994,0.0032235,0.004298,0.005372499999999999
