entity,code,year,co2_with_tax_or_ets_as_share_of_co2,co2_with_tax_as_share_of_co2,co2_with_ets_as_share_of_co2
Afghanistan,AFG,1989,0,0,0
Afghanistan,AFG,1990,0,0,0
Afghanistan,AFG,1991,0,0,0
Afghanistan,AFG,1992,0,0,0
Afghanistan,AFG,1993,0,0,0
Afghanistan,AFG,1994,0,0,0
Afghanistan,AFG,1995,0,0,0
Afghanistan,AFG,1996,0,0,0
Afghanistan,AFG,1997,0,0,0
Afghanistan,AFG,1998,0,0,0
Afghanistan,AFG,1999,0,0,0
Afghanistan,AFG,2000,0,0,0
Afghanistan,AFG,2001,0,0,0
Afghanistan,AFG,2002,0,0,0
Afghanistan,AFG,2003,0,0,0
Afghanistan,AFG,2004,0,0,0
Afghanistan,AFG,2005,0,0,0
Afghanistan,AFG,2006,0,0,0
Afghanistan,AFG,2007,0,0,0
Afghanistan,AFG,2008,0,0,0
Afghanistan,AFG,2009,0,0,0
Afghanistan,AFG,2010,0,0,0
Afghanistan,AFG,2011,0,0,0
Afghanistan,AFG,2012,0,0,0
Afghanistan,AFG,2013,0,0,0
Afghanistan,AFG,2014,0,0,0
Afghanistan,AFG,2015,0,0,0
Afghanistan,AFG,2016,0,0,0
Afghanistan,AFG,2017,0,0,0
Afghanistan,AFG,2018,0,0,0
Afghanistan,AFG,2019,0,0,0
Afghanistan,AFG,2020,0,0,0
Afghanistan,AFG,2021,0,0,0
Afghanistan,AFG,2022,0,0,0
Afghanistan,AFG,2023,0,0,0
Afghanistan,AFG,2024,0,0,0
Afghanistan,AFG,2025,0,0,0
Albania,ALB,1989,0,0,0
Albania,ALB,1990,0,0,0
Albania,ALB,1991,0,0,0
Albania,ALB,1992,0,0,0
Albania,ALB,1993,0,0,0
Albania,ALB,1994,0,0,0
Albania,ALB,1995,0,0,0
Albania,ALB,1996,0,0,0
Albania,ALB,1997,0,0,0
Albania,ALB,1998,0,0,0
Albania,ALB,1999,0,0,0
Albania,ALB,2000,0,0,0
Albania,ALB,2001,0,0,0
Albania,ALB,2002,0,0,0
Albania,ALB,2003,0,0,0
Albania,ALB,2004,0,0,0
Albania,ALB,2005,0,0,0
Albania,ALB,2006,0,0,0
Albania,ALB,2007,0,0,0
Albania,ALB,2008,0,0,0
Albania,ALB,2009,0,0,0
Albania,ALB,2010,0,0,0
Albania,ALB,2011,0,0,0
Albania,ALB,2012,0,0,0
Albania,ALB,2013,0,0,0
Albania,ALB,2014,80.058136,80.058136,0
Albania,ALB,2015,77.50107,77.50107,0
Albania,ALB,2016,79.56043,79.56043,0
Albania,ALB,2017,80.29291,80.29291,0
Albania,ALB,2018,80.84932,80.84932,0
Albania,ALB,2019,78.85971,78.85971,0
Albania,ALB,2020,72.15775,72.15775,0
Albania,ALB,2021,74.07792,74.07792,0
Albania,ALB,2022,77.92231,77.92231,0
Albania,ALB,2023,77.92231,77.92231,0
Albania,ALB,2024,77.92231,77.92231,0
Albania,ALB,2025,77.92231,77.92231,0
Algeria,DZA,1989,0,0,0
Algeria,DZA,1990,0,0,0
Algeria,DZA,1991,0,0,0
Algeria,DZA,1992,0,0,0
Algeria,DZA,1993,0,0,0
Algeria,DZA,1994,0,0,0
Algeria,DZA,1995,0,0,0
Algeria,DZA,1996,0,0,0
Algeria,DZA,1997,0,0,0
Algeria,DZA,1998,0,0,0
Algeria,DZA,1999,0,0,0
Algeria,DZA,2000,0,0,0
Algeria,DZA,2001,0,0,0
Algeria,DZA,2002,0,0,0
Algeria,DZA,2003,0,0,0
Algeria,DZA,2004,0,0,0
Algeria,DZA,2005,0,0,0
Algeria,DZA,2006,0,0,0
Algeria,DZA,2007,0,0,0
Algeria,DZA,2008,0,0,0
Algeria,DZA,2009,0,0,0
Algeria,DZA,2010,0,0,0
Algeria,DZA,2011,0,0,0
Algeria,DZA,2012,0,0,0
Algeria,DZA,2013,0,0,0
Algeria,DZA,2014,0,0,0
Algeria,DZA,2015,0,0,0
Algeria,DZA,2016,0,0,0
Algeria,DZA,2017,0,0,0
Algeria,DZA,2018,0,0,0
Algeria,DZA,2019,0,0,0
Algeria,DZA,2020,0,0,0
Algeria,DZA,2021,0,0,0
Algeria,DZA,2022,0,0,0
Algeria,DZA,2023,0,0,0
Algeria,DZA,2024,0,0,0
Algeria,DZA,2025,0,0,0
Andorra,AND,1989,0,0,0
Andorra,AND,1990,0,0,0
Andorra,AND,1991,0,0,0
Andorra,AND,1992,0,0,0
Andorra,AND,1993,0,0,0
Andorra,AND,1994,0,0,0
Andorra,AND,1995,0,0,0
Andorra,AND,1996,0,0,0
Andorra,AND,1997,0,0,0
Andorra,AND,1998,0,0,0
Andorra,AND,1999,0,0,0
Andorra,AND,2000,0,0,0
Andorra,AND,2001,0,0,0
Andorra,AND,2002,0,0,0
Andorra,AND,2003,0,0,0
Andorra,AND,2004,0,0,0
Andorra,AND,2005,0,0,0
Andorra,AND,2006,0,0,0
Andorra,AND,2007,0,0,0
Andorra,AND,2008,0,0,0
Andorra,AND,2009,0,0,0
Andorra,AND,2010,0,0,0
Andorra,AND,2011,0,0,0
Andorra,AND,2012,0,0,0
Andorra,AND,2013,0,0,0
Andorra,AND,2014,0,0,0
Andorra,AND,2015,0,0,0
Andorra,AND,2016,0,0,0
Andorra,AND,2017,0,0,0
Andorra,AND,2018,0,0,0
Andorra,AND,2019,0,0,0
Andorra,AND,2020,0,0,0
Andorra,AND,2021,0,0,0
Andorra,AND,2022,0,0,0
Andorra,AND,2023,0,0,0
Andorra,AND,2024,0,0,0
Andorra,AND,2025,0,0,0
Angola,AGO,1989,0,0,0
Angola,AGO,1990,0,0,0
Angola,AGO,1991,0,0,0
Angola,AGO,1992,0,0,0
Angola,AGO,1993,0,0,0
Angola,AGO,1994,0,0,0
Angola,AGO,1995,0,0,0
Angola,AGO,1996,0,0,0
Angola,AGO,1997,0,0,0
Angola,AGO,1998,0,0,0
Angola,AGO,1999,0,0,0
Angola,AGO,2000,0,0,0
Angola,AGO,2001,0,0,0
Angola,AGO,2002,0,0,0
Angola,AGO,2003,0,0,0
Angola,AGO,2004,0,0,0
Angola,AGO,2005,0,0,0
Angola,AGO,2006,0,0,0
Angola,AGO,2007,0,0,0
Angola,AGO,2008,0,0,0
Angola,AGO,2009,0,0,0
Angola,AGO,2010,0,0,0
Angola,AGO,2011,0,0,0
Angola,AGO,2012,0,0,0
Angola,AGO,2013,0,0,0
Angola,AGO,2014,0,0,0
Angola,AGO,2015,0,0,0
Angola,AGO,2016,0,0,0
Angola,AGO,2017,0,0,0
Angola,AGO,2018,0,0,0
Angola,AGO,2019,0,0,0
Angola,AGO,2020,0,0,0
Angola,AGO,2021,0,0,0
Angola,AGO,2022,0,0,0
Angola,AGO,2023,0,0,0
Angola,AGO,2024,0,0,0
Angola,AGO,2025,0,0,0
Antigua and Barbuda,ATG,1989,0,0,0
Antigua and Barbuda,ATG,1990,0,0,0
Antigua and Barbuda,ATG,1991,0,0,0
Antigua and Barbuda,ATG,1992,0,0,0
Antigua and Barbuda,ATG,1993,0,0,0
Antigua and Barbuda,ATG,1994,0,0,0
Antigua and Barbuda,ATG,1995,0,0,0
Antigua and Barbuda,ATG,1996,0,0,0
Antigua and Barbuda,ATG,1997,0,0,0
Antigua and Barbuda,ATG,1998,0,0,0
Antigua and Barbuda,ATG,1999,0,0,0
Antigua and Barbuda,ATG,2000,0,0,0
Antigua and Barbuda,ATG,2001,0,0,0
Antigua and Barbuda,ATG,2002,0,0,0
Antigua and Barbuda,ATG,2003,0,0,0
Antigua and Barbuda,ATG,2004,0,0,0
Antigua and Barbuda,ATG,2005,0,0,0
Antigua and Barbuda,ATG,2006,0,0,0
Antigua and Barbuda,ATG,2007,0,0,0
Antigua and Barbuda,ATG,2008,0,0,0
Antigua and Barbuda,ATG,2009,0,0,0
Antigua and Barbuda,ATG,2010,0,0,0
Antigua and Barbuda,ATG,2011,0,0,0
Antigua and Barbuda,ATG,2012,0,0,0
Antigua and Barbuda,ATG,2013,0,0,0
Antigua and Barbuda,ATG,2014,0,0,0
Antigua and Barbuda,ATG,2015,0,0,0
Antigua and Barbuda,ATG,2016,0,0,0
Antigua and Barbuda,ATG,2017,0,0,0
Antigua and Barbuda,ATG,2018,0,0,0
Antigua and Barbuda,ATG,2019,0,0,0
Antigua and Barbuda,ATG,2020,0,0,0
Antigua and Barbuda,ATG,2021,0,0,0
Antigua and Barbuda,ATG,2022,0,0,0
Antigua and Barbuda,ATG,2023,0,0,0
Antigua and Barbuda,ATG,2024,0,0,0
Antigua and Barbuda,ATG,2025,0,0,0
Argentina,ARG,1989,0,0,0
Argentina,ARG,1990,0,0,0
Argentina,ARG,1991,0,0,0
Argentina,ARG,1992,0,0,0
Argentina,ARG,1993,0,0,0
Argentina,ARG,1994,0,0,0
Argentina,ARG,1995,0,0,0
Argentina,ARG,1996,0,0,0
Argentina,ARG,1997,0,0,0
Argentina,ARG,1998,0,0,0
Argentina,ARG,1999,0,0,0
Argentina,ARG,2000,0,0,0
Argentina,ARG,2001,0,0,0
Argentina,ARG,2002,0,0,0
Argentina,ARG,2003,0,0,0
Argentina,ARG,2004,0,0,0
Argentina,ARG,2005,0,0,0
Argentina,ARG,2006,0,0,0
Argentina,ARG,2007,0,0,0
Argentina,ARG,2008,0,0,0
Argentina,ARG,2009,0,0,0
Argentina,ARG,2010,0,0,0
Argentina,ARG,2011,0,0,0
Argentina,ARG,2012,0,0,0
Argentina,ARG,2013,0,0,0
Argentina,ARG,2014,0,0,0
Argentina,ARG,2015,0,0,0
Argentina,ARG,2016,0,0,0
Argentina,ARG,2017,0,0,0
Argentina,ARG,2018,35.325645,35.325645,0
Argentina,ARG,2019,36.25745,36.25745,0
Argentina,ARG,2020,34.69781,34.69781,0
Argentina,ARG,2021,39.9427,39.9427,0
Argentina,ARG,2022,42.421227,42.421227,0
Argentina,ARG,2023,42.421227,42.421227,0
Argentina,ARG,2024,42.421227,42.421227,0
Argentina,ARG,2025,42.421227,42.421227,0
Armenia,ARM,1989,0,0,0
Armenia,ARM,1990,0,0,0
Armenia,ARM,1991,0,0,0
Armenia,ARM,1992,0,0,0
Armenia,ARM,1993,0,0,0
Armenia,ARM,1994,0,0,0
Armenia,ARM,1995,0,0,0
Armenia,ARM,1996,0,0,0
Armenia,ARM,1997,0,0,0
Armenia,ARM,1998,0,0,0
Armenia,ARM,1999,0,0,0
Armenia,ARM,2000,0,0,0
Armenia,ARM,2001,0,0,0
Armenia,ARM,2002,0,0,0
Armenia,ARM,2003,0,0,0
Armenia,ARM,2004,0,0,0
Armenia,ARM,2005,0,0,0
Armenia,ARM,2006,0,0,0
Armenia,ARM,2007,0,0,0
Armenia,ARM,2008,0,0,0
Armenia,ARM,2009,0,0,0
Armenia,ARM,2010,0,0,0
Armenia,ARM,2011,0,0,0
Armenia,ARM,2012,0,0,0
Armenia,ARM,2013,0,0,0
Armenia,ARM,2014,0,0,0
Armenia,ARM,2015,0,0,0
Armenia,ARM,2016,0,0,0
Armenia,ARM,2017,0,0,0
Armenia,ARM,2018,0,0,0
Armenia,ARM,2019,0,0,0
Armenia,ARM,2020,0,0,0
Armenia,ARM,2021,0,0,0
Armenia,ARM,2022,0,0,0
Armenia,ARM,2023,0,0,0
Armenia,ARM,2024,0,0,0
Armenia,ARM,2025,0,0,0
Australia,AUS,1989,0,0,0
Australia,AUS,1990,0,0,0
Australia,AUS,1991,0,0,0
Australia,AUS,1992,0,0,0
Australia,AUS,1993,0,0,0
Australia,AUS,1994,0,0,0
Australia,AUS,1995,0,0,0
Australia,AUS,1996,0,0,0
Australia,AUS,1997,0,0,0
Australia,AUS,1998,0,0,0
Australia,AUS,1999,0,0,0
Australia,AUS,2000,0,0,0
Australia,AUS,2001,0,0,0
Australia,AUS,2002,0,0,0
Australia,AUS,2003,0,0,0
Australia,AUS,2004,0,0,0
Australia,AUS,2005,0,0,0
Australia,AUS,2006,0,0,0
Australia,AUS,2007,0,0,0
Australia,AUS,2008,0,0,0
Australia,AUS,2009,0,0,0
Australia,AUS,2010,0,0,0
Australia,AUS,2011,0,0,0
Australia,AUS,2012,0,0,0
Australia,AUS,2013,0,0,0
Australia,AUS,2014,0,0,0
Australia,AUS,2015,0,0,0
Australia,AUS,2016,0,0,0
Australia,AUS,2017,0,0,0
Australia,AUS,2018,0,0,0
Australia,AUS,2019,0,0,0
Australia,AUS,2020,0,0,0
Australia,AUS,2021,0,0,0
Australia,AUS,2022,0,0,0
Australia,AUS,2023,0,0,0
Australia,AUS,2024,63.941105,0,63.941105
Australia,AUS,2025,63.941105,0,63.941105
Austria,AUT,1989,0,0,0
Austria,AUT,1990,0,0,0
Austria,AUT,1991,0,0,0
Austria,AUT,1992,0,0,0
Austria,AUT,1993,0,0,0
Austria,AUT,1994,0,0,0
Austria,AUT,1995,0,0,0
Austria,AUT,1996,0,0,0
Austria,AUT,1997,0,0,0
Austria,AUT,1998,0,0,0
Austria,AUT,1999,0,0,0
Austria,AUT,2000,0,0,0
Austria,AUT,2001,0,0,0
Austria,AUT,2002,0,0,0
Austria,AUT,2003,0,0,0
Austria,AUT,2004,0,0,0
Austria,AUT,2005,40.027065,0,40.027065
Austria,AUT,2006,39.20154,0,39.20154
Austria,AUT,2007,38.764915,0,38.764915
Austria,AUT,2008,39.660442,0,39.660442
Austria,AUT,2009,37.725605,0,37.725605
Austria,AUT,2010,38.900013,0,38.900013
Austria,AUT,2011,39.83101,0,39.83101
Austria,AUT,2012,38.669888,0,38.669888
Austria,AUT,2013,36.52368,0,36.52368
Austria,AUT,2014,35.464108,0,35.464108
Austria,AUT,2015,35.059223,0,35.059223
Austria,AUT,2016,33.903465,0,33.903465
Austria,AUT,2017,34.0806,0,34.0806
Austria,AUT,2018,33.241062,0,33.241062
Austria,AUT,2019,33.997356,0,33.997356
Austria,AUT,2020,33.712795,0,33.712795
Austria,AUT,2021,33.094444,0,33.094444
Austria,AUT,2022,80.84308,0,80.84308
Austria,AUT,2023,80.84308,0,80.84308
Austria,AUT,2024,80.84308,0,80.84308
Austria,AUT,2025,80.84308,0,80.84308
Azerbaijan,AZE,1989,0,0,0
Azerbaijan,AZE,1990,0,0,0
Azerbaijan,AZE,1991,0,0,0
Azerbaijan,AZE,1992,0,0,0
Azerbaijan,AZE,1993,0,0,0
Azerbaijan,AZE,1994,0,0,0
Azerbaijan,AZE,1995,0,0,0
Azerbaijan,AZE,1996,0,0,0
Azerbaijan,AZE,1997,0,0,0
Azerbaijan,AZE,1998,0,0,0
Azerbaijan,AZE,1999,0,0,0
Azerbaijan,AZE,2000,0,0,0
Azerbaijan,AZE,2001,0,0,0
Azerbaijan,AZE,2002,0,0,0
Azerbaijan,AZE,2003,0,0,0
Azerbaijan,AZE,2004,0,0,0
Azerbaijan,AZE,2005,0,0,0
Azerbaijan,AZE,2006,0,0,0
Azerbaijan,AZE,2007,0,0,0
Azerbaijan,AZE,2008,0,0,0
Azerbaijan,AZE,2009,0,0,0
Azerbaijan,AZE,2010,0,0,0
Azerbaijan,AZE,2011,0,0,0
Azerbaijan,AZE,2012,0,0,0
Azerbaijan,AZE,2013,0,0,0
Azerbaijan,AZE,2014,0,0,0
Azerbaijan,AZE,2015,0,0,0
Azerbaijan,AZE,2016,0,0,0
Azerbaijan,AZE,2017,0,0,0
Azerbaijan,AZE,2018,0,0,0
Azerbaijan,AZE,2019,0,0,0
Azerbaijan,AZE,2020,0,0,0
Azerbaijan,AZE,2021,0,0,0
Azerbaijan,AZE,2022,0,0,0
Azerbaijan,AZE,2023,0,0,0
Azerbaijan,AZE,2024,0,0,0
Azerbaijan,AZE,2025,0,0,0
Bahamas,BHS,1989,0,0,0
Bahamas,BHS,1990,0,0,0
Bahamas,BHS,1991,0,0,0
Bahamas,BHS,1992,0,0,0
Bahamas,BHS,1993,0,0,0
Bahamas,BHS,1994,0,0,0
Bahamas,BHS,1995,0,0,0
Bahamas,BHS,1996,0,0,0
Bahamas,BHS,1997,0,0,0
Bahamas,BHS,1998,0,0,0
Bahamas,BHS,1999,0,0,0
Bahamas,BHS,2000,0,0,0
Bahamas,BHS,2001,0,0,0
Bahamas,BHS,2002,0,0,0
Bahamas,BHS,2003,0,0,0
Bahamas,BHS,2004,0,0,0
Bahamas,BHS,2005,0,0,0
Bahamas,BHS,2006,0,0,0
Bahamas,BHS,2007,0,0,0
Bahamas,BHS,2008,0,0,0
Bahamas,BHS,2009,0,0,0
Bahamas,BHS,2010,0,0,0
Bahamas,BHS,2011,0,0,0
Bahamas,BHS,2012,0,0,0
Bahamas,BHS,2013,0,0,0
Bahamas,BHS,2014,0,0,0
Bahamas,BHS,2015,0,0,0
Bahamas,BHS,2016,0,0,0
Bahamas,BHS,2017,0,0,0
Bahamas,BHS,2018,0,0,0
Bahamas,BHS,2019,0,0,0
Bahamas,BHS,2020,0,0,0
Bahamas,BHS,2021,0,0,0
Bahamas,BHS,2022,0,0,0
Bahamas,BHS,2023,0,0,0
Bahamas,BHS,2024,0,0,0
Bahamas,BHS,2025,0,0,0
Bahrain,BHR,1989,0,0,0
Bahrain,BHR,1990,0,0,0
Bahrain,BHR,1991,0,0,0
Bahrain,BHR,1992,0,0,0
Bahrain,BHR,1993,0,0,0
Bahrain,BHR,1994,0,0,0
Bahrain,BHR,1995,0,0,0
Bahrain,BHR,1996,0,0,0
Bahrain,BHR,1997,0,0,0
Bahrain,BHR,1998,0,0,0
Bahrain,BHR,1999,0,0,0
Bahrain,BHR,2000,0,0,0
Bahrain,BHR,2001,0,0,0
Bahrain,BHR,2002,0,0,0
Bahrain,BHR,2003,0,0,0
Bahrain,BHR,2004,0,0,0
Bahrain,BHR,2005,0,0,0
Bahrain,BHR,2006,0,0,0
Bahrain,BHR,2007,0,0,0
Bahrain,BHR,2008,0,0,0
Bahrain,BHR,2009,0,0,0
Bahrain,BHR,2010,0,0,0
Bahrain,BHR,2011,0,0,0
Bahrain,BHR,2012,0,0,0
Bahrain,BHR,2013,0,0,0
Bahrain,BHR,2014,0,0,0
Bahrain,BHR,2015,0,0,0
Bahrain,BHR,2016,0,0,0
Bahrain,BHR,2017,0,0,0
Bahrain,BHR,2018,0,0,0
Bahrain,BHR,2019,0,0,0
Bahrain,BHR,2020,0,0,0
Bahrain,BHR,2021,0,0,0
Bahrain,BHR,2022,0,0,0
Bahrain,BHR,2023,0,0,0
Bahrain,BHR,2024,0,0,0
Bahrain,BHR,2025,0,0,0
Bangladesh,BGD,1989,0,0,0
Bangladesh,BGD,1990,0,0,0
Bangladesh,BGD,1991,0,0,0
Bangladesh,BGD,1992,0,0,0
Bangladesh,BGD,1993,0,0,0
Bangladesh,BGD,1994,0,0,0
Bangladesh,BGD,1995,0,0,0
Bangladesh,BGD,1996,0,0,0
Bangladesh,BGD,1997,0,0,0
Bangladesh,BGD,1998,0,0,0
Bangladesh,BGD,1999,0,0,0
Bangladesh,BGD,2000,0,0,0
Bangladesh,BGD,2001,0,0,0
Bangladesh,BGD,2002,0,0,0
Bangladesh,BGD,2003,0,0,0
Bangladesh,BGD,2004,0,0,0
Bangladesh,BGD,2005,0,0,0
Bangladesh,BGD,2006,0,0,0
Bangladesh,BGD,2007,0,0,0
Bangladesh,BGD,2008,0,0,0
Bangladesh,BGD,2009,0,0,0
Bangladesh,BGD,2010,0,0,0
Bangladesh,BGD,2011,0,0,0
Bangladesh,BGD,2012,0,0,0
Bangladesh,BGD,2013,0,0,0
Bangladesh,BGD,2014,0,0,0
Bangladesh,BGD,2015,0,0,0
Bangladesh,BGD,2016,0,0,0
Bangladesh,BGD,2017,0,0,0
Bangladesh,BGD,2018,0,0,0
Bangladesh,BGD,2019,0,0,0
Bangladesh,BGD,2020,0,0,0
Bangladesh,BGD,2021,0,0,0
Bangladesh,BGD,2022,0,0,0
Bangladesh,BGD,2023,0,0,0
Bangladesh,BGD,2024,0,0,0
Bangladesh,BGD,2025,0,0,0
Barbados,BRB,1989,0,0,0
Barbados,BRB,1990,0,0,0
Barbados,BRB,1991,0,0,0
Barbados,BRB,1992,0,0,0
Barbados,BRB,1993,0,0,0
Barbados,BRB,1994,0,0,0
Barbados,BRB,1995,0,0,0
Barbados,BRB,1996,0,0,0
Barbados,BRB,1997,0,0,0
Barbados,BRB,1998,0,0,0
Barbados,BRB,1999,0,0,0
Barbados,BRB,2000,0,0,0
Barbados,BRB,2001,0,0,0
Barbados,BRB,2002,0,0,0
Barbados,BRB,2003,0,0,0
Barbados,BRB,2004,0,0,0
Barbados,BRB,2005,0,0,0
Barbados,BRB,2006,0,0,0
Barbados,BRB,2007,0,0,0
Barbados,BRB,2008,0,0,0
Barbados,BRB,2009,0,0,0
Barbados,BRB,2010,0,0,0
Barbados,BRB,2011,0,0,0
Barbados,BRB,2012,0,0,0
Barbados,BRB,2013,0,0,0
Barbados,BRB,2014,0,0,0
Barbados,BRB,2015,0,0,0
Barbados,BRB,2016,0,0,0
Barbados,BRB,2017,0,0,0
Barbados,BRB,2018,0,0,0
Barbados,BRB,2019,0,0,0
Barbados,BRB,2020,0,0,0
Barbados,BRB,2021,0,0,0
Barbados,BRB,2022,0,0,0
Barbados,BRB,2023,0,0,0
Barbados,BRB,2024,0,0,0
Barbados,BRB,2025,0,0,0
Belarus,BLR,1989,0,0,0
Belarus,BLR,1990,0,0,0
Belarus,BLR,1991,0,0,0
Belarus,BLR,1992,0,0,0
Belarus,BLR,1993,0,0,0
Belarus,BLR,1994,0,0,0
Belarus,BLR,1995,0,0,0
Belarus,BLR,1996,0,0,0
Belarus,BLR,1997,0,0,0
Belarus,BLR,1998,0,0,0
Belarus,BLR,1999,0,0,0
Belarus,BLR,2000,0,0,0
Belarus,BLR,2001,0,0,0
Belarus,BLR,2002,0,0,0
Belarus,BLR,2003,0,0,0
Belarus,BLR,2004,0,0,0
Belarus,BLR,2005,0,0,0
Belarus,BLR,2006,0,0,0
Belarus,BLR,2007,0,0,0
Belarus,BLR,2008,0,0,0
Belarus,BLR,2009,0,0,0
Belarus,BLR,2010,0,0,0
Belarus,BLR,2011,0,0,0
Belarus,BLR,2012,0,0,0
Belarus,BLR,2013,0,0,0
Belarus,BLR,2014,0,0,0
Belarus,BLR,2015,0,0,0
Belarus,BLR,2016,0,0,0
Belarus,BLR,2017,0,0,0
Belarus,BLR,2018,0,0,0
Belarus,BLR,2019,0,0,0
Belarus,BLR,2020,0,0,0
Belarus,BLR,2021,0,0,0
Belarus,BLR,2022,0,0,0
Belarus,BLR,2023,0,0,0
Belarus,BLR,2024,0,0,0
Belarus,BLR,2025,0,0,0
Belgium,BEL,1989,0,0,0
Belgium,BEL,1990,0,0,0
Belgium,BEL,1991,0,0,0
Belgium,BEL,1992,0,0,0
Belgium,BEL,1993,0,0,0
Belgium,BEL,1994,0,0,0
Belgium,BEL,1995,0,0,0
Belgium,BEL,1996,0,0,0
Belgium,BEL,1997,0,0,0
Belgium,BEL,1998,0,0,0
Belgium,BEL,1999,0,0,0
Belgium,BEL,2000,0,0,0
Belgium,BEL,2001,0,0,0
Belgium,BEL,2002,0,0,0
Belgium,BEL,2003,0,0,0
Belgium,BEL,2004,0,0,0
Belgium,BEL,2005,43.435757,0,43.435757
Belgium,BEL,2006,42.854042,0,42.854042
Belgium,BEL,2007,42.137043,0,42.137043
Belgium,BEL,2008,38.918194,0,38.918194
Belgium,BEL,2009,38.11931,0,38.11931
Belgium,BEL,2010,38.824047,0,38.824047
Belgium,BEL,2011,38.090885,0,38.090885
Belgium,BEL,2012,37.329437,0,37.329437
Belgium,BEL,2013,35.407932,0,35.407932
Belgium,BEL,2014,36.33827,0,36.33827
Belgium,BEL,2015,35.30661,0,35.30661
Belgium,BEL,2016,34.359516,0,34.359516
Belgium,BEL,2017,35.084988,0,35.084988
Belgium,BEL,2018,35.61265,0,35.61265
Belgium,BEL,2019,36.2288,0,36.2288
Belgium,BEL,2020,36.748646,0,36.748646
Belgium,BEL,2021,35.243736,0,35.243736
Belgium,BEL,2022,35.748642,0,35.748642
Belgium,BEL,2023,35.748642,0,35.748642
Belgium,BEL,2024,36.182915,0,36.182915
Belgium,BEL,2025,36.182915,0,36.182915
Belize,BLZ,1989,0,0,0
Belize,BLZ,1990,0,0,0
Belize,BLZ,1991,0,0,0
Belize,BLZ,1992,0,0,0
Belize,BLZ,1993,0,0,0
Belize,BLZ,1994,0,0,0
Belize,BLZ,1995,0,0,0
Belize,BLZ,1996,0,0,0
Belize,BLZ,1997,0,0,0
Belize,BLZ,1998,0,0,0
Belize,BLZ,1999,0,0,0
Belize,BLZ,2000,0,0,0
Belize,BLZ,2001,0,0,0
Belize,BLZ,2002,0,0,0
Belize,BLZ,2003,0,0,0
Belize,BLZ,2004,0,0,0
Belize,BLZ,2005,0,0,0
Belize,BLZ,2006,0,0,0
Belize,BLZ,2007,0,0,0
Belize,BLZ,2008,0,0,0
Belize,BLZ,2009,0,0,0
Belize,BLZ,2010,0,0,0
Belize,BLZ,2011,0,0,0
Belize,BLZ,2012,0,0,0
Belize,BLZ,2013,0,0,0
Belize,BLZ,2014,0,0,0
Belize,BLZ,2015,0,0,0
Belize,BLZ,2016,0,0,0
Belize,BLZ,2017,0,0,0
Belize,BLZ,2018,0,0,0
Belize,BLZ,2019,0,0,0
Belize,BLZ,2020,0,0,0
Belize,BLZ,2021,0,0,0
Belize,BLZ,2022,0,0,0
Belize,BLZ,2023,0,0,0
Belize,BLZ,2024,0,0,0
Belize,BLZ,2025,0,0,0
Benin,BEN,1989,0,0,0
Benin,BEN,1990,0,0,0
Benin,BEN,1991,0,0,0
Benin,BEN,1992,0,0,0
Benin,BEN,1993,0,0,0
Benin,BEN,1994,0,0,0
Benin,BEN,1995,0,0,0
Benin,BEN,1996,0,0,0
Benin,BEN,1997,0,0,0
Benin,BEN,1998,0,0,0
Benin,BEN,1999,0,0,0
Benin,BEN,2000,0,0,0
Benin,BEN,2001,0,0,0
Benin,BEN,2002,0,0,0
Benin,BEN,2003,0,0,0
Benin,BEN,2004,0,0,0
Benin,BEN,2005,0,0,0
Benin,BEN,2006,0,0,0
Benin,BEN,2007,0,0,0
Benin,BEN,2008,0,0,0
Benin,BEN,2009,0,0,0
Benin,BEN,2010,0,0,0
Benin,BEN,2011,0,0,0
Benin,BEN,2012,0,0,0
Benin,BEN,2013,0,0,0
Benin,BEN,2014,0,0,0
Benin,BEN,2015,0,0,0
Benin,BEN,2016,0,0,0
Benin,BEN,2017,0,0,0
Benin,BEN,2018,0,0,0
Benin,BEN,2019,0,0,0
Benin,BEN,2020,0,0,0
Benin,BEN,2021,0,0,0
Benin,BEN,2022,0,0,0
Benin,BEN,2023,0,0,0
Benin,BEN,2024,0,0,0
Benin,BEN,2025,0,0,0
Bhutan,BTN,1989,0,0,0
Bhutan,BTN,1990,0,0,0
Bhutan,BTN,1991,0,0,0
Bhutan,BTN,1992,0,0,0
Bhutan,BTN,1993,0,0,0
Bhutan,BTN,1994,0,0,0
Bhutan,BTN,1995,0,0,0
Bhutan,BTN,1996,0,0,0
Bhutan,BTN,1997,0,0,0
Bhutan,BTN,1998,0,0,0
Bhutan,BTN,1999,0,0,0
Bhutan,BTN,2000,0,0,0
Bhutan,BTN,2001,0,0,0
Bhutan,BTN,2002,0,0,0
Bhutan,BTN,2003,0,0,0
Bhutan,BTN,2004,0,0,0
Bhutan,BTN,2005,0,0,0
Bhutan,BTN,2006,0,0,0
Bhutan,BTN,2007,0,0,0
Bhutan,BTN,2008,0,0,0
Bhutan,BTN,2009,0,0,0
Bhutan,BTN,2010,0,0,0
Bhutan,BTN,2011,0,0,0
Bhutan,BTN,2012,0,0,0
Bhutan,BTN,2013,0,0,0
Bhutan,BTN,2014,0,0,0
Bhutan,BTN,2015,0,0,0
Bhutan,BTN,2016,0,0,0
Bhutan,BTN,2017,0,0,0
Bhutan,BTN,2018,0,0,0
Bhutan,BTN,2019,0,0,0
Bhutan,BTN,2020,0,0,0
Bhutan,BTN,2021,0,0,0
Bhutan,BTN,2022,0,0,0
Bhutan,BTN,2023,0,0,0
Bhutan,BTN,2024,0,0,0
Bhutan,BTN,2025,0,0,0
Bolivia,BOL,1989,0,0,0
Bolivia,BOL,1990,0,0,0
Bolivia,BOL,1991,0,0,0
Bolivia,BOL,1992,0,0,0
Bolivia,BOL,1993,0,0,0
Bolivia,BOL,1994,0,0,0
Bolivia,BOL,1995,0,0,0
Bolivia,BOL,1996,0,0,0
Bolivia,BOL,1997,0,0,0
Bolivia,BOL,1998,0,0,0
Bolivia,BOL,1999,0,0,0
Bolivia,BOL,2000,0,0,0
Bolivia,BOL,2001,0,0,0
Bolivia,BOL,2002,0,0,0
Bolivia,BOL,2003,0,0,0
Bolivia,BOL,2004,0,0,0
Bolivia,BOL,2005,0,0,0
Bolivia,BOL,2006,0,0,0
Bolivia,BOL,2007,0,0,0
Bolivia,BOL,2008,0,0,0
Bolivia,BOL,2009,0,0,0
Bolivia,BOL,2010,0,0,0
Bolivia,BOL,2011,0,0,0
Bolivia,BOL,2012,0,0,0
Bolivia,BOL,2013,0,0,0
Bolivia,BOL,2014,0,0,0
Bolivia,BOL,2015,0,0,0
Bolivia,BOL,2016,0,0,0
Bolivia,BOL,2017,0,0,0
Bolivia,BOL,2018,0,0,0
Bolivia,BOL,2019,0,0,0
Bolivia,BOL,2020,0,0,0
Bolivia,BOL,2021,0,0,0
Bolivia,BOL,2022,0,0,0
Bolivia,BOL,2023,0,0,0
Bolivia,BOL,2024,0,0,0
Bolivia,BOL,2025,0,0,0
Bosnia and Herzegovina,BIH,1989,0,0,0
Bosnia and Herzegovina,BIH,1990,0,0,0
Bosnia and Herzegovina,BIH,1991,0,0,0
Bosnia and Herzegovina,BIH,1992,0,0,0
Bosnia and Herzegovina,BIH,1993,0,0,0
Bosnia and Herzegovina,BIH,1994,0,0,0
Bosnia and Herzegovina,BIH,1995,0,0,0
Bosnia and Herzegovina,BIH,1996,0,0,0
Bosnia and Herzegovina,BIH,1997,0,0,0
Bosnia and Herzegovina,BIH,1998,0,0,0
Bosnia and Herzegovina,BIH,1999,0,0,0
Bosnia and Herzegovina,BIH,2000,0,0,0
Bosnia and Herzegovina,BIH,2001,0,0,0
Bosnia and Herzegovina,BIH,2002,0,0,0
Bosnia and Herzegovina,BIH,2003,0,0,0
Bosnia and Herzegovina,BIH,2004,0,0,0
Bosnia and Herzegovina,BIH,2005,0,0,0
Bosnia and Herzegovina,BIH,2006,0,0,0
Bosnia and Herzegovina,BIH,2007,0,0,0
Bosnia and Herzegovina,BIH,2008,0,0,0
Bosnia and Herzegovina,BIH,2009,0,0,0
Bosnia and Herzegovina,BIH,2010,0,0,0
Bosnia and Herzegovina,BIH,2011,0,0,0
Bosnia and Herzegovina,BIH,2012,0,0,0
Bosnia and Herzegovina,BIH,2013,0,0,0
Bosnia and Herzegovina,BIH,2014,0,0,0
Bosnia and Herzegovina,BIH,2015,0,0,0
Bosnia and Herzegovina,BIH,2016,0,0,0
Bosnia and Herzegovina,BIH,2017,0,0,0
Bosnia and Herzegovina,BIH,2018,0,0,0
Bosnia and Herzegovina,BIH,2019,0,0,0
Bosnia and Herzegovina,BIH,2020,0,0,0
Bosnia and Herzegovina,BIH,2021,0,0,0
Bosnia and Herzegovina,BIH,2022,0,0,0
Bosnia and Herzegovina,BIH,2023,0,0,0
Bosnia and Herzegovina,BIH,2024,0,0,0
Bosnia and Herzegovina,BIH,2025,0,0,0
Botswana,BWA,1989,0,0,0
Botswana,BWA,1990,0,0,0
Botswana,BWA,1991,0,0,0
Botswana,BWA,1992,0,0,0
Botswana,BWA,1993,0,0,0
Botswana,BWA,1994,0,0,0
Botswana,BWA,1995,0,0,0
Botswana,BWA,1996,0,0,0
Botswana,BWA,1997,0,0,0
Botswana,BWA,1998,0,0,0
Botswana,BWA,1999,0,0,0
Botswana,BWA,2000,0,0,0
Botswana,BWA,2001,0,0,0
Botswana,BWA,2002,0,0,0
Botswana,BWA,2003,0,0,0
Botswana,BWA,2004,0,0,0
Botswana,BWA,2005,0,0,0
Botswana,BWA,2006,0,0,0
Botswana,BWA,2007,0,0,0
Botswana,BWA,2008,0,0,0
Botswana,BWA,2009,0,0,0
Botswana,BWA,2010,0,0,0
Botswana,BWA,2011,0,0,0
Botswana,BWA,2012,0,0,0
Botswana,BWA,2013,0,0,0
Botswana,BWA,2014,0,0,0
Botswana,BWA,2015,0,0,0
Botswana,BWA,2016,0,0,0
Botswana,BWA,2017,0,0,0
Botswana,BWA,2018,0,0,0
Botswana,BWA,2019,0,0,0
Botswana,BWA,2020,0,0,0
Botswana,BWA,2021,0,0,0
Botswana,BWA,2022,0,0,0
Botswana,BWA,2023,0,0,0
Botswana,BWA,2024,0,0,0
Botswana,BWA,2025,0,0,0
Brazil,BRA,1989,0,0,0
Brazil,BRA,1990,0,0,0
Brazil,BRA,1991,0,0,0
Brazil,BRA,1992,0,0,0
Brazil,BRA,1993,0,0,0
Brazil,BRA,1994,0,0,0
Brazil,BRA,1995,0,0,0
Brazil,BRA,1996,0,0,0
Brazil,BRA,1997,0,0,0
Brazil,BRA,1998,0,0,0
Brazil,BRA,1999,0,0,0
Brazil,BRA,2000,0,0,0
Brazil,BRA,2001,0,0,0
Brazil,BRA,2002,0,0,0
Brazil,BRA,2003,0,0,0
Brazil,BRA,2004,0,0,0
Brazil,BRA,2005,0,0,0
Brazil,BRA,2006,0,0,0
Brazil,BRA,2007,0,0,0
Brazil,BRA,2008,0,0,0
Brazil,BRA,2009,0,0,0
Brazil,BRA,2010,0,0,0
Brazil,BRA,2011,0,0,0
Brazil,BRA,2012,0,0,0
Brazil,BRA,2013,0,0,0
Brazil,BRA,2014,0,0,0
Brazil,BRA,2015,0,0,0
Brazil,BRA,2016,0,0,0
Brazil,BRA,2017,0,0,0
Brazil,BRA,2018,0,0,0
Brazil,BRA,2019,0,0,0
Brazil,BRA,2020,0,0,0
Brazil,BRA,2021,0,0,0
Brazil,BRA,2022,0,0,0
Brazil,BRA,2023,0,0,0
Brazil,BRA,2024,0,0,0
Brazil,BRA,2025,0,0,0
Brunei,BRN,1989,0,0,0
Brunei,BRN,1990,0,0,0
Brunei,BRN,1991,0,0,0
Brunei,BRN,1992,0,0,0
Brunei,BRN,1993,0,0,0
Brunei,BRN,1994,0,0,0
Brunei,BRN,1995,0,0,0
Brunei,BRN,1996,0,0,0
Brunei,BRN,1997,0,0,0
Brunei,BRN,1998,0,0,0
Brunei,BRN,1999,0,0,0
Brunei,BRN,2000,0,0,0
Brunei,BRN,2001,0,0,0
Brunei,BRN,2002,0,0,0
Brunei,BRN,2003,0,0,0
Brunei,BRN,2004,0,0,0
Brunei,BRN,2005,0,0,0
Brunei,BRN,2006,0,0,0
Brunei,BRN,2007,0,0,0
Brunei,BRN,2008,0,0,0
Brunei,BRN,2009,0,0,0
Brunei,BRN,2010,0,0,0
Brunei,BRN,2011,0,0,0
Brunei,BRN,2012,0,0,0
Brunei,BRN,2013,0,0,0
Brunei,BRN,2014,0,0,0
Brunei,BRN,2015,0,0,0
Brunei,BRN,2016,0,0,0
Brunei,BRN,2017,0,0,0
Brunei,BRN,2018,0,0,0
Brunei,BRN,2019,0,0,0
Brunei,BRN,2020,0,0,0
Brunei,BRN,2021,0,0,0
Brunei,BRN,2022,0,0,0
Brunei,BRN,2023,0,0,0
Brunei,BRN,2024,0,0,0
Brunei,BRN,2025,0,0,0
Bulgaria,BGR,1989,0,0,0
Bulgaria,BGR,1990,0,0,0
Bulgaria,BGR,1991,0,0,0
Bulgaria,BGR,1992,0,0,0
Bulgaria,BGR,1993,0,0,0
Bulgaria,BGR,1994,0,0,0
Bulgaria,BGR,1995,0,0,0
Bulgaria,BGR,1996,0,0,0
Bulgaria,BGR,1997,0,0,0
Bulgaria,BGR,1998,0,0,0
Bulgaria,BGR,1999,0,0,0
Bulgaria,BGR,2000,0,0,0
Bulgaria,BGR,2001,0,0,0
Bulgaria,BGR,2002,0,0,0
Bulgaria,BGR,2003,0,0,0
Bulgaria,BGR,2004,0,0,0
Bulgaria,BGR,2005,0,0,0
Bulgaria,BGR,2006,0,0,0
Bulgaria,BGR,2007,72.56177,0,72.56177
Bulgaria,BGR,2008,74.07495,0,74.07495
Bulgaria,BGR,2009,73.01758,0,73.01758
Bulgaria,BGR,2010,73.03838,0,73.03838
Bulgaria,BGR,2011,74.47052,0,74.47052
Bulgaria,BGR,2012,71.94277,0,71.94277
Bulgaria,BGR,2013,71.376884,0,71.376884
Bulgaria,BGR,2014,70.981476,0,70.981476
Bulgaria,BGR,2015,70.32256,0,70.32256
Bulgaria,BGR,2016,67.66037,0,67.66037
Bulgaria,BGR,2017,68.74161,0,68.74161
Bulgaria,BGR,2018,66.13379,0,66.13379
Bulgaria,BGR,2019,64.25895,0,64.25895
Bulgaria,BGR,2020,61.399704,0,61.399704
Bulgaria,BGR,2021,63.01615,0,63.01615
Bulgaria,BGR,2022,67.61468,0,67.61468
Bulgaria,BGR,2023,67.61468,0,67.61468
Bulgaria,BGR,2024,67.615685,0,67.615685
Bulgaria,BGR,2025,67.615685,0,67.615685
Burkina Faso,BFA,1989,0,0,0
Burkina Faso,BFA,1990,0,0,0
Burkina Faso,BFA,1991,0,0,0
Burkina Faso,BFA,1992,0,0,0
Burkina Faso,BFA,1993,0,0,0
Burkina Faso,BFA,1994,0,0,0
Burkina Faso,BFA,1995,0,0,0
Burkina Faso,BFA,1996,0,0,0
Burkina Faso,BFA,1997,0,0,0
Burkina Faso,BFA,1998,0,0,0
Burkina Faso,BFA,1999,0,0,0
Burkina Faso,BFA,2000,0,0,0
Burkina Faso,BFA,2001,0,0,0
Burkina Faso,BFA,2002,0,0,0
Burkina Faso,BFA,2003,0,0,0
Burkina Faso,BFA,2004,0,0,0
Burkina Faso,BFA,2005,0,0,0
Burkina Faso,BFA,2006,0,0,0
Burkina Faso,BFA,2007,0,0,0
Burkina Faso,BFA,2008,0,0,0
Burkina Faso,BFA,2009,0,0,0
Burkina Faso,BFA,2010,0,0,0
Burkina Faso,BFA,2011,0,0,0
Burkina Faso,BFA,2012,0,0,0
Burkina Faso,BFA,2013,0,0,0
Burkina Faso,BFA,2014,0,0,0
Burkina Faso,BFA,2015,0,0,0
Burkina Faso,BFA,2016,0,0,0
Burkina Faso,BFA,2017,0,0,0
Burkina Faso,BFA,2018,0,0,0
Burkina Faso,BFA,2019,0,0,0
Burkina Faso,BFA,2020,0,0,0
Burkina Faso,BFA,2021,0,0,0
Burkina Faso,BFA,2022,0,0,0
Burkina Faso,BFA,2023,0,0,0
Burkina Faso,BFA,2024,0,0,0
Burkina Faso,BFA,2025,0,0,0
Burundi,BDI,1989,0,0,0
Burundi,BDI,1990,0,0,0
Burundi,BDI,1991,0,0,0
Burundi,BDI,1992,0,0,0
Burundi,BDI,1993,0,0,0
Burundi,BDI,1994,0,0,0
Burundi,BDI,1995,0,0,0
Burundi,BDI,1996,0,0,0
Burundi,BDI,1997,0,0,0
Burundi,BDI,1998,0,0,0
Burundi,BDI,1999,0,0,0
Burundi,BDI,2000,0,0,0
Burundi,BDI,2001,0,0,0
Burundi,BDI,2002,0,0,0
Burundi,BDI,2003,0,0,0
Burundi,BDI,2004,0,0,0
Burundi,BDI,2005,0,0,0
Burundi,BDI,2006,0,0,0
Burundi,BDI,2007,0,0,0
Burundi,BDI,2008,0,0,0
Burundi,BDI,2009,0,0,0
Burundi,BDI,2010,0,0,0
Burundi,BDI,2011,0,0,0
Burundi,BDI,2012,0,0,0
Burundi,BDI,2013,0,0,0
Burundi,BDI,2014,0,0,0
Burundi,BDI,2015,0,0,0
Burundi,BDI,2016,0,0,0
Burundi,BDI,2017,0,0,0
Burundi,BDI,2018,0,0,0
Burundi,BDI,2019,0,0,0
Burundi,BDI,2020,0,0,0
Burundi,BDI,2021,0,0,0
Burundi,BDI,2022,0,0,0
Burundi,BDI,2023,0,0,0
Burundi,BDI,2024,0,0,0
Burundi,BDI,2025,0,0,0
Cambodia,KHM,1989,0,0,0
Cambodia,KHM,1990,0,0,0
Cambodia,KHM,1991,0,0,0
Cambodia,KHM,1992,0,0,0
Cambodia,KHM,1993,0,0,0
Cambodia,KHM,1994,0,0,0
Cambodia,KHM,1995,0,0,0
Cambodia,KHM,1996,0,0,0
Cambodia,KHM,1997,0,0,0
Cambodia,KHM,1998,0,0,0
Cambodia,KHM,1999,0,0,0
Cambodia,KHM,2000,0,0,0
Cambodia,KHM,2001,0,0,0
Cambodia,KHM,2002,0,0,0
Cambodia,KHM,2003,0,0,0
Cambodia,KHM,2004,0,0,0
Cambodia,KHM,2005,0,0,0
Cambodia,KHM,2006,0,0,0
Cambodia,KHM,2007,0,0,0
Cambodia,KHM,2008,0,0,0
Cambodia,KHM,2009,0,0,0
Cambodia,KHM,2010,0,0,0
Cambodia,KHM,2011,0,0,0
Cambodia,KHM,2012,0,0,0
Cambodia,KHM,2013,0,0,0
Cambodia,KHM,2014,0,0,0
Cambodia,KHM,2015,0,0,0
Cambodia,KHM,2016,0,0,0
Cambodia,KHM,2017,0,0,0
Cambodia,KHM,2018,0,0,0
Cambodia,KHM,2019,0,0,0
Cambodia,KHM,2020,0,0,0
Cambodia,KHM,2021,0,0,0
Cambodia,KHM,2022,0,0,0
Cambodia,KHM,2023,0,0,0
Cambodia,KHM,2024,0,0,0
Cambodia,KHM,2025,0,0,0
Cameroon,CMR,1989,0,0,0
Cameroon,CMR,1990,0,0,0
Cameroon,CMR,1991,0,0,0
Cameroon,CMR,1992,0,0,0
Cameroon,CMR,1993,0,0,0
Cameroon,CMR,1994,0,0,0
Cameroon,CMR,1995,0,0,0
Cameroon,CMR,1996,0,0,0
Cameroon,CMR,1997,0,0,0
Cameroon,CMR,1998,0,0,0
Cameroon,CMR,1999,0,0,0
Cameroon,CMR,2000,0,0,0
Cameroon,CMR,2001,0,0,0
Cameroon,CMR,2002,0,0,0
Cameroon,CMR,2003,0,0,0
Cameroon,CMR,2004,0,0,0
Cameroon,CMR,2005,0,0,0
Cameroon,CMR,2006,0,0,0
Cameroon,CMR,2007,0,0,0
Cameroon,CMR,2008,0,0,0
Cameroon,CMR,2009,0,0,0
Cameroon,CMR,2010,0,0,0
Cameroon,CMR,2011,0,0,0
Cameroon,CMR,2012,0,0,0
Cameroon,CMR,2013,0,0,0
Cameroon,CMR,2014,0,0,0
Cameroon,CMR,2015,0,0,0
Cameroon,CMR,2016,0,0,0
Cameroon,CMR,2017,0,0,0
Cameroon,CMR,2018,0,0,0
Cameroon,CMR,2019,0,0,0
Cameroon,CMR,2020,0,0,0
Cameroon,CMR,2021,0,0,0
Cameroon,CMR,2022,0,0,0
Cameroon,CMR,2023,0,0,0
Cameroon,CMR,2024,0,0,0
Cameroon,CMR,2025,0,0,0
Canada,CAN,1989,0,0,0
Canada,CAN,1990,0,0,0
Canada,CAN,1991,0,0,0
Canada,CAN,1992,0,0,0
Canada,CAN,1993,0,0,0
Canada,CAN,1994,0,0,0
Canada,CAN,1995,0,0,0
Canada,CAN,1996,0,0,0
Canada,CAN,1997,0,0,0
Canada,CAN,1998,0,0,0
Canada,CAN,1999,0,0,0
Canada,CAN,2000,0,0,0
Canada,CAN,2001,0,0,0
Canada,CAN,2002,0,0,0
Canada,CAN,2003,0,0,0
Canada,CAN,2004,0,0,0
Canada,CAN,2005,0,0,0
Canada,CAN,2006,0,0,0
Canada,CAN,2007,0.6172002,0,0.6172002
Canada,CAN,2008,5.1962514,4.6411185,0.55513257
Canada,CAN,2009,5.3490396,4.7729325,0.5761072
Canada,CAN,2010,5.1601763,4.5283713,0.6318053
Canada,CAN,2011,4.9282036,4.290606,0.63759756
Canada,CAN,2012,4.9339023,4.4427404,0.49116158
Canada,CAN,2013,5.540879,4.4692516,1.071627
Canada,CAN,2014,5.363614,4.409289,0.954325
Canada,CAN,2015,11.036897,4.3855743,6.651322
Canada,CAN,2016,11.389015,4.6209683,6.7680464
Canada,CAN,2017,11.368735,4.583091,6.785644
Canada,CAN,2018,24.837452,4.4838724,20.35358
Canada,CAN,2019,31.25453,23.555424,7.89637
Canada,CAN,2020,36.12334,29.603395,7.4199452
Canada,CAN,2021,35.96042,29.134836,7.76619
Canada,CAN,2022,36.733894,29.883638,7.854593
Canada,CAN,2023,37.6746,31.017212,6.864916
Canada,CAN,2024,37.6746,30.834358,7.0477667
Canada,CAN,2025,37.80194,30.834358,7.1780024
Cape Verde,CPV,1989,0,0,0
Cape Verde,CPV,1990,0,0,0
Cape Verde,CPV,1991,0,0,0
Cape Verde,CPV,1992,0,0,0
Cape Verde,CPV,1993,0,0,0
Cape Verde,CPV,1994,0,0,0
Cape Verde,CPV,1995,0,0,0
Cape Verde,CPV,1996,0,0,0
Cape Verde,CPV,1997,0,0,0
Cape Verde,CPV,1998,0,0,0
Cape Verde,CPV,1999,0,0,0
Cape Verde,CPV,2000,0,0,0
Cape Verde,CPV,2001,0,0,0
Cape Verde,CPV,2002,0,0,0
Cape Verde,CPV,2003,0,0,0
Cape Verde,CPV,2004,0,0,0
Cape Verde,CPV,2005,0,0,0
Cape Verde,CPV,2006,0,0,0
Cape Verde,CPV,2007,0,0,0
Cape Verde,CPV,2008,0,0,0
Cape Verde,CPV,2009,0,0,0
Cape Verde,CPV,2010,0,0,0
Cape Verde,CPV,2011,0,0,0
Cape Verde,CPV,2012,0,0,0
Cape Verde,CPV,2013,0,0,0
Cape Verde,CPV,2014,0,0,0
Cape Verde,CPV,2015,0,0,0
Cape Verde,CPV,2016,0,0,0
Cape Verde,CPV,2017,0,0,0
Cape Verde,CPV,2018,0,0,0
Cape Verde,CPV,2019,0,0,0
Cape Verde,CPV,2020,0,0,0
Cape Verde,CPV,2021,0,0,0
Cape Verde,CPV,2022,0,0,0
Cape Verde,CPV,2023,0,0,0
Cape Verde,CPV,2024,0,0,0
Cape Verde,CPV,2025,0,0,0
Central African Republic,CAF,1989,0,0,0
Central African Republic,CAF,1990,0,0,0
Central African Republic,CAF,1991,0,0,0
Central African Republic,CAF,1992,0,0,0
Central African Republic,CAF,1993,0,0,0
Central African Republic,CAF,1994,0,0,0
Central African Republic,CAF,1995,0,0,0
Central African Republic,CAF,1996,0,0,0
Central African Republic,CAF,1997,0,0,0
Central African Republic,CAF,1998,0,0,0
Central African Republic,CAF,1999,0,0,0
Central African Republic,CAF,2000,0,0,0
Central African Republic,CAF,2001,0,0,0
Central African Republic,CAF,2002,0,0,0
Central African Republic,CAF,2003,0,0,0
Central African Republic,CAF,2004,0,0,0
Central African Republic,CAF,2005,0,0,0
Central African Republic,CAF,2006,0,0,0
Central African Republic,CAF,2007,0,0,0
Central African Republic,CAF,2008,0,0,0
Central African Republic,CAF,2009,0,0,0
Central African Republic,CAF,2010,0,0,0
Central African Republic,CAF,2011,0,0,0
Central African Republic,CAF,2012,0,0,0
Central African Republic,CAF,2013,0,0,0
Central African Republic,CAF,2014,0,0,0
Central African Republic,CAF,2015,0,0,0
Central African Republic,CAF,2016,0,0,0
Central African Republic,CAF,2017,0,0,0
Central African Republic,CAF,2018,0,0,0
Central African Republic,CAF,2019,0,0,0
Central African Republic,CAF,2020,0,0,0
Central African Republic,CAF,2021,0,0,0
Central African Republic,CAF,2022,0,0,0
Central African Republic,CAF,2023,0,0,0
Central African Republic,CAF,2024,0,0,0
Central African Republic,CAF,2025,0,0,0
Chad,TCD,1989,0,0,0
Chad,TCD,1990,0,0,0
Chad,TCD,1991,0,0,0
Chad,TCD,1992,0,0,0
Chad,TCD,1993,0,0,0
Chad,TCD,1994,0,0,0
Chad,TCD,1995,0,0,0
Chad,TCD,1996,0,0,0
Chad,TCD,1997,0,0,0
Chad,TCD,1998,0,0,0
Chad,TCD,1999,0,0,0
Chad,TCD,2000,0,0,0
Chad,TCD,2001,0,0,0
Chad,TCD,2002,0,0,0
Chad,TCD,2003,0,0,0
Chad,TCD,2004,0,0,0
Chad,TCD,2005,0,0,0
Chad,TCD,2006,0,0,0
Chad,TCD,2007,0,0,0
Chad,TCD,2008,0,0,0
Chad,TCD,2009,0,0,0
Chad,TCD,2010,0,0,0
Chad,TCD,2011,0,0,0
Chad,TCD,2012,0,0,0
Chad,TCD,2013,0,0,0
Chad,TCD,2014,0,0,0
Chad,TCD,2015,0,0,0
Chad,TCD,2016,0,0,0
Chad,TCD,2017,0,0,0
Chad,TCD,2018,0,0,0
Chad,TCD,2019,0,0,0
Chad,TCD,2020,0,0,0
Chad,TCD,2021,0,0,0
Chad,TCD,2022,0,0,0
Chad,TCD,2023,0,0,0
Chad,TCD,2024,0,0,0
Chad,TCD,2025,0,0,0
Chile,CHL,1989,0,0,0
Chile,CHL,1990,0,0,0
Chile,CHL,1991,0,0,0
Chile,CHL,1992,0,0,0
Chile,CHL,1993,0,0,0
Chile,CHL,1994,0,0,0
Chile,CHL,1995,0,0,0
Chile,CHL,1996,0,0,0
Chile,CHL,1997,0,0,0
Chile,CHL,1998,0,0,0
Chile,CHL,1999,0,0,0
Chile,CHL,2000,0,0,0
Chile,CHL,2001,0,0,0
Chile,CHL,2002,0,0,0
Chile,CHL,2003,0,0,0
Chile,CHL,2004,0,0,0
Chile,CHL,2005,0,0,0
Chile,CHL,2006,0,0,0
Chile,CHL,2007,0,0,0
Chile,CHL,2008,0,0,0
Chile,CHL,2009,0,0,0
Chile,CHL,2010,0,0,0
Chile,CHL,2011,0,0,0
Chile,CHL,2012,0,0,0
Chile,CHL,2013,0,0,0
Chile,CHL,2014,0,0,0
Chile,CHL,2015,0,0,0
Chile,CHL,2016,0,0,0
Chile,CHL,2017,53.776318,53.776318,0
Chile,CHL,2018,51.98644,51.98644,0
Chile,CHL,2019,54.319637,54.319637,0
Chile,CHL,2020,55.358147,55.358147,0
Chile,CHL,2021,52.101223,52.101223,0
Chile,CHL,2022,49.338238,49.338238,0
Chile,CHL,2023,49.338238,49.338238,0
Chile,CHL,2024,49.338238,49.338238,0
Chile,CHL,2025,49.338238,49.338238,0
China,CHN,1989,0,0,0
China,CHN,1990,0,0,0
China,CHN,1991,0,0,0
China,CHN,1992,0,0,0
China,CHN,1993,0,0,0
China,CHN,1994,0,0,0
China,CHN,1995,0,0,0
China,CHN,1996,0,0,0
China,CHN,1997,0,0,0
China,CHN,1998,0,0,0
China,CHN,1999,0,0,0
China,CHN,2000,0,0,0
China,CHN,2001,0,0,0
China,CHN,2002,0,0,0
China,CHN,2003,0,0,0
China,CHN,2004,0,0,0
China,CHN,2005,0,0,0
China,CHN,2006,0,0,0
China,CHN,2007,0,0,0
China,CHN,2008,0,0,0
China,CHN,2009,0,0,0
China,CHN,2010,0,0,0
China,CHN,2011,0,0,0
China,CHN,2012,0,0,0
China,CHN,2013,5.3436527,0,5.3436527
China,CHN,2014,7.2998104,0,7.2998104
China,CHN,2015,6.845647,0,6.845647
China,CHN,2016,8.308082,0,8.308082
China,CHN,2017,8.614728,0,8.614728
China,CHN,2018,8.945928,0,8.945928
China,CHN,2019,8.978615,0,8.978615
China,CHN,2020,8.978615,0,8.978615
China,CHN,2021,45.536552,0,45.536552
China,CHN,2022,46.66836,0,46.66836
China,CHN,2023,46.66836,0,46.66836
China,CHN,2024,46.66836,0,46.66836
China,CHN,2025,46.66836,0,46.66836
Colombia,COL,1989,0,0,0
Colombia,COL,1990,0,0,0
Colombia,COL,1991,0,0,0
Colombia,COL,1992,0,0,0
Colombia,COL,1993,0,0,0
Colombia,COL,1994,0,0,0
Colombia,COL,1995,0,0,0
Colombia,COL,1996,0,0,0
Colombia,COL,1997,0,0,0
Colombia,COL,1998,0,0,0
Colombia,COL,1999,0,0,0
Colombia,COL,2000,0,0,0
Colombia,COL,2001,0,0,0
Colombia,COL,2002,0,0,0
Colombia,COL,2003,0,0,0
Colombia,COL,2004,0,0,0
Colombia,COL,2005,0,0,0
Colombia,COL,2006,0,0,0
Colombia,COL,2007,0,0,0
Colombia,COL,2008,0,0,0
Colombia,COL,2009,0,0,0
Colombia,COL,2010,0,0,0
Colombia,COL,2011,0,0,0
Colombia,COL,2012,0,0,0
Colombia,COL,2013,0,0,0
Colombia,COL,2014,0,0,0
Colombia,COL,2015,0,0,0
Colombia,COL,2016,0,0,0
Colombia,COL,2017,10.213494,10.213494,0
Colombia,COL,2018,10.994266,10.994266,0
Colombia,COL,2019,9.1135845,9.1135845,0
Colombia,COL,2020,10.982705,10.982705,0
Colombia,COL,2021,9.742301,9.742301,0
Colombia,COL,2022,8.660541,8.660541,0
Colombia,COL,2023,8.660541,8.660541,0
Colombia,COL,2024,20.28969,20.28969,0
Colombia,COL,2025,20.28969,20.28969,0
Comoros,COM,1989,0,0,0
Comoros,COM,1990,0,0,0
Comoros,COM,1991,0,0,0
Comoros,COM,1992,0,0,0
Comoros,COM,1993,0,0,0
Comoros,COM,1994,0,0,0
Comoros,COM,1995,0,0,0
Comoros,COM,1996,0,0,0
Comoros,COM,1997,0,0,0
Comoros,COM,1998,0,0,0
Comoros,COM,1999,0,0,0
Comoros,COM,2000,0,0,0
Comoros,COM,2001,0,0,0
Comoros,COM,2002,0,0,0
Comoros,COM,2003,0,0,0
Comoros,COM,2004,0,0,0
Comoros,COM,2005,0,0,0
Comoros,COM,2006,0,0,0
Comoros,COM,2007,0,0,0
Comoros,COM,2008,0,0,0
Comoros,COM,2009,0,0,0
Comoros,COM,2010,0,0,0
Comoros,COM,2011,0,0,0
Comoros,COM,2012,0,0,0
Comoros,COM,2013,0,0,0
Comoros,COM,2014,0,0,0
Comoros,COM,2015,0,0,0
Comoros,COM,2016,0,0,0
Comoros,COM,2017,0,0,0
Comoros,COM,2018,0,0,0
Comoros,COM,2019,0,0,0
Comoros,COM,2020,0,0,0
Comoros,COM,2021,0,0,0
Comoros,COM,2022,0,0,0
Comoros,COM,2023,0,0,0
Comoros,COM,2024,0,0,0
Comoros,COM,2025,0,0,0
Congo,COG,1989,0,0,0
Congo,COG,1990,0,0,0
Congo,COG,1991,0,0,0
Congo,COG,1992,0,0,0
Congo,COG,1993,0,0,0
Congo,COG,1994,0,0,0
Congo,COG,1995,0,0,0
Congo,COG,1996,0,0,0
Congo,COG,1997,0,0,0
Congo,COG,1998,0,0,0
Congo,COG,1999,0,0,0
Congo,COG,2000,0,0,0
Congo,COG,2001,0,0,0
Congo,COG,2002,0,0,0
Congo,COG,2003,0,0,0
Congo,COG,2004,0,0,0
Congo,COG,2005,0,0,0
Congo,COG,2006,0,0,0
Congo,COG,2007,0,0,0
Congo,COG,2008,0,0,0
Congo,COG,2009,0,0,0
Congo,COG,2010,0,0,0
Congo,COG,2011,0,0,0
Congo,COG,2012,0,0,0
Congo,COG,2013,0,0,0
Congo,COG,2014,0,0,0
Congo,COG,2015,0,0,0
Congo,COG,2016,0,0,0
Congo,COG,2017,0,0,0
Congo,COG,2018,0,0,0
Congo,COG,2019,0,0,0
Congo,COG,2020,0,0,0
Congo,COG,2021,0,0,0
Congo,COG,2022,0,0,0
Congo,COG,2023,0,0,0
Congo,COG,2024,0,0,0
Congo,COG,2025,0,0,0
Costa Rica,CRI,1989,0,0,0
Costa Rica,CRI,1990,0,0,0
Costa Rica,CRI,1991,0,0,0
Costa Rica,CRI,1992,0,0,0
Costa Rica,CRI,1993,0,0,0
Costa Rica,CRI,1994,0,0,0
Costa Rica,CRI,1995,0,0,0
Costa Rica,CRI,1996,0,0,0
Costa Rica,CRI,1997,0,0,0
Costa Rica,CRI,1998,0,0,0
Costa Rica,CRI,1999,0,0,0
Costa Rica,CRI,2000,0,0,0
Costa Rica,CRI,2001,0,0,0
Costa Rica,CRI,2002,0,0,0
Costa Rica,CRI,2003,0,0,0
Costa Rica,CRI,2004,0,0,0
Costa Rica,CRI,2005,0,0,0
Costa Rica,CRI,2006,0,0,0
Costa Rica,CRI,2007,0,0,0
Costa Rica,CRI,2008,0,0,0
Costa Rica,CRI,2009,0,0,0
Costa Rica,CRI,2010,0,0,0
Costa Rica,CRI,2011,0,0,0
Costa Rica,CRI,2012,0,0,0
Costa Rica,CRI,2013,0,0,0
Costa Rica,CRI,2014,0,0,0
Costa Rica,CRI,2015,0,0,0
Costa Rica,CRI,2016,0,0,0
Costa Rica,CRI,2017,0,0,0
Costa Rica,CRI,2018,0,0,0
Costa Rica,CRI,2019,0,0,0
Costa Rica,CRI,2020,0,0,0
Costa Rica,CRI,2021,0,0,0
Costa Rica,CRI,2022,0,0,0
Costa Rica,CRI,2023,0,0,0
Costa Rica,CRI,2024,0,0,0
Costa Rica,CRI,2025,0,0,0
Cote d'Ivoire,CIV,1989,0,0,0
Cote d'Ivoire,CIV,1990,0,0,0
Cote d'Ivoire,CIV,1991,0,0,0
Cote d'Ivoire,CIV,1992,0,0,0
Cote d'Ivoire,CIV,1993,0,0,0
Cote d'Ivoire,CIV,1994,0,0,0
Cote d'Ivoire,CIV,1995,0,0,0
Cote d'Ivoire,CIV,1996,0,0,0
Cote d'Ivoire,CIV,1997,0,0,0
Cote d'Ivoire,CIV,1998,0,0,0
Cote d'Ivoire,CIV,1999,0,0,0
Cote d'Ivoire,CIV,2000,0,0,0
Cote d'Ivoire,CIV,2001,0,0,0
Cote d'Ivoire,CIV,2002,0,0,0
Cote d'Ivoire,CIV,2003,0,0,0
Cote d'Ivoire,CIV,2004,0,0,0
Cote d'Ivoire,CIV,2005,0,0,0
Cote d'Ivoire,CIV,2006,0,0,0
Cote d'Ivoire,CIV,2007,0,0,0
Cote d'Ivoire,CIV,2008,0,0,0
Cote d'Ivoire,CIV,2009,0,0,0
Cote d'Ivoire,CIV,2010,0,0,0
Cote d'Ivoire,CIV,2011,0,0,0
Cote d'Ivoire,CIV,2012,0,0,0
Cote d'Ivoire,CIV,2013,0,0,0
Cote d'Ivoire,CIV,2014,0,0,0
Cote d'Ivoire,CIV,2015,0,0,0
Cote d'Ivoire,CIV,2016,0,0,0
Cote d'Ivoire,CIV,2017,0,0,0
Cote d'Ivoire,CIV,2018,0,0,0
Cote d'Ivoire,CIV,2019,0,0,0
Cote d'Ivoire,CIV,2020,0,0,0
Cote d'Ivoire,CIV,2021,0,0,0
Cote d'Ivoire,CIV,2022,0,0,0
Cote d'Ivoire,CIV,2023,0,0,0
Cote d'Ivoire,CIV,2024,0,0,0
Cote d'Ivoire,CIV,2025,0,0,0
Croatia,HRV,1989,0,0,0
Croatia,HRV,1990,0,0,0
Croatia,HRV,1991,0,0,0
Croatia,HRV,1992,0,0,0
Croatia,HRV,1993,0,0,0
Croatia,HRV,1994,0,0,0
Croatia,HRV,1995,0,0,0
Croatia,HRV,1996,0,0,0
Croatia,HRV,1997,0,0,0
Croatia,HRV,1998,0,0,0
Croatia,HRV,1999,0,0,0
Croatia,HRV,2000,0,0,0
Croatia,HRV,2001,0,0,0
Croatia,HRV,2002,0,0,0
Croatia,HRV,2003,0,0,0
Croatia,HRV,2004,0,0,0
Croatia,HRV,2005,0,0,0
Croatia,HRV,2006,0,0,0
Croatia,HRV,2007,0,0,0
Croatia,HRV,2008,0,0,0
Croatia,HRV,2009,0,0,0
Croatia,HRV,2010,0,0,0
Croatia,HRV,2011,0,0,0
Croatia,HRV,2012,0,0,0
Croatia,HRV,2013,46.42521,0,46.42521
Croatia,HRV,2014,45.646957,0,45.646957
Croatia,HRV,2015,43.925636,0,43.925636
Croatia,HRV,2016,43.332085,0,43.332085
Croatia,HRV,2017,41.69451,0,41.69451
Croatia,HRV,2018,40.472454,0,40.472454
Croatia,HRV,2019,39.790237,0,39.790237
Croatia,HRV,2020,41.39439,0,41.39439
Croatia,HRV,2021,41.597744,0,41.597744
Croatia,HRV,2022,42.36271,0,42.36271
Croatia,HRV,2023,42.36271,0,42.36271
Croatia,HRV,2024,43.230934,0,43.230934
Croatia,HRV,2025,43.230934,0,43.230934
Cuba,CUB,1989,0,0,0
Cuba,CUB,1990,0,0,0
Cuba,CUB,1991,0,0,0
Cuba,CUB,1992,0,0,0
Cuba,CUB,1993,0,0,0
Cuba,CUB,1994,0,0,0
Cuba,CUB,1995,0,0,0
Cuba,CUB,1996,0,0,0
Cuba,CUB,1997,0,0,0
Cuba,CUB,1998,0,0,0
Cuba,CUB,1999,0,0,0
Cuba,CUB,2000,0,0,0
Cuba,CUB,2001,0,0,0
Cuba,CUB,2002,0,0,0
Cuba,CUB,2003,0,0,0
Cuba,CUB,2004,0,0,0
Cuba,CUB,2005,0,0,0
Cuba,CUB,2006,0,0,0
Cuba,CUB,2007,0,0,0
Cuba,CUB,2008,0,0,0
Cuba,CUB,2009,0,0,0
Cuba,CUB,2010,0,0,0
Cuba,CUB,2011,0,0,0
Cuba,CUB,2012,0,0,0
Cuba,CUB,2013,0,0,0
Cuba,CUB,2014,0,0,0
Cuba,CUB,2015,0,0,0
Cuba,CUB,2016,0,0,0
Cuba,CUB,2017,0,0,0
Cuba,CUB,2018,0,0,0
Cuba,CUB,2019,0,0,0
Cuba,CUB,2020,0,0,0
Cuba,CUB,2021,0,0,0
Cuba,CUB,2022,0,0,0
Cuba,CUB,2023,0,0,0
Cuba,CUB,2024,0,0,0
Cuba,CUB,2025,0,0,0
Cyprus,CYP,1989,0,0,0
Cyprus,CYP,1990,0,0,0
Cyprus,CYP,1991,0,0,0
Cyprus,CYP,1992,0,0,0
Cyprus,CYP,1993,0,0,0
Cyprus,CYP,1994,0,0,0
Cyprus,CYP,1995,0,0,0
Cyprus,CYP,1996,0,0,0
Cyprus,CYP,1997,0,0,0
Cyprus,CYP,1998,0,0,0
Cyprus,CYP,1999,0,0,0
Cyprus,CYP,2000,0,0,0
Cyprus,CYP,2001,0,0,0
Cyprus,CYP,2002,0,0,0
Cyprus,CYP,2003,0,0,0
Cyprus,CYP,2004,0,0,0
Cyprus,CYP,2005,66.69692,0,66.69692
Cyprus,CYP,2006,65.765785,0,65.765785
Cyprus,CYP,2007,64.89572,0,64.89572
Cyprus,CYP,2008,65.649574,0,65.649574
Cyprus,CYP,2009,64.77573,0,64.77573
Cyprus,CYP,2010,63.24979,0,63.24979
Cyprus,CYP,2011,62.84964,0,62.84964
Cyprus,CYP,2012,62.943924,0,62.943924
Cyprus,CYP,2013,63.258736,0,63.258736
Cyprus,CYP,2014,66.10542,0,66.10542
Cyprus,CYP,2015,64.44528,0,64.44528
Cyprus,CYP,2016,64.58585,0,64.58585
Cyprus,CYP,2017,63.95054,0,63.95054
Cyprus,CYP,2018,63.878227,0,63.878227
Cyprus,CYP,2019,62.117325,0,62.117325
Cyprus,CYP,2020,63.82603,0,63.82603
Cyprus,CYP,2021,62.66134,0,62.66134
Cyprus,CYP,2022,63.95768,0,63.95768
Cyprus,CYP,2023,63.95768,0,63.95768
Cyprus,CYP,2024,64.01878,0,64.01878
Cyprus,CYP,2025,64.01878,0,64.01878
Czechia,CZE,1989,0,0,0
Czechia,CZE,1990,0,0,0
Czechia,CZE,1991,0,0,0
Czechia,CZE,1992,0,0,0
Czechia,CZE,1993,0,0,0
Czechia,CZE,1994,0,0,0
Czechia,CZE,1995,0,0,0
Czechia,CZE,1996,0,0,0
Czechia,CZE,1997,0,0,0
Czechia,CZE,1998,0,0,0
Czechia,CZE,1999,0,0,0
Czechia,CZE,2000,0,0,0
Czechia,CZE,2001,0,0,0
Czechia,CZE,2002,0,0,0
Czechia,CZE,2003,0,0,0
Czechia,CZE,2004,0,0,0
Czechia,CZE,2005,65.30494,0,65.30494
Czechia,CZE,2006,63.98041,0,63.98041
Czechia,CZE,2007,65.62141,0,65.62141
Czechia,CZE,2008,63.010567,0,63.010567
Czechia,CZE,2009,63.488014,0,63.488014
Czechia,CZE,2010,63.519222,0,63.519222
Czechia,CZE,2011,64.49544,0,64.49544
Czechia,CZE,2012,64.08785,0,64.08785
Czechia,CZE,2013,62.939217,0,62.939217
Czechia,CZE,2014,62.609505,0,62.609505
Czechia,CZE,2015,61.89434,0,61.89434
Czechia,CZE,2016,61.28452,0,61.28452
Czechia,CZE,2017,61.051075,0,61.051075
Czechia,CZE,2018,61.46987,0,61.46987
Czechia,CZE,2019,60.373337,0,60.373337
Czechia,CZE,2020,58.850616,0,58.850616
Czechia,CZE,2021,59.186447,0,59.186447
Czechia,CZE,2022,60.101933,0,60.101933
Czechia,CZE,2023,60.101933,0,60.101933
Czechia,CZE,2024,60.111626,0,60.111626
Czechia,CZE,2025,60.111626,0,60.111626
Democratic Republic of Congo,COD,1989,0,0,0
Democratic Republic of Congo,COD,1990,0,0,0
Democratic Republic of Congo,COD,1991,0,0,0
Democratic Republic of Congo,COD,1992,0,0,0
Democratic Republic of Congo,COD,1993,0,0,0
Democratic Republic of Congo,COD,1994,0,0,0
Democratic Republic of Congo,COD,1995,0,0,0
Democratic Republic of Congo,COD,1996,0,0,0
Democratic Republic of Congo,COD,1997,0,0,0
Democratic Republic of Congo,COD,1998,0,0,0
Democratic Republic of Congo,COD,1999,0,0,0
Democratic Republic of Congo,COD,2000,0,0,0
Democratic Republic of Congo,COD,2001,0,0,0
Democratic Republic of Congo,COD,2002,0,0,0
Democratic Republic of Congo,COD,2003,0,0,0
Democratic Republic of Congo,COD,2004,0,0,0
Democratic Republic of Congo,COD,2005,0,0,0
Democratic Republic of Congo,COD,2006,0,0,0
Democratic Republic of Congo,COD,2007,0,0,0
Democratic Republic of Congo,COD,2008,0,0,0
Democratic Republic of Congo,COD,2009,0,0,0
Democratic Republic of Congo,COD,2010,0,0,0
Democratic Republic of Congo,COD,2011,0,0,0
Democratic Republic of Congo,COD,2012,0,0,0
Democratic Republic of Congo,COD,2013,0,0,0
Democratic Republic of Congo,COD,2014,0,0,0
Democratic Republic of Congo,COD,2015,0,0,0
Democratic Republic of Congo,COD,2016,0,0,0
Democratic Republic of Congo,COD,2017,0,0,0
Democratic Republic of Congo,COD,2018,0,0,0
Democratic Republic of Congo,COD,2019,0,0,0
Democratic Republic of Congo,COD,2020,0,0,0
Democratic Republic of Congo,COD,2021,0,0,0
Democratic Republic of Congo,COD,2022,0,0,0
Democratic Republic of Congo,COD,2023,0,0,0
Democratic Republic of Congo,COD,2024,0,0,0
Democratic Republic of Congo,COD,2025,0,0,0
Denmark,DNK,1989,0,0,0
Denmark,DNK,1990,0,0,0
Denmark,DNK,1991,0,0,0
Denmark,DNK,1992,47.005016,47.005016,0
Denmark,DNK,1993,46.63607,46.63607,0
Denmark,DNK,1994,46.20673,46.20673,0
Denmark,DNK,1995,49.195282,49.195282,0
Denmark,DNK,1996,43.566082,43.566082,0
Denmark,DNK,1997,44.35151,44.35151,0
Denmark,DNK,1998,46.645737,46.645737,0
Denmark,DNK,1999,48.71195,48.71195,0
Denmark,DNK,2000,51.054543,51.054543,0
Denmark,DNK,2001,48.904827,48.904827,0
Denmark,DNK,2002,47.932068,47.932068,0
Denmark,DNK,2003,43.122284,43.122284,0
Denmark,DNK,2004,47.892296,47.892296,0
Denmark,DNK,2005,90.28798,40.68106,54.988785
Denmark,DNK,2006,92.205635,35.638012,61.298897
Denmark,DNK,2007,91.631256,39.331398,57.64827
Denmark,DNK,2008,91.28592,41.011032,55.778473
Denmark,DNK,2009,91.2634,41.37436,55.784946
Denmark,DNK,2010,91.64047,42.103153,55.594273
Denmark,DNK,2011,90.77702,44.161453,53.003223
Denmark,DNK,2012,90.77471,47.474186,51.263607
Denmark,DNK,2013,90.82285,44.439583,53.703426
Denmark,DNK,2014,90.089645,48.035793,50.202404
Denmark,DNK,2015,89.06288,53.44537,44.986446
Denmark,DNK,2016,89.62866,51.119793,46.88382
Denmark,DNK,2017,88.870155,53.766624,43.851757
Denmark,DNK,2018,89.675896,54.220528,43.84365
Denmark,DNK,2019,88.82258,58.282997,39.12598
Denmark,DNK,2020,87.76324,57.56616,37.851013
Denmark,DNK,2021,88.35059,55.084904,40.602184
Denmark,DNK,2022,88.899025,55.458324,40.583763
Denmark,DNK,2023,88.899025,55.458324,40.583763
Denmark,DNK,2024,90.22142,55.458324,41.906155
Denmark,DNK,2025,90.22142,55.458324,41.906155
Djibouti,DJI,1989,0,0,0
Djibouti,DJI,1990,0,0,0
Djibouti,DJI,1991,0,0,0
Djibouti,DJI,1992,0,0,0
Djibouti,DJI,1993,0,0,0
Djibouti,DJI,1994,0,0,0
Djibouti,DJI,1995,0,0,0
Djibouti,DJI,1996,0,0,0
Djibouti,DJI,1997,0,0,0
Djibouti,DJI,1998,0,0,0
Djibouti,DJI,1999,0,0,0
Djibouti,DJI,2000,0,0,0
Djibouti,DJI,2001,0,0,0
Djibouti,DJI,2002,0,0,0
Djibouti,DJI,2003,0,0,0
Djibouti,DJI,2004,0,0,0
Djibouti,DJI,2005,0,0,0
Djibouti,DJI,2006,0,0,0
Djibouti,DJI,2007,0,0,0
Djibouti,DJI,2008,0,0,0
Djibouti,DJI,2009,0,0,0
Djibouti,DJI,2010,0,0,0
Djibouti,DJI,2011,0,0,0
Djibouti,DJI,2012,0,0,0
Djibouti,DJI,2013,0,0,0
Djibouti,DJI,2014,0,0,0
Djibouti,DJI,2015,0,0,0
Djibouti,DJI,2016,0,0,0
Djibouti,DJI,2017,0,0,0
Djibouti,DJI,2018,0,0,0
Djibouti,DJI,2019,0,0,0
Djibouti,DJI,2020,0,0,0
Djibouti,DJI,2021,0,0,0
Djibouti,DJI,2022,0,0,0
Djibouti,DJI,2023,0,0,0
Djibouti,DJI,2024,0,0,0
Djibouti,DJI,2025,0,0,0
Dominica,DMA,1989,0,0,0
Dominica,DMA,1990,0,0,0
Dominica,DMA,1991,0,0,0
Dominica,DMA,1992,0,0,0
Dominica,DMA,1993,0,0,0
Dominica,DMA,1994,0,0,0
Dominica,DMA,1995,0,0,0
Dominica,DMA,1996,0,0,0
Dominica,DMA,1997,0,0,0
Dominica,DMA,1998,0,0,0
Dominica,DMA,1999,0,0,0
Dominica,DMA,2000,0,0,0
Dominica,DMA,2001,0,0,0
Dominica,DMA,2002,0,0,0
Dominica,DMA,2003,0,0,0
Dominica,DMA,2004,0,0,0
Dominica,DMA,2005,0,0,0
Dominica,DMA,2006,0,0,0
Dominica,DMA,2007,0,0,0
Dominica,DMA,2008,0,0,0
Dominica,DMA,2009,0,0,0
Dominica,DMA,2010,0,0,0
Dominica,DMA,2011,0,0,0
Dominica,DMA,2012,0,0,0
Dominica,DMA,2013,0,0,0
Dominica,DMA,2014,0,0,0
Dominica,DMA,2015,0,0,0
Dominica,DMA,2016,0,0,0
Dominica,DMA,2017,0,0,0
Dominica,DMA,2018,0,0,0
Dominica,DMA,2019,0,0,0
Dominica,DMA,2020,0,0,0
Dominica,DMA,2021,0,0,0
Dominica,DMA,2022,0,0,0
Dominica,DMA,2023,0,0,0
Dominica,DMA,2024,0,0,0
Dominica,DMA,2025,0,0,0
Dominican Republic,DOM,1989,0,0,0
Dominican Republic,DOM,1990,0,0,0
Dominican Republic,DOM,1991,0,0,0
Dominican Republic,DOM,1992,0,0,0
Dominican Republic,DOM,1993,0,0,0
Dominican Republic,DOM,1994,0,0,0
Dominican Republic,DOM,1995,0,0,0
Dominican Republic,DOM,1996,0,0,0
Dominican Republic,DOM,1997,0,0,0
Dominican Republic,DOM,1998,0,0,0
Dominican Republic,DOM,1999,0,0,0
Dominican Republic,DOM,2000,0,0,0
Dominican Republic,DOM,2001,0,0,0
Dominican Republic,DOM,2002,0,0,0
Dominican Republic,DOM,2003,0,0,0
Dominican Republic,DOM,2004,0,0,0
Dominican Republic,DOM,2005,0,0,0
Dominican Republic,DOM,2006,0,0,0
Dominican Republic,DOM,2007,0,0,0
Dominican Republic,DOM,2008,0,0,0
Dominican Republic,DOM,2009,0,0,0
Dominican Republic,DOM,2010,0,0,0
Dominican Republic,DOM,2011,0,0,0
Dominican Republic,DOM,2012,0,0,0
Dominican Republic,DOM,2013,0,0,0
Dominican Republic,DOM,2014,0,0,0
Dominican Republic,DOM,2015,0,0,0
Dominican Republic,DOM,2016,0,0,0
Dominican Republic,DOM,2017,0,0,0
Dominican Republic,DOM,2018,0,0,0
Dominican Republic,DOM,2019,0,0,0
Dominican Republic,DOM,2020,0,0,0
Dominican Republic,DOM,2021,0,0,0
Dominican Republic,DOM,2022,0,0,0
Dominican Republic,DOM,2023,0,0,0
Dominican Republic,DOM,2024,0,0,0
Dominican Republic,DOM,2025,0,0,0
East Timor,TLS,1989,0,0,0
East Timor,TLS,1990,0,0,0
East Timor,TLS,1991,0,0,0
East Timor,TLS,1992,0,0,0
East Timor,TLS,1993,0,0,0
East Timor,TLS,1994,0,0,0
East Timor,TLS,1995,0,0,0
East Timor,TLS,1996,0,0,0
East Timor,TLS,1997,0,0,0
East Timor,TLS,1998,0,0,0
East Timor,TLS,1999,0,0,0
East Timor,TLS,2000,0,0,0
East Timor,TLS,2001,0,0,0
East Timor,TLS,2002,0,0,0
East Timor,TLS,2003,0,0,0
East Timor,TLS,2004,0,0,0
East Timor,TLS,2005,0,0,0
East Timor,TLS,2006,0,0,0
East Timor,TLS,2007,0,0,0
East Timor,TLS,2008,0,0,0
East Timor,TLS,2009,0,0,0
East Timor,TLS,2010,0,0,0
East Timor,TLS,2011,0,0,0
East Timor,TLS,2012,0,0,0
East Timor,TLS,2013,0,0,0
East Timor,TLS,2014,0,0,0
East Timor,TLS,2015,0,0,0
East Timor,TLS,2016,0,0,0
East Timor,TLS,2017,0,0,0
East Timor,TLS,2018,0,0,0
East Timor,TLS,2019,0,0,0
East Timor,TLS,2020,0,0,0
East Timor,TLS,2021,0,0,0
East Timor,TLS,2022,0,0,0
East Timor,TLS,2023,0,0,0
East Timor,TLS,2024,0,0,0
East Timor,TLS,2025,0,0,0
Ecuador,ECU,1989,0,0,0
Ecuador,ECU,1990,0,0,0
Ecuador,ECU,1991,0,0,0
Ecuador,ECU,1992,0,0,0
Ecuador,ECU,1993,0,0,0
Ecuador,ECU,1994,0,0,0
Ecuador,ECU,1995,0,0,0
Ecuador,ECU,1996,0,0,0
Ecuador,ECU,1997,0,0,0
Ecuador,ECU,1998,0,0,0
Ecuador,ECU,1999,0,0,0
Ecuador,ECU,2000,0,0,0
Ecuador,ECU,2001,0,0,0
Ecuador,ECU,2002,0,0,0
Ecuador,ECU,2003,0,0,0
Ecuador,ECU,2004,0,0,0
Ecuador,ECU,2005,0,0,0
Ecuador,ECU,2006,0,0,0
Ecuador,ECU,2007,0,0,0
Ecuador,ECU,2008,0,0,0
Ecuador,ECU,2009,0,0,0
Ecuador,ECU,2010,0,0,0
Ecuador,ECU,2011,0,0,0
Ecuador,ECU,2012,0,0,0
Ecuador,ECU,2013,0,0,0
Ecuador,ECU,2014,0,0,0
Ecuador,ECU,2015,0,0,0
Ecuador,ECU,2016,0,0,0
Ecuador,ECU,2017,0,0,0
Ecuador,ECU,2018,0,0,0
Ecuador,ECU,2019,0,0,0
Ecuador,ECU,2020,0,0,0
Ecuador,ECU,2021,0,0,0
Ecuador,ECU,2022,0,0,0
Ecuador,ECU,2023,0,0,0
Ecuador,ECU,2024,0,0,0
Ecuador,ECU,2025,0,0,0
Egypt,EGY,1989,0,0,0
Egypt,EGY,1990,0,0,0
Egypt,EGY,1991,0,0,0
Egypt,EGY,1992,0,0,0
Egypt,EGY,1993,0,0,0
Egypt,EGY,1994,0,0,0
Egypt,EGY,1995,0,0,0
Egypt,EGY,1996,0,0,0
Egypt,EGY,1997,0,0,0
Egypt,EGY,1998,0,0,0
Egypt,EGY,1999,0,0,0
Egypt,EGY,2000,0,0,0
Egypt,EGY,2001,0,0,0
Egypt,EGY,2002,0,0,0
Egypt,EGY,2003,0,0,0
Egypt,EGY,2004,0,0,0
Egypt,EGY,2005,0,0,0
Egypt,EGY,2006,0,0,0
Egypt,EGY,2007,0,0,0
Egypt,EGY,2008,0,0,0
Egypt,EGY,2009,0,0,0
Egypt,EGY,2010,0,0,0
Egypt,EGY,2011,0,0,0
Egypt,EGY,2012,0,0,0
Egypt,EGY,2013,0,0,0
Egypt,EGY,2014,0,0,0
Egypt,EGY,2015,0,0,0
Egypt,EGY,2016,0,0,0
Egypt,EGY,2017,0,0,0
Egypt,EGY,2018,0,0,0
Egypt,EGY,2019,0,0,0
Egypt,EGY,2020,0,0,0
Egypt,EGY,2021,0,0,0
Egypt,EGY,2022,0,0,0
Egypt,EGY,2023,0,0,0
Egypt,EGY,2024,0,0,0
Egypt,EGY,2025,0,0,0
El Salvador,SLV,1989,0,0,0
El Salvador,SLV,1990,0,0,0
El Salvador,SLV,1991,0,0,0
El Salvador,SLV,1992,0,0,0
El Salvador,SLV,1993,0,0,0
El Salvador,SLV,1994,0,0,0
El Salvador,SLV,1995,0,0,0
El Salvador,SLV,1996,0,0,0
El Salvador,SLV,1997,0,0,0
El Salvador,SLV,1998,0,0,0
El Salvador,SLV,1999,0,0,0
El Salvador,SLV,2000,0,0,0
El Salvador,SLV,2001,0,0,0
El Salvador,SLV,2002,0,0,0
El Salvador,SLV,2003,0,0,0
El Salvador,SLV,2004,0,0,0
El Salvador,SLV,2005,0,0,0
El Salvador,SLV,2006,0,0,0
El Salvador,SLV,2007,0,0,0
El Salvador,SLV,2008,0,0,0
El Salvador,SLV,2009,0,0,0
El Salvador,SLV,2010,0,0,0
El Salvador,SLV,2011,0,0,0
El Salvador,SLV,2012,0,0,0
El Salvador,SLV,2013,0,0,0
El Salvador,SLV,2014,0,0,0
El Salvador,SLV,2015,0,0,0
El Salvador,SLV,2016,0,0,0
El Salvador,SLV,2017,0,0,0
El Salvador,SLV,2018,0,0,0
El Salvador,SLV,2019,0,0,0
El Salvador,SLV,2020,0,0,0
El Salvador,SLV,2021,0,0,0
El Salvador,SLV,2022,0,0,0
El Salvador,SLV,2023,0,0,0
El Salvador,SLV,2024,0,0,0
El Salvador,SLV,2025,0,0,0
Equatorial Guinea,GNQ,1989,0,0,0
Equatorial Guinea,GNQ,1990,0,0,0
Equatorial Guinea,GNQ,1991,0,0,0
Equatorial Guinea,GNQ,1992,0,0,0
Equatorial Guinea,GNQ,1993,0,0,0
Equatorial Guinea,GNQ,1994,0,0,0
Equatorial Guinea,GNQ,1995,0,0,0
Equatorial Guinea,GNQ,1996,0,0,0
Equatorial Guinea,GNQ,1997,0,0,0
Equatorial Guinea,GNQ,1998,0,0,0
Equatorial Guinea,GNQ,1999,0,0,0
Equatorial Guinea,GNQ,2000,0,0,0
Equatorial Guinea,GNQ,2001,0,0,0
Equatorial Guinea,GNQ,2002,0,0,0
Equatorial Guinea,GNQ,2003,0,0,0
Equatorial Guinea,GNQ,2004,0,0,0
Equatorial Guinea,GNQ,2005,0,0,0
Equatorial Guinea,GNQ,2006,0,0,0
Equatorial Guinea,GNQ,2007,0,0,0
Equatorial Guinea,GNQ,2008,0,0,0
Equatorial Guinea,GNQ,2009,0,0,0
Equatorial Guinea,GNQ,2010,0,0,0
Equatorial Guinea,GNQ,2011,0,0,0
Equatorial Guinea,GNQ,2012,0,0,0
Equatorial Guinea,GNQ,2013,0,0,0
Equatorial Guinea,GNQ,2014,0,0,0
Equatorial Guinea,GNQ,2015,0,0,0
Equatorial Guinea,GNQ,2016,0,0,0
Equatorial Guinea,GNQ,2017,0,0,0
Equatorial Guinea,GNQ,2018,0,0,0
Equatorial Guinea,GNQ,2019,0,0,0
Equatorial Guinea,GNQ,2020,0,0,0
Equatorial Guinea,GNQ,2021,0,0,0
Equatorial Guinea,GNQ,2022,0,0,0
Equatorial Guinea,GNQ,2023,0,0,0
Equatorial Guinea,GNQ,2024,0,0,0
Equatorial Guinea,GNQ,2025,0,0,0
Eritrea,ERI,1989,0,0,0
Eritrea,ERI,1990,0,0,0
Eritrea,ERI,1991,0,0,0
Eritrea,ERI,1992,0,0,0
Eritrea,ERI,1993,0,0,0
Eritrea,ERI,1994,0,0,0
Eritrea,ERI,1995,0,0,0
Eritrea,ERI,1996,0,0,0
Eritrea,ERI,1997,0,0,0
Eritrea,ERI,1998,0,0,0
Eritrea,ERI,1999,0,0,0
Eritrea,ERI,2000,0,0,0
Eritrea,ERI,2001,0,0,0
Eritrea,ERI,2002,0,0,0
Eritrea,ERI,2003,0,0,0
Eritrea,ERI,2004,0,0,0
Eritrea,ERI,2005,0,0,0
Eritrea,ERI,2006,0,0,0
Eritrea,ERI,2007,0,0,0
Eritrea,ERI,2008,0,0,0
Eritrea,ERI,2009,0,0,0
Eritrea,ERI,2010,0,0,0
Eritrea,ERI,2011,0,0,0
Eritrea,ERI,2012,0,0,0
Eritrea,ERI,2013,0,0,0
Eritrea,ERI,2014,0,0,0
Eritrea,ERI,2015,0,0,0
Eritrea,ERI,2016,0,0,0
Eritrea,ERI,2017,0,0,0
Eritrea,ERI,2018,0,0,0
Eritrea,ERI,2019,0,0,0
Eritrea,ERI,2020,0,0,0
Eritrea,ERI,2021,0,0,0
Eritrea,ERI,2022,0,0,0
Eritrea,ERI,2023,0,0,0
Eritrea,ERI,2024,0,0,0
Eritrea,ERI,2025,0,0,0
Estonia,EST,1989,0,0,0
Estonia,EST,1990,0,0,0
Estonia,EST,1991,0,0,0
Estonia,EST,1992,0,0,0
Estonia,EST,1993,0,0,0
Estonia,EST,1994,0,0,0
Estonia,EST,1995,0,0,0
Estonia,EST,1996,0,0,0
Estonia,EST,1997,0,0,0
Estonia,EST,1998,0,0,0
Estonia,EST,1999,0,0,0
Estonia,EST,2000,67.81552,67.81552,0
Estonia,EST,2001,65.488945,65.488945,0
Estonia,EST,2002,64.92511,64.92511,0
Estonia,EST,2003,68.080795,68.080795,0
Estonia,EST,2004,66.58606,66.58606,0
Estonia,EST,2005,61.079987,6.5478697,61.079987
Estonia,EST,2006,59.76642,6.4213834,59.76642
Estonia,EST,2007,64.3375,6.8469725,64.3375
Estonia,EST,2008,61.27509,6.498263,61.27509
Estonia,EST,2009,57.428753,6.2138786,57.428753
Estonia,EST,2010,62.59844,6.7973695,62.59844
Estonia,EST,2011,61.995293,6.6457453,61.995293
Estonia,EST,2012,58.645355,6.2922873,58.645355
Estonia,EST,2013,58.80148,6.32789,58.80148
Estonia,EST,2014,56.16878,6.0263634,56.16878
Estonia,EST,2015,46.74195,5.0362616,46.74195
Estonia,EST,2016,54.274803,5.8573647,54.274803
Estonia,EST,2017,54.087578,5.82736,54.087578
Estonia,EST,2018,46.33627,4.9672694,46.33627
Estonia,EST,2019,38.642426,3.9912143,38.642426
Estonia,EST,2020,28.680304,3.018624,28.680304
Estonia,EST,2021,35.49519,3.7934575,35.49519
Estonia,EST,2022,40.20159,4.356633,40.20159
Estonia,EST,2023,40.20159,4.356633,40.20159
Estonia,EST,2024,40.322346,4.356633,40.322346
Estonia,EST,2025,40.322346,4.356633,40.322346
Eswatini,SWZ,1989,0,0,0
Eswatini,SWZ,1990,0,0,0
Eswatini,SWZ,1991,0,0,0
Eswatini,SWZ,1992,0,0,0
Eswatini,SWZ,1993,0,0,0
Eswatini,SWZ,1994,0,0,0
Eswatini,SWZ,1995,0,0,0
Eswatini,SWZ,1996,0,0,0
Eswatini,SWZ,1997,0,0,0
Eswatini,SWZ,1998,0,0,0
Eswatini,SWZ,1999,0,0,0
Eswatini,SWZ,2000,0,0,0
Eswatini,SWZ,2001,0,0,0
Eswatini,SWZ,2002,0,0,0
Eswatini,SWZ,2003,0,0,0
Eswatini,SWZ,2004,0,0,0
Eswatini,SWZ,2005,0,0,0
Eswatini,SWZ,2006,0,0,0
Eswatini,SWZ,2007,0,0,0
Eswatini,SWZ,2008,0,0,0
Eswatini,SWZ,2009,0,0,0
Eswatini,SWZ,2010,0,0,0
Eswatini,SWZ,2011,0,0,0
Eswatini,SWZ,2012,0,0,0
Eswatini,SWZ,2013,0,0,0
Eswatini,SWZ,2014,0,0,0
Eswatini,SWZ,2015,0,0,0
Eswatini,SWZ,2016,0,0,0
Eswatini,SWZ,2017,0,0,0
Eswatini,SWZ,2018,0,0,0
Eswatini,SWZ,2019,0,0,0
Eswatini,SWZ,2020,0,0,0
Eswatini,SWZ,2021,0,0,0
Eswatini,SWZ,2022,0,0,0
Eswatini,SWZ,2023,0,0,0
Eswatini,SWZ,2024,0,0,0
Eswatini,SWZ,2025,0,0,0
Ethiopia,ETH,1989,0,0,0
Ethiopia,ETH,1990,0,0,0
Ethiopia,ETH,1991,0,0,0
Ethiopia,ETH,1992,0,0,0
Ethiopia,ETH,1993,0,0,0
Ethiopia,ETH,1994,0,0,0
Ethiopia,ETH,1995,0,0,0
Ethiopia,ETH,1996,0,0,0
Ethiopia,ETH,1997,0,0,0
Ethiopia,ETH,1998,0,0,0
Ethiopia,ETH,1999,0,0,0
Ethiopia,ETH,2000,0,0,0
Ethiopia,ETH,2001,0,0,0
Ethiopia,ETH,2002,0,0,0
Ethiopia,ETH,2003,0,0,0
Ethiopia,ETH,2004,0,0,0
Ethiopia,ETH,2005,0,0,0
Ethiopia,ETH,2006,0,0,0
Ethiopia,ETH,2007,0,0,0
Ethiopia,ETH,2008,0,0,0
Ethiopia,ETH,2009,0,0,0
Ethiopia,ETH,2010,0,0,0
Ethiopia,ETH,2011,0,0,0
Ethiopia,ETH,2012,0,0,0
Ethiopia,ETH,2013,0,0,0
Ethiopia,ETH,2014,0,0,0
Ethiopia,ETH,2015,0,0,0
Ethiopia,ETH,2016,0,0,0
Ethiopia,ETH,2017,0,0,0
Ethiopia,ETH,2018,0,0,0
Ethiopia,ETH,2019,0,0,0
Ethiopia,ETH,2020,0,0,0
Ethiopia,ETH,2021,0,0,0
Ethiopia,ETH,2022,0,0,0
Ethiopia,ETH,2023,0,0,0
Ethiopia,ETH,2024,0,0,0
Ethiopia,ETH,2025,0,0,0
Fiji,FJI,1989,0,0,0
Fiji,FJI,1990,0,0,0
Fiji,FJI,1991,0,0,0
Fiji,FJI,1992,0,0,0
Fiji,FJI,1993,0,0,0
Fiji,FJI,1994,0,0,0
Fiji,FJI,1995,0,0,0
Fiji,FJI,1996,0,0,0
Fiji,FJI,1997,0,0,0
Fiji,FJI,1998,0,0,0
Fiji,FJI,1999,0,0,0
Fiji,FJI,2000,0,0,0
Fiji,FJI,2001,0,0,0
Fiji,FJI,2002,0,0,0
Fiji,FJI,2003,0,0,0
Fiji,FJI,2004,0,0,0
Fiji,FJI,2005,0,0,0
Fiji,FJI,2006,0,0,0
Fiji,FJI,2007,0,0,0
Fiji,FJI,2008,0,0,0
Fiji,FJI,2009,0,0,0
Fiji,FJI,2010,0,0,0
Fiji,FJI,2011,0,0,0
Fiji,FJI,2012,0,0,0
Fiji,FJI,2013,0,0,0
Fiji,FJI,2014,0,0,0
Fiji,FJI,2015,0,0,0
Fiji,FJI,2016,0,0,0
Fiji,FJI,2017,0,0,0
Fiji,FJI,2018,0,0,0
Fiji,FJI,2019,0,0,0
Fiji,FJI,2020,0,0,0
Fiji,FJI,2021,0,0,0
Fiji,FJI,2022,0,0,0
Fiji,FJI,2023,0,0,0
Fiji,FJI,2024,0,0,0
Fiji,FJI,2025,0,0,0
Finland,FIN,1989,0,0,0
Finland,FIN,1990,62.471443,62.471443,0
Finland,FIN,1991,60.270874,60.270874,0
Finland,FIN,1992,62.63733,62.63733,0
Finland,FIN,1993,57.88104,57.88104,0
Finland,FIN,1994,54.66086,54.66086,0
Finland,FIN,1995,54.726936,54.726936,0
Finland,FIN,1996,48.126965,48.126965,0
Finland,FIN,1997,50.058372,50.058372,0
Finland,FIN,1998,56.103943,56.103943,0
Finland,FIN,1999,54.967873,54.967873,0
Finland,FIN,2000,52.941875,52.941875,0
Finland,FIN,2001,48.147736,48.147736,0
Finland,FIN,2002,46.449448,46.449448,0
Finland,FIN,2003,40.846157,40.846157,0
Finland,FIN,2004,43.476925,43.476925,0
Finland,FIN,2005,86.22367,51.607685,57.178326
Finland,FIN,2006,88.05626,43.356026,63.760983
Finland,FIN,2007,87.762405,44.935165,62.44487
Finland,FIN,2008,85.99252,48.151405,59.217285
Finland,FIN,2009,87.26886,46.20715,60.105003
Finland,FIN,2010,87.800064,43.802258,62.743378
Finland,FIN,2011,87.20584,47.808666,60.277973
Finland,FIN,2012,86.64628,50.97033,57.20721
Finland,FIN,2013,86.41951,48.437157,58.456726
Finland,FIN,2014,87.74507,49.34372,59.966705
Finland,FIN,2015,87.09193,52.54579,57.34203
Finland,FIN,2016,88.518166,52.016163,57.765728
Finland,FIN,2017,88.25519,53.460236,57.229244
Finland,FIN,2018,88.10809,51.99193,58.040447
Finland,FIN,2019,87.469894,54.502815,55.97302
Finland,FIN,2020,86.168274,56.785877,52.99167
Finland,FIN,2021,87.03757,55.94206,55.259632
Finland,FIN,2022,86.31931,56.07181,53.65318
Finland,FIN,2023,86.31931,56.07181,53.65318
Finland,FIN,2024,87.199,56.07181,54.53286
Finland,FIN,2025,87.199,56.07181,54.53286
France,FRA,1989,0,0,0
France,FRA,1990,0,0,0
France,FRA,1991,0,0,0
France,FRA,1992,0,0,0
France,FRA,1993,0,0,0
France,FRA,1994,0,0,0
France,FRA,1995,0,0,0
France,FRA,1996,0,0,0
France,FRA,1997,0,0,0
France,FRA,1998,0,0,0
France,FRA,1999,0,0,0
France,FRA,2000,0,0,0
France,FRA,2001,0,0,0
France,FRA,2002,0,0,0
France,FRA,2003,0,0,0
France,FRA,2004,0,0,0
France,FRA,2005,31.16046,0,31.16046
France,FRA,2006,30.549606,0,30.549606
France,FRA,2007,31.850798,0,31.850798
France,FRA,2008,32.410423,0,32.410423
France,FRA,2009,30.91987,0,30.91987
France,FRA,2010,31.818375,0,31.818375
France,FRA,2011,31.409248,0,31.409248
France,FRA,2012,32.117027,0,32.117027
France,FRA,2013,32.04132,0,32.04132
France,FRA,2014,48.66041,23.171404,29.424461
France,FRA,2015,85.7423,60.532345,29.285616
France,FRA,2016,86.51374,59.956707,30.16909
France,FRA,2017,86.97671,60.704292,31.164078
France,FRA,2018,85.240685,62.79987,29.547573
France,FRA,2019,84.64545,62.49375,28.68447
France,FRA,2020,84.00562,61.511387,28.093964
France,FRA,2021,85.08162,60.848843,29.834736
France,FRA,2022,84.86162,60.176582,30.58548
France,FRA,2023,84.86162,60.176582,30.58548
France,FRA,2024,85.36511,60.176582,31.088972
France,FRA,2025,85.36511,60.176582,31.088972
Gabon,GAB,1989,0,0,0
Gabon,GAB,1990,0,0,0
Gabon,GAB,1991,0,0,0
Gabon,GAB,1992,0,0,0
Gabon,GAB,1993,0,0,0
Gabon,GAB,1994,0,0,0
Gabon,GAB,1995,0,0,0
Gabon,GAB,1996,0,0,0
Gabon,GAB,1997,0,0,0
Gabon,GAB,1998,0,0,0
Gabon,GAB,1999,0,0,0
Gabon,GAB,2000,0,0,0
Gabon,GAB,2001,0,0,0
Gabon,GAB,2002,0,0,0
Gabon,GAB,2003,0,0,0
Gabon,GAB,2004,0,0,0
Gabon,GAB,2005,0,0,0
Gabon,GAB,2006,0,0,0
Gabon,GAB,2007,0,0,0
Gabon,GAB,2008,0,0,0
Gabon,GAB,2009,0,0,0
Gabon,GAB,2010,0,0,0
Gabon,GAB,2011,0,0,0
Gabon,GAB,2012,0,0,0
Gabon,GAB,2013,0,0,0
Gabon,GAB,2014,0,0,0
Gabon,GAB,2015,0,0,0
Gabon,GAB,2016,0,0,0
Gabon,GAB,2017,0,0,0
Gabon,GAB,2018,0,0,0
Gabon,GAB,2019,0,0,0
Gabon,GAB,2020,0,0,0
Gabon,GAB,2021,0,0,0
Gabon,GAB,2022,0,0,0
Gabon,GAB,2023,0,0,0
Gabon,GAB,2024,0,0,0
Gabon,GAB,2025,0,0,0
Gambia,GMB,1989,0,0,0
Gambia,GMB,1990,0,0,0
Gambia,GMB,1991,0,0,0
Gambia,GMB,1992,0,0,0
Gambia,GMB,1993,0,0,0
Gambia,GMB,1994,0,0,0
Gambia,GMB,1995,0,0,0
Gambia,GMB,1996,0,0,0
Gambia,GMB,1997,0,0,0
Gambia,GMB,1998,0,0,0
Gambia,GMB,1999,0,0,0
Gambia,GMB,2000,0,0,0
Gambia,GMB,2001,0,0,0
Gambia,GMB,2002,0,0,0
Gambia,GMB,2003,0,0,0
Gambia,GMB,2004,0,0,0
Gambia,GMB,2005,0,0,0
Gambia,GMB,2006,0,0,0
Gambia,GMB,2007,0,0,0
Gambia,GMB,2008,0,0,0
Gambia,GMB,2009,0,0,0
Gambia,GMB,2010,0,0,0
Gambia,GMB,2011,0,0,0
Gambia,GMB,2012,0,0,0
Gambia,GMB,2013,0,0,0
Gambia,GMB,2014,0,0,0
Gambia,GMB,2015,0,0,0
Gambia,GMB,2016,0,0,0
Gambia,GMB,2017,0,0,0
Gambia,GMB,2018,0,0,0
Gambia,GMB,2019,0,0,0
Gambia,GMB,2020,0,0,0
Gambia,GMB,2021,0,0,0
Gambia,GMB,2022,0,0,0
Gambia,GMB,2023,0,0,0
Gambia,GMB,2024,0,0,0
Gambia,GMB,2025,0,0,0
Georgia,GEO,1989,0,0,0
Georgia,GEO,1990,0,0,0
Georgia,GEO,1991,0,0,0
Georgia,GEO,1992,0,0,0
Georgia,GEO,1993,0,0,0
Georgia,GEO,1994,0,0,0
Georgia,GEO,1995,0,0,0
Georgia,GEO,1996,0,0,0
Georgia,GEO,1997,0,0,0
Georgia,GEO,1998,0,0,0
Georgia,GEO,1999,0,0,0
Georgia,GEO,2000,0,0,0
Georgia,GEO,2001,0,0,0
Georgia,GEO,2002,0,0,0
Georgia,GEO,2003,0,0,0
Georgia,GEO,2004,0,0,0
Georgia,GEO,2005,0,0,0
Georgia,GEO,2006,0,0,0
Georgia,GEO,2007,0,0,0
Georgia,GEO,2008,0,0,0
Georgia,GEO,2009,0,0,0
Georgia,GEO,2010,0,0,0
Georgia,GEO,2011,0,0,0
Georgia,GEO,2012,0,0,0
Georgia,GEO,2013,0,0,0
Georgia,GEO,2014,0,0,0
Georgia,GEO,2015,0,0,0
Georgia,GEO,2016,0,0,0
Georgia,GEO,2017,0,0,0
Georgia,GEO,2018,0,0,0
Georgia,GEO,2019,0,0,0
Georgia,GEO,2020,0,0,0
Georgia,GEO,2021,0,0,0
Georgia,GEO,2022,0,0,0
Georgia,GEO,2023,0,0,0
Georgia,GEO,2024,0,0,0
Georgia,GEO,2025,0,0,0
Germany,DEU,1989,0,0,0
Germany,DEU,1990,0,0,0
Germany,DEU,1991,0,0,0
Germany,DEU,1992,0,0,0
Germany,DEU,1993,0,0,0
Germany,DEU,1994,0,0,0
Germany,DEU,1995,0,0,0
Germany,DEU,1996,0,0,0
Germany,DEU,1997,0,0,0
Germany,DEU,1998,0,0,0
Germany,DEU,1999,0,0,0
Germany,DEU,2000,0,0,0
Germany,DEU,2001,0,0,0
Germany,DEU,2002,0,0,0
Germany,DEU,2003,0,0,0
Germany,DEU,2004,0,0,0
Germany,DEU,2005,53.17633,0,53.17633
Germany,DEU,2006,52.80807,0,52.80807
Germany,DEU,2007,55.310314,0,55.310314
Germany,DEU,2008,52.958424,0,52.958424
Germany,DEU,2009,52.159256,0,52.159256
Germany,DEU,2010,51.98876,0,51.98876
Germany,DEU,2011,53.28314,0,53.28314
Germany,DEU,2012,54.1401,0,54.1401
Germany,DEU,2013,53.35031,0,53.35031
Germany,DEU,2014,53.136105,0,53.136105
Germany,DEU,2015,51.907234,0,51.907234
Germany,DEU,2016,50.774193,0,50.774193
Germany,DEU,2017,49.64557,0,49.64557
Germany,DEU,2018,50.029682,0,50.029682
Germany,DEU,2019,46.036423,0,46.036423
Germany,DEU,2020,44.6524,0,44.6524
Germany,DEU,2021,86.55133,0,86.55133
Germany,DEU,2022,87.665436,0,87.665436
Germany,DEU,2023,87.665436,0,87.665436
Germany,DEU,2024,87.665436,0,87.665436
Germany,DEU,2025,87.665436,0,87.665436
Ghana,GHA,1989,0,0,0
Ghana,GHA,1990,0,0,0
Ghana,GHA,1991,0,0,0
Ghana,GHA,1992,0,0,0
Ghana,GHA,1993,0,0,0
Ghana,GHA,1994,0,0,0
Ghana,GHA,1995,0,0,0
Ghana,GHA,1996,0,0,0
Ghana,GHA,1997,0,0,0
Ghana,GHA,1998,0,0,0
Ghana,GHA,1999,0,0,0
Ghana,GHA,2000,0,0,0
Ghana,GHA,2001,0,0,0
Ghana,GHA,2002,0,0,0
Ghana,GHA,2003,0,0,0
Ghana,GHA,2004,0,0,0
Ghana,GHA,2005,0,0,0
Ghana,GHA,2006,0,0,0
Ghana,GHA,2007,0,0,0
Ghana,GHA,2008,0,0,0
Ghana,GHA,2009,0,0,0
Ghana,GHA,2010,0,0,0
Ghana,GHA,2011,0,0,0
Ghana,GHA,2012,0,0,0
Ghana,GHA,2013,0,0,0
Ghana,GHA,2014,0,0,0
Ghana,GHA,2015,0,0,0
Ghana,GHA,2016,0,0,0
Ghana,GHA,2017,0,0,0
Ghana,GHA,2018,0,0,0
Ghana,GHA,2019,0,0,0
Ghana,GHA,2020,0,0,0
Ghana,GHA,2021,0,0,0
Ghana,GHA,2022,0,0,0
Ghana,GHA,2023,0,0,0
Ghana,GHA,2024,0,0,0
Ghana,GHA,2025,0,0,0
Greece,GRC,1989,0,0,0
Greece,GRC,1990,0,0,0
Greece,GRC,1991,0,0,0
Greece,GRC,1992,0,0,0
Greece,GRC,1993,0,0,0
Greece,GRC,1994,0,0,0
Greece,GRC,1995,0,0,0
Greece,GRC,1996,0,0,0
Greece,GRC,1997,0,0,0
Greece,GRC,1998,0,0,0
Greece,GRC,1999,0,0,0
Greece,GRC,2000,0,0,0
Greece,GRC,2001,0,0,0
Greece,GRC,2002,0,0,0
Greece,GRC,2003,0,0,0
Greece,GRC,2004,0,0,0
Greece,GRC,2005,63.362724,0,63.362724
Greece,GRC,2006,62.73244,0,62.73244
Greece,GRC,2007,64.502686,0,64.502686
Greece,GRC,2008,63.819897,0,63.819897
Greece,GRC,2009,60.646175,0,60.646175
Greece,GRC,2010,61.765934,0,61.765934
Greece,GRC,2011,60.7754,0,60.7754
Greece,GRC,2012,66.60497,0,66.60497
Greece,GRC,2013,67.9447,0,67.9447
Greece,GRC,2014,66.70754,0,66.70754
Greece,GRC,2015,61.931896,0,61.931896
Greece,GRC,2016,62.002354,0,62.002354
Greece,GRC,2017,63.750874,0,63.750874
Greece,GRC,2018,63.336395,0,63.336395
Greece,GRC,2019,58.2832,0,58.2832
Greece,GRC,2020,54.370644,0,54.370644
Greece,GRC,2021,56.400047,0,56.400047
Greece,GRC,2022,53.35673,0,53.35673
Greece,GRC,2023,53.35673,0,53.35673
Greece,GRC,2024,56.913578,0,56.913578
Greece,GRC,2025,56.913578,0,56.913578
Grenada,GRD,1989,0,0,0
Grenada,GRD,1990,0,0,0
Grenada,GRD,1991,0,0,0
Grenada,GRD,1992,0,0,0
Grenada,GRD,1993,0,0,0
Grenada,GRD,1994,0,0,0
Grenada,GRD,1995,0,0,0
Grenada,GRD,1996,0,0,0
Grenada,GRD,1997,0,0,0
Grenada,GRD,1998,0,0,0
Grenada,GRD,1999,0,0,0
Grenada,GRD,2000,0,0,0
Grenada,GRD,2001,0,0,0
Grenada,GRD,2002,0,0,0
Grenada,GRD,2003,0,0,0
Grenada,GRD,2004,0,0,0
Grenada,GRD,2005,0,0,0
Grenada,GRD,2006,0,0,0
Grenada,GRD,2007,0,0,0
Grenada,GRD,2008,0,0,0
Grenada,GRD,2009,0,0,0
Grenada,GRD,2010,0,0,0
Grenada,GRD,2011,0,0,0
Grenada,GRD,2012,0,0,0
Grenada,GRD,2013,0,0,0
Grenada,GRD,2014,0,0,0
Grenada,GRD,2015,0,0,0
Grenada,GRD,2016,0,0,0
Grenada,GRD,2017,0,0,0
Grenada,GRD,2018,0,0,0
Grenada,GRD,2019,0,0,0
Grenada,GRD,2020,0,0,0
Grenada,GRD,2021,0,0,0
Grenada,GRD,2022,0,0,0
Grenada,GRD,2023,0,0,0
Grenada,GRD,2024,0,0,0
Grenada,GRD,2025,0,0,0
Guatemala,GTM,1989,0,0,0
Guatemala,GTM,1990,0,0,0
Guatemala,GTM,1991,0,0,0
Guatemala,GTM,1992,0,0,0
Guatemala,GTM,1993,0,0,0
Guatemala,GTM,1994,0,0,0
Guatemala,GTM,1995,0,0,0
Guatemala,GTM,1996,0,0,0
Guatemala,GTM,1997,0,0,0
Guatemala,GTM,1998,0,0,0
Guatemala,GTM,1999,0,0,0
Guatemala,GTM,2000,0,0,0
Guatemala,GTM,2001,0,0,0
Guatemala,GTM,2002,0,0,0
Guatemala,GTM,2003,0,0,0
Guatemala,GTM,2004,0,0,0
Guatemala,GTM,2005,0,0,0
Guatemala,GTM,2006,0,0,0
Guatemala,GTM,2007,0,0,0
Guatemala,GTM,2008,0,0,0
Guatemala,GTM,2009,0,0,0
Guatemala,GTM,2010,0,0,0
Guatemala,GTM,2011,0,0,0
Guatemala,GTM,2012,0,0,0
Guatemala,GTM,2013,0,0,0
Guatemala,GTM,2014,0,0,0
Guatemala,GTM,2015,0,0,0
Guatemala,GTM,2016,0,0,0
Guatemala,GTM,2017,0,0,0
Guatemala,GTM,2018,0,0,0
Guatemala,GTM,2019,0,0,0
Guatemala,GTM,2020,0,0,0
Guatemala,GTM,2021,0,0,0
Guatemala,GTM,2022,0,0,0
Guatemala,GTM,2023,0,0,0
Guatemala,GTM,2024,0,0,0
Guatemala,GTM,2025,0,0,0
Guinea,GIN,1989,0,0,0
Guinea,GIN,1990,0,0,0
Guinea,GIN,1991,0,0,0
Guinea,GIN,1992,0,0,0
Guinea,GIN,1993,0,0,0
Guinea,GIN,1994,0,0,0
Guinea,GIN,1995,0,0,0
Guinea,GIN,1996,0,0,0
Guinea,GIN,1997,0,0,0
Guinea,GIN,1998,0,0,0
Guinea,GIN,1999,0,0,0
Guinea,GIN,2000,0,0,0
Guinea,GIN,2001,0,0,0
Guinea,GIN,2002,0,0,0
Guinea,GIN,2003,0,0,0
Guinea,GIN,2004,0,0,0
Guinea,GIN,2005,0,0,0
Guinea,GIN,2006,0,0,0
Guinea,GIN,2007,0,0,0
Guinea,GIN,2008,0,0,0
Guinea,GIN,2009,0,0,0
Guinea,GIN,2010,0,0,0
Guinea,GIN,2011,0,0,0
Guinea,GIN,2012,0,0,0
Guinea,GIN,2013,0,0,0
Guinea,GIN,2014,0,0,0
Guinea,GIN,2015,0,0,0
Guinea,GIN,2016,0,0,0
Guinea,GIN,2017,0,0,0
Guinea,GIN,2018,0,0,0
Guinea,GIN,2019,0,0,0
Guinea,GIN,2020,0,0,0
Guinea,GIN,2021,0,0,0
Guinea,GIN,2022,0,0,0
Guinea,GIN,2023,0,0,0
Guinea,GIN,2024,0,0,0
Guinea,GIN,2025,0,0,0
Guinea-Bissau,GNB,1989,0,0,0
Guinea-Bissau,GNB,1990,0,0,0
Guinea-Bissau,GNB,1991,0,0,0
Guinea-Bissau,GNB,1992,0,0,0
Guinea-Bissau,GNB,1993,0,0,0
Guinea-Bissau,GNB,1994,0,0,0
Guinea-Bissau,GNB,1995,0,0,0
Guinea-Bissau,GNB,1996,0,0,0
Guinea-Bissau,GNB,1997,0,0,0
Guinea-Bissau,GNB,1998,0,0,0
Guinea-Bissau,GNB,1999,0,0,0
Guinea-Bissau,GNB,2000,0,0,0
Guinea-Bissau,GNB,2001,0,0,0
Guinea-Bissau,GNB,2002,0,0,0
Guinea-Bissau,GNB,2003,0,0,0
Guinea-Bissau,GNB,2004,0,0,0
Guinea-Bissau,GNB,2005,0,0,0
Guinea-Bissau,GNB,2006,0,0,0
Guinea-Bissau,GNB,2007,0,0,0
Guinea-Bissau,GNB,2008,0,0,0
Guinea-Bissau,GNB,2009,0,0,0
Guinea-Bissau,GNB,2010,0,0,0
Guinea-Bissau,GNB,2011,0,0,0
Guinea-Bissau,GNB,2012,0,0,0
Guinea-Bissau,GNB,2013,0,0,0
Guinea-Bissau,GNB,2014,0,0,0
Guinea-Bissau,GNB,2015,0,0,0
Guinea-Bissau,GNB,2016,0,0,0
Guinea-Bissau,GNB,2017,0,0,0
Guinea-Bissau,GNB,2018,0,0,0
Guinea-Bissau,GNB,2019,0,0,0
Guinea-Bissau,GNB,2020,0,0,0
Guinea-Bissau,GNB,2021,0,0,0
Guinea-Bissau,GNB,2022,0,0,0
Guinea-Bissau,GNB,2023,0,0,0
Guinea-Bissau,GNB,2024,0,0,0
Guinea-Bissau,GNB,2025,0,0,0
Guyana,GUY,1989,0,0,0
Guyana,GUY,1990,0,0,0
Guyana,GUY,1991,0,0,0
Guyana,GUY,1992,0,0,0
Guyana,GUY,1993,0,0,0
Guyana,GUY,1994,0,0,0
Guyana,GUY,1995,0,0,0
Guyana,GUY,1996,0,0,0
Guyana,GUY,1997,0,0,0
Guyana,GUY,1998,0,0,0
Guyana,GUY,1999,0,0,0
Guyana,GUY,2000,0,0,0
Guyana,GUY,2001,0,0,0
Guyana,GUY,2002,0,0,0
Guyana,GUY,2003,0,0,0
Guyana,GUY,2004,0,0,0
Guyana,GUY,2005,0,0,0
Guyana,GUY,2006,0,0,0
Guyana,GUY,2007,0,0,0
Guyana,GUY,2008,0,0,0
Guyana,GUY,2009,0,0,0
Guyana,GUY,2010,0,0,0
Guyana,GUY,2011,0,0,0
Guyana,GUY,2012,0,0,0
Guyana,GUY,2013,0,0,0
Guyana,GUY,2014,0,0,0
Guyana,GUY,2015,0,0,0
Guyana,GUY,2016,0,0,0
Guyana,GUY,2017,0,0,0
Guyana,GUY,2018,0,0,0
Guyana,GUY,2019,0,0,0
Guyana,GUY,2020,0,0,0
Guyana,GUY,2021,0,0,0
Guyana,GUY,2022,0,0,0
Guyana,GUY,2023,0,0,0
Guyana,GUY,2024,0,0,0
Guyana,GUY,2025,0,0,0
Haiti,HTI,1989,0,0,0
Haiti,HTI,1990,0,0,0
Haiti,HTI,1991,0,0,0
Haiti,HTI,1992,0,0,0
Haiti,HTI,1993,0,0,0
Haiti,HTI,1994,0,0,0
Haiti,HTI,1995,0,0,0
Haiti,HTI,1996,0,0,0
Haiti,HTI,1997,0,0,0
Haiti,HTI,1998,0,0,0
Haiti,HTI,1999,0,0,0
Haiti,HTI,2000,0,0,0
Haiti,HTI,2001,0,0,0
Haiti,HTI,2002,0,0,0
Haiti,HTI,2003,0,0,0
Haiti,HTI,2004,0,0,0
Haiti,HTI,2005,0,0,0
Haiti,HTI,2006,0,0,0
Haiti,HTI,2007,0,0,0
Haiti,HTI,2008,0,0,0
Haiti,HTI,2009,0,0,0
Haiti,HTI,2010,0,0,0
Haiti,HTI,2011,0,0,0
Haiti,HTI,2012,0,0,0
Haiti,HTI,2013,0,0,0
Haiti,HTI,2014,0,0,0
Haiti,HTI,2015,0,0,0
Haiti,HTI,2016,0,0,0
Haiti,HTI,2017,0,0,0
Haiti,HTI,2018,0,0,0
Haiti,HTI,2019,0,0,0
Haiti,HTI,2020,0,0,0
Haiti,HTI,2021,0,0,0
Haiti,HTI,2022,0,0,0
Haiti,HTI,2023,0,0,0
Haiti,HTI,2024,0,0,0
Haiti,HTI,2025,0,0,0
Honduras,HND,1989,0,0,0
Honduras,HND,1990,0,0,0
Honduras,HND,1991,0,0,0
Honduras,HND,1992,0,0,0
Honduras,HND,1993,0,0,0
Honduras,HND,1994,0,0,0
Honduras,HND,1995,0,0,0
Honduras,HND,1996,0,0,0
Honduras,HND,1997,0,0,0
Honduras,HND,1998,0,0,0
Honduras,HND,1999,0,0,0
Honduras,HND,2000,0,0,0
Honduras,HND,2001,0,0,0
Honduras,HND,2002,0,0,0
Honduras,HND,2003,0,0,0
Honduras,HND,2004,0,0,0
Honduras,HND,2005,0,0,0
Honduras,HND,2006,0,0,0
Honduras,HND,2007,0,0,0
Honduras,HND,2008,0,0,0
Honduras,HND,2009,0,0,0
Honduras,HND,2010,0,0,0
Honduras,HND,2011,0,0,0
Honduras,HND,2012,0,0,0
Honduras,HND,2013,0,0,0
Honduras,HND,2014,0,0,0
Honduras,HND,2015,0,0,0
Honduras,HND,2016,0,0,0
Honduras,HND,2017,0,0,0
Honduras,HND,2018,0,0,0
Honduras,HND,2019,0,0,0
Honduras,HND,2020,0,0,0
Honduras,HND,2021,0,0,0
Honduras,HND,2022,0,0,0
Honduras,HND,2023,0,0,0
Honduras,HND,2024,0,0,0
Honduras,HND,2025,0,0,0
Hong Kong,HKG,1989,0,0,0
Hong Kong,HKG,1990,0,0,0
Hong Kong,HKG,1991,0,0,0
Hong Kong,HKG,1992,0,0,0
Hong Kong,HKG,1993,0,0,0
Hong Kong,HKG,1994,0,0,0
Hong Kong,HKG,1995,0,0,0
Hong Kong,HKG,1996,0,0,0
Hong Kong,HKG,1997,0,0,0
Hong Kong,HKG,1998,0,0,0
Hong Kong,HKG,1999,0,0,0
Hong Kong,HKG,2000,0,0,0
Hong Kong,HKG,2001,0,0,0
Hong Kong,HKG,2002,0,0,0
Hong Kong,HKG,2003,0,0,0
Hong Kong,HKG,2004,0,0,0
Hong Kong,HKG,2005,0,0,0
Hong Kong,HKG,2006,0,0,0
Hong Kong,HKG,2007,0,0,0
Hong Kong,HKG,2008,0,0,0
Hong Kong,HKG,2009,0,0,0
Hong Kong,HKG,2010,0,0,0
Hong Kong,HKG,2011,0,0,0
Hong Kong,HKG,2012,0,0,0
Hong Kong,HKG,2013,0,0,0
Hong Kong,HKG,2014,0,0,0
Hong Kong,HKG,2015,0,0,0
Hong Kong,HKG,2016,0,0,0
Hong Kong,HKG,2017,0,0,0
Hong Kong,HKG,2018,0,0,0
Hong Kong,HKG,2019,0,0,0
Hong Kong,HKG,2020,0,0,0
Hong Kong,HKG,2021,0,0,0
Hong Kong,HKG,2022,0,0,0
Hong Kong,HKG,2023,0,0,0
Hong Kong,HKG,2024,0,0,0
Hong Kong,HKG,2025,0,0,0
Hungary,HUN,1989,0,0,0
Hungary,HUN,1990,0,0,0
Hungary,HUN,1991,0,0,0
Hungary,HUN,1992,0,0,0
Hungary,HUN,1993,0,0,0
Hungary,HUN,1994,0,0,0
Hungary,HUN,1995,0,0,0
Hungary,HUN,1996,0,0,0
Hungary,HUN,1997,0,0,0
Hungary,HUN,1998,0,0,0
Hungary,HUN,1999,0,0,0
Hungary,HUN,2000,0,0,0
Hungary,HUN,2001,0,0,0
Hungary,HUN,2002,0,0,0
Hungary,HUN,2003,0,0,0
Hungary,HUN,2004,0,0,0
Hungary,HUN,2005,43.247936,0,43.247936
Hungary,HUN,2006,44.014187,0,44.014187
Hungary,HUN,2007,46.726955,0,46.726955
Hungary,HUN,2008,46.14119,0,46.14119
Hungary,HUN,2009,41.833107,0,41.833107
Hungary,HUN,2010,41.963413,0,41.963413
Hungary,HUN,2011,41.751804,0,41.751804
Hungary,HUN,2012,42.879044,0,42.879044
Hungary,HUN,2013,41.383316,0,41.383316
Hungary,HUN,2014,40.71458,0,40.71458
Hungary,HUN,2015,39.83722,0,39.83722
Hungary,HUN,2016,39.494152,0,39.494152
Hungary,HUN,2017,39.525387,0,39.525387
Hungary,HUN,2018,37.49887,0,37.49887
Hungary,HUN,2019,36.294537,0,36.294537
Hungary,HUN,2020,36.78858,0,36.78858
Hungary,HUN,2021,33.927776,0,33.927776
Hungary,HUN,2022,33.233112,0,33.233112
Hungary,HUN,2023,33.233112,31.79377,33.233112
Hungary,HUN,2024,33.259655,31.79377,33.259655
Hungary,HUN,2025,33.259655,31.79377,33.259655
Iceland,ISL,1989,0,0,0
Iceland,ISL,1990,0,0,0
Iceland,ISL,1991,0,0,0
Iceland,ISL,1992,0,0,0
Iceland,ISL,1993,0,0,0
Iceland,ISL,1994,0,0,0
Iceland,ISL,1995,0,0,0
Iceland,ISL,1996,0,0,0
Iceland,ISL,1997,0,0,0
Iceland,ISL,1998,0,0,0
Iceland,ISL,1999,0,0,0
Iceland,ISL,2000,0,0,0
Iceland,ISL,2001,0,0,0
Iceland,ISL,2002,0,0,0
Iceland,ISL,2003,0,0,0
Iceland,ISL,2004,0,0,0
Iceland,ISL,2005,0,0,0
Iceland,ISL,2006,0,0,0
Iceland,ISL,2007,0,0,0
Iceland,ISL,2008,17.775444,0,17.775444
Iceland,ISL,2009,14.862132,0,14.862132
Iceland,ISL,2010,52.14582,37.319675,14.826146
Iceland,ISL,2011,52.337807,37.650063,14.687744
Iceland,ISL,2012,52.1515,36.470585,15.680917
Iceland,ISL,2013,53.69199,38.954346,14.737648
Iceland,ISL,2014,55.809246,40.021095,15.788153
Iceland,ISL,2015,54.905952,40.46088,14.445071
Iceland,ISL,2016,50.411736,45.24383,5.1679053
Iceland,ISL,2017,49.263493,44.60236,4.661131
Iceland,ISL,2018,50.296097,46.39701,3.89909
Iceland,ISL,2019,49.933735,46.332123,3.6016135
Iceland,ISL,2020,46.28749,43.815647,2.4718416
Iceland,ISL,2021,48.453484,45.404984,3.0484996
Iceland,ISL,2022,48.438038,45.441566,2.996469
Iceland,ISL,2023,48.438038,45.441566,2.996469
Iceland,ISL,2024,49.186726,45.441566,3.7451546
Iceland,ISL,2025,49.186726,45.441566,3.7451546
India,IND,1989,0,0,0
India,IND,1990,0,0,0
India,IND,1991,0,0,0
India,IND,1992,0,0,0
India,IND,1993,0,0,0
India,IND,1994,0,0,0
India,IND,1995,0,0,0
India,IND,1996,0,0,0
India,IND,1997,0,0,0
India,IND,1998,0,0,0
India,IND,1999,0,0,0
India,IND,2000,0,0,0
India,IND,2001,0,0,0
India,IND,2002,0,0,0
India,IND,2003,0,0,0
India,IND,2004,0,0,0
India,IND,2005,0,0,0
India,IND,2006,0,0,0
India,IND,2007,0,0,0
India,IND,2008,0,0,0
India,IND,2009,0,0,0
India,IND,2010,0,0,0
India,IND,2011,0,0,0
India,IND,2012,0,0,0
India,IND,2013,0,0,0
India,IND,2014,0,0,0
India,IND,2015,0,0,0
India,IND,2016,0,0,0
India,IND,2017,0,0,0
India,IND,2018,0,0,0
India,IND,2019,0,0,0
India,IND,2020,0,0,0
India,IND,2021,0,0,0
India,IND,2022,0,0,0
India,IND,2023,0,0,0
India,IND,2024,0,0,0
India,IND,2025,0,0,0
Indonesia,IDN,1989,0,0,0
Indonesia,IDN,1990,0,0,0
Indonesia,IDN,1991,0,0,0
Indonesia,IDN,1992,0,0,0
Indonesia,IDN,1993,0,0,0
Indonesia,IDN,1994,0,0,0
Indonesia,IDN,1995,0,0,0
Indonesia,IDN,1996,0,0,0
Indonesia,IDN,1997,0,0,0
Indonesia,IDN,1998,0,0,0
Indonesia,IDN,1999,0,0,0
Indonesia,IDN,2000,0,0,0
Indonesia,IDN,2001,0,0,0
Indonesia,IDN,2002,0,0,0
Indonesia,IDN,2003,0,0,0
Indonesia,IDN,2004,0,0,0
Indonesia,IDN,2005,0,0,0
Indonesia,IDN,2006,0,0,0
Indonesia,IDN,2007,0,0,0
Indonesia,IDN,2008,0,0,0
Indonesia,IDN,2009,0,0,0
Indonesia,IDN,2010,0,0,0
Indonesia,IDN,2011,0,0,0
Indonesia,IDN,2012,0,0,0
Indonesia,IDN,2013,0,0,0
Indonesia,IDN,2014,0,0,0
Indonesia,IDN,2015,0,0,0
Indonesia,IDN,2016,0,0,0
Indonesia,IDN,2017,0,0,0
Indonesia,IDN,2018,0,0,0
Indonesia,IDN,2019,0,0,0
Indonesia,IDN,2020,0,0,0
Indonesia,IDN,2021,0,0,0
Indonesia,IDN,2022,0,0,0
Indonesia,IDN,2023,20.222265,0,20.222265
Indonesia,IDN,2024,20.222265,0,20.222265
Indonesia,IDN,2025,20.222265,0,20.222265
Iran,IRN,1989,0,0,0
Iran,IRN,1990,0,0,0
Iran,IRN,1991,0,0,0
Iran,IRN,1992,0,0,0
Iran,IRN,1993,0,0,0
Iran,IRN,1994,0,0,0
Iran,IRN,1995,0,0,0
Iran,IRN,1996,0,0,0
Iran,IRN,1997,0,0,0
Iran,IRN,1998,0,0,0
Iran,IRN,1999,0,0,0
Iran,IRN,2000,0,0,0
Iran,IRN,2001,0,0,0
Iran,IRN,2002,0,0,0
Iran,IRN,2003,0,0,0
Iran,IRN,2004,0,0,0
Iran,IRN,2005,0,0,0
Iran,IRN,2006,0,0,0
Iran,IRN,2007,0,0,0
Iran,IRN,2008,0,0,0
Iran,IRN,2009,0,0,0
Iran,IRN,2010,0,0,0
Iran,IRN,2011,0,0,0
Iran,IRN,2012,0,0,0
Iran,IRN,2013,0,0,0
Iran,IRN,2014,0,0,0
Iran,IRN,2015,0,0,0
Iran,IRN,2016,0,0,0
Iran,IRN,2017,0,0,0
Iran,IRN,2018,0,0,0
Iran,IRN,2019,0,0,0
Iran,IRN,2020,0,0,0
Iran,IRN,2021,0,0,0
Iran,IRN,2022,0,0,0
Iran,IRN,2023,0,0,0
Iran,IRN,2024,0,0,0
Iran,IRN,2025,0,0,0
Iraq,IRQ,1989,0,0,0
Iraq,IRQ,1990,0,0,0
Iraq,IRQ,1991,0,0,0
Iraq,IRQ,1992,0,0,0
Iraq,IRQ,1993,0,0,0
Iraq,IRQ,1994,0,0,0
Iraq,IRQ,1995,0,0,0
Iraq,IRQ,1996,0,0,0
Iraq,IRQ,1997,0,0,0
Iraq,IRQ,1998,0,0,0
Iraq,IRQ,1999,0,0,0
Iraq,IRQ,2000,0,0,0
Iraq,IRQ,2001,0,0,0
Iraq,IRQ,2002,0,0,0
Iraq,IRQ,2003,0,0,0
Iraq,IRQ,2004,0,0,0
Iraq,IRQ,2005,0,0,0
Iraq,IRQ,2006,0,0,0
Iraq,IRQ,2007,0,0,0
Iraq,IRQ,2008,0,0,0
Iraq,IRQ,2009,0,0,0
Iraq,IRQ,2010,0,0,0
Iraq,IRQ,2011,0,0,0
Iraq,IRQ,2012,0,0,0
Iraq,IRQ,2013,0,0,0
Iraq,IRQ,2014,0,0,0
Iraq,IRQ,2015,0,0,0
Iraq,IRQ,2016,0,0,0
Iraq,IRQ,2017,0,0,0
Iraq,IRQ,2018,0,0,0
Iraq,IRQ,2019,0,0,0
Iraq,IRQ,2020,0,0,0
Iraq,IRQ,2021,0,0,0
Iraq,IRQ,2022,0,0,0
Iraq,IRQ,2023,0,0,0
Iraq,IRQ,2024,0,0,0
Iraq,IRQ,2025,0,0,0
Ireland,IRL,1989,0,0,0
Ireland,IRL,1990,0,0,0
Ireland,IRL,1991,0,0,0
Ireland,IRL,1992,0,0,0
Ireland,IRL,1993,0,0,0
Ireland,IRL,1994,0,0,0
Ireland,IRL,1995,0,0,0
Ireland,IRL,1996,0,0,0
Ireland,IRL,1997,0,0,0
Ireland,IRL,1998,0,0,0
Ireland,IRL,1999,0,0,0
Ireland,IRL,2000,0,0,0
Ireland,IRL,2001,0,0,0
Ireland,IRL,2002,0,0,0
Ireland,IRL,2003,0,0,0
Ireland,IRL,2004,0,0,0
Ireland,IRL,2005,48.40016,0,48.40016
Ireland,IRL,2006,46.602604,0,46.602604
Ireland,IRL,2007,45.455517,0,45.455517
Ireland,IRL,2008,44.52048,0,44.52048
Ireland,IRL,2009,42.027077,0,42.027077
Ireland,IRL,2010,91.730896,48.848377,42.88252
Ireland,IRL,2011,91.44621,49.04854,42.397675
Ireland,IRL,2012,91.16525,46.780594,44.449936
Ireland,IRL,2013,95.65265,53.494144,42.226063
Ireland,IRL,2014,95.726,52.292324,43.50159
Ireland,IRL,2015,90.88806,47.183807,43.769455
Ireland,IRL,2016,96.03908,51.70635,44.36379
Ireland,IRL,2017,95.38221,51.671036,43.755207
Ireland,IRL,2018,92.75233,54.0626,38.73226
Ireland,IRL,2019,92.21093,55.822243,36.436535
Ireland,IRL,2020,92.216835,55.011677,37.24387
Ireland,IRL,2021,92.34768,52.66766,39.731743
Ireland,IRL,2022,91.97711,53.229755,38.858715
Ireland,IRL,2023,91.97711,53.229755,38.858715
Ireland,IRL,2024,91.97711,53.229755,39.70189
Ireland,IRL,2025,91.97711,53.229755,39.70189
Israel,ISR,1989,0,0,0
Israel,ISR,1990,0,0,0
Israel,ISR,1991,0,0,0
Israel,ISR,1992,0,0,0
Israel,ISR,1993,0,0,0
Israel,ISR,1994,0,0,0
Israel,ISR,1995,0,0,0
Israel,ISR,1996,0,0,0
Israel,ISR,1997,0,0,0
Israel,ISR,1998,0,0,0
Israel,ISR,1999,0,0,0
Israel,ISR,2000,0,0,0
Israel,ISR,2001,0,0,0
Israel,ISR,2002,0,0,0
Israel,ISR,2003,0,0,0
Israel,ISR,2004,0,0,0
Israel,ISR,2005,0,0,0
Israel,ISR,2006,0,0,0
Israel,ISR,2007,0,0,0
Israel,ISR,2008,0,0,0
Israel,ISR,2009,0,0,0
Israel,ISR,2010,0,0,0
Israel,ISR,2011,0,0,0
Israel,ISR,2012,0,0,0
Israel,ISR,2013,0,0,0
Israel,ISR,2014,0,0,0
Israel,ISR,2015,0,0,0
Israel,ISR,2016,0,0,0
Israel,ISR,2017,0,0,0
Israel,ISR,2018,0,0,0
Israel,ISR,2019,0,0,0
Israel,ISR,2020,0,0,0
Israel,ISR,2021,0,0,0
Israel,ISR,2022,0,0,0
Israel,ISR,2023,0,0,0
Israel,ISR,2024,0,0,0
Israel,ISR,2025,0,0,0
Italy,ITA,1989,0,0,0
Italy,ITA,1990,0,0,0
Italy,ITA,1991,0,0,0
Italy,ITA,1992,0,0,0
Italy,ITA,1993,0,0,0
Italy,ITA,1994,0,0,0
Italy,ITA,1995,0,0,0
Italy,ITA,1996,0,0,0
Italy,ITA,1997,0,0,0
Italy,ITA,1998,0,0,0
Italy,ITA,1999,0,0,0
Italy,ITA,2000,0,0,0
Italy,ITA,2001,0,0,0
Italy,ITA,2002,0,0,0
Italy,ITA,2003,0,0,0
Italy,ITA,2004,0,0,0
Italy,ITA,2005,49.60953,0,49.60953
Italy,ITA,2006,49.517376,0,49.517376
Italy,ITA,2007,50.059772,0,50.059772
Italy,ITA,2008,49.690186,0,49.690186
Italy,ITA,2009,45.52614,0,45.52614
Italy,ITA,2010,45.87659,0,45.87659
Italy,ITA,2011,46.167286,0,46.167286
Italy,ITA,2012,47.07871,0,47.07871
Italy,ITA,2013,43.787758,0,43.787758
Italy,ITA,2014,42.755543,0,42.755543
Italy,ITA,2015,41.9286,0,41.9286
Italy,ITA,2016,41.6528,0,41.6528
Italy,ITA,2017,42.314087,0,42.314087
Italy,ITA,2018,40.314705,0,40.314705
Italy,ITA,2019,39.68289,0,39.68289
Italy,ITA,2020,40.220787,0,40.220787
Italy,ITA,2021,38.87578,0,38.87578
Italy,ITA,2022,40.8342,0,40.8342
Italy,ITA,2023,40.8342,0,40.8342
Italy,ITA,2024,41.344654,0,41.344654
Italy,ITA,2025,41.344654,0,41.344654
Jamaica,JAM,1989,0,0,0
Jamaica,JAM,1990,0,0,0
Jamaica,JAM,1991,0,0,0
Jamaica,JAM,1992,0,0,0
Jamaica,JAM,1993,0,0,0
Jamaica,JAM,1994,0,0,0
Jamaica,JAM,1995,0,0,0
Jamaica,JAM,1996,0,0,0
Jamaica,JAM,1997,0,0,0
Jamaica,JAM,1998,0,0,0
Jamaica,JAM,1999,0,0,0
Jamaica,JAM,2000,0,0,0
Jamaica,JAM,2001,0,0,0
Jamaica,JAM,2002,0,0,0
Jamaica,JAM,2003,0,0,0
Jamaica,JAM,2004,0,0,0
Jamaica,JAM,2005,0,0,0
Jamaica,JAM,2006,0,0,0
Jamaica,JAM,2007,0,0,0
Jamaica,JAM,2008,0,0,0
Jamaica,JAM,2009,0,0,0
Jamaica,JAM,2010,0,0,0
Jamaica,JAM,2011,0,0,0
Jamaica,JAM,2012,0,0,0
Jamaica,JAM,2013,0,0,0
Jamaica,JAM,2014,0,0,0
Jamaica,JAM,2015,0,0,0
Jamaica,JAM,2016,0,0,0
Jamaica,JAM,2017,0,0,0
Jamaica,JAM,2018,0,0,0
Jamaica,JAM,2019,0,0,0
Jamaica,JAM,2020,0,0,0
Jamaica,JAM,2021,0,0,0
Jamaica,JAM,2022,0,0,0
Jamaica,JAM,2023,0,0,0
Jamaica,JAM,2024,0,0,0
Jamaica,JAM,2025,0,0,0
Japan,JPN,1989,0,0,0
Japan,JPN,1990,0,0,0
Japan,JPN,1991,0,0,0
Japan,JPN,1992,0,0,0
Japan,JPN,1993,0,0,0
Japan,JPN,1994,0,0,0
Japan,JPN,1995,0,0,0
Japan,JPN,1996,0,0,0
Japan,JPN,1997,0,0,0
Japan,JPN,1998,0,0,0
Japan,JPN,1999,0,0,0
Japan,JPN,2000,0,0,0
Japan,JPN,2001,0,0,0
Japan,JPN,2002,0,0,0
Japan,JPN,2003,0,0,0
Japan,JPN,2004,0,0,0
Japan,JPN,2005,0,0,0
Japan,JPN,2006,0,0,0
Japan,JPN,2007,0,0,0
Japan,JPN,2008,0,0,0
Japan,JPN,2009,0,0,0
Japan,JPN,2010,0,0,0
Japan,JPN,2011,0,0,0
Japan,JPN,2012,67.34076,67.34076,0
Japan,JPN,2013,66.726395,66.726395,0
Japan,JPN,2014,66.41834,66.41834,0
Japan,JPN,2015,65.94557,65.94557,0
Japan,JPN,2016,68.5499,68.5499,0
Japan,JPN,2017,68.22677,68.22677,0
Japan,JPN,2018,67.236824,67.236824,0
Japan,JPN,2019,66.798195,66.798195,0
Japan,JPN,2020,67.34257,67.34257,0
Japan,JPN,2021,67.25762,67.25762,0
Japan,JPN,2022,67.111435,67.111435,0
Japan,JPN,2023,67.111435,67.111435,0
Japan,JPN,2024,67.111435,67.111435,0
Japan,JPN,2025,67.111435,67.111435,0
Jordan,JOR,1989,0,0,0
Jordan,JOR,1990,0,0,0
Jordan,JOR,1991,0,0,0
Jordan,JOR,1992,0,0,0
Jordan,JOR,1993,0,0,0
Jordan,JOR,1994,0,0,0
Jordan,JOR,1995,0,0,0
Jordan,JOR,1996,0,0,0
Jordan,JOR,1997,0,0,0
Jordan,JOR,1998,0,0,0
Jordan,JOR,1999,0,0,0
Jordan,JOR,2000,0,0,0
Jordan,JOR,2001,0,0,0
Jordan,JOR,2002,0,0,0
Jordan,JOR,2003,0,0,0
Jordan,JOR,2004,0,0,0
Jordan,JOR,2005,0,0,0
Jordan,JOR,2006,0,0,0
Jordan,JOR,2007,0,0,0
Jordan,JOR,2008,0,0,0
Jordan,JOR,2009,0,0,0
Jordan,JOR,2010,0,0,0
Jordan,JOR,2011,0,0,0
Jordan,JOR,2012,0,0,0
Jordan,JOR,2013,0,0,0
Jordan,JOR,2014,0,0,0
Jordan,JOR,2015,0,0,0
Jordan,JOR,2016,0,0,0
Jordan,JOR,2017,0,0,0
Jordan,JOR,2018,0,0,0
Jordan,JOR,2019,0,0,0
Jordan,JOR,2020,0,0,0
Jordan,JOR,2021,0,0,0
Jordan,JOR,2022,0,0,0
Jordan,JOR,2023,0,0,0
Jordan,JOR,2024,0,0,0
Jordan,JOR,2025,0,0,0
Kazakhstan,KAZ,1989,0,0,0
Kazakhstan,KAZ,1990,0,0,0
Kazakhstan,KAZ,1991,0,0,0
Kazakhstan,KAZ,1992,0,0,0
Kazakhstan,KAZ,1993,0,0,0
Kazakhstan,KAZ,1994,0,0,0
Kazakhstan,KAZ,1995,0,0,0
Kazakhstan,KAZ,1996,0,0,0
Kazakhstan,KAZ,1997,0,0,0
Kazakhstan,KAZ,1998,0,0,0
Kazakhstan,KAZ,1999,0,0,0
Kazakhstan,KAZ,2000,0,0,0
Kazakhstan,KAZ,2001,0,0,0
Kazakhstan,KAZ,2002,0,0,0
Kazakhstan,KAZ,2003,0,0,0
Kazakhstan,KAZ,2004,0,0,0
Kazakhstan,KAZ,2005,0,0,0
Kazakhstan,KAZ,2006,0,0,0
Kazakhstan,KAZ,2007,0,0,0
Kazakhstan,KAZ,2008,0,0,0
Kazakhstan,KAZ,2009,0,0,0
Kazakhstan,KAZ,2010,0,0,0
Kazakhstan,KAZ,2011,0,0,0
Kazakhstan,KAZ,2012,0,0,0
Kazakhstan,KAZ,2013,59.591286,0,59.591286
Kazakhstan,KAZ,2014,53.18183,0,53.18183
Kazakhstan,KAZ,2015,54.79447,0,54.79447
Kazakhstan,KAZ,2016,0,0,0
Kazakhstan,KAZ,2017,0,0,0
Kazakhstan,KAZ,2018,60.677517,0,60.677517
Kazakhstan,KAZ,2019,62.245995,0,62.245995
Kazakhstan,KAZ,2020,61.028355,0,61.028355
Kazakhstan,KAZ,2021,55.619633,0,55.619633
Kazakhstan,KAZ,2022,56.229298,0,56.229298
Kazakhstan,KAZ,2023,56.229298,0,56.229298
Kazakhstan,KAZ,2024,56.229298,0,56.229298
Kazakhstan,KAZ,2025,56.229298,0,56.229298
Kenya,KEN,1989,0,0,0
Kenya,KEN,1990,0,0,0
Kenya,KEN,1991,0,0,0
Kenya,KEN,1992,0,0,0
Kenya,KEN,1993,0,0,0
Kenya,KEN,1994,0,0,0
Kenya,KEN,1995,0,0,0
Kenya,KEN,1996,0,0,0
Kenya,KEN,1997,0,0,0
Kenya,KEN,1998,0,0,0
Kenya,KEN,1999,0,0,0
Kenya,KEN,2000,0,0,0
Kenya,KEN,2001,0,0,0
Kenya,KEN,2002,0,0,0
Kenya,KEN,2003,0,0,0
Kenya,KEN,2004,0,0,0
Kenya,KEN,2005,0,0,0
Kenya,KEN,2006,0,0,0
Kenya,KEN,2007,0,0,0
Kenya,KEN,2008,0,0,0
Kenya,KEN,2009,0,0,0
Kenya,KEN,2010,0,0,0
Kenya,KEN,2011,0,0,0
Kenya,KEN,2012,0,0,0
Kenya,KEN,2013,0,0,0
Kenya,KEN,2014,0,0,0
Kenya,KEN,2015,0,0,0
Kenya,KEN,2016,0,0,0
Kenya,KEN,2017,0,0,0
Kenya,KEN,2018,0,0,0
Kenya,KEN,2019,0,0,0
Kenya,KEN,2020,0,0,0
Kenya,KEN,2021,0,0,0
Kenya,KEN,2022,0,0,0
Kenya,KEN,2023,0,0,0
Kenya,KEN,2024,0,0,0
Kenya,KEN,2025,0,0,0
Kiribati,KIR,1989,0,0,0
Kiribati,KIR,1990,0,0,0
Kiribati,KIR,1991,0,0,0
Kiribati,KIR,1992,0,0,0
Kiribati,KIR,1993,0,0,0
Kiribati,KIR,1994,0,0,0
Kiribati,KIR,1995,0,0,0
Kiribati,KIR,1996,0,0,0
Kiribati,KIR,1997,0,0,0
Kiribati,KIR,1998,0,0,0
Kiribati,KIR,1999,0,0,0
Kiribati,KIR,2000,0,0,0
Kiribati,KIR,2001,0,0,0
Kiribati,KIR,2002,0,0,0
Kiribati,KIR,2003,0,0,0
Kiribati,KIR,2004,0,0,0
Kiribati,KIR,2005,0,0,0
Kiribati,KIR,2006,0,0,0
Kiribati,KIR,2007,0,0,0
Kiribati,KIR,2008,0,0,0
Kiribati,KIR,2009,0,0,0
Kiribati,KIR,2010,0,0,0
Kiribati,KIR,2011,0,0,0
Kiribati,KIR,2012,0,0,0
Kiribati,KIR,2013,0,0,0
Kiribati,KIR,2014,0,0,0
Kiribati,KIR,2015,0,0,0
Kiribati,KIR,2016,0,0,0
Kiribati,KIR,2017,0,0,0
Kiribati,KIR,2018,0,0,0
Kiribati,KIR,2019,0,0,0
Kiribati,KIR,2020,0,0,0
Kiribati,KIR,2021,0,0,0
Kiribati,KIR,2022,0,0,0
Kiribati,KIR,2023,0,0,0
Kiribati,KIR,2024,0,0,0
Kiribati,KIR,2025,0,0,0
Kosovo,OWID_KOS,1989,0,0,0
Kosovo,OWID_KOS,1990,0,0,0
Kosovo,OWID_KOS,1991,0,0,0
Kosovo,OWID_KOS,1992,0,0,0
Kosovo,OWID_KOS,1993,0,0,0
Kosovo,OWID_KOS,1994,0,0,0
Kosovo,OWID_KOS,1995,0,0,0
Kosovo,OWID_KOS,1996,0,0,0
Kosovo,OWID_KOS,1997,0,0,0
Kosovo,OWID_KOS,1998,0,0,0
Kosovo,OWID_KOS,1999,0,0,0
Kosovo,OWID_KOS,2000,0,0,0
Kosovo,OWID_KOS,2001,0,0,0
Kosovo,OWID_KOS,2002,0,0,0
Kosovo,OWID_KOS,2003,0,0,0
Kosovo,OWID_KOS,2004,0,0,0
Kosovo,OWID_KOS,2005,0,0,0
Kosovo,OWID_KOS,2006,0,0,0
Kosovo,OWID_KOS,2007,0,0,0
Kosovo,OWID_KOS,2008,0,0,0
Kosovo,OWID_KOS,2009,0,0,0
Kosovo,OWID_KOS,2010,0,0,0
Kosovo,OWID_KOS,2011,0,0,0
Kosovo,OWID_KOS,2012,0,0,0
Kosovo,OWID_KOS,2013,0,0,0
Kosovo,OWID_KOS,2014,0,0,0
Kosovo,OWID_KOS,2015,0,0,0
Kosovo,OWID_KOS,2016,0,0,0
Kosovo,OWID_KOS,2017,0,0,0
Kosovo,OWID_KOS,2018,0,0,0
Kosovo,OWID_KOS,2019,0,0,0
Kosovo,OWID_KOS,2020,0,0,0
Kosovo,OWID_KOS,2021,0,0,0
Kosovo,OWID_KOS,2022,0,0,0
Kosovo,OWID_KOS,2023,0,0,0
Kosovo,OWID_KOS,2024,0,0,0
Kosovo,OWID_KOS,2025,0,0,0
Kuwait,KWT,1989,0,0,0
Kuwait,KWT,1990,0,0,0
Kuwait,KWT,1991,0,0,0
Kuwait,KWT,1992,0,0,0
Kuwait,KWT,1993,0,0,0
Kuwait,KWT,1994,0,0,0
Kuwait,KWT,1995,0,0,0
Kuwait,KWT,1996,0,0,0
Kuwait,KWT,1997,0,0,0
Kuwait,KWT,1998,0,0,0
Kuwait,KWT,1999,0,0,0
Kuwait,KWT,2000,0,0,0
Kuwait,KWT,2001,0,0,0
Kuwait,KWT,2002,0,0,0
Kuwait,KWT,2003,0,0,0
Kuwait,KWT,2004,0,0,0
Kuwait,KWT,2005,0,0,0
Kuwait,KWT,2006,0,0,0
Kuwait,KWT,2007,0,0,0
Kuwait,KWT,2008,0,0,0
Kuwait,KWT,2009,0,0,0
Kuwait,KWT,2010,0,0,0
Kuwait,KWT,2011,0,0,0
Kuwait,KWT,2012,0,0,0
Kuwait,KWT,2013,0,0,0
Kuwait,KWT,2014,0,0,0
Kuwait,KWT,2015,0,0,0
Kuwait,KWT,2016,0,0,0
Kuwait,KWT,2017,0,0,0
Kuwait,KWT,2018,0,0,0
Kuwait,KWT,2019,0,0,0
Kuwait,KWT,2020,0,0,0
Kuwait,KWT,2021,0,0,0
Kuwait,KWT,2022,0,0,0
Kuwait,KWT,2023,0,0,0
Kuwait,KWT,2024,0,0,0
Kuwait,KWT,2025,0,0,0
Kyrgyzstan,KGZ,1989,0,0,0
Kyrgyzstan,KGZ,1990,0,0,0
Kyrgyzstan,KGZ,1991,0,0,0
Kyrgyzstan,KGZ,1992,0,0,0
Kyrgyzstan,KGZ,1993,0,0,0
Kyrgyzstan,KGZ,1994,0,0,0
Kyrgyzstan,KGZ,1995,0,0,0
Kyrgyzstan,KGZ,1996,0,0,0
Kyrgyzstan,KGZ,1997,0,0,0
Kyrgyzstan,KGZ,1998,0,0,0
Kyrgyzstan,KGZ,1999,0,0,0
Kyrgyzstan,KGZ,2000,0,0,0
Kyrgyzstan,KGZ,2001,0,0,0
Kyrgyzstan,KGZ,2002,0,0,0
Kyrgyzstan,KGZ,2003,0,0,0
Kyrgyzstan,KGZ,2004,0,0,0
Kyrgyzstan,KGZ,2005,0,0,0
Kyrgyzstan,KGZ,2006,0,0,0
Kyrgyzstan,KGZ,2007,0,0,0
Kyrgyzstan,KGZ,2008,0,0,0
Kyrgyzstan,KGZ,2009,0,0,0
Kyrgyzstan,KGZ,2010,0,0,0
Kyrgyzstan,KGZ,2011,0,0,0
Kyrgyzstan,KGZ,2012,0,0,0
Kyrgyzstan,KGZ,2013,0,0,0
Kyrgyzstan,KGZ,2014,0,0,0
Kyrgyzstan,KGZ,2015,0,0,0
Kyrgyzstan,KGZ,2016,0,0,0
Kyrgyzstan,KGZ,2017,0,0,0
Kyrgyzstan,KGZ,2018,0,0,0
Kyrgyzstan,KGZ,2019,0,0,0
Kyrgyzstan,KGZ,2020,0,0,0
Kyrgyzstan,KGZ,2021,0,0,0
Kyrgyzstan,KGZ,2022,0,0,0
Kyrgyzstan,KGZ,2023,0,0,0
Kyrgyzstan,KGZ,2024,0,0,0
Kyrgyzstan,KGZ,2025,0,0,0
Laos,LAO,1989,0,0,0
Laos,LAO,1990,0,0,0
Laos,LAO,1991,0,0,0
Laos,LAO,1992,0,0,0
Laos,LAO,1993,0,0,0
Laos,LAO,1994,0,0,0
Laos,LAO,1995,0,0,0
Laos,LAO,1996,0,0,0
Laos,LAO,1997,0,0,0
Laos,LAO,1998,0,0,0
Laos,LAO,1999,0,0,0
Laos,LAO,2000,0,0,0
Laos,LAO,2001,0,0,0
Laos,LAO,2002,0,0,0
Laos,LAO,2003,0,0,0
Laos,LAO,2004,0,0,0
Laos,LAO,2005,0,0,0
Laos,LAO,2006,0,0,0
Laos,LAO,2007,0,0,0
Laos,LAO,2008,0,0,0
Laos,LAO,2009,0,0,0
Laos,LAO,2010,0,0,0
Laos,LAO,2011,0,0,0
Laos,LAO,2012,0,0,0
Laos,LAO,2013,0,0,0
Laos,LAO,2014,0,0,0
Laos,LAO,2015,0,0,0
Laos,LAO,2016,0,0,0
Laos,LAO,2017,0,0,0
Laos,LAO,2018,0,0,0
Laos,LAO,2019,0,0,0
Laos,LAO,2020,0,0,0
Laos,LAO,2021,0,0,0
Laos,LAO,2022,0,0,0
Laos,LAO,2023,0,0,0
Laos,LAO,2024,0,0,0
Laos,LAO,2025,0,0,0
Latvia,LVA,1989,0,0,0
Latvia,LVA,1990,0,0,0
Latvia,LVA,1991,0,0,0
Latvia,LVA,1992,0,0,0
Latvia,LVA,1993,0,0,0
Latvia,LVA,1994,0,0,0
Latvia,LVA,1995,0,0,0
Latvia,LVA,1996,0,0,0
Latvia,LVA,1997,0,0,0
Latvia,LVA,1998,0,0,0
Latvia,LVA,1999,0,0,0
Latvia,LVA,2000,0,0,0
Latvia,LVA,2001,0,0,0
Latvia,LVA,2002,0,0,0
Latvia,LVA,2003,0,0,0
Latvia,LVA,2004,38.78192,38.78192,0
Latvia,LVA,2005,36.519176,3.992231,36.519176
Latvia,LVA,2006,35.492386,3.8472447,35.492386
Latvia,LVA,2007,33.08913,3.578798,33.08913
Latvia,LVA,2008,33.29541,3.5582066,33.29541
Latvia,LVA,2009,33.658733,3.565328,33.658733
Latvia,LVA,2010,37.40882,3.7273123,37.40882
Latvia,LVA,2011,37.23209,3.5451624,37.23209
Latvia,LVA,2012,36.404247,3.4112833,36.404247
Latvia,LVA,2013,36.19003,3.3972244,36.19003
Latvia,LVA,2014,33.18162,2.9765816,33.18162
Latvia,LVA,2015,32.15869,2.9853652,32.15869
Latvia,LVA,2016,31.340643,3.0326424,31.340643
Latvia,LVA,2017,29.516655,2.69129,29.516655
Latvia,LVA,2018,33.09779,3.0020015,33.09779
Latvia,LVA,2019,31.2388,2.8308182,31.2388
Latvia,LVA,2020,28.02926,2.4153807,28.02926
Latvia,LVA,2021,27.579823,2.411033,27.579823
Latvia,LVA,2022,23.511173,1.889295,23.511173
Latvia,LVA,2023,23.511173,1.889295,23.511173
Latvia,LVA,2024,23.590113,1.889295,23.590113
Latvia,LVA,2025,23.590113,1.889295,23.590113
Lebanon,LBN,1989,0,0,0
Lebanon,LBN,1990,0,0,0
Lebanon,LBN,1991,0,0,0
Lebanon,LBN,1992,0,0,0
Lebanon,LBN,1993,0,0,0
Lebanon,LBN,1994,0,0,0
Lebanon,LBN,1995,0,0,0
Lebanon,LBN,1996,0,0,0
Lebanon,LBN,1997,0,0,0
Lebanon,LBN,1998,0,0,0
Lebanon,LBN,1999,0,0,0
Lebanon,LBN,2000,0,0,0
Lebanon,LBN,2001,0,0,0
Lebanon,LBN,2002,0,0,0
Lebanon,LBN,2003,0,0,0
Lebanon,LBN,2004,0,0,0
Lebanon,LBN,2005,0,0,0
Lebanon,LBN,2006,0,0,0
Lebanon,LBN,2007,0,0,0
Lebanon,LBN,2008,0,0,0
Lebanon,LBN,2009,0,0,0
Lebanon,LBN,2010,0,0,0
Lebanon,LBN,2011,0,0,0
Lebanon,LBN,2012,0,0,0
Lebanon,LBN,2013,0,0,0
Lebanon,LBN,2014,0,0,0
Lebanon,LBN,2015,0,0,0
Lebanon,LBN,2016,0,0,0
Lebanon,LBN,2017,0,0,0
Lebanon,LBN,2018,0,0,0
Lebanon,LBN,2019,0,0,0
Lebanon,LBN,2020,0,0,0
Lebanon,LBN,2021,0,0,0
Lebanon,LBN,2022,0,0,0
Lebanon,LBN,2023,0,0,0
Lebanon,LBN,2024,0,0,0
Lebanon,LBN,2025,0,0,0
Lesotho,LSO,1989,0,0,0
Lesotho,LSO,1990,0,0,0
Lesotho,LSO,1991,0,0,0
Lesotho,LSO,1992,0,0,0
Lesotho,LSO,1993,0,0,0
Lesotho,LSO,1994,0,0,0
Lesotho,LSO,1995,0,0,0
Lesotho,LSO,1996,0,0,0
Lesotho,LSO,1997,0,0,0
Lesotho,LSO,1998,0,0,0
Lesotho,LSO,1999,0,0,0
Lesotho,LSO,2000,0,0,0
Lesotho,LSO,2001,0,0,0
Lesotho,LSO,2002,0,0,0
Lesotho,LSO,2003,0,0,0
Lesotho,LSO,2004,0,0,0
Lesotho,LSO,2005,0,0,0
Lesotho,LSO,2006,0,0,0
Lesotho,LSO,2007,0,0,0
Lesotho,LSO,2008,0,0,0
Lesotho,LSO,2009,0,0,0
Lesotho,LSO,2010,0,0,0
Lesotho,LSO,2011,0,0,0
Lesotho,LSO,2012,0,0,0
Lesotho,LSO,2013,0,0,0
Lesotho,LSO,2014,0,0,0
Lesotho,LSO,2015,0,0,0
Lesotho,LSO,2016,0,0,0
Lesotho,LSO,2017,0,0,0
Lesotho,LSO,2018,0,0,0
Lesotho,LSO,2019,0,0,0
Lesotho,LSO,2020,0,0,0
Lesotho,LSO,2021,0,0,0
Lesotho,LSO,2022,0,0,0
Lesotho,LSO,2023,0,0,0
Lesotho,LSO,2024,0,0,0
Lesotho,LSO,2025,0,0,0
Liberia,LBR,1989,0,0,0
Liberia,LBR,1990,0,0,0
Liberia,LBR,1991,0,0,0
Liberia,LBR,1992,0,0,0
Liberia,LBR,1993,0,0,0
Liberia,LBR,1994,0,0,0
Liberia,LBR,1995,0,0,0
Liberia,LBR,1996,0,0,0
Liberia,LBR,1997,0,0,0
Liberia,LBR,1998,0,0,0
Liberia,LBR,1999,0,0,0
Liberia,LBR,2000,0,0,0
Liberia,LBR,2001,0,0,0
Liberia,LBR,2002,0,0,0
Liberia,LBR,2003,0,0,0
Liberia,LBR,2004,0,0,0
Liberia,LBR,2005,0,0,0
Liberia,LBR,2006,0,0,0
Liberia,LBR,2007,0,0,0
Liberia,LBR,2008,0,0,0
Liberia,LBR,2009,0,0,0
Liberia,LBR,2010,0,0,0
Liberia,LBR,2011,0,0,0
Liberia,LBR,2012,0,0,0
Liberia,LBR,2013,0,0,0
Liberia,LBR,2014,0,0,0
Liberia,LBR,2015,0,0,0
Liberia,LBR,2016,0,0,0
Liberia,LBR,2017,0,0,0
Liberia,LBR,2018,0,0,0
Liberia,LBR,2019,0,0,0
Liberia,LBR,2020,0,0,0
Liberia,LBR,2021,0,0,0
Liberia,LBR,2022,0,0,0
Liberia,LBR,2023,0,0,0
Liberia,LBR,2024,0,0,0
Liberia,LBR,2025,0,0,0
Libya,LBY,1989,0,0,0
Libya,LBY,1990,0,0,0
Libya,LBY,1991,0,0,0
Libya,LBY,1992,0,0,0
Libya,LBY,1993,0,0,0
Libya,LBY,1994,0,0,0
Libya,LBY,1995,0,0,0
Libya,LBY,1996,0,0,0
Libya,LBY,1997,0,0,0
Libya,LBY,1998,0,0,0
Libya,LBY,1999,0,0,0
Libya,LBY,2000,0,0,0
Libya,LBY,2001,0,0,0
Libya,LBY,2002,0,0,0
Libya,LBY,2003,0,0,0
Libya,LBY,2004,0,0,0
Libya,LBY,2005,0,0,0
Libya,LBY,2006,0,0,0
Libya,LBY,2007,0,0,0
Libya,LBY,2008,0,0,0
Libya,LBY,2009,0,0,0
Libya,LBY,2010,0,0,0
Libya,LBY,2011,0,0,0
Libya,LBY,2012,0,0,0
Libya,LBY,2013,0,0,0
Libya,LBY,2014,0,0,0
Libya,LBY,2015,0,0,0
Libya,LBY,2016,0,0,0
Libya,LBY,2017,0,0,0
Libya,LBY,2018,0,0,0
Libya,LBY,2019,0,0,0
Libya,LBY,2020,0,0,0
Libya,LBY,2021,0,0,0
Libya,LBY,2022,0,0,0
Libya,LBY,2023,0,0,0
Libya,LBY,2024,0,0,0
Libya,LBY,2025,0,0,0
Liechtenstein,LIE,1989,0,0,0
Liechtenstein,LIE,1990,0,0,0
Liechtenstein,LIE,1991,0,0,0
Liechtenstein,LIE,1992,0,0,0
Liechtenstein,LIE,1993,0,0,0
Liechtenstein,LIE,1994,0,0,0
Liechtenstein,LIE,1995,0,0,0
Liechtenstein,LIE,1996,0,0,0
Liechtenstein,LIE,1997,0,0,0
Liechtenstein,LIE,1998,0,0,0
Liechtenstein,LIE,1999,0,0,0
Liechtenstein,LIE,2000,0,0,0
Liechtenstein,LIE,2001,0,0,0
Liechtenstein,LIE,2002,0,0,0
Liechtenstein,LIE,2003,0,0,0
Liechtenstein,LIE,2004,0,0,0
Liechtenstein,LIE,2005,0,0,0
Liechtenstein,LIE,2006,0,0,0
Liechtenstein,LIE,2007,0,0,0
Liechtenstein,LIE,2008,0,0,0
Liechtenstein,LIE,2009,0,0,0
Liechtenstein,LIE,2010,0,0,0
Liechtenstein,LIE,2011,0,0,0
Liechtenstein,LIE,2012,0,0,0
Liechtenstein,LIE,2013,0,0,0
Liechtenstein,LIE,2014,0,0,0
Liechtenstein,LIE,2015,0,0,0
Liechtenstein,LIE,2016,0,0,0
Liechtenstein,LIE,2017,0,0,0
Liechtenstein,LIE,2018,0,0,0
Liechtenstein,LIE,2019,0,0,0
Liechtenstein,LIE,2020,0,0,0
Liechtenstein,LIE,2021,0,0,0
Liechtenstein,LIE,2022,0,0,0
Liechtenstein,LIE,2023,0,0,0
Liechtenstein,LIE,2024,0,0,0
Liechtenstein,LIE,2025,0,0,0
Lithuania,LTU,1989,0,0,0
Lithuania,LTU,1990,0,0,0
Lithuania,LTU,1991,0,0,0
Lithuania,LTU,1992,0,0,0
Lithuania,LTU,1993,0,0,0
Lithuania,LTU,1994,0,0,0
Lithuania,LTU,1995,0,0,0
Lithuania,LTU,1996,0,0,0
Lithuania,LTU,1997,0,0,0
Lithuania,LTU,1998,0,0,0
Lithuania,LTU,1999,0,0,0
Lithuania,LTU,2000,0,0,0
Lithuania,LTU,2001,0,0,0
Lithuania,LTU,2002,0,0,0
Lithuania,LTU,2003,0,0,0
Lithuania,LTU,2004,0,0,0
Lithuania,LTU,2005,53.659966,0,53.659966
Lithuania,LTU,2006,51.40294,0,51.40294
Lithuania,LTU,2007,42.98209,0,42.98209
Lithuania,LTU,2008,42.32389,0,42.32389
Lithuania,LTU,2009,46.447674,0,46.447674
Lithuania,LTU,2010,48.393066,0,48.393066
Lithuania,LTU,2011,42.4904,0,42.4904
Lithuania,LTU,2012,42.709652,0,42.709652
Lithuania,LTU,2013,41.82503,0,41.82503
Lithuania,LTU,2014,35.456776,0,35.456776
Lithuania,LTU,2015,33.710514,0,33.710514
Lithuania,LTU,2016,30.563498,0,30.563498
Lithuania,LTU,2017,28.086117,0,28.086117
Lithuania,LTU,2018,28.3121,0,28.3121
Lithuania,LTU,2019,26.837366,0,26.837366
Lithuania,LTU,2020,27.49515,0,27.49515
Lithuania,LTU,2021,28.636425,0,28.636425
Lithuania,LTU,2022,28.479517,0,28.479517
Lithuania,LTU,2023,28.479517,0,28.479517
Lithuania,LTU,2024,28.55382,0,28.55382
Lithuania,LTU,2025,28.55382,0,28.55382
Luxembourg,LUX,1989,0,0,0
Luxembourg,LUX,1990,0,0,0
Luxembourg,LUX,1991,0,0,0
Luxembourg,LUX,1992,0,0,0
Luxembourg,LUX,1993,0,0,0
Luxembourg,LUX,1994,0,0,0
Luxembourg,LUX,1995,0,0,0
Luxembourg,LUX,1996,0,0,0
Luxembourg,LUX,1997,0,0,0
Luxembourg,LUX,1998,0,0,0
Luxembourg,LUX,1999,0,0,0
Luxembourg,LUX,2000,0,0,0
Luxembourg,LUX,2001,0,0,0
Luxembourg,LUX,2002,0,0,0
Luxembourg,LUX,2003,0,0,0
Luxembourg,LUX,2004,0,0,0
Luxembourg,LUX,2005,23.713238,0,23.713238
Luxembourg,LUX,2006,25.213177,0,25.213177
Luxembourg,LUX,2007,24.769024,0,24.769024
Luxembourg,LUX,2008,22.687794,0,22.687794
Luxembourg,LUX,2009,23.675438,0,23.675438
Luxembourg,LUX,2010,23.459854,0,23.459854
Luxembourg,LUX,2011,21.841068,0,21.841068
Luxembourg,LUX,2012,22.088007,0,22.088007
Luxembourg,LUX,2013,19.086418,0,19.086418
Luxembourg,LUX,2014,19.633856,0,19.633856
Luxembourg,LUX,2015,17.681776,0,17.681776
Luxembourg,LUX,2016,16.382755,0,16.382755
Luxembourg,LUX,2017,16.00429,0,16.00429
Luxembourg,LUX,2018,14.96996,0,14.96996
Luxembourg,LUX,2019,14.928656,0,14.928656
Luxembourg,LUX,2020,16.159233,0,16.159233
Luxembourg,LUX,2021,95.250015,79.48657,15.772118
Luxembourg,LUX,2022,94.54644,79.47991,15.074849
Luxembourg,LUX,2023,94.54644,79.47991,15.074849
Luxembourg,LUX,2024,94.54644,79.47991,15.079102
Luxembourg,LUX,2025,94.54644,79.47991,15.079102
Macao,MAC,1989,0,0,0
Macao,MAC,1990,0,0,0
Macao,MAC,1991,0,0,0
Macao,MAC,1992,0,0,0
Macao,MAC,1993,0,0,0
Macao,MAC,1994,0,0,0
Macao,MAC,1995,0,0,0
Macao,MAC,1996,0,0,0
Macao,MAC,1997,0,0,0
Macao,MAC,1998,0,0,0
Macao,MAC,1999,0,0,0
Macao,MAC,2000,0,0,0
Macao,MAC,2001,0,0,0
Macao,MAC,2002,0,0,0
Macao,MAC,2003,0,0,0
Macao,MAC,2004,0,0,0
Macao,MAC,2005,0,0,0
Macao,MAC,2006,0,0,0
Macao,MAC,2007,0,0,0
Macao,MAC,2008,0,0,0
Macao,MAC,2009,0,0,0
Macao,MAC,2010,0,0,0
Macao,MAC,2011,0,0,0
Macao,MAC,2012,0,0,0
Macao,MAC,2013,0,0,0
Macao,MAC,2014,0,0,0
Macao,MAC,2015,0,0,0
Macao,MAC,2016,0,0,0
Macao,MAC,2017,0,0,0
Macao,MAC,2018,0,0,0
Macao,MAC,2019,0,0,0
Macao,MAC,2020,0,0,0
Macao,MAC,2021,0,0,0
Macao,MAC,2022,0,0,0
Macao,MAC,2023,0,0,0
Macao,MAC,2024,0,0,0
Macao,MAC,2025,0,0,0
Madagascar,MDG,1989,0,0,0
Madagascar,MDG,1990,0,0,0
Madagascar,MDG,1991,0,0,0
Madagascar,MDG,1992,0,0,0
Madagascar,MDG,1993,0,0,0
Madagascar,MDG,1994,0,0,0
Madagascar,MDG,1995,0,0,0
Madagascar,MDG,1996,0,0,0
Madagascar,MDG,1997,0,0,0
Madagascar,MDG,1998,0,0,0
Madagascar,MDG,1999,0,0,0
Madagascar,MDG,2000,0,0,0
Madagascar,MDG,2001,0,0,0
Madagascar,MDG,2002,0,0,0
Madagascar,MDG,2003,0,0,0
Madagascar,MDG,2004,0,0,0
Madagascar,MDG,2005,0,0,0
Madagascar,MDG,2006,0,0,0
Madagascar,MDG,2007,0,0,0
Madagascar,MDG,2008,0,0,0
Madagascar,MDG,2009,0,0,0
Madagascar,MDG,2010,0,0,0
Madagascar,MDG,2011,0,0,0
Madagascar,MDG,2012,0,0,0
Madagascar,MDG,2013,0,0,0
Madagascar,MDG,2014,0,0,0
Madagascar,MDG,2015,0,0,0
Madagascar,MDG,2016,0,0,0
Madagascar,MDG,2017,0,0,0
Madagascar,MDG,2018,0,0,0
Madagascar,MDG,2019,0,0,0
Madagascar,MDG,2020,0,0,0
Madagascar,MDG,2021,0,0,0
Madagascar,MDG,2022,0,0,0
Madagascar,MDG,2023,0,0,0
Madagascar,MDG,2024,0,0,0
Madagascar,MDG,2025,0,0,0
Malawi,MWI,1989,0,0,0
Malawi,MWI,1990,0,0,0
Malawi,MWI,1991,0,0,0
Malawi,MWI,1992,0,0,0
Malawi,MWI,1993,0,0,0
Malawi,MWI,1994,0,0,0
Malawi,MWI,1995,0,0,0
Malawi,MWI,1996,0,0,0
Malawi,MWI,1997,0,0,0
Malawi,MWI,1998,0,0,0
Malawi,MWI,1999,0,0,0
Malawi,MWI,2000,0,0,0
Malawi,MWI,2001,0,0,0
Malawi,MWI,2002,0,0,0
Malawi,MWI,2003,0,0,0
Malawi,MWI,2004,0,0,0
Malawi,MWI,2005,0,0,0
Malawi,MWI,2006,0,0,0
Malawi,MWI,2007,0,0,0
Malawi,MWI,2008,0,0,0
Malawi,MWI,2009,0,0,0
Malawi,MWI,2010,0,0,0
Malawi,MWI,2011,0,0,0
Malawi,MWI,2012,0,0,0
Malawi,MWI,2013,0,0,0
Malawi,MWI,2014,0,0,0
Malawi,MWI,2015,0,0,0
Malawi,MWI,2016,0,0,0
Malawi,MWI,2017,0,0,0
Malawi,MWI,2018,0,0,0
Malawi,MWI,2019,0,0,0
Malawi,MWI,2020,0,0,0
Malawi,MWI,2021,0,0,0
Malawi,MWI,2022,0,0,0
Malawi,MWI,2023,0,0,0
Malawi,MWI,2024,0,0,0
Malawi,MWI,2025,0,0,0
Malaysia,MYS,1989,0,0,0
Malaysia,MYS,1990,0,0,0
Malaysia,MYS,1991,0,0,0
Malaysia,MYS,1992,0,0,0
Malaysia,MYS,1993,0,0,0
Malaysia,MYS,1994,0,0,0
Malaysia,MYS,1995,0,0,0
Malaysia,MYS,1996,0,0,0
Malaysia,MYS,1997,0,0,0
Malaysia,MYS,1998,0,0,0
Malaysia,MYS,1999,0,0,0
Malaysia,MYS,2000,0,0,0
Malaysia,MYS,2001,0,0,0
Malaysia,MYS,2002,0,0,0
Malaysia,MYS,2003,0,0,0
Malaysia,MYS,2004,0,0,0
Malaysia,MYS,2005,0,0,0
Malaysia,MYS,2006,0,0,0
Malaysia,MYS,2007,0,0,0
Malaysia,MYS,2008,0,0,0
Malaysia,MYS,2009,0,0,0
Malaysia,MYS,2010,0,0,0
Malaysia,MYS,2011,0,0,0
Malaysia,MYS,2012,0,0,0
Malaysia,MYS,2013,0,0,0
Malaysia,MYS,2014,0,0,0
Malaysia,MYS,2015,0,0,0
Malaysia,MYS,2016,0,0,0
Malaysia,MYS,2017,0,0,0
Malaysia,MYS,2018,0,0,0
Malaysia,MYS,2019,0,0,0
Malaysia,MYS,2020,0,0,0
Malaysia,MYS,2021,0,0,0
Malaysia,MYS,2022,0,0,0
Malaysia,MYS,2023,0,0,0
Malaysia,MYS,2024,0,0,0
Malaysia,MYS,2025,0,0,0
Maldives,MDV,1989,0,0,0
Maldives,MDV,1990,0,0,0
Maldives,MDV,1991,0,0,0
Maldives,MDV,1992,0,0,0
Maldives,MDV,1993,0,0,0
Maldives,MDV,1994,0,0,0
Maldives,MDV,1995,0,0,0
Maldives,MDV,1996,0,0,0
Maldives,MDV,1997,0,0,0
Maldives,MDV,1998,0,0,0
Maldives,MDV,1999,0,0,0
Maldives,MDV,2000,0,0,0
Maldives,MDV,2001,0,0,0
Maldives,MDV,2002,0,0,0
Maldives,MDV,2003,0,0,0
Maldives,MDV,2004,0,0,0
Maldives,MDV,2005,0,0,0
Maldives,MDV,2006,0,0,0
Maldives,MDV,2007,0,0,0
Maldives,MDV,2008,0,0,0
Maldives,MDV,2009,0,0,0
Maldives,MDV,2010,0,0,0
Maldives,MDV,2011,0,0,0
Maldives,MDV,2012,0,0,0
Maldives,MDV,2013,0,0,0
Maldives,MDV,2014,0,0,0
Maldives,MDV,2015,0,0,0
Maldives,MDV,2016,0,0,0
Maldives,MDV,2017,0,0,0
Maldives,MDV,2018,0,0,0
Maldives,MDV,2019,0,0,0
Maldives,MDV,2020,0,0,0
Maldives,MDV,2021,0,0,0
Maldives,MDV,2022,0,0,0
Maldives,MDV,2023,0,0,0
Maldives,MDV,2024,0,0,0
Maldives,MDV,2025,0,0,0
Mali,MLI,1989,0,0,0
Mali,MLI,1990,0,0,0
Mali,MLI,1991,0,0,0
Mali,MLI,1992,0,0,0
Mali,MLI,1993,0,0,0
Mali,MLI,1994,0,0,0
Mali,MLI,1995,0,0,0
Mali,MLI,1996,0,0,0
Mali,MLI,1997,0,0,0
Mali,MLI,1998,0,0,0
Mali,MLI,1999,0,0,0
Mali,MLI,2000,0,0,0
Mali,MLI,2001,0,0,0
Mali,MLI,2002,0,0,0
Mali,MLI,2003,0,0,0
Mali,MLI,2004,0,0,0
Mali,MLI,2005,0,0,0
Mali,MLI,2006,0,0,0
Mali,MLI,2007,0,0,0
Mali,MLI,2008,0,0,0
Mali,MLI,2009,0,0,0
Mali,MLI,2010,0,0,0
Mali,MLI,2011,0,0,0
Mali,MLI,2012,0,0,0
Mali,MLI,2013,0,0,0
Mali,MLI,2014,0,0,0
Mali,MLI,2015,0,0,0
Mali,MLI,2016,0,0,0
Mali,MLI,2017,0,0,0
Mali,MLI,2018,0,0,0
Mali,MLI,2019,0,0,0
Mali,MLI,2020,0,0,0
Mali,MLI,2021,0,0,0
Mali,MLI,2022,0,0,0
Mali,MLI,2023,0,0,0
Mali,MLI,2024,0,0,0
Mali,MLI,2025,0,0,0
Malta,MLT,1989,0,0,0
Malta,MLT,1990,0,0,0
Malta,MLT,1991,0,0,0
Malta,MLT,1992,0,0,0
Malta,MLT,1993,0,0,0
Malta,MLT,1994,0,0,0
Malta,MLT,1995,0,0,0
Malta,MLT,1996,0,0,0
Malta,MLT,1997,0,0,0
Malta,MLT,1998,0,0,0
Malta,MLT,1999,0,0,0
Malta,MLT,2000,0,0,0
Malta,MLT,2001,0,0,0
Malta,MLT,2002,0,0,0
Malta,MLT,2003,0,0,0
Malta,MLT,2004,0,0,0
Malta,MLT,2005,75.95331,0,75.95331
Malta,MLT,2006,76.165405,0,76.165405
Malta,MLT,2007,75.84287,0,75.84287
Malta,MLT,2008,74.01694,0,74.01694
Malta,MLT,2009,75.00927,0,75.00927
Malta,MLT,2010,72.94755,0,72.94755
Malta,MLT,2011,74.47541,0,74.47541
Malta,MLT,2012,75.239586,0,75.239586
Malta,MLT,2013,71.197685,0,71.197685
Malta,MLT,2014,70.273094,0,70.273094
Malta,MLT,2015,54.59207,0,54.59207
Malta,MLT,2016,45.416397,0,45.416397
Malta,MLT,2017,49.064877,0,49.064877
Malta,MLT,2018,48.432632,0,48.432632
Malta,MLT,2019,48.553963,0,48.553963
Malta,MLT,2020,55.796577,0,55.796577
Malta,MLT,2021,53.21435,0,53.21435
Malta,MLT,2022,50.269108,0,50.269108
Malta,MLT,2023,50.269108,0,50.269108
Malta,MLT,2024,53.55991,0,53.55991
Malta,MLT,2025,53.55991,0,53.55991
Marshall Islands,MHL,1989,0,0,0
Marshall Islands,MHL,1990,0,0,0
Marshall Islands,MHL,1991,0,0,0
Marshall Islands,MHL,1992,0,0,0
Marshall Islands,MHL,1993,0,0,0
Marshall Islands,MHL,1994,0,0,0
Marshall Islands,MHL,1995,0,0,0
Marshall Islands,MHL,1996,0,0,0
Marshall Islands,MHL,1997,0,0,0
Marshall Islands,MHL,1998,0,0,0
Marshall Islands,MHL,1999,0,0,0
Marshall Islands,MHL,2000,0,0,0
Marshall Islands,MHL,2001,0,0,0
Marshall Islands,MHL,2002,0,0,0
Marshall Islands,MHL,2003,0,0,0
Marshall Islands,MHL,2004,0,0,0
Marshall Islands,MHL,2005,0,0,0
Marshall Islands,MHL,2006,0,0,0
Marshall Islands,MHL,2007,0,0,0
Marshall Islands,MHL,2008,0,0,0
Marshall Islands,MHL,2009,0,0,0
Marshall Islands,MHL,2010,0,0,0
Marshall Islands,MHL,2011,0,0,0
Marshall Islands,MHL,2012,0,0,0
Marshall Islands,MHL,2013,0,0,0
Marshall Islands,MHL,2014,0,0,0
Marshall Islands,MHL,2015,0,0,0
Marshall Islands,MHL,2016,0,0,0
Marshall Islands,MHL,2017,0,0,0
Marshall Islands,MHL,2018,0,0,0
Marshall Islands,MHL,2019,0,0,0
Marshall Islands,MHL,2020,0,0,0
Marshall Islands,MHL,2021,0,0,0
Marshall Islands,MHL,2022,0,0,0
Marshall Islands,MHL,2023,0,0,0
Marshall Islands,MHL,2024,0,0,0
Marshall Islands,MHL,2025,0,0,0
Mauritania,MRT,1989,0,0,0
Mauritania,MRT,1990,0,0,0
Mauritania,MRT,1991,0,0,0
Mauritania,MRT,1992,0,0,0
Mauritania,MRT,1993,0,0,0
Mauritania,MRT,1994,0,0,0
Mauritania,MRT,1995,0,0,0
Mauritania,MRT,1996,0,0,0
Mauritania,MRT,1997,0,0,0
Mauritania,MRT,1998,0,0,0
Mauritania,MRT,1999,0,0,0
Mauritania,MRT,2000,0,0,0
Mauritania,MRT,2001,0,0,0
Mauritania,MRT,2002,0,0,0
Mauritania,MRT,2003,0,0,0
Mauritania,MRT,2004,0,0,0
Mauritania,MRT,2005,0,0,0
Mauritania,MRT,2006,0,0,0
Mauritania,MRT,2007,0,0,0
Mauritania,MRT,2008,0,0,0
Mauritania,MRT,2009,0,0,0
Mauritania,MRT,2010,0,0,0
Mauritania,MRT,2011,0,0,0
Mauritania,MRT,2012,0,0,0
Mauritania,MRT,2013,0,0,0
Mauritania,MRT,2014,0,0,0
Mauritania,MRT,2015,0,0,0
Mauritania,MRT,2016,0,0,0
Mauritania,MRT,2017,0,0,0
Mauritania,MRT,2018,0,0,0
Mauritania,MRT,2019,0,0,0
Mauritania,MRT,2020,0,0,0
Mauritania,MRT,2021,0,0,0
Mauritania,MRT,2022,0,0,0
Mauritania,MRT,2023,0,0,0
Mauritania,MRT,2024,0,0,0
Mauritania,MRT,2025,0,0,0
Mauritius,MUS,1989,0,0,0
Mauritius,MUS,1990,0,0,0
Mauritius,MUS,1991,0,0,0
Mauritius,MUS,1992,0,0,0
Mauritius,MUS,1993,0,0,0
Mauritius,MUS,1994,0,0,0
Mauritius,MUS,1995,0,0,0
Mauritius,MUS,1996,0,0,0
Mauritius,MUS,1997,0,0,0
Mauritius,MUS,1998,0,0,0
Mauritius,MUS,1999,0,0,0
Mauritius,MUS,2000,0,0,0
Mauritius,MUS,2001,0,0,0
Mauritius,MUS,2002,0,0,0
Mauritius,MUS,2003,0,0,0
Mauritius,MUS,2004,0,0,0
Mauritius,MUS,2005,0,0,0
Mauritius,MUS,2006,0,0,0
Mauritius,MUS,2007,0,0,0
Mauritius,MUS,2008,0,0,0
Mauritius,MUS,2009,0,0,0
Mauritius,MUS,2010,0,0,0
Mauritius,MUS,2011,0,0,0
Mauritius,MUS,2012,0,0,0
Mauritius,MUS,2013,0,0,0
Mauritius,MUS,2014,0,0,0
Mauritius,MUS,2015,0,0,0
Mauritius,MUS,2016,0,0,0
Mauritius,MUS,2017,0,0,0
Mauritius,MUS,2018,0,0,0
Mauritius,MUS,2019,0,0,0
Mauritius,MUS,2020,0,0,0
Mauritius,MUS,2021,0,0,0
Mauritius,MUS,2022,0,0,0
Mauritius,MUS,2023,0,0,0
Mauritius,MUS,2024,0,0,0
Mauritius,MUS,2025,0,0,0
Mexico,MEX,1989,0,0,0
Mexico,MEX,1990,0,0,0
Mexico,MEX,1991,0,0,0
Mexico,MEX,1992,0,0,0
Mexico,MEX,1993,0,0,0
Mexico,MEX,1994,0,0,0
Mexico,MEX,1995,0,0,0
Mexico,MEX,1996,0,0,0
Mexico,MEX,1997,0,0,0
Mexico,MEX,1998,0,0,0
Mexico,MEX,1999,0,0,0
Mexico,MEX,2000,0,0,0
Mexico,MEX,2001,0,0,0
Mexico,MEX,2002,0,0,0
Mexico,MEX,2003,0,0,0
Mexico,MEX,2004,0,0,0
Mexico,MEX,2005,0,0,0
Mexico,MEX,2006,0,0,0
Mexico,MEX,2007,0,0,0
Mexico,MEX,2008,0,0,0
Mexico,MEX,2009,0,0,0
Mexico,MEX,2010,0,0,0
Mexico,MEX,2011,0,0,0
Mexico,MEX,2012,0,0,0
Mexico,MEX,2013,0,0,0
Mexico,MEX,2014,58.151848,58.151848,0
Mexico,MEX,2015,57.45622,57.45622,0
Mexico,MEX,2016,57.241035,57.241035,0
Mexico,MEX,2017,56.12885,56.12885,0
Mexico,MEX,2018,53.522182,53.522182,0
Mexico,MEX,2019,54.711796,54.711796,0
Mexico,MEX,2020,49.10117,49.10117,0
Mexico,MEX,2021,77.05558,46.568264,45.075916
Mexico,MEX,2022,80.27622,51.370304,42.059624
Mexico,MEX,2023,51.370304,51.370304,0
Mexico,MEX,2024,51.370304,51.370304,0
Mexico,MEX,2025,80.27622,51.370304,42.059624
Micronesia (country),FSM,1989,0,0,0
Micronesia (country),FSM,1990,0,0,0
Micronesia (country),FSM,1991,0,0,0
Micronesia (country),FSM,1992,0,0,0
Micronesia (country),FSM,1993,0,0,0
Micronesia (country),FSM,1994,0,0,0
Micronesia (country),FSM,1995,0,0,0
Micronesia (country),FSM,1996,0,0,0
Micronesia (country),FSM,1997,0,0,0
Micronesia (country),FSM,1998,0,0,0
Micronesia (country),FSM,1999,0,0,0
Micronesia (country),FSM,2000,0,0,0
Micronesia (country),FSM,2001,0,0,0
Micronesia (country),FSM,2002,0,0,0
Micronesia (country),FSM,2003,0,0,0
Micronesia (country),FSM,2004,0,0,0
Micronesia (country),FSM,2005,0,0,0
Micronesia (country),FSM,2006,0,0,0
Micronesia (country),FSM,2007,0,0,0
Micronesia (country),FSM,2008,0,0,0
Micronesia (country),FSM,2009,0,0,0
Micronesia (country),FSM,2010,0,0,0
Micronesia (country),FSM,2011,0,0,0
Micronesia (country),FSM,2012,0,0,0
Micronesia (country),FSM,2013,0,0,0
Micronesia (country),FSM,2014,0,0,0
Micronesia (country),FSM,2015,0,0,0
Micronesia (country),FSM,2016,0,0,0
Micronesia (country),FSM,2017,0,0,0
Micronesia (country),FSM,2018,0,0,0
Micronesia (country),FSM,2019,0,0,0
Micronesia (country),FSM,2020,0,0,0
Micronesia (country),FSM,2021,0,0,0
Micronesia (country),FSM,2022,0,0,0
Micronesia (country),FSM,2023,0,0,0
Micronesia (country),FSM,2024,0,0,0
Micronesia (country),FSM,2025,0,0,0
Moldova,MDA,1989,0,0,0
Moldova,MDA,1990,0,0,0
Moldova,MDA,1991,0,0,0
Moldova,MDA,1992,0,0,0
Moldova,MDA,1993,0,0,0
Moldova,MDA,1994,0,0,0
Moldova,MDA,1995,0,0,0
Moldova,MDA,1996,0,0,0
Moldova,MDA,1997,0,0,0
Moldova,MDA,1998,0,0,0
Moldova,MDA,1999,0,0,0
Moldova,MDA,2000,0,0,0
Moldova,MDA,2001,0,0,0
Moldova,MDA,2002,0,0,0
Moldova,MDA,2003,0,0,0
Moldova,MDA,2004,0,0,0
Moldova,MDA,2005,0,0,0
Moldova,MDA,2006,0,0,0
Moldova,MDA,2007,0,0,0
Moldova,MDA,2008,0,0,0
Moldova,MDA,2009,0,0,0
Moldova,MDA,2010,0,0,0
Moldova,MDA,2011,0,0,0
Moldova,MDA,2012,0,0,0
Moldova,MDA,2013,0,0,0
Moldova,MDA,2014,0,0,0
Moldova,MDA,2015,0,0,0
Moldova,MDA,2016,0,0,0
Moldova,MDA,2017,0,0,0
Moldova,MDA,2018,0,0,0
Moldova,MDA,2019,0,0,0
Moldova,MDA,2020,0,0,0
Moldova,MDA,2021,0,0,0
Moldova,MDA,2022,0,0,0
Moldova,MDA,2023,0,0,0
Moldova,MDA,2024,0,0,0
Moldova,MDA,2025,0,0,0
Monaco,MCO,1989,0,0,0
Monaco,MCO,1990,0,0,0
Monaco,MCO,1991,0,0,0
Monaco,MCO,1992,0,0,0
Monaco,MCO,1993,0,0,0
Monaco,MCO,1994,0,0,0
Monaco,MCO,1995,0,0,0
Monaco,MCO,1996,0,0,0
Monaco,MCO,1997,0,0,0
Monaco,MCO,1998,0,0,0
Monaco,MCO,1999,0,0,0
Monaco,MCO,2000,0,0,0
Monaco,MCO,2001,0,0,0
Monaco,MCO,2002,0,0,0
Monaco,MCO,2003,0,0,0
Monaco,MCO,2004,0,0,0
Monaco,MCO,2005,0,0,0
Monaco,MCO,2006,0,0,0
Monaco,MCO,2007,0,0,0
Monaco,MCO,2008,0,0,0
Monaco,MCO,2009,0,0,0
Monaco,MCO,2010,0,0,0
Monaco,MCO,2011,0,0,0
Monaco,MCO,2012,0,0,0
Monaco,MCO,2013,0,0,0
Monaco,MCO,2014,0,0,0
Monaco,MCO,2015,0,0,0
Monaco,MCO,2016,0,0,0
Monaco,MCO,2017,0,0,0
Monaco,MCO,2018,0,0,0
Monaco,MCO,2019,0,0,0
Monaco,MCO,2020,0,0,0
Monaco,MCO,2021,0,0,0
Monaco,MCO,2022,0,0,0
Monaco,MCO,2023,0,0,0
Monaco,MCO,2024,0,0,0
Monaco,MCO,2025,0,0,0
Mongolia,MNG,1989,0,0,0
Mongolia,MNG,1990,0,0,0
Mongolia,MNG,1991,0,0,0
Mongolia,MNG,1992,0,0,0
Mongolia,MNG,1993,0,0,0
Mongolia,MNG,1994,0,0,0
Mongolia,MNG,1995,0,0,0
Mongolia,MNG,1996,0,0,0
Mongolia,MNG,1997,0,0,0
Mongolia,MNG,1998,0,0,0
Mongolia,MNG,1999,0,0,0
Mongolia,MNG,2000,0,0,0
Mongolia,MNG,2001,0,0,0
Mongolia,MNG,2002,0,0,0
Mongolia,MNG,2003,0,0,0
Mongolia,MNG,2004,0,0,0
Mongolia,MNG,2005,0,0,0
Mongolia,MNG,2006,0,0,0
Mongolia,MNG,2007,0,0,0
Mongolia,MNG,2008,0,0,0
Mongolia,MNG,2009,0,0,0
Mongolia,MNG,2010,0,0,0
Mongolia,MNG,2011,0,0,0
Mongolia,MNG,2012,0,0,0
Mongolia,MNG,2013,0,0,0
Mongolia,MNG,2014,0,0,0
Mongolia,MNG,2015,0,0,0
Mongolia,MNG,2016,0,0,0
Mongolia,MNG,2017,0,0,0
Mongolia,MNG,2018,0,0,0
Mongolia,MNG,2019,0,0,0
Mongolia,MNG,2020,0,0,0
Mongolia,MNG,2021,0,0,0
Mongolia,MNG,2022,0,0,0
Mongolia,MNG,2023,0,0,0
Mongolia,MNG,2024,0,0,0
Mongolia,MNG,2025,0,0,0
Montenegro,MNE,1989,0,0,0
Montenegro,MNE,1990,0,0,0
Montenegro,MNE,1991,0,0,0
Montenegro,MNE,1992,0,0,0
Montenegro,MNE,1993,0,0,0
Montenegro,MNE,1994,0,0,0
Montenegro,MNE,1995,0,0,0
Montenegro,MNE,1996,0,0,0
Montenegro,MNE,1997,0,0,0
Montenegro,MNE,1998,0,0,0
Montenegro,MNE,1999,0,0,0
Montenegro,MNE,2000,0,0,0
Montenegro,MNE,2001,0,0,0
Montenegro,MNE,2002,0,0,0
Montenegro,MNE,2003,0,0,0
Montenegro,MNE,2004,0,0,0
Montenegro,MNE,2005,0,0,0
Montenegro,MNE,2006,0,0,0
Montenegro,MNE,2007,0,0,0
Montenegro,MNE,2008,0,0,0
Montenegro,MNE,2009,0,0,0
Montenegro,MNE,2010,0,0,0
Montenegro,MNE,2011,0,0,0
Montenegro,MNE,2012,0,0,0
Montenegro,MNE,2013,0,0,0
Montenegro,MNE,2014,0,0,0
Montenegro,MNE,2015,0,0,0
Montenegro,MNE,2016,0,0,0
Montenegro,MNE,2017,0,0,0
Montenegro,MNE,2018,0,0,0
Montenegro,MNE,2019,0,0,0
Montenegro,MNE,2020,0,0,0
Montenegro,MNE,2021,0,0,0
Montenegro,MNE,2022,0,0,0
Montenegro,MNE,2023,0,0,0
Montenegro,MNE,2024,0,0,0
Montenegro,MNE,2025,0,0,0
Morocco,MAR,1989,0,0,0
Morocco,MAR,1990,0,0,0
Morocco,MAR,1991,0,0,0
Morocco,MAR,1992,0,0,0
Morocco,MAR,1993,0,0,0
Morocco,MAR,1994,0,0,0
Morocco,MAR,1995,0,0,0
Morocco,MAR,1996,0,0,0
Morocco,MAR,1997,0,0,0
Morocco,MAR,1998,0,0,0
Morocco,MAR,1999,0,0,0
Morocco,MAR,2000,0,0,0
Morocco,MAR,2001,0,0,0
Morocco,MAR,2002,0,0,0
Morocco,MAR,2003,0,0,0
Morocco,MAR,2004,0,0,0
Morocco,MAR,2005,0,0,0
Morocco,MAR,2006,0,0,0
Morocco,MAR,2007,0,0,0
Morocco,MAR,2008,0,0,0
Morocco,MAR,2009,0,0,0
Morocco,MAR,2010,0,0,0
Morocco,MAR,2011,0,0,0
Morocco,MAR,2012,0,0,0
Morocco,MAR,2013,0,0,0
Morocco,MAR,2014,0,0,0
Morocco,MAR,2015,0,0,0
Morocco,MAR,2016,0,0,0
Morocco,MAR,2017,0,0,0
Morocco,MAR,2018,0,0,0
Morocco,MAR,2019,0,0,0
Morocco,MAR,2020,0,0,0
Morocco,MAR,2021,0,0,0
Morocco,MAR,2022,0,0,0
Morocco,MAR,2023,0,0,0
Morocco,MAR,2024,0,0,0
Morocco,MAR,2025,0,0,0
Mozambique,MOZ,1989,0,0,0
Mozambique,MOZ,1990,0,0,0
Mozambique,MOZ,1991,0,0,0
Mozambique,MOZ,1992,0,0,0
Mozambique,MOZ,1993,0,0,0
Mozambique,MOZ,1994,0,0,0
Mozambique,MOZ,1995,0,0,0
Mozambique,MOZ,1996,0,0,0
Mozambique,MOZ,1997,0,0,0
Mozambique,MOZ,1998,0,0,0
Mozambique,MOZ,1999,0,0,0
Mozambique,MOZ,2000,0,0,0
Mozambique,MOZ,2001,0,0,0
Mozambique,MOZ,2002,0,0,0
Mozambique,MOZ,2003,0,0,0
Mozambique,MOZ,2004,0,0,0
Mozambique,MOZ,2005,0,0,0
Mozambique,MOZ,2006,0,0,0
Mozambique,MOZ,2007,0,0,0
Mozambique,MOZ,2008,0,0,0
Mozambique,MOZ,2009,0,0,0
Mozambique,MOZ,2010,0,0,0
Mozambique,MOZ,2011,0,0,0
Mozambique,MOZ,2012,0,0,0
Mozambique,MOZ,2013,0,0,0
Mozambique,MOZ,2014,0,0,0
Mozambique,MOZ,2015,0,0,0
Mozambique,MOZ,2016,0,0,0
Mozambique,MOZ,2017,0,0,0
Mozambique,MOZ,2018,0,0,0
Mozambique,MOZ,2019,0,0,0
Mozambique,MOZ,2020,0,0,0
Mozambique,MOZ,2021,0,0,0
Mozambique,MOZ,2022,0,0,0
Mozambique,MOZ,2023,0,0,0
Mozambique,MOZ,2024,0,0,0
Mozambique,MOZ,2025,0,0,0
Myanmar,MMR,1989,0,0,0
Myanmar,MMR,1990,0,0,0
Myanmar,MMR,1991,0,0,0
Myanmar,MMR,1992,0,0,0
Myanmar,MMR,1993,0,0,0
Myanmar,MMR,1994,0,0,0
Myanmar,MMR,1995,0,0,0
Myanmar,MMR,1996,0,0,0
Myanmar,MMR,1997,0,0,0
Myanmar,MMR,1998,0,0,0
Myanmar,MMR,1999,0,0,0
Myanmar,MMR,2000,0,0,0
Myanmar,MMR,2001,0,0,0
Myanmar,MMR,2002,0,0,0
Myanmar,MMR,2003,0,0,0
Myanmar,MMR,2004,0,0,0
Myanmar,MMR,2005,0,0,0
Myanmar,MMR,2006,0,0,0
Myanmar,MMR,2007,0,0,0
Myanmar,MMR,2008,0,0,0
Myanmar,MMR,2009,0,0,0
Myanmar,MMR,2010,0,0,0
Myanmar,MMR,2011,0,0,0
Myanmar,MMR,2012,0,0,0
Myanmar,MMR,2013,0,0,0
Myanmar,MMR,2014,0,0,0
Myanmar,MMR,2015,0,0,0
Myanmar,MMR,2016,0,0,0
Myanmar,MMR,2017,0,0,0
Myanmar,MMR,2018,0,0,0
Myanmar,MMR,2019,0,0,0
Myanmar,MMR,2020,0,0,0
Myanmar,MMR,2021,0,0,0
Myanmar,MMR,2022,0,0,0
Myanmar,MMR,2023,0,0,0
Myanmar,MMR,2024,0,0,0
Myanmar,MMR,2025,0,0,0
Namibia,NAM,1989,0,0,0
Namibia,NAM,1990,0,0,0
Namibia,NAM,1991,0,0,0
Namibia,NAM,1992,0,0,0
Namibia,NAM,1993,0,0,0
Namibia,NAM,1994,0,0,0
Namibia,NAM,1995,0,0,0
Namibia,NAM,1996,0,0,0
Namibia,NAM,1997,0,0,0
Namibia,NAM,1998,0,0,0
Namibia,NAM,1999,0,0,0
Namibia,NAM,2000,0,0,0
Namibia,NAM,2001,0,0,0
Namibia,NAM,2002,0,0,0
Namibia,NAM,2003,0,0,0
Namibia,NAM,2004,0,0,0
Namibia,NAM,2005,0,0,0
Namibia,NAM,2006,0,0,0
Namibia,NAM,2007,0,0,0
Namibia,NAM,2008,0,0,0
Namibia,NAM,2009,0,0,0
Namibia,NAM,2010,0,0,0
Namibia,NAM,2011,0,0,0
Namibia,NAM,2012,0,0,0
Namibia,NAM,2013,0,0,0
Namibia,NAM,2014,0,0,0
Namibia,NAM,2015,0,0,0
Namibia,NAM,2016,0,0,0
Namibia,NAM,2017,0,0,0
Namibia,NAM,2018,0,0,0
Namibia,NAM,2019,0,0,0
Namibia,NAM,2020,0,0,0
Namibia,NAM,2021,0,0,0
Namibia,NAM,2022,0,0,0
Namibia,NAM,2023,0,0,0
Namibia,NAM,2024,0,0,0
Namibia,NAM,2025,0,0,0
Nauru,NRU,1989,0,0,0
Nauru,NRU,1990,0,0,0
Nauru,NRU,1991,0,0,0
Nauru,NRU,1992,0,0,0
Nauru,NRU,1993,0,0,0
Nauru,NRU,1994,0,0,0
Nauru,NRU,1995,0,0,0
Nauru,NRU,1996,0,0,0
Nauru,NRU,1997,0,0,0
Nauru,NRU,1998,0,0,0
Nauru,NRU,1999,0,0,0
Nauru,NRU,2000,0,0,0
Nauru,NRU,2001,0,0,0
Nauru,NRU,2002,0,0,0
Nauru,NRU,2003,0,0,0
Nauru,NRU,2004,0,0,0
Nauru,NRU,2005,0,0,0
Nauru,NRU,2006,0,0,0
Nauru,NRU,2007,0,0,0
Nauru,NRU,2008,0,0,0
Nauru,NRU,2009,0,0,0
Nauru,NRU,2010,0,0,0
Nauru,NRU,2011,0,0,0
Nauru,NRU,2012,0,0,0
Nauru,NRU,2013,0,0,0
Nauru,NRU,2014,0,0,0
Nauru,NRU,2015,0,0,0
Nauru,NRU,2016,0,0,0
Nauru,NRU,2017,0,0,0
Nauru,NRU,2018,0,0,0
Nauru,NRU,2019,0,0,0
Nauru,NRU,2020,0,0,0
Nauru,NRU,2021,0,0,0
Nauru,NRU,2022,0,0,0
Nauru,NRU,2023,0,0,0
Nauru,NRU,2024,0,0,0
Nauru,NRU,2025,0,0,0
Nepal,NPL,1989,0,0,0
Nepal,NPL,1990,0,0,0
Nepal,NPL,1991,0,0,0
Nepal,NPL,1992,0,0,0
Nepal,NPL,1993,0,0,0
Nepal,NPL,1994,0,0,0
Nepal,NPL,1995,0,0,0
Nepal,NPL,1996,0,0,0
Nepal,NPL,1997,0,0,0
Nepal,NPL,1998,0,0,0
Nepal,NPL,1999,0,0,0
Nepal,NPL,2000,0,0,0
Nepal,NPL,2001,0,0,0
Nepal,NPL,2002,0,0,0
Nepal,NPL,2003,0,0,0
Nepal,NPL,2004,0,0,0
Nepal,NPL,2005,0,0,0
Nepal,NPL,2006,0,0,0
Nepal,NPL,2007,0,0,0
Nepal,NPL,2008,0,0,0
Nepal,NPL,2009,0,0,0
Nepal,NPL,2010,0,0,0
Nepal,NPL,2011,0,0,0
Nepal,NPL,2012,0,0,0
Nepal,NPL,2013,0,0,0
Nepal,NPL,2014,0,0,0
Nepal,NPL,2015,0,0,0
Nepal,NPL,2016,0,0,0
Nepal,NPL,2017,0,0,0
Nepal,NPL,2018,0,0,0
Nepal,NPL,2019,0,0,0
Nepal,NPL,2020,0,0,0
Nepal,NPL,2021,0,0,0
Nepal,NPL,2022,0,0,0
Nepal,NPL,2023,0,0,0
Nepal,NPL,2024,0,0,0
Nepal,NPL,2025,0,0,0
Netherlands,NLD,1989,0,0,0
Netherlands,NLD,1990,0,0,0
Netherlands,NLD,1991,0,0,0
Netherlands,NLD,1992,0,0,0
Netherlands,NLD,1993,0,0,0
Netherlands,NLD,1994,0,0,0
Netherlands,NLD,1995,0,0,0
Netherlands,NLD,1996,0,0,0
Netherlands,NLD,1997,0,0,0
Netherlands,NLD,1998,0,0,0
Netherlands,NLD,1999,0,0,0
Netherlands,NLD,2000,0,0,0
Netherlands,NLD,2001,0,0,0
Netherlands,NLD,2002,0,0,0
Netherlands,NLD,2003,0,0,0
Netherlands,NLD,2004,0,0,0
Netherlands,NLD,2005,48.77996,0,48.77996
Netherlands,NLD,2006,47.697147,0,47.697147
Netherlands,NLD,2007,49.71903,0,49.71903
Netherlands,NLD,2008,47.485744,0,47.485744
Netherlands,NLD,2009,47.288017,0,47.288017
Netherlands,NLD,2010,46.513546,0,46.513546
Netherlands,NLD,2011,47.192795,0,47.192795
Netherlands,NLD,2012,46.53091,0,46.53091
Netherlands,NLD,2013,46.554928,0,46.554928
Netherlands,NLD,2014,50.71711,0,50.71711
Netherlands,NLD,2015,52.238506,0,52.238506
Netherlands,NLD,2016,51.873676,0,51.873676
Netherlands,NLD,2017,50.787807,0,50.787807
Netherlands,NLD,2018,49.83231,0,49.83231
Netherlands,NLD,2019,49.138798,0,49.138798
Netherlands,NLD,2020,46.87657,0,46.87657
Netherlands,NLD,2021,46.496357,24.013271,46.496357
Netherlands,NLD,2022,47.486088,47.2992,47.486088
Netherlands,NLD,2023,47.486088,24.076323,47.486088
Netherlands,NLD,2024,48.062992,24.076323,48.062992
Netherlands,NLD,2025,48.062992,47.2992,48.062992
New Zealand,NZL,1989,0,0,0
New Zealand,NZL,1990,0,0,0
New Zealand,NZL,1991,0,0,0
New Zealand,NZL,1992,0,0,0
New Zealand,NZL,1993,0,0,0
New Zealand,NZL,1994,0,0,0
New Zealand,NZL,1995,0,0,0
New Zealand,NZL,1996,0,0,0
New Zealand,NZL,1997,0,0,0
New Zealand,NZL,1998,0,0,0
New Zealand,NZL,1999,0,0,0
New Zealand,NZL,2000,0,0,0
New Zealand,NZL,2001,0,0,0
New Zealand,NZL,2002,0,0,0
New Zealand,NZL,2003,0,0,0
New Zealand,NZL,2004,0,0,0
New Zealand,NZL,2005,0,0,0
New Zealand,NZL,2006,0,0,0
New Zealand,NZL,2007,0,0,0
New Zealand,NZL,2008,0,0,0
New Zealand,NZL,2009,0,0,0
New Zealand,NZL,2010,83.57068,0,83.57068
New Zealand,NZL,2011,83.8906,0,83.8906
New Zealand,NZL,2012,83.21838,0,83.21838
New Zealand,NZL,2013,82.88587,0,82.88587
New Zealand,NZL,2014,81.54799,0,81.54799
New Zealand,NZL,2015,81.643776,0,81.643776
New Zealand,NZL,2016,81.97345,0,81.97345
New Zealand,NZL,2017,82.42184,0,82.42184
New Zealand,NZL,2018,82.36663,0,82.36663
New Zealand,NZL,2019,82.926476,0,82.926476
New Zealand,NZL,2020,85.44201,0,85.44201
New Zealand,NZL,2021,85.49432,0,85.49432
New Zealand,NZL,2022,86.07566,0,86.07566
New Zealand,NZL,2023,86.07566,0,86.07566
New Zealand,NZL,2024,86.07566,0,86.07566
New Zealand,NZL,2025,86.07566,0,86.07566
Nicaragua,NIC,1989,0,0,0
Nicaragua,NIC,1990,0,0,0
Nicaragua,NIC,1991,0,0,0
Nicaragua,NIC,1992,0,0,0
Nicaragua,NIC,1993,0,0,0
Nicaragua,NIC,1994,0,0,0
Nicaragua,NIC,1995,0,0,0
Nicaragua,NIC,1996,0,0,0
Nicaragua,NIC,1997,0,0,0
Nicaragua,NIC,1998,0,0,0
Nicaragua,NIC,1999,0,0,0
Nicaragua,NIC,2000,0,0,0
Nicaragua,NIC,2001,0,0,0
Nicaragua,NIC,2002,0,0,0
Nicaragua,NIC,2003,0,0,0
Nicaragua,NIC,2004,0,0,0
Nicaragua,NIC,2005,0,0,0
Nicaragua,NIC,2006,0,0,0
Nicaragua,NIC,2007,0,0,0
Nicaragua,NIC,2008,0,0,0
Nicaragua,NIC,2009,0,0,0
Nicaragua,NIC,2010,0,0,0
Nicaragua,NIC,2011,0,0,0
Nicaragua,NIC,2012,0,0,0
Nicaragua,NIC,2013,0,0,0
Nicaragua,NIC,2014,0,0,0
Nicaragua,NIC,2015,0,0,0
Nicaragua,NIC,2016,0,0,0
Nicaragua,NIC,2017,0,0,0
Nicaragua,NIC,2018,0,0,0
Nicaragua,NIC,2019,0,0,0
Nicaragua,NIC,2020,0,0,0
Nicaragua,NIC,2021,0,0,0
Nicaragua,NIC,2022,0,0,0
Nicaragua,NIC,2023,0,0,0
Nicaragua,NIC,2024,0,0,0
Nicaragua,NIC,2025,0,0,0
Niger,NER,1989,0,0,0
Niger,NER,1990,0,0,0
Niger,NER,1991,0,0,0
Niger,NER,1992,0,0,0
Niger,NER,1993,0,0,0
Niger,NER,1994,0,0,0
Niger,NER,1995,0,0,0
Niger,NER,1996,0,0,0
Niger,NER,1997,0,0,0
Niger,NER,1998,0,0,0
Niger,NER,1999,0,0,0
Niger,NER,2000,0,0,0
Niger,NER,2001,0,0,0
Niger,NER,2002,0,0,0
Niger,NER,2003,0,0,0
Niger,NER,2004,0,0,0
Niger,NER,2005,0,0,0
Niger,NER,2006,0,0,0
Niger,NER,2007,0,0,0
Niger,NER,2008,0,0,0
Niger,NER,2009,0,0,0
Niger,NER,2010,0,0,0
Niger,NER,2011,0,0,0
Niger,NER,2012,0,0,0
Niger,NER,2013,0,0,0
Niger,NER,2014,0,0,0
Niger,NER,2015,0,0,0
Niger,NER,2016,0,0,0
Niger,NER,2017,0,0,0
Niger,NER,2018,0,0,0
Niger,NER,2019,0,0,0
Niger,NER,2020,0,0,0
Niger,NER,2021,0,0,0
Niger,NER,2022,0,0,0
Niger,NER,2023,0,0,0
Niger,NER,2024,0,0,0
Niger,NER,2025,0,0,0
Nigeria,NGA,1989,0,0,0
Nigeria,NGA,1990,0,0,0
Nigeria,NGA,1991,0,0,0
Nigeria,NGA,1992,0,0,0
Nigeria,NGA,1993,0,0,0
Nigeria,NGA,1994,0,0,0
Nigeria,NGA,1995,0,0,0
Nigeria,NGA,1996,0,0,0
Nigeria,NGA,1997,0,0,0
Nigeria,NGA,1998,0,0,0
Nigeria,NGA,1999,0,0,0
Nigeria,NGA,2000,0,0,0
Nigeria,NGA,2001,0,0,0
Nigeria,NGA,2002,0,0,0
Nigeria,NGA,2003,0,0,0
Nigeria,NGA,2004,0,0,0
Nigeria,NGA,2005,0,0,0
Nigeria,NGA,2006,0,0,0
Nigeria,NGA,2007,0,0,0
Nigeria,NGA,2008,0,0,0
Nigeria,NGA,2009,0,0,0
Nigeria,NGA,2010,0,0,0
Nigeria,NGA,2011,0,0,0
Nigeria,NGA,2012,0,0,0
Nigeria,NGA,2013,0,0,0
Nigeria,NGA,2014,0,0,0
Nigeria,NGA,2015,0,0,0
Nigeria,NGA,2016,0,0,0
Nigeria,NGA,2017,0,0,0
Nigeria,NGA,2018,0,0,0
Nigeria,NGA,2019,0,0,0
Nigeria,NGA,2020,0,0,0
Nigeria,NGA,2021,0,0,0
Nigeria,NGA,2022,0,0,0
Nigeria,NGA,2023,0,0,0
Nigeria,NGA,2024,0,0,0
Nigeria,NGA,2025,0,0,0
North Korea,PRK,1989,0,0,0
North Korea,PRK,1990,0,0,0
North Korea,PRK,1991,0,0,0
North Korea,PRK,1992,0,0,0
North Korea,PRK,1993,0,0,0
North Korea,PRK,1994,0,0,0
North Korea,PRK,1995,0,0,0
North Korea,PRK,1996,0,0,0
North Korea,PRK,1997,0,0,0
North Korea,PRK,1998,0,0,0
North Korea,PRK,1999,0,0,0
North Korea,PRK,2000,0,0,0
North Korea,PRK,2001,0,0,0
North Korea,PRK,2002,0,0,0
North Korea,PRK,2003,0,0,0
North Korea,PRK,2004,0,0,0
North Korea,PRK,2005,0,0,0
North Korea,PRK,2006,0,0,0
North Korea,PRK,2007,0,0,0
North Korea,PRK,2008,0,0,0
North Korea,PRK,2009,0,0,0
North Korea,PRK,2010,0,0,0
North Korea,PRK,2011,0,0,0
North Korea,PRK,2012,0,0,0
North Korea,PRK,2013,0,0,0
North Korea,PRK,2014,0,0,0
North Korea,PRK,2015,0,0,0
North Korea,PRK,2016,0,0,0
North Korea,PRK,2017,0,0,0
North Korea,PRK,2018,0,0,0
North Korea,PRK,2019,0,0,0
North Korea,PRK,2020,0,0,0
North Korea,PRK,2021,0,0,0
North Korea,PRK,2022,0,0,0
North Korea,PRK,2023,0,0,0
North Korea,PRK,2024,0,0,0
North Korea,PRK,2025,0,0,0
North Macedonia,MKD,1989,0,0,0
North Macedonia,MKD,1990,0,0,0
North Macedonia,MKD,1991,0,0,0
North Macedonia,MKD,1992,0,0,0
North Macedonia,MKD,1993,0,0,0
North Macedonia,MKD,1994,0,0,0
North Macedonia,MKD,1995,0,0,0
North Macedonia,MKD,1996,0,0,0
North Macedonia,MKD,1997,0,0,0
North Macedonia,MKD,1998,0,0,0
North Macedonia,MKD,1999,0,0,0
North Macedonia,MKD,2000,0,0,0
North Macedonia,MKD,2001,0,0,0
North Macedonia,MKD,2002,0,0,0
North Macedonia,MKD,2003,0,0,0
North Macedonia,MKD,2004,0,0,0
North Macedonia,MKD,2005,0,0,0
North Macedonia,MKD,2006,0,0,0
North Macedonia,MKD,2007,0,0,0
North Macedonia,MKD,2008,0,0,0
North Macedonia,MKD,2009,0,0,0
North Macedonia,MKD,2010,0,0,0
North Macedonia,MKD,2011,0,0,0
North Macedonia,MKD,2012,0,0,0
North Macedonia,MKD,2013,0,0,0
North Macedonia,MKD,2014,0,0,0
North Macedonia,MKD,2015,0,0,0
North Macedonia,MKD,2016,0,0,0
North Macedonia,MKD,2017,0,0,0
North Macedonia,MKD,2018,0,0,0
North Macedonia,MKD,2019,0,0,0
North Macedonia,MKD,2020,0,0,0
North Macedonia,MKD,2021,0,0,0
North Macedonia,MKD,2022,0,0,0
North Macedonia,MKD,2023,0,0,0
North Macedonia,MKD,2024,0,0,0
North Macedonia,MKD,2025,0,0,0
Norway,NOR,1989,0,0,0
Norway,NOR,1990,0,0,0
Norway,NOR,1991,42.26042,42.26042,0
Norway,NOR,1992,38.739662,38.739662,0
Norway,NOR,1993,37.73702,37.73702,0
Norway,NOR,1994,37.549797,37.549797,0
Norway,NOR,1995,37.669815,37.669815,0
Norway,NOR,1996,41.785545,41.785545,0
Norway,NOR,1997,38.28583,38.28583,0
Norway,NOR,1998,37.32996,37.32996,0
Norway,NOR,1999,36.359787,36.359787,0
Norway,NOR,2000,41.83804,41.83804,0
Norway,NOR,2001,42.993145,42.993145,0
Norway,NOR,2002,43.663643,43.663643,0
Norway,NOR,2003,43.91976,43.91976,0
Norway,NOR,2004,42.459538,42.459538,0
Norway,NOR,2005,31.97598,31.97598,0
Norway,NOR,2006,32.784344,32.784344,0
Norway,NOR,2007,35.173275,35.173275,0
Norway,NOR,2008,68.18412,31.932295,39.055225
Norway,NOR,2009,68.39819,33.232155,38.0062
Norway,NOR,2010,66.5872,30.1435,39.022636
Norway,NOR,2011,65.27233,29.822603,37.991932
Norway,NOR,2012,65.16484,30.195375,39.99554
Norway,NOR,2013,65.77564,29.992878,40.760365
Norway,NOR,2014,65.81106,30.37361,40.65758
Norway,NOR,2015,65.960175,29.92163,41.253273
Norway,NOR,2016,65.64948,29.992735,40.706654
Norway,NOR,2017,65.05951,28.199778,42.02656
Norway,NOR,2018,65.458885,28.567183,41.461094
Norway,NOR,2019,65.37284,28.100119,42.42057
Norway,NOR,2020,65.34894,27.314442,42.482613
Norway,NOR,2021,64.97023,27.783478,41.69101
Norway,NOR,2022,64.84466,28.669178,41.19188
Norway,NOR,2023,64.84466,28.669178,41.19188
Norway,NOR,2024,74.35564,28.669178,50.702866
Norway,NOR,2025,74.35564,28.669178,50.702866
Oman,OMN,1989,0,0,0
Oman,OMN,1990,0,0,0
Oman,OMN,1991,0,0,0
Oman,OMN,1992,0,0,0
Oman,OMN,1993,0,0,0
Oman,OMN,1994,0,0,0
Oman,OMN,1995,0,0,0
Oman,OMN,1996,0,0,0
Oman,OMN,1997,0,0,0
Oman,OMN,1998,0,0,0
Oman,OMN,1999,0,0,0
Oman,OMN,2000,0,0,0
Oman,OMN,2001,0,0,0
Oman,OMN,2002,0,0,0
Oman,OMN,2003,0,0,0
Oman,OMN,2004,0,0,0
Oman,OMN,2005,0,0,0
Oman,OMN,2006,0,0,0
Oman,OMN,2007,0,0,0
Oman,OMN,2008,0,0,0
Oman,OMN,2009,0,0,0
Oman,OMN,2010,0,0,0
Oman,OMN,2011,0,0,0
Oman,OMN,2012,0,0,0
Oman,OMN,2013,0,0,0
Oman,OMN,2014,0,0,0
Oman,OMN,2015,0,0,0
Oman,OMN,2016,0,0,0
Oman,OMN,2017,0,0,0
Oman,OMN,2018,0,0,0
Oman,OMN,2019,0,0,0
Oman,OMN,2020,0,0,0
Oman,OMN,2021,0,0,0
Oman,OMN,2022,0,0,0
Oman,OMN,2023,0,0,0
Oman,OMN,2024,0,0,0
Oman,OMN,2025,0,0,0
Pakistan,PAK,1989,0,0,0
Pakistan,PAK,1990,0,0,0
Pakistan,PAK,1991,0,0,0
Pakistan,PAK,1992,0,0,0
Pakistan,PAK,1993,0,0,0
Pakistan,PAK,1994,0,0,0
Pakistan,PAK,1995,0,0,0
Pakistan,PAK,1996,0,0,0
Pakistan,PAK,1997,0,0,0
Pakistan,PAK,1998,0,0,0
Pakistan,PAK,1999,0,0,0
Pakistan,PAK,2000,0,0,0
Pakistan,PAK,2001,0,0,0
Pakistan,PAK,2002,0,0,0
Pakistan,PAK,2003,0,0,0
Pakistan,PAK,2004,0,0,0
Pakistan,PAK,2005,0,0,0
Pakistan,PAK,2006,0,0,0
Pakistan,PAK,2007,0,0,0
Pakistan,PAK,2008,0,0,0
Pakistan,PAK,2009,0,0,0
Pakistan,PAK,2010,0,0,0
Pakistan,PAK,2011,0,0,0
Pakistan,PAK,2012,0,0,0
Pakistan,PAK,2013,0,0,0
Pakistan,PAK,2014,0,0,0
Pakistan,PAK,2015,0,0,0
Pakistan,PAK,2016,0,0,0
Pakistan,PAK,2017,0,0,0
Pakistan,PAK,2018,0,0,0
Pakistan,PAK,2019,0,0,0
Pakistan,PAK,2020,0,0,0
Pakistan,PAK,2021,0,0,0
Pakistan,PAK,2022,0,0,0
Pakistan,PAK,2023,0,0,0
Pakistan,PAK,2024,0,0,0
Pakistan,PAK,2025,0,0,0
Palau,PLW,1989,0,0,0
Palau,PLW,1990,0,0,0
Palau,PLW,1991,0,0,0
Palau,PLW,1992,0,0,0
Palau,PLW,1993,0,0,0
Palau,PLW,1994,0,0,0
Palau,PLW,1995,0,0,0
Palau,PLW,1996,0,0,0
Palau,PLW,1997,0,0,0
Palau,PLW,1998,0,0,0
Palau,PLW,1999,0,0,0
Palau,PLW,2000,0,0,0
Palau,PLW,2001,0,0,0
Palau,PLW,2002,0,0,0
Palau,PLW,2003,0,0,0
Palau,PLW,2004,0,0,0
Palau,PLW,2005,0,0,0
Palau,PLW,2006,0,0,0
Palau,PLW,2007,0,0,0
Palau,PLW,2008,0,0,0
Palau,PLW,2009,0,0,0
Palau,PLW,2010,0,0,0
Palau,PLW,2011,0,0,0
Palau,PLW,2012,0,0,0
Palau,PLW,2013,0,0,0
Palau,PLW,2014,0,0,0
Palau,PLW,2015,0,0,0
Palau,PLW,2016,0,0,0
Palau,PLW,2017,0,0,0
Palau,PLW,2018,0,0,0
Palau,PLW,2019,0,0,0
Palau,PLW,2020,0,0,0
Palau,PLW,2021,0,0,0
Palau,PLW,2022,0,0,0
Palau,PLW,2023,0,0,0
Palau,PLW,2024,0,0,0
Palau,PLW,2025,0,0,0
Palestine,PSE,1989,0,0,0
Palestine,PSE,1990,0,0,0
Palestine,PSE,1991,0,0,0
Palestine,PSE,1992,0,0,0
Palestine,PSE,1993,0,0,0
Palestine,PSE,1994,0,0,0
Palestine,PSE,1995,0,0,0
Palestine,PSE,1996,0,0,0
Palestine,PSE,1997,0,0,0
Palestine,PSE,1998,0,0,0
Palestine,PSE,1999,0,0,0
Palestine,PSE,2000,0,0,0
Palestine,PSE,2001,0,0,0
Palestine,PSE,2002,0,0,0
Palestine,PSE,2003,0,0,0
Palestine,PSE,2004,0,0,0
Palestine,PSE,2005,0,0,0
Palestine,PSE,2006,0,0,0
Palestine,PSE,2007,0,0,0
Palestine,PSE,2008,0,0,0
Palestine,PSE,2009,0,0,0
Palestine,PSE,2010,0,0,0
Palestine,PSE,2011,0,0,0
Palestine,PSE,2012,0,0,0
Palestine,PSE,2013,0,0,0
Palestine,PSE,2014,0,0,0
Palestine,PSE,2015,0,0,0
Palestine,PSE,2016,0,0,0
Palestine,PSE,2017,0,0,0
Palestine,PSE,2018,0,0,0
Palestine,PSE,2019,0,0,0
Palestine,PSE,2020,0,0,0
Palestine,PSE,2021,0,0,0
Palestine,PSE,2022,0,0,0
Palestine,PSE,2023,0,0,0
Palestine,PSE,2024,0,0,0
Palestine,PSE,2025,0,0,0
Panama,PAN,1989,0,0,0
Panama,PAN,1990,0,0,0
Panama,PAN,1991,0,0,0
Panama,PAN,1992,0,0,0
Panama,PAN,1993,0,0,0
Panama,PAN,1994,0,0,0
Panama,PAN,1995,0,0,0
Panama,PAN,1996,0,0,0
Panama,PAN,1997,0,0,0
Panama,PAN,1998,0,0,0
Panama,PAN,1999,0,0,0
Panama,PAN,2000,0,0,0
Panama,PAN,2001,0,0,0
Panama,PAN,2002,0,0,0
Panama,PAN,2003,0,0,0
Panama,PAN,2004,0,0,0
Panama,PAN,2005,0,0,0
Panama,PAN,2006,0,0,0
Panama,PAN,2007,0,0,0
Panama,PAN,2008,0,0,0
Panama,PAN,2009,0,0,0
Panama,PAN,2010,0,0,0
Panama,PAN,2011,0,0,0
Panama,PAN,2012,0,0,0
Panama,PAN,2013,0,0,0
Panama,PAN,2014,0,0,0
Panama,PAN,2015,0,0,0
Panama,PAN,2016,0,0,0
Panama,PAN,2017,0,0,0
Panama,PAN,2018,0,0,0
Panama,PAN,2019,0,0,0
Panama,PAN,2020,0,0,0
Panama,PAN,2021,0,0,0
Panama,PAN,2022,0,0,0
Panama,PAN,2023,0,0,0
Panama,PAN,2024,0,0,0
Panama,PAN,2025,0,0,0
Papua New Guinea,PNG,1989,0,0,0
Papua New Guinea,PNG,1990,0,0,0
Papua New Guinea,PNG,1991,0,0,0
Papua New Guinea,PNG,1992,0,0,0
Papua New Guinea,PNG,1993,0,0,0
Papua New Guinea,PNG,1994,0,0,0
Papua New Guinea,PNG,1995,0,0,0
Papua New Guinea,PNG,1996,0,0,0
Papua New Guinea,PNG,1997,0,0,0
Papua New Guinea,PNG,1998,0,0,0
Papua New Guinea,PNG,1999,0,0,0
Papua New Guinea,PNG,2000,0,0,0
Papua New Guinea,PNG,2001,0,0,0
Papua New Guinea,PNG,2002,0,0,0
Papua New Guinea,PNG,2003,0,0,0
Papua New Guinea,PNG,2004,0,0,0
Papua New Guinea,PNG,2005,0,0,0
Papua New Guinea,PNG,2006,0,0,0
Papua New Guinea,PNG,2007,0,0,0
Papua New Guinea,PNG,2008,0,0,0
Papua New Guinea,PNG,2009,0,0,0
Papua New Guinea,PNG,2010,0,0,0
Papua New Guinea,PNG,2011,0,0,0
Papua New Guinea,PNG,2012,0,0,0
Papua New Guinea,PNG,2013,0,0,0
Papua New Guinea,PNG,2014,0,0,0
Papua New Guinea,PNG,2015,0,0,0
Papua New Guinea,PNG,2016,0,0,0
Papua New Guinea,PNG,2017,0,0,0
Papua New Guinea,PNG,2018,0,0,0
Papua New Guinea,PNG,2019,0,0,0
Papua New Guinea,PNG,2020,0,0,0
Papua New Guinea,PNG,2021,0,0,0
Papua New Guinea,PNG,2022,0,0,0
Papua New Guinea,PNG,2023,0,0,0
Papua New Guinea,PNG,2024,0,0,0
Papua New Guinea,PNG,2025,0,0,0
Paraguay,PRY,1989,0,0,0
Paraguay,PRY,1990,0,0,0
Paraguay,PRY,1991,0,0,0
Paraguay,PRY,1992,0,0,0
Paraguay,PRY,1993,0,0,0
Paraguay,PRY,1994,0,0,0
Paraguay,PRY,1995,0,0,0
Paraguay,PRY,1996,0,0,0
Paraguay,PRY,1997,0,0,0
Paraguay,PRY,1998,0,0,0
Paraguay,PRY,1999,0,0,0
Paraguay,PRY,2000,0,0,0
Paraguay,PRY,2001,0,0,0
Paraguay,PRY,2002,0,0,0
Paraguay,PRY,2003,0,0,0
Paraguay,PRY,2004,0,0,0
Paraguay,PRY,2005,0,0,0
Paraguay,PRY,2006,0,0,0
Paraguay,PRY,2007,0,0,0
Paraguay,PRY,2008,0,0,0
Paraguay,PRY,2009,0,0,0
Paraguay,PRY,2010,0,0,0
Paraguay,PRY,2011,0,0,0
Paraguay,PRY,2012,0,0,0
Paraguay,PRY,2013,0,0,0
Paraguay,PRY,2014,0,0,0
Paraguay,PRY,2015,0,0,0
Paraguay,PRY,2016,0,0,0
Paraguay,PRY,2017,0,0,0
Paraguay,PRY,2018,0,0,0
Paraguay,PRY,2019,0,0,0
Paraguay,PRY,2020,0,0,0
Paraguay,PRY,2021,0,0,0
Paraguay,PRY,2022,0,0,0
Paraguay,PRY,2023,0,0,0
Paraguay,PRY,2024,0,0,0
Paraguay,PRY,2025,0,0,0
Peru,PER,1989,0,0,0
Peru,PER,1990,0,0,0
Peru,PER,1991,0,0,0
Peru,PER,1992,0,0,0
Peru,PER,1993,0,0,0
Peru,PER,1994,0,0,0
Peru,PER,1995,0,0,0
Peru,PER,1996,0,0,0
Peru,PER,1997,0,0,0
Peru,PER,1998,0,0,0
Peru,PER,1999,0,0,0
Peru,PER,2000,0,0,0
Peru,PER,2001,0,0,0
Peru,PER,2002,0,0,0
Peru,PER,2003,0,0,0
Peru,PER,2004,0,0,0
Peru,PER,2005,0,0,0
Peru,PER,2006,0,0,0
Peru,PER,2007,0,0,0
Peru,PER,2008,0,0,0
Peru,PER,2009,0,0,0
Peru,PER,2010,0,0,0
Peru,PER,2011,0,0,0
Peru,PER,2012,0,0,0
Peru,PER,2013,0,0,0
Peru,PER,2014,0,0,0
Peru,PER,2015,0,0,0
Peru,PER,2016,0,0,0
Peru,PER,2017,0,0,0
Peru,PER,2018,0,0,0
Peru,PER,2019,0,0,0
Peru,PER,2020,0,0,0
Peru,PER,2021,0,0,0
Peru,PER,2022,0,0,0
Peru,PER,2023,0,0,0
Peru,PER,2024,0,0,0
Peru,PER,2025,0,0,0
Philippines,PHL,1989,0,0,0
Philippines,PHL,1990,0,0,0
Philippines,PHL,1991,0,0,0
Philippines,PHL,1992,0,0,0
Philippines,PHL,1993,0,0,0
Philippines,PHL,1994,0,0,0
Philippines,PHL,1995,0,0,0
Philippines,PHL,1996,0,0,0
Philippines,PHL,1997,0,0,0
Philippines,PHL,1998,0,0,0
Philippines,PHL,1999,0,0,0
Philippines,PHL,2000,0,0,0
Philippines,PHL,2001,0,0,0
Philippines,PHL,2002,0,0,0
Philippines,PHL,2003,0,0,0
Philippines,PHL,2004,0,0,0
Philippines,PHL,2005,0,0,0
Philippines,PHL,2006,0,0,0
Philippines,PHL,2007,0,0,0
Philippines,PHL,2008,0,0,0
Philippines,PHL,2009,0,0,0
Philippines,PHL,2010,0,0,0
Philippines,PHL,2011,0,0,0
Philippines,PHL,2012,0,0,0
Philippines,PHL,2013,0,0,0
Philippines,PHL,2014,0,0,0
Philippines,PHL,2015,0,0,0
Philippines,PHL,2016,0,0,0
Philippines,PHL,2017,0,0,0
Philippines,PHL,2018,0,0,0
Philippines,PHL,2019,0,0,0
Philippines,PHL,2020,0,0,0
Philippines,PHL,2021,0,0,0
Philippines,PHL,2022,0,0,0
Philippines,PHL,2023,0,0,0
Philippines,PHL,2024,0,0,0
Philippines,PHL,2025,0,0,0
Poland,POL,1989,0,0,0
Poland,POL,1990,10.663411,10.663411,0
Poland,POL,1991,9.688139,9.688139,0
Poland,POL,1992,9.174689,9.174689,0
Poland,POL,1993,12.223966,12.223966,0
Poland,POL,1994,12.513529,12.513529,0
Poland,POL,1995,16.492567,16.492567,0
Poland,POL,1996,17.242292,17.242292,0
Poland,POL,1997,16.88366,16.88366,0
Poland,POL,1998,15.816681,15.816681,0
Poland,POL,1999,13.863012,13.863012,0
Poland,POL,2000,14.373022,14.373022,0
Poland,POL,2001,12.841141,12.841141,0
Poland,POL,2002,12.456776,12.456776,0
Poland,POL,2003,11.614429,11.614429,0
Poland,POL,2004,14.719761,14.719761,0
Poland,POL,2005,57.204617,1.4971318,57.204617
Poland,POL,2006,56.062103,1.4181098,56.062103
Poland,POL,2007,56.831955,1.5016379,56.831955
Poland,POL,2008,56.212433,1.4512593,56.212433
Poland,POL,2009,54.911167,1.123918,54.911167
Poland,POL,2010,53.918518,1.1110246,53.918518
Poland,POL,2011,55.10307,1.2255101,55.10307
Poland,POL,2012,54.294415,1.3377546,54.294415
Poland,POL,2013,54.9559,1.3536481,54.9559
Poland,POL,2014,54.545456,1.3130442,54.545456
Poland,POL,2015,54.45109,1.0834461,54.45109
Poland,POL,2016,52.4864,1.0332156,52.4864
Poland,POL,2017,51.359184,1.0884302,51.359184
Poland,POL,2018,50.986187,1.1028117,50.986187
Poland,POL,2019,49.891075,1.1661052,49.891075
Poland,POL,2020,48.565094,1.1671562,48.565094
Poland,POL,2021,50.358074,1.1211886,50.358074
Poland,POL,2022,50.410885,1.1607901,50.410885
Poland,POL,2023,50.410885,1.1607901,50.410885
Poland,POL,2024,50.412,1.1607901,50.412
Poland,POL,2025,50.412,1.1607901,50.412
Portugal,PRT,1989,0,0,0
Portugal,PRT,1990,0,0,0
Portugal,PRT,1991,0,0,0
Portugal,PRT,1992,0,0,0
Portugal,PRT,1993,0,0,0
Portugal,PRT,1994,0,0,0
Portugal,PRT,1995,0,0,0
Portugal,PRT,1996,0,0,0
Portugal,PRT,1997,0,0,0
Portugal,PRT,1998,0,0,0
Portugal,PRT,1999,0,0,0
Portugal,PRT,2000,0,0,0
Portugal,PRT,2001,0,0,0
Portugal,PRT,2002,0,0,0
Portugal,PRT,2003,0,0,0
Portugal,PRT,2004,0,0,0
Portugal,PRT,2005,55.072464,0,55.072464
Portugal,PRT,2006,53.152138,0,53.152138
Portugal,PRT,2007,51.296852,0,51.296852
Portugal,PRT,2008,51.06004,0,51.06004
Portugal,PRT,2009,50.40664,0,50.40664
Portugal,PRT,2010,44.63367,0,44.63367
Portugal,PRT,2011,47.693253,0,47.693253
Portugal,PRT,2012,50.640373,0,50.640373
Portugal,PRT,2013,48.71031,0,48.71031
Portugal,PRT,2014,48.499435,0,48.499435
Portugal,PRT,2015,89.34679,42.0126,52.660316
Portugal,PRT,2016,88.904396,44.077866,50.531567
Portugal,PRT,2017,89.81786,40.713715,54.060047
Portugal,PRT,2018,89.455055,43.76862,50.507282
Portugal,PRT,2019,87.99346,48.92125,44.096363
Portugal,PRT,2020,86.761604,49.210236,42.95628
Portugal,PRT,2021,87.08988,52.613415,39.04647
Portugal,PRT,2022,89.44232,54.800648,40.62162
Portugal,PRT,2023,89.44232,54.800648,40.62162
Portugal,PRT,2024,90.074135,54.800648,41.25343
Portugal,PRT,2025,90.074135,54.800648,41.25343
Puerto Rico,PRI,1989,0,0,0
Puerto Rico,PRI,1990,0,0,0
Puerto Rico,PRI,1991,0,0,0
Puerto Rico,PRI,1992,0,0,0
Puerto Rico,PRI,1993,0,0,0
Puerto Rico,PRI,1994,0,0,0
Puerto Rico,PRI,1995,0,0,0
Puerto Rico,PRI,1996,0,0,0
Puerto Rico,PRI,1997,0,0,0
Puerto Rico,PRI,1998,0,0,0
Puerto Rico,PRI,1999,0,0,0
Puerto Rico,PRI,2000,0,0,0
Puerto Rico,PRI,2001,0,0,0
Puerto Rico,PRI,2002,0,0,0
Puerto Rico,PRI,2003,0,0,0
Puerto Rico,PRI,2004,0,0,0
Puerto Rico,PRI,2005,0,0,0
Puerto Rico,PRI,2006,0,0,0
Puerto Rico,PRI,2007,0,0,0
Puerto Rico,PRI,2008,0,0,0
Puerto Rico,PRI,2009,0,0,0
Puerto Rico,PRI,2010,0,0,0
Puerto Rico,PRI,2011,0,0,0
Puerto Rico,PRI,2012,0,0,0
Puerto Rico,PRI,2013,0,0,0
Puerto Rico,PRI,2014,0,0,0
Puerto Rico,PRI,2015,0,0,0
Puerto Rico,PRI,2016,0,0,0
Puerto Rico,PRI,2017,0,0,0
Puerto Rico,PRI,2018,0,0,0
Puerto Rico,PRI,2019,0,0,0
Puerto Rico,PRI,2020,0,0,0
Puerto Rico,PRI,2021,0,0,0
Puerto Rico,PRI,2022,0,0,0
Puerto Rico,PRI,2023,0,0,0
Puerto Rico,PRI,2024,0,0,0
Puerto Rico,PRI,2025,0,0,0
Qatar,QAT,1989,0,0,0
Qatar,QAT,1990,0,0,0
Qatar,QAT,1991,0,0,0
Qatar,QAT,1992,0,0,0
Qatar,QAT,1993,0,0,0
Qatar,QAT,1994,0,0,0
Qatar,QAT,1995,0,0,0
Qatar,QAT,1996,0,0,0
Qatar,QAT,1997,0,0,0
Qatar,QAT,1998,0,0,0
Qatar,QAT,1999,0,0,0
Qatar,QAT,2000,0,0,0
Qatar,QAT,2001,0,0,0
Qatar,QAT,2002,0,0,0
Qatar,QAT,2003,0,0,0
Qatar,QAT,2004,0,0,0
Qatar,QAT,2005,0,0,0
Qatar,QAT,2006,0,0,0
Qatar,QAT,2007,0,0,0
Qatar,QAT,2008,0,0,0
Qatar,QAT,2009,0,0,0
Qatar,QAT,2010,0,0,0
Qatar,QAT,2011,0,0,0
Qatar,QAT,2012,0,0,0
Qatar,QAT,2013,0,0,0
Qatar,QAT,2014,0,0,0
Qatar,QAT,2015,0,0,0
Qatar,QAT,2016,0,0,0
Qatar,QAT,2017,0,0,0
Qatar,QAT,2018,0,0,0
Qatar,QAT,2019,0,0,0
Qatar,QAT,2020,0,0,0
Qatar,QAT,2021,0,0,0
Qatar,QAT,2022,0,0,0
Qatar,QAT,2023,0,0,0
Qatar,QAT,2024,0,0,0
Qatar,QAT,2025,0,0,0
Romania,ROU,1989,0,0,0
Romania,ROU,1990,0,0,0
Romania,ROU,1991,0,0,0
Romania,ROU,1992,0,0,0
Romania,ROU,1993,0,0,0
Romania,ROU,1994,0,0,0
Romania,ROU,1995,0,0,0
Romania,ROU,1996,0,0,0
Romania,ROU,1997,0,0,0
Romania,ROU,1998,0,0,0
Romania,ROU,1999,0,0,0
Romania,ROU,2000,0,0,0
Romania,ROU,2001,0,0,0
Romania,ROU,2002,0,0,0
Romania,ROU,2003,0,0,0
Romania,ROU,2004,0,0,0
Romania,ROU,2005,0,0,0
Romania,ROU,2006,0,0,0
Romania,ROU,2007,64.27941,0,64.27941
Romania,ROU,2008,63.97932,0,63.97932
Romania,ROU,2009,63.193,0,63.193
Romania,ROU,2010,62.310593,0,62.310593
Romania,ROU,2011,63.562298,0,63.562298
Romania,ROU,2012,60.643356,0,60.643356
Romania,ROU,2013,55.496933,0,55.496933
Romania,ROU,2014,55.68925,0,55.68925
Romania,ROU,2015,55.90531,0,55.90531
Romania,ROU,2016,53.91976,0,53.91976
Romania,ROU,2017,53.50488,0,53.50488
Romania,ROU,2018,51.71312,0,51.71312
Romania,ROU,2019,51.103996,0,51.103996
Romania,ROU,2020,46.138214,0,46.138214
Romania,ROU,2021,45.966915,0,45.966915
Romania,ROU,2022,43.274155,0,43.274155
Romania,ROU,2023,43.274155,0,43.274155
Romania,ROU,2024,43.459515,0,43.459515
Romania,ROU,2025,43.459515,0,43.459515
Russia,RUS,1989,0,0,0
Russia,RUS,1990,0,0,0
Russia,RUS,1991,0,0,0
Russia,RUS,1992,0,0,0
Russia,RUS,1993,0,0,0
Russia,RUS,1994,0,0,0
Russia,RUS,1995,0,0,0
Russia,RUS,1996,0,0,0
Russia,RUS,1997,0,0,0
Russia,RUS,1998,0,0,0
Russia,RUS,1999,0,0,0
Russia,RUS,2000,0,0,0
Russia,RUS,2001,0,0,0
Russia,RUS,2002,0,0,0
Russia,RUS,2003,0,0,0
Russia,RUS,2004,0,0,0
Russia,RUS,2005,0,0,0
Russia,RUS,2006,0,0,0
Russia,RUS,2007,0,0,0
Russia,RUS,2008,0,0,0
Russia,RUS,2009,0,0,0
Russia,RUS,2010,0,0,0
Russia,RUS,2011,0,0,0
Russia,RUS,2012,0,0,0
Russia,RUS,2013,0,0,0
Russia,RUS,2014,0,0,0
Russia,RUS,2015,0,0,0
Russia,RUS,2016,0,0,0
Russia,RUS,2017,0,0,0
Russia,RUS,2018,0,0,0
Russia,RUS,2019,0,0,0
Russia,RUS,2020,0,0,0
Russia,RUS,2021,0,0,0
Russia,RUS,2022,0,0,0
Russia,RUS,2023,0,0,0
Russia,RUS,2024,0,0,0
Russia,RUS,2025,0,0,0
Rwanda,RWA,1989,0,0,0
Rwanda,RWA,1990,0,0,0
Rwanda,RWA,1991,0,0,0
Rwanda,RWA,1992,0,0,0
Rwanda,RWA,1993,0,0,0
Rwanda,RWA,1994,0,0,0
Rwanda,RWA,1995,0,0,0
Rwanda,RWA,1996,0,0,0
Rwanda,RWA,1997,0,0,0
Rwanda,RWA,1998,0,0,0
Rwanda,RWA,1999,0,0,0
Rwanda,RWA,2000,0,0,0
Rwanda,RWA,2001,0,0,0
Rwanda,RWA,2002,0,0,0
Rwanda,RWA,2003,0,0,0
Rwanda,RWA,2004,0,0,0
Rwanda,RWA,2005,0,0,0
Rwanda,RWA,2006,0,0,0
Rwanda,RWA,2007,0,0,0
Rwanda,RWA,2008,0,0,0
Rwanda,RWA,2009,0,0,0
Rwanda,RWA,2010,0,0,0
Rwanda,RWA,2011,0,0,0
Rwanda,RWA,2012,0,0,0
Rwanda,RWA,2013,0,0,0
Rwanda,RWA,2014,0,0,0
Rwanda,RWA,2015,0,0,0
Rwanda,RWA,2016,0,0,0
Rwanda,RWA,2017,0,0,0
Rwanda,RWA,2018,0,0,0
Rwanda,RWA,2019,0,0,0
Rwanda,RWA,2020,0,0,0
Rwanda,RWA,2021,0,0,0
Rwanda,RWA,2022,0,0,0
Rwanda,RWA,2023,0,0,0
Rwanda,RWA,2024,0,0,0
Rwanda,RWA,2025,0,0,0
Saint Kitts and Nevis,KNA,1989,0,0,0
Saint Kitts and Nevis,KNA,1990,0,0,0
Saint Kitts and Nevis,KNA,1991,0,0,0
Saint Kitts and Nevis,KNA,1992,0,0,0
Saint Kitts and Nevis,KNA,1993,0,0,0
Saint Kitts and Nevis,KNA,1994,0,0,0
Saint Kitts and Nevis,KNA,1995,0,0,0
Saint Kitts and Nevis,KNA,1996,0,0,0
Saint Kitts and Nevis,KNA,1997,0,0,0
Saint Kitts and Nevis,KNA,1998,0,0,0
Saint Kitts and Nevis,KNA,1999,0,0,0
Saint Kitts and Nevis,KNA,2000,0,0,0
Saint Kitts and Nevis,KNA,2001,0,0,0
Saint Kitts and Nevis,KNA,2002,0,0,0
Saint Kitts and Nevis,KNA,2003,0,0,0
Saint Kitts and Nevis,KNA,2004,0,0,0
Saint Kitts and Nevis,KNA,2005,0,0,0
Saint Kitts and Nevis,KNA,2006,0,0,0
Saint Kitts and Nevis,KNA,2007,0,0,0
Saint Kitts and Nevis,KNA,2008,0,0,0
Saint Kitts and Nevis,KNA,2009,0,0,0
Saint Kitts and Nevis,KNA,2010,0,0,0
Saint Kitts and Nevis,KNA,2011,0,0,0
Saint Kitts and Nevis,KNA,2012,0,0,0
Saint Kitts and Nevis,KNA,2013,0,0,0
Saint Kitts and Nevis,KNA,2014,0,0,0
Saint Kitts and Nevis,KNA,2015,0,0,0
Saint Kitts and Nevis,KNA,2016,0,0,0
Saint Kitts and Nevis,KNA,2017,0,0,0
Saint Kitts and Nevis,KNA,2018,0,0,0
Saint Kitts and Nevis,KNA,2019,0,0,0
Saint Kitts and Nevis,KNA,2020,0,0,0
Saint Kitts and Nevis,KNA,2021,0,0,0
Saint Kitts and Nevis,KNA,2022,0,0,0
Saint Kitts and Nevis,KNA,2023,0,0,0
Saint Kitts and Nevis,KNA,2024,0,0,0
Saint Kitts and Nevis,KNA,2025,0,0,0
Saint Lucia,LCA,1989,0,0,0
Saint Lucia,LCA,1990,0,0,0
Saint Lucia,LCA,1991,0,0,0
Saint Lucia,LCA,1992,0,0,0
Saint Lucia,LCA,1993,0,0,0
Saint Lucia,LCA,1994,0,0,0
Saint Lucia,LCA,1995,0,0,0
Saint Lucia,LCA,1996,0,0,0
Saint Lucia,LCA,1997,0,0,0
Saint Lucia,LCA,1998,0,0,0
Saint Lucia,LCA,1999,0,0,0
Saint Lucia,LCA,2000,0,0,0
Saint Lucia,LCA,2001,0,0,0
Saint Lucia,LCA,2002,0,0,0
Saint Lucia,LCA,2003,0,0,0
Saint Lucia,LCA,2004,0,0,0
Saint Lucia,LCA,2005,0,0,0
Saint Lucia,LCA,2006,0,0,0
Saint Lucia,LCA,2007,0,0,0
Saint Lucia,LCA,2008,0,0,0
Saint Lucia,LCA,2009,0,0,0
Saint Lucia,LCA,2010,0,0,0
Saint Lucia,LCA,2011,0,0,0
Saint Lucia,LCA,2012,0,0,0
Saint Lucia,LCA,2013,0,0,0
Saint Lucia,LCA,2014,0,0,0
Saint Lucia,LCA,2015,0,0,0
Saint Lucia,LCA,2016,0,0,0
Saint Lucia,LCA,2017,0,0,0
Saint Lucia,LCA,2018,0,0,0
Saint Lucia,LCA,2019,0,0,0
Saint Lucia,LCA,2020,0,0,0
Saint Lucia,LCA,2021,0,0,0
Saint Lucia,LCA,2022,0,0,0
Saint Lucia,LCA,2023,0,0,0
Saint Lucia,LCA,2024,0,0,0
Saint Lucia,LCA,2025,0,0,0
Saint Vincent and the Grenadines,VCT,1989,0,0,0
Saint Vincent and the Grenadines,VCT,1990,0,0,0
Saint Vincent and the Grenadines,VCT,1991,0,0,0
Saint Vincent and the Grenadines,VCT,1992,0,0,0
Saint Vincent and the Grenadines,VCT,1993,0,0,0
Saint Vincent and the Grenadines,VCT,1994,0,0,0
Saint Vincent and the Grenadines,VCT,1995,0,0,0
Saint Vincent and the Grenadines,VCT,1996,0,0,0
Saint Vincent and the Grenadines,VCT,1997,0,0,0
Saint Vincent and the Grenadines,VCT,1998,0,0,0
Saint Vincent and the Grenadines,VCT,1999,0,0,0
Saint Vincent and the Grenadines,VCT,2000,0,0,0
Saint Vincent and the Grenadines,VCT,2001,0,0,0
Saint Vincent and the Grenadines,VCT,2002,0,0,0
Saint Vincent and the Grenadines,VCT,2003,0,0,0
Saint Vincent and the Grenadines,VCT,2004,0,0,0
Saint Vincent and the Grenadines,VCT,2005,0,0,0
Saint Vincent and the Grenadines,VCT,2006,0,0,0
Saint Vincent and the Grenadines,VCT,2007,0,0,0
Saint Vincent and the Grenadines,VCT,2008,0,0,0
Saint Vincent and the Grenadines,VCT,2009,0,0,0
Saint Vincent and the Grenadines,VCT,2010,0,0,0
Saint Vincent and the Grenadines,VCT,2011,0,0,0
Saint Vincent and the Grenadines,VCT,2012,0,0,0
Saint Vincent and the Grenadines,VCT,2013,0,0,0
Saint Vincent and the Grenadines,VCT,2014,0,0,0
Saint Vincent and the Grenadines,VCT,2015,0,0,0
Saint Vincent and the Grenadines,VCT,2016,0,0,0
Saint Vincent and the Grenadines,VCT,2017,0,0,0
Saint Vincent and the Grenadines,VCT,2018,0,0,0
Saint Vincent and the Grenadines,VCT,2019,0,0,0
Saint Vincent and the Grenadines,VCT,2020,0,0,0
Saint Vincent and the Grenadines,VCT,2021,0,0,0
Saint Vincent and the Grenadines,VCT,2022,0,0,0
Saint Vincent and the Grenadines,VCT,2023,0,0,0
Saint Vincent and the Grenadines,VCT,2024,0,0,0
Saint Vincent and the Grenadines,VCT,2025,0,0,0
Samoa,WSM,1989,0,0,0
Samoa,WSM,1990,0,0,0
Samoa,WSM,1991,0,0,0
Samoa,WSM,1992,0,0,0
Samoa,WSM,1993,0,0,0
Samoa,WSM,1994,0,0,0
Samoa,WSM,1995,0,0,0
Samoa,WSM,1996,0,0,0
Samoa,WSM,1997,0,0,0
Samoa,WSM,1998,0,0,0
Samoa,WSM,1999,0,0,0
Samoa,WSM,2000,0,0,0
Samoa,WSM,2001,0,0,0
Samoa,WSM,2002,0,0,0
Samoa,WSM,2003,0,0,0
Samoa,WSM,2004,0,0,0
Samoa,WSM,2005,0,0,0
Samoa,WSM,2006,0,0,0
Samoa,WSM,2007,0,0,0
Samoa,WSM,2008,0,0,0
Samoa,WSM,2009,0,0,0
Samoa,WSM,2010,0,0,0
Samoa,WSM,2011,0,0,0
Samoa,WSM,2012,0,0,0
Samoa,WSM,2013,0,0,0
Samoa,WSM,2014,0,0,0
Samoa,WSM,2015,0,0,0
Samoa,WSM,2016,0,0,0
Samoa,WSM,2017,0,0,0
Samoa,WSM,2018,0,0,0
Samoa,WSM,2019,0,0,0
Samoa,WSM,2020,0,0,0
Samoa,WSM,2021,0,0,0
Samoa,WSM,2022,0,0,0
Samoa,WSM,2023,0,0,0
Samoa,WSM,2024,0,0,0
Samoa,WSM,2025,0,0,0
San Marino,SMR,1989,0,0,0
San Marino,SMR,1990,0,0,0
San Marino,SMR,1991,0,0,0
San Marino,SMR,1992,0,0,0
San Marino,SMR,1993,0,0,0
San Marino,SMR,1994,0,0,0
San Marino,SMR,1995,0,0,0
San Marino,SMR,1996,0,0,0
San Marino,SMR,1997,0,0,0
San Marino,SMR,1998,0,0,0
San Marino,SMR,1999,0,0,0
San Marino,SMR,2000,0,0,0
San Marino,SMR,2001,0,0,0
San Marino,SMR,2002,0,0,0
San Marino,SMR,2003,0,0,0
San Marino,SMR,2004,0,0,0
San Marino,SMR,2005,0,0,0
San Marino,SMR,2006,0,0,0
San Marino,SMR,2007,0,0,0
San Marino,SMR,2008,0,0,0
San Marino,SMR,2009,0,0,0
San Marino,SMR,2010,0,0,0
San Marino,SMR,2011,0,0,0
San Marino,SMR,2012,0,0,0
San Marino,SMR,2013,0,0,0
San Marino,SMR,2014,0,0,0
San Marino,SMR,2015,0,0,0
San Marino,SMR,2016,0,0,0
San Marino,SMR,2017,0,0,0
San Marino,SMR,2018,0,0,0
San Marino,SMR,2019,0,0,0
San Marino,SMR,2020,0,0,0
San Marino,SMR,2021,0,0,0
San Marino,SMR,2022,0,0,0
San Marino,SMR,2023,0,0,0
San Marino,SMR,2024,0,0,0
San Marino,SMR,2025,0,0,0
Sao Tome and Principe,STP,1989,0,0,0
Sao Tome and Principe,STP,1990,0,0,0
Sao Tome and Principe,STP,1991,0,0,0
Sao Tome and Principe,STP,1992,0,0,0
Sao Tome and Principe,STP,1993,0,0,0
Sao Tome and Principe,STP,1994,0,0,0
Sao Tome and Principe,STP,1995,0,0,0
Sao Tome and Principe,STP,1996,0,0,0
Sao Tome and Principe,STP,1997,0,0,0
Sao Tome and Principe,STP,1998,0,0,0
Sao Tome and Principe,STP,1999,0,0,0
Sao Tome and Principe,STP,2000,0,0,0
Sao Tome and Principe,STP,2001,0,0,0
Sao Tome and Principe,STP,2002,0,0,0
Sao Tome and Principe,STP,2003,0,0,0
Sao Tome and Principe,STP,2004,0,0,0
Sao Tome and Principe,STP,2005,0,0,0
Sao Tome and Principe,STP,2006,0,0,0
Sao Tome and Principe,STP,2007,0,0,0
Sao Tome and Principe,STP,2008,0,0,0
Sao Tome and Principe,STP,2009,0,0,0
Sao Tome and Principe,STP,2010,0,0,0
Sao Tome and Principe,STP,2011,0,0,0
Sao Tome and Principe,STP,2012,0,0,0
Sao Tome and Principe,STP,2013,0,0,0
Sao Tome and Principe,STP,2014,0,0,0
Sao Tome and Principe,STP,2015,0,0,0
Sao Tome and Principe,STP,2016,0,0,0
Sao Tome and Principe,STP,2017,0,0,0
Sao Tome and Principe,STP,2018,0,0,0
Sao Tome and Principe,STP,2019,0,0,0
Sao Tome and Principe,STP,2020,0,0,0
Sao Tome and Principe,STP,2021,0,0,0
Sao Tome and Principe,STP,2022,0,0,0
Sao Tome and Principe,STP,2023,0,0,0
Sao Tome and Principe,STP,2024,0,0,0
Sao Tome and Principe,STP,2025,0,0,0
Saudi Arabia,SAU,1989,0,0,0
Saudi Arabia,SAU,1990,0,0,0
Saudi Arabia,SAU,1991,0,0,0
Saudi Arabia,SAU,1992,0,0,0
Saudi Arabia,SAU,1993,0,0,0
Saudi Arabia,SAU,1994,0,0,0
Saudi Arabia,SAU,1995,0,0,0
Saudi Arabia,SAU,1996,0,0,0
Saudi Arabia,SAU,1997,0,0,0
Saudi Arabia,SAU,1998,0,0,0
Saudi Arabia,SAU,1999,0,0,0
Saudi Arabia,SAU,2000,0,0,0
Saudi Arabia,SAU,2001,0,0,0
Saudi Arabia,SAU,2002,0,0,0
Saudi Arabia,SAU,2003,0,0,0
Saudi Arabia,SAU,2004,0,0,0
Saudi Arabia,SAU,2005,0,0,0
Saudi Arabia,SAU,2006,0,0,0
Saudi Arabia,SAU,2007,0,0,0
Saudi Arabia,SAU,2008,0,0,0
Saudi Arabia,SAU,2009,0,0,0
Saudi Arabia,SAU,2010,0,0,0
Saudi Arabia,SAU,2011,0,0,0
Saudi Arabia,SAU,2012,0,0,0
Saudi Arabia,SAU,2013,0,0,0
Saudi Arabia,SAU,2014,0,0,0
Saudi Arabia,SAU,2015,0,0,0
Saudi Arabia,SAU,2016,0,0,0
Saudi Arabia,SAU,2017,0,0,0
Saudi Arabia,SAU,2018,0,0,0
Saudi Arabia,SAU,2019,0,0,0
Saudi Arabia,SAU,2020,0,0,0
Saudi Arabia,SAU,2021,0,0,0
Saudi Arabia,SAU,2022,0,0,0
Saudi Arabia,SAU,2023,0,0,0
Saudi Arabia,SAU,2024,0,0,0
Saudi Arabia,SAU,2025,0,0,0
Senegal,SEN,1989,0,0,0
Senegal,SEN,1990,0,0,0
Senegal,SEN,1991,0,0,0
Senegal,SEN,1992,0,0,0
Senegal,SEN,1993,0,0,0
Senegal,SEN,1994,0,0,0
Senegal,SEN,1995,0,0,0
Senegal,SEN,1996,0,0,0
Senegal,SEN,1997,0,0,0
Senegal,SEN,1998,0,0,0
Senegal,SEN,1999,0,0,0
Senegal,SEN,2000,0,0,0
Senegal,SEN,2001,0,0,0
Senegal,SEN,2002,0,0,0
Senegal,SEN,2003,0,0,0
Senegal,SEN,2004,0,0,0
Senegal,SEN,2005,0,0,0
Senegal,SEN,2006,0,0,0
Senegal,SEN,2007,0,0,0
Senegal,SEN,2008,0,0,0
Senegal,SEN,2009,0,0,0
Senegal,SEN,2010,0,0,0
Senegal,SEN,2011,0,0,0
Senegal,SEN,2012,0,0,0
Senegal,SEN,2013,0,0,0
Senegal,SEN,2014,0,0,0
Senegal,SEN,2015,0,0,0
Senegal,SEN,2016,0,0,0
Senegal,SEN,2017,0,0,0
Senegal,SEN,2018,0,0,0
Senegal,SEN,2019,0,0,0
Senegal,SEN,2020,0,0,0
Senegal,SEN,2021,0,0,0
Senegal,SEN,2022,0,0,0
Senegal,SEN,2023,0,0,0
Senegal,SEN,2024,0,0,0
Senegal,SEN,2025,0,0,0
Serbia,SRB,1989,0,0,0
Serbia,SRB,1990,0,0,0
Serbia,SRB,1991,0,0,0
Serbia,SRB,1992,0,0,0
Serbia,SRB,1993,0,0,0
Serbia,SRB,1994,0,0,0
Serbia,SRB,1995,0,0,0
Serbia,SRB,1996,0,0,0
Serbia,SRB,1997,0,0,0
Serbia,SRB,1998,0,0,0
Serbia,SRB,1999,0,0,0
Serbia,SRB,2000,0,0,0
Serbia,SRB,2001,0,0,0
Serbia,SRB,2002,0,0,0
Serbia,SRB,2003,0,0,0
Serbia,SRB,2004,0,0,0
Serbia,SRB,2005,0,0,0
Serbia,SRB,2006,0,0,0
Serbia,SRB,2007,0,0,0
Serbia,SRB,2008,0,0,0
Serbia,SRB,2009,0,0,0
Serbia,SRB,2010,0,0,0
Serbia,SRB,2011,0,0,0
Serbia,SRB,2012,0,0,0
Serbia,SRB,2013,0,0,0
Serbia,SRB,2014,0,0,0
Serbia,SRB,2015,0,0,0
Serbia,SRB,2016,0,0,0
Serbia,SRB,2017,0,0,0
Serbia,SRB,2018,0,0,0
Serbia,SRB,2019,0,0,0
Serbia,SRB,2020,0,0,0
Serbia,SRB,2021,0,0,0
Serbia,SRB,2022,0,0,0
Serbia,SRB,2023,0,0,0
Serbia,SRB,2024,0,0,0
Serbia,SRB,2025,0,0,0
Seychelles,SYC,1989,0,0,0
Seychelles,SYC,1990,0,0,0
Seychelles,SYC,1991,0,0,0
Seychelles,SYC,1992,0,0,0
Seychelles,SYC,1993,0,0,0
Seychelles,SYC,1994,0,0,0
Seychelles,SYC,1995,0,0,0
Seychelles,SYC,1996,0,0,0
Seychelles,SYC,1997,0,0,0
Seychelles,SYC,1998,0,0,0
Seychelles,SYC,1999,0,0,0
Seychelles,SYC,2000,0,0,0
Seychelles,SYC,2001,0,0,0
Seychelles,SYC,2002,0,0,0
Seychelles,SYC,2003,0,0,0
Seychelles,SYC,2004,0,0,0
Seychelles,SYC,2005,0,0,0
Seychelles,SYC,2006,0,0,0
Seychelles,SYC,2007,0,0,0
Seychelles,SYC,2008,0,0,0
Seychelles,SYC,2009,0,0,0
Seychelles,SYC,2010,0,0,0
Seychelles,SYC,2011,0,0,0
Seychelles,SYC,2012,0,0,0
Seychelles,SYC,2013,0,0,0
Seychelles,SYC,2014,0,0,0
Seychelles,SYC,2015,0,0,0
Seychelles,SYC,2016,0,0,0
Seychelles,SYC,2017,0,0,0
Seychelles,SYC,2018,0,0,0
Seychelles,SYC,2019,0,0,0
Seychelles,SYC,2020,0,0,0
Seychelles,SYC,2021,0,0,0
Seychelles,SYC,2022,0,0,0
Seychelles,SYC,2023,0,0,0
Seychelles,SYC,2024,0,0,0
Seychelles,SYC,2025,0,0,0
Sierra Leone,SLE,1989,0,0,0
Sierra Leone,SLE,1990,0,0,0
Sierra Leone,SLE,1991,0,0,0
Sierra Leone,SLE,1992,0,0,0
Sierra Leone,SLE,1993,0,0,0
Sierra Leone,SLE,1994,0,0,0
Sierra Leone,SLE,1995,0,0,0
Sierra Leone,SLE,1996,0,0,0
Sierra Leone,SLE,1997,0,0,0
Sierra Leone,SLE,1998,0,0,0
Sierra Leone,SLE,1999,0,0,0
Sierra Leone,SLE,2000,0,0,0
Sierra Leone,SLE,2001,0,0,0
Sierra Leone,SLE,2002,0,0,0
Sierra Leone,SLE,2003,0,0,0
Sierra Leone,SLE,2004,0,0,0
Sierra Leone,SLE,2005,0,0,0
Sierra Leone,SLE,2006,0,0,0
Sierra Leone,SLE,2007,0,0,0
Sierra Leone,SLE,2008,0,0,0
Sierra Leone,SLE,2009,0,0,0
Sierra Leone,SLE,2010,0,0,0
Sierra Leone,SLE,2011,0,0,0
Sierra Leone,SLE,2012,0,0,0
Sierra Leone,SLE,2013,0,0,0
Sierra Leone,SLE,2014,0,0,0
Sierra Leone,SLE,2015,0,0,0
Sierra Leone,SLE,2016,0,0,0
Sierra Leone,SLE,2017,0,0,0
Sierra Leone,SLE,2018,0,0,0
Sierra Leone,SLE,2019,0,0,0
Sierra Leone,SLE,2020,0,0,0
Sierra Leone,SLE,2021,0,0,0
Sierra Leone,SLE,2022,0,0,0
Sierra Leone,SLE,2023,0,0,0
Sierra Leone,SLE,2024,0,0,0
Sierra Leone,SLE,2025,0,0,0
Singapore,SGP,1989,0,0,0
Singapore,SGP,1990,0,0,0
Singapore,SGP,1991,0,0,0
Singapore,SGP,1992,0,0,0
Singapore,SGP,1993,0,0,0
Singapore,SGP,1994,0,0,0
Singapore,SGP,1995,0,0,0
Singapore,SGP,1996,0,0,0
Singapore,SGP,1997,0,0,0
Singapore,SGP,1998,0,0,0
Singapore,SGP,1999,0,0,0
Singapore,SGP,2000,0,0,0
Singapore,SGP,2001,0,0,0
Singapore,SGP,2002,0,0,0
Singapore,SGP,2003,0,0,0
Singapore,SGP,2004,0,0,0
Singapore,SGP,2005,0,0,0
Singapore,SGP,2006,0,0,0
Singapore,SGP,2007,0,0,0
Singapore,SGP,2008,0,0,0
Singapore,SGP,2009,0,0,0
Singapore,SGP,2010,0,0,0
Singapore,SGP,2011,0,0,0
Singapore,SGP,2012,0,0,0
Singapore,SGP,2013,0,0,0
Singapore,SGP,2014,0,0,0
Singapore,SGP,2015,0,0,0
Singapore,SGP,2016,0,0,0
Singapore,SGP,2017,0,0,0
Singapore,SGP,2018,0,0,0
Singapore,SGP,2019,61.745407,61.745407,0
Singapore,SGP,2020,61.471832,61.471832,0
Singapore,SGP,2021,62.954586,62.954586,0
Singapore,SGP,2022,64.033325,64.033325,0
Singapore,SGP,2023,64.033325,64.033325,0
Singapore,SGP,2024,64.033325,64.033325,0
Singapore,SGP,2025,64.033325,64.033325,0
Slovakia,SVK,1989,0,0,0
Slovakia,SVK,1990,0,0,0
Slovakia,SVK,1991,0,0,0
Slovakia,SVK,1992,0,0,0
Slovakia,SVK,1993,0,0,0
Slovakia,SVK,1994,0,0,0
Slovakia,SVK,1995,0,0,0
Slovakia,SVK,1996,0,0,0
Slovakia,SVK,1997,0,0,0
Slovakia,SVK,1998,0,0,0
Slovakia,SVK,1999,0,0,0
Slovakia,SVK,2000,0,0,0
Slovakia,SVK,2001,0,0,0
Slovakia,SVK,2002,0,0,0
Slovakia,SVK,2003,0,0,0
Slovakia,SVK,2004,0,0,0
Slovakia,SVK,2005,57.692547,0,57.692547
Slovakia,SVK,2006,57.739113,0,57.739113
Slovakia,SVK,2007,57.486385,0,57.486385
Slovakia,SVK,2008,54.50755,0,54.50755
Slovakia,SVK,2009,54.452682,0,54.452682
Slovakia,SVK,2010,52.87629,0,52.87629
Slovakia,SVK,2011,55.844955,0,55.844955
Slovakia,SVK,2012,56.35826,0,56.35826
Slovakia,SVK,2013,54.24524,0,54.24524
Slovakia,SVK,2014,55.237938,0,55.237938
Slovakia,SVK,2015,54.55695,0,54.55695
Slovakia,SVK,2016,53.55953,0,53.55953
Slovakia,SVK,2017,51.766853,0,51.766853
Slovakia,SVK,2018,51.277916,0,51.277916
Slovakia,SVK,2019,49.576992,0,49.576992
Slovakia,SVK,2020,49.86092,0,49.86092
Slovakia,SVK,2021,49.458336,0,49.458336
Slovakia,SVK,2022,47.57839,0,47.57839
Slovakia,SVK,2023,47.57839,0,47.57839
Slovakia,SVK,2024,47.57839,0,47.57839
Slovakia,SVK,2025,47.57839,0,47.57839
Slovenia,SVN,1989,0,0,0
Slovenia,SVN,1990,0,0,0
Slovenia,SVN,1991,0,0,0
Slovenia,SVN,1992,0,0,0
Slovenia,SVN,1993,0,0,0
Slovenia,SVN,1994,0,0,0
Slovenia,SVN,1995,0,0,0
Slovenia,SVN,1996,52.163113,52.163113,0
Slovenia,SVN,1997,53.90197,53.90197,0
Slovenia,SVN,1998,55.67467,55.67467,0
Slovenia,SVN,1999,56.31073,56.31073,0
Slovenia,SVN,2000,57.608223,57.608223,0
Slovenia,SVN,2001,51.989162,51.989162,0
Slovenia,SVN,2002,53.036297,53.036297,0
Slovenia,SVN,2003,54.128258,54.128258,0
Slovenia,SVN,2004,54.124252,54.124252,0
Slovenia,SVN,2005,66.8713,53.64172,57.340027
Slovenia,SVN,2006,67.19046,53.682083,58.242886
Slovenia,SVN,2007,64.78158,51.151157,57.5389
Slovenia,SVN,2008,61.211384,48.37741,53.61451
Slovenia,SVN,2009,63.347572,49.723118,55.266182
Slovenia,SVN,2010,62.813293,50.624584,54.54447
Slovenia,SVN,2011,58.484936,51.24724,50.7999
Slovenia,SVN,2012,57.970314,51.148586,50.5233
Slovenia,SVN,2013,59.78412,49.41689,53.141624
Slovenia,SVN,2014,55.90887,47.113228,49.68454
Slovenia,SVN,2015,56.09156,47.55041,49.61227
Slovenia,SVN,2016,55.19045,47.514744,49.072685
Slovenia,SVN,2017,55.55707,46.968258,49.702366
Slovenia,SVN,2018,55.052185,23.576433,49.5401
Slovenia,SVN,2019,54.572094,23.378355,48.91099
Slovenia,SVN,2020,58.345284,25.33998,52.00238
Slovenia,SVN,2021,55.66655,25.35902,49.720444
Slovenia,SVN,2022,50.69914,24.108032,44.5525
Slovenia,SVN,2023,50.69914,24.108032,44.5525
Slovenia,SVN,2024,50.69914,24.108032,44.5525
Slovenia,SVN,2025,50.69914,24.108032,44.5525
Solomon Islands,SLB,1989,0,0,0
Solomon Islands,SLB,1990,0,0,0
Solomon Islands,SLB,1991,0,0,0
Solomon Islands,SLB,1992,0,0,0
Solomon Islands,SLB,1993,0,0,0
Solomon Islands,SLB,1994,0,0,0
Solomon Islands,SLB,1995,0,0,0
Solomon Islands,SLB,1996,0,0,0
Solomon Islands,SLB,1997,0,0,0
Solomon Islands,SLB,1998,0,0,0
Solomon Islands,SLB,1999,0,0,0
Solomon Islands,SLB,2000,0,0,0
Solomon Islands,SLB,2001,0,0,0
Solomon Islands,SLB,2002,0,0,0
Solomon Islands,SLB,2003,0,0,0
Solomon Islands,SLB,2004,0,0,0
Solomon Islands,SLB,2005,0,0,0
Solomon Islands,SLB,2006,0,0,0
Solomon Islands,SLB,2007,0,0,0
Solomon Islands,SLB,2008,0,0,0
Solomon Islands,SLB,2009,0,0,0
Solomon Islands,SLB,2010,0,0,0
Solomon Islands,SLB,2011,0,0,0
Solomon Islands,SLB,2012,0,0,0
Solomon Islands,SLB,2013,0,0,0
Solomon Islands,SLB,2014,0,0,0
Solomon Islands,SLB,2015,0,0,0
Solomon Islands,SLB,2016,0,0,0
Solomon Islands,SLB,2017,0,0,0
Solomon Islands,SLB,2018,0,0,0
Solomon Islands,SLB,2019,0,0,0
Solomon Islands,SLB,2020,0,0,0
Solomon Islands,SLB,2021,0,0,0
Solomon Islands,SLB,2022,0,0,0
Solomon Islands,SLB,2023,0,0,0
Solomon Islands,SLB,2024,0,0,0
Solomon Islands,SLB,2025,0,0,0
Somalia,SOM,1989,0,0,0
Somalia,SOM,1990,0,0,0
Somalia,SOM,1991,0,0,0
Somalia,SOM,1992,0,0,0
Somalia,SOM,1993,0,0,0
Somalia,SOM,1994,0,0,0
Somalia,SOM,1995,0,0,0
Somalia,SOM,1996,0,0,0
Somalia,SOM,1997,0,0,0
Somalia,SOM,1998,0,0,0
Somalia,SOM,1999,0,0,0
Somalia,SOM,2000,0,0,0
Somalia,SOM,2001,0,0,0
Somalia,SOM,2002,0,0,0
Somalia,SOM,2003,0,0,0
Somalia,SOM,2004,0,0,0
Somalia,SOM,2005,0,0,0
Somalia,SOM,2006,0,0,0
Somalia,SOM,2007,0,0,0
Somalia,SOM,2008,0,0,0
Somalia,SOM,2009,0,0,0
Somalia,SOM,2010,0,0,0
Somalia,SOM,2011,0,0,0
Somalia,SOM,2012,0,0,0
Somalia,SOM,2013,0,0,0
Somalia,SOM,2014,0,0,0
Somalia,SOM,2015,0,0,0
Somalia,SOM,2016,0,0,0
Somalia,SOM,2017,0,0,0
Somalia,SOM,2018,0,0,0
Somalia,SOM,2019,0,0,0
Somalia,SOM,2020,0,0,0
Somalia,SOM,2021,0,0,0
Somalia,SOM,2022,0,0,0
Somalia,SOM,2023,0,0,0
Somalia,SOM,2024,0,0,0
Somalia,SOM,2025,0,0,0
South Africa,ZAF,1989,0,0,0
South Africa,ZAF,1990,0,0,0
South Africa,ZAF,1991,0,0,0
South Africa,ZAF,1992,0,0,0
South Africa,ZAF,1993,0,0,0
South Africa,ZAF,1994,0,0,0
South Africa,ZAF,1995,0,0,0
South Africa,ZAF,1996,0,0,0
South Africa,ZAF,1997,0,0,0
South Africa,ZAF,1998,0,0,0
South Africa,ZAF,1999,0,0,0
South Africa,ZAF,2000,0,0,0
South Africa,ZAF,2001,0,0,0
South Africa,ZAF,2002,0,0,0
South Africa,ZAF,2003,0,0,0
South Africa,ZAF,2004,0,0,0
South Africa,ZAF,2005,0,0,0
South Africa,ZAF,2006,0,0,0
South Africa,ZAF,2007,0,0,0
South Africa,ZAF,2008,0,0,0
South Africa,ZAF,2009,0,0,0
South Africa,ZAF,2010,0,0,0
South Africa,ZAF,2011,0,0,0
South Africa,ZAF,2012,0,0,0
South Africa,ZAF,2013,0,0,0
South Africa,ZAF,2014,0,0,0
South Africa,ZAF,2015,0,0,0
South Africa,ZAF,2016,0,0,0
South Africa,ZAF,2017,0,0,0
South Africa,ZAF,2018,0,0,0
South Africa,ZAF,2019,86.485,86.485,0
South Africa,ZAF,2020,87.43517,87.43517,0
South Africa,ZAF,2021,86.26612,86.26612,0
South Africa,ZAF,2022,86.578674,86.578674,0
South Africa,ZAF,2023,86.578674,86.578674,0
South Africa,ZAF,2024,86.578674,86.578674,0
South Africa,ZAF,2025,86.578674,86.578674,0
South Korea,KOR,1989,0,0,0
South Korea,KOR,1990,0,0,0
South Korea,KOR,1991,0,0,0
South Korea,KOR,1992,0,0,0
South Korea,KOR,1993,0,0,0
South Korea,KOR,1994,0,0,0
South Korea,KOR,1995,0,0,0
South Korea,KOR,1996,0,0,0
South Korea,KOR,1997,0,0,0
South Korea,KOR,1998,0,0,0
South Korea,KOR,1999,0,0,0
South Korea,KOR,2000,0,0,0
South Korea,KOR,2001,0,0,0
South Korea,KOR,2002,0,0,0
South Korea,KOR,2003,0,0,0
South Korea,KOR,2004,0,0,0
South Korea,KOR,2005,0,0,0
South Korea,KOR,2006,0,0,0
South Korea,KOR,2007,0,0,0
South Korea,KOR,2008,0,0,0
South Korea,KOR,2009,0,0,0
South Korea,KOR,2010,0,0,0
South Korea,KOR,2011,0,0,0
South Korea,KOR,2012,0,0,0
South Korea,KOR,2013,0,0,0
South Korea,KOR,2014,0,0,0
South Korea,KOR,2015,68.4068,0,68.4068
South Korea,KOR,2016,67.3552,0,67.3552
South Korea,KOR,2017,66.50039,0,66.50039
South Korea,KOR,2018,70.67829,0,70.67829
South Korea,KOR,2019,68.410515,0,68.410515
South Korea,KOR,2020,65.83172,0,65.83172
South Korea,KOR,2021,81.073814,0,81.073814
South Korea,KOR,2022,82.05821,0,82.05821
South Korea,KOR,2023,82.05821,0,82.05821
South Korea,KOR,2024,82.05821,0,82.05821
South Korea,KOR,2025,82.05821,0,82.05821
South Sudan,SSD,1989,0,0,0
South Sudan,SSD,1990,0,0,0
South Sudan,SSD,1991,0,0,0
South Sudan,SSD,1992,0,0,0
South Sudan,SSD,1993,0,0,0
South Sudan,SSD,1994,0,0,0
South Sudan,SSD,1995,0,0,0
South Sudan,SSD,1996,0,0,0
South Sudan,SSD,1997,0,0,0
South Sudan,SSD,1998,0,0,0
South Sudan,SSD,1999,0,0,0
South Sudan,SSD,2000,0,0,0
South Sudan,SSD,2001,0,0,0
South Sudan,SSD,2002,0,0,0
South Sudan,SSD,2003,0,0,0
South Sudan,SSD,2004,0,0,0
South Sudan,SSD,2005,0,0,0
South Sudan,SSD,2006,0,0,0
South Sudan,SSD,2007,0,0,0
South Sudan,SSD,2008,0,0,0
South Sudan,SSD,2009,0,0,0
South Sudan,SSD,2010,0,0,0
South Sudan,SSD,2011,0,0,0
South Sudan,SSD,2012,0,0,0
South Sudan,SSD,2013,0,0,0
South Sudan,SSD,2014,0,0,0
South Sudan,SSD,2015,0,0,0
South Sudan,SSD,2016,0,0,0
South Sudan,SSD,2017,0,0,0
South Sudan,SSD,2018,0,0,0
South Sudan,SSD,2019,0,0,0
South Sudan,SSD,2020,0,0,0
South Sudan,SSD,2021,0,0,0
South Sudan,SSD,2022,0,0,0
South Sudan,SSD,2023,0,0,0
South Sudan,SSD,2024,0,0,0
South Sudan,SSD,2025,0,0,0
Spain,ESP,1989,0,0,0
Spain,ESP,1990,0,0,0
Spain,ESP,1991,0,0,0
Spain,ESP,1992,0,0,0
Spain,ESP,1993,0,0,0
Spain,ESP,1994,0,0,0
Spain,ESP,1995,0,0,0
Spain,ESP,1996,0,0,0
Spain,ESP,1997,0,0,0
Spain,ESP,1998,0,0,0
Spain,ESP,1999,0,0,0
Spain,ESP,2000,0,0,0
Spain,ESP,2001,0,0,0
Spain,ESP,2002,0,0,0
Spain,ESP,2003,0,0,0
Spain,ESP,2004,0,0,0
Spain,ESP,2005,53.072124,0,53.072124
Spain,ESP,2006,50.588154,0,50.588154
Spain,ESP,2007,52.146824,0,52.146824
Spain,ESP,2008,49.997475,0,49.997475
Spain,ESP,2009,47.337864,0,47.337864
Spain,ESP,2010,44.540188,0,44.540188
Spain,ESP,2011,47.706112,0,47.706112
Spain,ESP,2012,51.892956,0,51.892956
Spain,ESP,2013,48.16856,0,48.16856
Spain,ESP,2014,49.205597,0,49.205597
Spain,ESP,2015,50.4284,0,50.4284
Spain,ESP,2016,47.550415,0,47.550415
Spain,ESP,2017,49.522053,0,49.522053
Spain,ESP,2018,47.13508,0,47.13508
Spain,ESP,2019,44.261166,0,44.261166
Spain,ESP,2020,41.81485,0,41.81485
Spain,ESP,2021,41.28228,0,41.28228
Spain,ESP,2022,43.201233,0,43.201233
Spain,ESP,2023,43.201233,0,43.201233
Spain,ESP,2024,44.643547,0,44.643547
Spain,ESP,2025,44.643547,0,44.643547
Sri Lanka,LKA,1989,0,0,0
Sri Lanka,LKA,1990,0,0,0
Sri Lanka,LKA,1991,0,0,0
Sri Lanka,LKA,1992,0,0,0
Sri Lanka,LKA,1993,0,0,0
Sri Lanka,LKA,1994,0,0,0
Sri Lanka,LKA,1995,0,0,0
Sri Lanka,LKA,1996,0,0,0
Sri Lanka,LKA,1997,0,0,0
Sri Lanka,LKA,1998,0,0,0
Sri Lanka,LKA,1999,0,0,0
Sri Lanka,LKA,2000,0,0,0
Sri Lanka,LKA,2001,0,0,0
Sri Lanka,LKA,2002,0,0,0
Sri Lanka,LKA,2003,0,0,0
Sri Lanka,LKA,2004,0,0,0
Sri Lanka,LKA,2005,0,0,0
Sri Lanka,LKA,2006,0,0,0
Sri Lanka,LKA,2007,0,0,0
Sri Lanka,LKA,2008,0,0,0
Sri Lanka,LKA,2009,0,0,0
Sri Lanka,LKA,2010,0,0,0
Sri Lanka,LKA,2011,0,0,0
Sri Lanka,LKA,2012,0,0,0
Sri Lanka,LKA,2013,0,0,0
Sri Lanka,LKA,2014,0,0,0
Sri Lanka,LKA,2015,0,0,0
Sri Lanka,LKA,2016,0,0,0
Sri Lanka,LKA,2017,0,0,0
Sri Lanka,LKA,2018,0,0,0
Sri Lanka,LKA,2019,0,0,0
Sri Lanka,LKA,2020,0,0,0
Sri Lanka,LKA,2021,0,0,0
Sri Lanka,LKA,2022,0,0,0
Sri Lanka,LKA,2023,0,0,0
Sri Lanka,LKA,2024,0,0,0
Sri Lanka,LKA,2025,0,0,0
Sudan,SDN,1989,0,0,0
Sudan,SDN,1990,0,0,0
Sudan,SDN,1991,0,0,0
Sudan,SDN,1992,0,0,0
Sudan,SDN,1993,0,0,0
Sudan,SDN,1994,0,0,0
Sudan,SDN,1995,0,0,0
Sudan,SDN,1996,0,0,0
Sudan,SDN,1997,0,0,0
Sudan,SDN,1998,0,0,0
Sudan,SDN,1999,0,0,0
Sudan,SDN,2000,0,0,0
Sudan,SDN,2001,0,0,0
Sudan,SDN,2002,0,0,0
Sudan,SDN,2003,0,0,0
Sudan,SDN,2004,0,0,0
Sudan,SDN,2005,0,0,0
Sudan,SDN,2006,0,0,0
Sudan,SDN,2007,0,0,0
Sudan,SDN,2008,0,0,0
Sudan,SDN,2009,0,0,0
Sudan,SDN,2010,0,0,0
Sudan,SDN,2011,0,0,0
Sudan,SDN,2012,0,0,0
Sudan,SDN,2013,0,0,0
Sudan,SDN,2014,0,0,0
Sudan,SDN,2015,0,0,0
Sudan,SDN,2016,0,0,0
Sudan,SDN,2017,0,0,0
Sudan,SDN,2018,0,0,0
Sudan,SDN,2019,0,0,0
Sudan,SDN,2020,0,0,0
Sudan,SDN,2021,0,0,0
Sudan,SDN,2022,0,0,0
Sudan,SDN,2023,0,0,0
Sudan,SDN,2024,0,0,0
Sudan,SDN,2025,0,0,0
Suriname,SUR,1989,0,0,0
Suriname,SUR,1990,0,0,0
Suriname,SUR,1991,0,0,0
Suriname,SUR,1992,0,0,0
Suriname,SUR,1993,0,0,0
Suriname,SUR,1994,0,0,0
Suriname,SUR,1995,0,0,0
Suriname,SUR,1996,0,0,0
Suriname,SUR,1997,0,0,0
Suriname,SUR,1998,0,0,0
Suriname,SUR,1999,0,0,0
Suriname,SUR,2000,0,0,0
Suriname,SUR,2001,0,0,0
Suriname,SUR,2002,0,0,0
Suriname,SUR,2003,0,0,0
Suriname,SUR,2004,0,0,0
Suriname,SUR,2005,0,0,0
Suriname,SUR,2006,0,0,0
Suriname,SUR,2007,0,0,0
Suriname,SUR,2008,0,0,0
Suriname,SUR,2009,0,0,0
Suriname,SUR,2010,0,0,0
Suriname,SUR,2011,0,0,0
Suriname,SUR,2012,0,0,0
Suriname,SUR,2013,0,0,0
Suriname,SUR,2014,0,0,0
Suriname,SUR,2015,0,0,0
Suriname,SUR,2016,0,0,0
Suriname,SUR,2017,0,0,0
Suriname,SUR,2018,0,0,0
Suriname,SUR,2019,0,0,0
Suriname,SUR,2020,0,0,0
Suriname,SUR,2021,0,0,0
Suriname,SUR,2022,0,0,0
Suriname,SUR,2023,0,0,0
Suriname,SUR,2024,0,0,0
Suriname,SUR,2025,0,0,0
Sweden,SWE,1989,0,0,0
Sweden,SWE,1990,0,0,0
Sweden,SWE,1991,67.1713,67.1713,0
Sweden,SWE,1992,66.26615,66.26615,0
Sweden,SWE,1993,65.77872,65.77872,0
Sweden,SWE,1994,65.73435,65.73435,0
Sweden,SWE,1995,66.47858,66.47858,0
Sweden,SWE,1996,63.113274,63.113274,0
Sweden,SWE,1997,65.680305,65.680305,0
Sweden,SWE,1998,63.830875,63.830875,0
Sweden,SWE,1999,64.79681,64.79681,0
Sweden,SWE,2000,66.321945,66.321945,0
Sweden,SWE,2001,64.666084,64.666084,0
Sweden,SWE,2002,64.52663,64.52663,0
Sweden,SWE,2003,67.38497,67.38497,0
Sweden,SWE,2004,68.200005,68.200005,0
Sweden,SWE,2005,83.96482,69.46317,37.28995
Sweden,SWE,2006,81.79712,66.760025,36.934402
Sweden,SWE,2007,83.135025,69.19042,36.305252
Sweden,SWE,2008,82.76317,68.79033,36.5787
Sweden,SWE,2009,85.445015,69.20886,36.284454
Sweden,SWE,2010,84.19442,66.01708,39.515907
Sweden,SWE,2011,85.29275,52.01008,37.96493
Sweden,SWE,2012,86.78639,53.238583,39.149475
Sweden,SWE,2013,86.18425,52.886795,38.231003
Sweden,SWE,2014,85.11779,54.443985,37.44774
Sweden,SWE,2015,84.31205,54.11413,37.003616
Sweden,SWE,2016,82.962776,52.019382,37.63372
Sweden,SWE,2017,82.71166,51.866985,37.530293
Sweden,SWE,2018,81.70143,48.2191,36.55969
Sweden,SWE,2019,79.73182,49.416332,33.554493
Sweden,SWE,2020,77.515396,50.563217,32.747772
Sweden,SWE,2021,79.36979,51.95713,36.77667
Sweden,SWE,2022,77.68479,49.306004,37.745422
Sweden,SWE,2023,77.68479,49.306004,37.745422
Sweden,SWE,2024,78.81518,49.306004,38.875816
Sweden,SWE,2025,78.81518,49.306004,38.875816
Switzerland,CHE,1989,0,0,0
Switzerland,CHE,1990,0,0,0
Switzerland,CHE,1991,0,0,0
Switzerland,CHE,1992,0,0,0
Switzerland,CHE,1993,0,0,0
Switzerland,CHE,1994,0,0,0
Switzerland,CHE,1995,0,0,0
Switzerland,CHE,1996,0,0,0
Switzerland,CHE,1997,0,0,0
Switzerland,CHE,1998,0,0,0
Switzerland,CHE,1999,0,0,0
Switzerland,CHE,2000,0,0,0
Switzerland,CHE,2001,0,0,0
Switzerland,CHE,2002,0,0,0
Switzerland,CHE,2003,0,0,0
Switzerland,CHE,2004,0,0,0
Switzerland,CHE,2005,0,0,0
Switzerland,CHE,2006,0,0,0
Switzerland,CHE,2007,0,0,0
Switzerland,CHE,2008,50.140965,33.63012,17.483814
Switzerland,CHE,2009,49.829273,33.700737,17.114979
Switzerland,CHE,2010,51.25668,35.28308,17.235119
Switzerland,CHE,2011,47.01991,30.821878,17.268276
Switzerland,CHE,2012,48.24316,32.888226,16.419205
Switzerland,CHE,2013,49.713463,34.18087,16.560802
Switzerland,CHE,2014,45.145287,28.790089,16.937561
Switzerland,CHE,2015,46.3261,31.65927,15.533966
Switzerland,CHE,2016,46.944454,32.564278,15.494925
Switzerland,CHE,2017,46.26666,31.735119,15.532189
Switzerland,CHE,2018,44.650665,29.956287,15.602552
Switzerland,CHE,2019,44.38234,30.13531,15.131757
Switzerland,CHE,2020,44.530468,29.90968,15.529163
Switzerland,CHE,2021,46.06031,31.721718,15.155369
Switzerland,CHE,2022,42.525124,27.80228,15.450888
Switzerland,CHE,2023,42.525124,27.80228,15.450888
Switzerland,CHE,2024,42.525124,27.80228,15.450888
Switzerland,CHE,2025,42.525124,27.80228,15.450888
Syria,SYR,1989,0,0,0
Syria,SYR,1990,0,0,0
Syria,SYR,1991,0,0,0
Syria,SYR,1992,0,0,0
Syria,SYR,1993,0,0,0
Syria,SYR,1994,0,0,0
Syria,SYR,1995,0,0,0
Syria,SYR,1996,0,0,0
Syria,SYR,1997,0,0,0
Syria,SYR,1998,0,0,0
Syria,SYR,1999,0,0,0
Syria,SYR,2000,0,0,0
Syria,SYR,2001,0,0,0
Syria,SYR,2002,0,0,0
Syria,SYR,2003,0,0,0
Syria,SYR,2004,0,0,0
Syria,SYR,2005,0,0,0
Syria,SYR,2006,0,0,0
Syria,SYR,2007,0,0,0
Syria,SYR,2008,0,0,0
Syria,SYR,2009,0,0,0
Syria,SYR,2010,0,0,0
Syria,SYR,2011,0,0,0
Syria,SYR,2012,0,0,0
Syria,SYR,2013,0,0,0
Syria,SYR,2014,0,0,0
Syria,SYR,2015,0,0,0
Syria,SYR,2016,0,0,0
Syria,SYR,2017,0,0,0
Syria,SYR,2018,0,0,0
Syria,SYR,2019,0,0,0
Syria,SYR,2020,0,0,0
Syria,SYR,2021,0,0,0
Syria,SYR,2022,0,0,0
Syria,SYR,2023,0,0,0
Syria,SYR,2024,0,0,0
Syria,SYR,2025,0,0,0
Taiwan,TWN,1989,0,0,0
Taiwan,TWN,1990,0,0,0
Taiwan,TWN,1991,0,0,0
Taiwan,TWN,1992,0,0,0
Taiwan,TWN,1993,0,0,0
Taiwan,TWN,1994,0,0,0
Taiwan,TWN,1995,0,0,0
Taiwan,TWN,1996,0,0,0
Taiwan,TWN,1997,0,0,0
Taiwan,TWN,1998,0,0,0
Taiwan,TWN,1999,0,0,0
Taiwan,TWN,2000,0,0,0
Taiwan,TWN,2001,0,0,0
Taiwan,TWN,2002,0,0,0
Taiwan,TWN,2003,0,0,0
Taiwan,TWN,2004,0,0,0
Taiwan,TWN,2005,0,0,0
Taiwan,TWN,2006,0,0,0
Taiwan,TWN,2007,0,0,0
Taiwan,TWN,2008,0,0,0
Taiwan,TWN,2009,0,0,0
Taiwan,TWN,2010,0,0,0
Taiwan,TWN,2011,0,0,0
Taiwan,TWN,2012,0,0,0
Taiwan,TWN,2013,0,0,0
Taiwan,TWN,2014,0,0,0
Taiwan,TWN,2015,0,0,0
Taiwan,TWN,2016,0,0,0
Taiwan,TWN,2017,0,0,0
Taiwan,TWN,2018,0,0,0
Taiwan,TWN,2019,0,0,0
Taiwan,TWN,2020,0,0,0
Taiwan,TWN,2021,0,0,0
Taiwan,TWN,2022,0,0,0
Taiwan,TWN,2023,0,0,0
Taiwan,TWN,2024,0,0,0
Taiwan,TWN,2025,0,0,0
Tajikistan,TJK,1989,0,0,0
Tajikistan,TJK,1990,0,0,0
Tajikistan,TJK,1991,0,0,0
Tajikistan,TJK,1992,0,0,0
Tajikistan,TJK,1993,0,0,0
Tajikistan,TJK,1994,0,0,0
Tajikistan,TJK,1995,0,0,0
Tajikistan,TJK,1996,0,0,0
Tajikistan,TJK,1997,0,0,0
Tajikistan,TJK,1998,0,0,0
Tajikistan,TJK,1999,0,0,0
Tajikistan,TJK,2000,0,0,0
Tajikistan,TJK,2001,0,0,0
Tajikistan,TJK,2002,0,0,0
Tajikistan,TJK,2003,0,0,0
Tajikistan,TJK,2004,0,0,0
Tajikistan,TJK,2005,0,0,0
Tajikistan,TJK,2006,0,0,0
Tajikistan,TJK,2007,0,0,0
Tajikistan,TJK,2008,0,0,0
Tajikistan,TJK,2009,0,0,0
Tajikistan,TJK,2010,0,0,0
Tajikistan,TJK,2011,0,0,0
Tajikistan,TJK,2012,0,0,0
Tajikistan,TJK,2013,0,0,0
Tajikistan,TJK,2014,0,0,0
Tajikistan,TJK,2015,0,0,0
Tajikistan,TJK,2016,0,0,0
Tajikistan,TJK,2017,0,0,0
Tajikistan,TJK,2018,0,0,0
Tajikistan,TJK,2019,0,0,0
Tajikistan,TJK,2020,0,0,0
Tajikistan,TJK,2021,0,0,0
Tajikistan,TJK,2022,0,0,0
Tajikistan,TJK,2023,0,0,0
Tajikistan,TJK,2024,0,0,0
Tajikistan,TJK,2025,0,0,0
Tanzania,TZA,1989,0,0,0
Tanzania,TZA,1990,0,0,0
Tanzania,TZA,1991,0,0,0
Tanzania,TZA,1992,0,0,0
Tanzania,TZA,1993,0,0,0
Tanzania,TZA,1994,0,0,0
Tanzania,TZA,1995,0,0,0
Tanzania,TZA,1996,0,0,0
Tanzania,TZA,1997,0,0,0
Tanzania,TZA,1998,0,0,0
Tanzania,TZA,1999,0,0,0
Tanzania,TZA,2000,0,0,0
Tanzania,TZA,2001,0,0,0
Tanzania,TZA,2002,0,0,0
Tanzania,TZA,2003,0,0,0
Tanzania,TZA,2004,0,0,0
Tanzania,TZA,2005,0,0,0
Tanzania,TZA,2006,0,0,0
Tanzania,TZA,2007,0,0,0
Tanzania,TZA,2008,0,0,0
Tanzania,TZA,2009,0,0,0
Tanzania,TZA,2010,0,0,0
Tanzania,TZA,2011,0,0,0
Tanzania,TZA,2012,0,0,0
Tanzania,TZA,2013,0,0,0
Tanzania,TZA,2014,0,0,0
Tanzania,TZA,2015,0,0,0
Tanzania,TZA,2016,0,0,0
Tanzania,TZA,2017,0,0,0
Tanzania,TZA,2018,0,0,0
Tanzania,TZA,2019,0,0,0
Tanzania,TZA,2020,0,0,0
Tanzania,TZA,2021,0,0,0
Tanzania,TZA,2022,0,0,0
Tanzania,TZA,2023,0,0,0
Tanzania,TZA,2024,0,0,0
Tanzania,TZA,2025,0,0,0
Thailand,THA,1989,0,0,0
Thailand,THA,1990,0,0,0
Thailand,THA,1991,0,0,0
Thailand,THA,1992,0,0,0
Thailand,THA,1993,0,0,0
Thailand,THA,1994,0,0,0
Thailand,THA,1995,0,0,0
Thailand,THA,1996,0,0,0
Thailand,THA,1997,0,0,0
Thailand,THA,1998,0,0,0
Thailand,THA,1999,0,0,0
Thailand,THA,2000,0,0,0
Thailand,THA,2001,0,0,0
Thailand,THA,2002,0,0,0
Thailand,THA,2003,0,0,0
Thailand,THA,2004,0,0,0
Thailand,THA,2005,0,0,0
Thailand,THA,2006,0,0,0
Thailand,THA,2007,0,0,0
Thailand,THA,2008,0,0,0
Thailand,THA,2009,0,0,0
Thailand,THA,2010,0,0,0
Thailand,THA,2011,0,0,0
Thailand,THA,2012,0,0,0
Thailand,THA,2013,0,0,0
Thailand,THA,2014,0,0,0
Thailand,THA,2015,0,0,0
Thailand,THA,2016,0,0,0
Thailand,THA,2017,0,0,0
Thailand,THA,2018,0,0,0
Thailand,THA,2019,0,0,0
Thailand,THA,2020,0,0,0
Thailand,THA,2021,0,0,0
Thailand,THA,2022,0,0,0
Thailand,THA,2023,0,0,0
Thailand,THA,2024,0,0,0
Thailand,THA,2025,0,0,0
Togo,TGO,1989,0,0,0
Togo,TGO,1990,0,0,0
Togo,TGO,1991,0,0,0
Togo,TGO,1992,0,0,0
Togo,TGO,1993,0,0,0
Togo,TGO,1994,0,0,0
Togo,TGO,1995,0,0,0
Togo,TGO,1996,0,0,0
Togo,TGO,1997,0,0,0
Togo,TGO,1998,0,0,0
Togo,TGO,1999,0,0,0
Togo,TGO,2000,0,0,0
Togo,TGO,2001,0,0,0
Togo,TGO,2002,0,0,0
Togo,TGO,2003,0,0,0
Togo,TGO,2004,0,0,0
Togo,TGO,2005,0,0,0
Togo,TGO,2006,0,0,0
Togo,TGO,2007,0,0,0
Togo,TGO,2008,0,0,0
Togo,TGO,2009,0,0,0
Togo,TGO,2010,0,0,0
Togo,TGO,2011,0,0,0
Togo,TGO,2012,0,0,0
Togo,TGO,2013,0,0,0
Togo,TGO,2014,0,0,0
Togo,TGO,2015,0,0,0
Togo,TGO,2016,0,0,0
Togo,TGO,2017,0,0,0
Togo,TGO,2018,0,0,0
Togo,TGO,2019,0,0,0
Togo,TGO,2020,0,0,0
Togo,TGO,2021,0,0,0
Togo,TGO,2022,0,0,0
Togo,TGO,2023,0,0,0
Togo,TGO,2024,0,0,0
Togo,TGO,2025,0,0,0
Tonga,TON,1989,0,0,0
Tonga,TON,1990,0,0,0
Tonga,TON,1991,0,0,0
Tonga,TON,1992,0,0,0
Tonga,TON,1993,0,0,0
Tonga,TON,1994,0,0,0
Tonga,TON,1995,0,0,0
Tonga,TON,1996,0,0,0
Tonga,TON,1997,0,0,0
Tonga,TON,1998,0,0,0
Tonga,TON,1999,0,0,0
Tonga,TON,2000,0,0,0
Tonga,TON,2001,0,0,0
Tonga,TON,2002,0,0,0
Tonga,TON,2003,0,0,0
Tonga,TON,2004,0,0,0
Tonga,TON,2005,0,0,0
Tonga,TON,2006,0,0,0
Tonga,TON,2007,0,0,0
Tonga,TON,2008,0,0,0
Tonga,TON,2009,0,0,0
Tonga,TON,2010,0,0,0
Tonga,TON,2011,0,0,0
Tonga,TON,2012,0,0,0
Tonga,TON,2013,0,0,0
Tonga,TON,2014,0,0,0
Tonga,TON,2015,0,0,0
Tonga,TON,2016,0,0,0
Tonga,TON,2017,0,0,0
Tonga,TON,2018,0,0,0
Tonga,TON,2019,0,0,0
Tonga,TON,2020,0,0,0
Tonga,TON,2021,0,0,0
Tonga,TON,2022,0,0,0
Tonga,TON,2023,0,0,0
Tonga,TON,2024,0,0,0
Tonga,TON,2025,0,0,0
Trinidad and Tobago,TTO,1989,0,0,0
Trinidad and Tobago,TTO,1990,0,0,0
Trinidad and Tobago,TTO,1991,0,0,0
Trinidad and Tobago,TTO,1992,0,0,0
Trinidad and Tobago,TTO,1993,0,0,0
Trinidad and Tobago,TTO,1994,0,0,0
Trinidad and Tobago,TTO,1995,0,0,0
Trinidad and Tobago,TTO,1996,0,0,0
Trinidad and Tobago,TTO,1997,0,0,0
Trinidad and Tobago,TTO,1998,0,0,0
Trinidad and Tobago,TTO,1999,0,0,0
Trinidad and Tobago,TTO,2000,0,0,0
Trinidad and Tobago,TTO,2001,0,0,0
Trinidad and Tobago,TTO,2002,0,0,0
Trinidad and Tobago,TTO,2003,0,0,0
Trinidad and Tobago,TTO,2004,0,0,0
Trinidad and Tobago,TTO,2005,0,0,0
Trinidad and Tobago,TTO,2006,0,0,0
Trinidad and Tobago,TTO,2007,0,0,0
Trinidad and Tobago,TTO,2008,0,0,0
Trinidad and Tobago,TTO,2009,0,0,0
Trinidad and Tobago,TTO,2010,0,0,0
Trinidad and Tobago,TTO,2011,0,0,0
Trinidad and Tobago,TTO,2012,0,0,0
Trinidad and Tobago,TTO,2013,0,0,0
Trinidad and Tobago,TTO,2014,0,0,0
Trinidad and Tobago,TTO,2015,0,0,0
Trinidad and Tobago,TTO,2016,0,0,0
Trinidad and Tobago,TTO,2017,0,0,0
Trinidad and Tobago,TTO,2018,0,0,0
Trinidad and Tobago,TTO,2019,0,0,0
Trinidad and Tobago,TTO,2020,0,0,0
Trinidad and Tobago,TTO,2021,0,0,0
Trinidad and Tobago,TTO,2022,0,0,0
Trinidad and Tobago,TTO,2023,0,0,0
Trinidad and Tobago,TTO,2024,0,0,0
Trinidad and Tobago,TTO,2025,0,0,0
Tunisia,TUN,1989,0,0,0
Tunisia,TUN,1990,0,0,0
Tunisia,TUN,1991,0,0,0
Tunisia,TUN,1992,0,0,0
Tunisia,TUN,1993,0,0,0
Tunisia,TUN,1994,0,0,0
Tunisia,TUN,1995,0,0,0
Tunisia,TUN,1996,0,0,0
Tunisia,TUN,1997,0,0,0
Tunisia,TUN,1998,0,0,0
Tunisia,TUN,1999,0,0,0
Tunisia,TUN,2000,0,0,0
Tunisia,TUN,2001,0,0,0
Tunisia,TUN,2002,0,0,0
Tunisia,TUN,2003,0,0,0
Tunisia,TUN,2004,0,0,0
Tunisia,TUN,2005,0,0,0
Tunisia,TUN,2006,0,0,0
Tunisia,TUN,2007,0,0,0
Tunisia,TUN,2008,0,0,0
Tunisia,TUN,2009,0,0,0
Tunisia,TUN,2010,0,0,0
Tunisia,TUN,2011,0,0,0
Tunisia,TUN,2012,0,0,0
Tunisia,TUN,2013,0,0,0
Tunisia,TUN,2014,0,0,0
Tunisia,TUN,2015,0,0,0
Tunisia,TUN,2016,0,0,0
Tunisia,TUN,2017,0,0,0
Tunisia,TUN,2018,0,0,0
Tunisia,TUN,2019,0,0,0
Tunisia,TUN,2020,0,0,0
Tunisia,TUN,2021,0,0,0
Tunisia,TUN,2022,0,0,0
Tunisia,TUN,2023,0,0,0
Tunisia,TUN,2024,0,0,0
Tunisia,TUN,2025,0,0,0
Turkey,TUR,1989,0,0,0
Turkey,TUR,1990,0,0,0
Turkey,TUR,1991,0,0,0
Turkey,TUR,1992,0,0,0
Turkey,TUR,1993,0,0,0
Turkey,TUR,1994,0,0,0
Turkey,TUR,1995,0,0,0
Turkey,TUR,1996,0,0,0
Turkey,TUR,1997,0,0,0
Turkey,TUR,1998,0,0,0
Turkey,TUR,1999,0,0,0
Turkey,TUR,2000,0,0,0
Turkey,TUR,2001,0,0,0
Turkey,TUR,2002,0,0,0
Turkey,TUR,2003,0,0,0
Turkey,TUR,2004,0,0,0
Turkey,TUR,2005,0,0,0
Turkey,TUR,2006,0,0,0
Turkey,TUR,2007,0,0,0
Turkey,TUR,2008,0,0,0
Turkey,TUR,2009,0,0,0
Turkey,TUR,2010,0,0,0
Turkey,TUR,2011,0,0,0
Turkey,TUR,2012,0,0,0
Turkey,TUR,2013,0,0,0
Turkey,TUR,2014,0,0,0
Turkey,TUR,2015,0,0,0
Turkey,TUR,2016,0,0,0
Turkey,TUR,2017,0,0,0
Turkey,TUR,2018,0,0,0
Turkey,TUR,2019,0,0,0
Turkey,TUR,2020,0,0,0
Turkey,TUR,2021,0,0,0
Turkey,TUR,2022,0,0,0
Turkey,TUR,2023,0,0,0
Turkey,TUR,2024,0,0,0
Turkey,TUR,2025,0,0,0
Turkmenistan,TKM,1989,0,0,0
Turkmenistan,TKM,1990,0,0,0
Turkmenistan,TKM,1991,0,0,0
Turkmenistan,TKM,1992,0,0,0
Turkmenistan,TKM,1993,0,0,0
Turkmenistan,TKM,1994,0,0,0
Turkmenistan,TKM,1995,0,0,0
Turkmenistan,TKM,1996,0,0,0
Turkmenistan,TKM,1997,0,0,0
Turkmenistan,TKM,1998,0,0,0
Turkmenistan,TKM,1999,0,0,0
Turkmenistan,TKM,2000,0,0,0
Turkmenistan,TKM,2001,0,0,0
Turkmenistan,TKM,2002,0,0,0
Turkmenistan,TKM,2003,0,0,0
Turkmenistan,TKM,2004,0,0,0
Turkmenistan,TKM,2005,0,0,0
Turkmenistan,TKM,2006,0,0,0
Turkmenistan,TKM,2007,0,0,0
Turkmenistan,TKM,2008,0,0,0
Turkmenistan,TKM,2009,0,0,0
Turkmenistan,TKM,2010,0,0,0
Turkmenistan,TKM,2011,0,0,0
Turkmenistan,TKM,2012,0,0,0
Turkmenistan,TKM,2013,0,0,0
Turkmenistan,TKM,2014,0,0,0
Turkmenistan,TKM,2015,0,0,0
Turkmenistan,TKM,2016,0,0,0
Turkmenistan,TKM,2017,0,0,0
Turkmenistan,TKM,2018,0,0,0
Turkmenistan,TKM,2019,0,0,0
Turkmenistan,TKM,2020,0,0,0
Turkmenistan,TKM,2021,0,0,0
Turkmenistan,TKM,2022,0,0,0
Turkmenistan,TKM,2023,0,0,0
Turkmenistan,TKM,2024,0,0,0
Turkmenistan,TKM,2025,0,0,0
Tuvalu,TUV,1989,0,0,0
Tuvalu,TUV,1990,0,0,0
Tuvalu,TUV,1991,0,0,0
Tuvalu,TUV,1992,0,0,0
Tuvalu,TUV,1993,0,0,0
Tuvalu,TUV,1994,0,0,0
Tuvalu,TUV,1995,0,0,0
Tuvalu,TUV,1996,0,0,0
Tuvalu,TUV,1997,0,0,0
Tuvalu,TUV,1998,0,0,0
Tuvalu,TUV,1999,0,0,0
Tuvalu,TUV,2000,0,0,0
Tuvalu,TUV,2001,0,0,0
Tuvalu,TUV,2002,0,0,0
Tuvalu,TUV,2003,0,0,0
Tuvalu,TUV,2004,0,0,0
Tuvalu,TUV,2005,0,0,0
Tuvalu,TUV,2006,0,0,0
Tuvalu,TUV,2007,0,0,0
Tuvalu,TUV,2008,0,0,0
Tuvalu,TUV,2009,0,0,0
Tuvalu,TUV,2010,0,0,0
Tuvalu,TUV,2011,0,0,0
Tuvalu,TUV,2012,0,0,0
Tuvalu,TUV,2013,0,0,0
Tuvalu,TUV,2014,0,0,0
Tuvalu,TUV,2015,0,0,0
Tuvalu,TUV,2016,0,0,0
Tuvalu,TUV,2017,0,0,0
Tuvalu,TUV,2018,0,0,0
Tuvalu,TUV,2019,0,0,0
Tuvalu,TUV,2020,0,0,0
Tuvalu,TUV,2021,0,0,0
Tuvalu,TUV,2022,0,0,0
Tuvalu,TUV,2023,0,0,0
Tuvalu,TUV,2024,0,0,0
Tuvalu,TUV,2025,0,0,0
Uganda,UGA,1989,0,0,0
Uganda,UGA,1990,0,0,0
Uganda,UGA,1991,0,0,0
Uganda,UGA,1992,0,0,0
Uganda,UGA,1993,0,0,0
Uganda,UGA,1994,0,0,0
Uganda,UGA,1995,0,0,0
Uganda,UGA,1996,0,0,0
Uganda,UGA,1997,0,0,0
Uganda,UGA,1998,0,0,0
Uganda,UGA,1999,0,0,0
Uganda,UGA,2000,0,0,0
Uganda,UGA,2001,0,0,0
Uganda,UGA,2002,0,0,0
Uganda,UGA,2003,0,0,0
Uganda,UGA,2004,0,0,0
Uganda,UGA,2005,0,0,0
Uganda,UGA,2006,0,0,0
Uganda,UGA,2007,0,0,0
Uganda,UGA,2008,0,0,0
Uganda,UGA,2009,0,0,0
Uganda,UGA,2010,0,0,0
Uganda,UGA,2011,0,0,0
Uganda,UGA,2012,0,0,0
Uganda,UGA,2013,0,0,0
Uganda,UGA,2014,0,0,0
Uganda,UGA,2015,0,0,0
Uganda,UGA,2016,0,0,0
Uganda,UGA,2017,0,0,0
Uganda,UGA,2018,0,0,0
Uganda,UGA,2019,0,0,0
Uganda,UGA,2020,0,0,0
Uganda,UGA,2021,0,0,0
Uganda,UGA,2022,0,0,0
Uganda,UGA,2023,0,0,0
Uganda,UGA,2024,0,0,0
Uganda,UGA,2025,0,0,0
Ukraine,UKR,1989,0,0,0
Ukraine,UKR,1990,0,0,0
Ukraine,UKR,1991,0,0,0
Ukraine,UKR,1992,0,0,0
Ukraine,UKR,1993,0,0,0
Ukraine,UKR,1994,0,0,0
Ukraine,UKR,1995,0,0,0
Ukraine,UKR,1996,0,0,0
Ukraine,UKR,1997,0,0,0
Ukraine,UKR,1998,0,0,0
Ukraine,UKR,1999,0,0,0
Ukraine,UKR,2000,0,0,0
Ukraine,UKR,2001,0,0,0
Ukraine,UKR,2002,0,0,0
Ukraine,UKR,2003,0,0,0
Ukraine,UKR,2004,0,0,0
Ukraine,UKR,2005,0,0,0
Ukraine,UKR,2006,0,0,0
Ukraine,UKR,2007,0,0,0
Ukraine,UKR,2008,0,0,0
Ukraine,UKR,2009,0,0,0
Ukraine,UKR,2010,0,0,0
Ukraine,UKR,2011,77.07186,77.07186,0
Ukraine,UKR,2012,78.57466,78.57466,0
Ukraine,UKR,2013,78.72404,78.72404,0
Ukraine,UKR,2014,80.42363,80.42363,0
Ukraine,UKR,2015,76.68947,76.68947,0
Ukraine,UKR,2016,78.75833,78.75833,0
Ukraine,UKR,2017,75.12176,75.12176,0
Ukraine,UKR,2018,76.487175,76.487175,0
Ukraine,UKR,2019,75.445885,75.445885,0
Ukraine,UKR,2020,73.12601,73.12601,0
Ukraine,UKR,2021,72.963844,72.963844,0
Ukraine,UKR,2022,58.944958,58.944958,0
Ukraine,UKR,2023,58.944958,58.944958,0
Ukraine,UKR,2024,58.944958,58.944958,0
Ukraine,UKR,2025,58.944958,58.944958,0
United Arab Emirates,ARE,1989,0,0,0
United Arab Emirates,ARE,1990,0,0,0
United Arab Emirates,ARE,1991,0,0,0
United Arab Emirates,ARE,1992,0,0,0
United Arab Emirates,ARE,1993,0,0,0
United Arab Emirates,ARE,1994,0,0,0
United Arab Emirates,ARE,1995,0,0,0
United Arab Emirates,ARE,1996,0,0,0
United Arab Emirates,ARE,1997,0,0,0
United Arab Emirates,ARE,1998,0,0,0
United Arab Emirates,ARE,1999,0,0,0
United Arab Emirates,ARE,2000,0,0,0
United Arab Emirates,ARE,2001,0,0,0
United Arab Emirates,ARE,2002,0,0,0
United Arab Emirates,ARE,2003,0,0,0
United Arab Emirates,ARE,2004,0,0,0
United Arab Emirates,ARE,2005,0,0,0
United Arab Emirates,ARE,2006,0,0,0
United Arab Emirates,ARE,2007,0,0,0
United Arab Emirates,ARE,2008,0,0,0
United Arab Emirates,ARE,2009,0,0,0
United Arab Emirates,ARE,2010,0,0,0
United Arab Emirates,ARE,2011,0,0,0
United Arab Emirates,ARE,2012,0,0,0
United Arab Emirates,ARE,2013,0,0,0
United Arab Emirates,ARE,2014,0,0,0
United Arab Emirates,ARE,2015,0,0,0
United Arab Emirates,ARE,2016,0,0,0
United Arab Emirates,ARE,2017,0,0,0
United Arab Emirates,ARE,2018,0,0,0
United Arab Emirates,ARE,2019,0,0,0
United Arab Emirates,ARE,2020,0,0,0
United Arab Emirates,ARE,2021,0,0,0
United Arab Emirates,ARE,2022,0,0,0
United Arab Emirates,ARE,2023,0,0,0
United Arab Emirates,ARE,2024,0,0,0
United Arab Emirates,ARE,2025,0,0,0
United Kingdom,GBR,1989,0,0,0
United Kingdom,GBR,1990,0,0,0
United Kingdom,GBR,1991,0,0,0
United Kingdom,GBR,1992,0,0,0
United Kingdom,GBR,1993,0,0,0
United Kingdom,GBR,1994,0,0,0
United Kingdom,GBR,1995,0,0,0
United Kingdom,GBR,1996,0,0,0
United Kingdom,GBR,1997,0,0,0
United Kingdom,GBR,1998,0,0,0
United Kingdom,GBR,1999,0,0,0
United Kingdom,GBR,2000,0,0,0
United Kingdom,GBR,2001,0,0,0
United Kingdom,GBR,2002,0,0,0
United Kingdom,GBR,2003,0,0,0
United Kingdom,GBR,2004,0,0,0
United Kingdom,GBR,2005,48.834816,0,48.834816
United Kingdom,GBR,2006,49.779736,0,49.779736
United Kingdom,GBR,2007,49.268772,0,49.268772
United Kingdom,GBR,2008,48.64948,0,48.64948
United Kingdom,GBR,2009,46.438164,0,46.438164
United Kingdom,GBR,2010,46.491394,0,46.491394
United Kingdom,GBR,2011,47.08403,0,47.08403
United Kingdom,GBR,2012,47.946877,0,47.946877
United Kingdom,GBR,2013,46.63154,30.62688,46.63154
United Kingdom,GBR,2014,44.889633,27.803087,44.889633
United Kingdom,GBR,2015,41.09632,23.312809,41.09632
United Kingdom,GBR,2016,36.568302,19.548658,36.568302
United Kingdom,GBR,2017,34.792675,17.372347,34.792675
United Kingdom,GBR,2018,33.5124,15.750321,33.5124
United Kingdom,GBR,2019,32.516006,13.810952,32.516006
United Kingdom,GBR,2020,32.233513,12.980381,32.233513
United Kingdom,GBR,2021,31.607475,13.656765,31.607475
United Kingdom,GBR,2022,32.561447,14.100151,32.561447
United Kingdom,GBR,2023,32.561447,14.100151,32.561447
United Kingdom,GBR,2024,32.561447,14.100151,32.561447
United Kingdom,GBR,2025,32.561447,14.100151,32.561447
United States,USA,1989,0,0,0
United States,USA,1990,0,0,0
United States,USA,1991,0,0,0
United States,USA,1992,0,0,0
United States,USA,1993,0,0,0
United States,USA,1994,0,0,0
United States,USA,1995,0,0,0
United States,USA,1996,0,0,0
United States,USA,1997,0,0,0
United States,USA,1998,0,0,0
United States,USA,1999,0,0,0
United States,USA,2000,0,0,0
United States,USA,2001,0,0,0
United States,USA,2002,0,0,0
United States,USA,2003,0,0,0
United States,USA,2004,0,0,0
United States,USA,2005,0,0,0
United States,USA,2006,0,0,0
United States,USA,2007,0,0,0
United States,USA,2008,0,0,0
United States,USA,2009,2.1344814,0,2.1344814
United States,USA,2010,2.218933,0,2.218933
United States,USA,2011,2.0191865,0,2.0191865
United States,USA,2012,1.6629623,0,1.6629623
United States,USA,2013,3.941718,0,3.941718
United States,USA,2014,3.9072661,0,3.9072661
United States,USA,2015,7.3984427,0,7.3984427
United States,USA,2016,7.409868,0,7.409868
United States,USA,2017,7.2239733,0,7.2239733
United States,USA,2018,7.6736465,0,7.6736465
United States,USA,2019,7.6286426,0,7.6286426
United States,USA,2020,7.721665,0,7.721665
United States,USA,2021,7.7706585,0,7.7706585
United States,USA,2022,8.484275,0,8.484275
United States,USA,2023,9.065868,0,9.065868
United States,USA,2024,9.065868,0,9.065868
United States,USA,2025,9.065868,0,9.065868
Uruguay,URY,1989,0,0,0
Uruguay,URY,1990,0,0,0
Uruguay,URY,1991,0,0,0
Uruguay,URY,1992,0,0,0
Uruguay,URY,1993,0,0,0
Uruguay,URY,1994,0,0,0
Uruguay,URY,1995,0,0,0
Uruguay,URY,1996,0,0,0
Uruguay,URY,1997,0,0,0
Uruguay,URY,1998,0,0,0
Uruguay,URY,1999,0,0,0
Uruguay,URY,2000,0,0,0
Uruguay,URY,2001,0,0,0
Uruguay,URY,2002,0,0,0
Uruguay,URY,2003,0,0,0
Uruguay,URY,2004,0,0,0
Uruguay,URY,2005,0,0,0
Uruguay,URY,2006,0,0,0
Uruguay,URY,2007,0,0,0
Uruguay,URY,2008,0,0,0
Uruguay,URY,2009,0,0,0
Uruguay,URY,2010,0,0,0
Uruguay,URY,2011,0,0,0
Uruguay,URY,2012,0,0,0
Uruguay,URY,2013,0,0,0
Uruguay,URY,2014,0,0,0
Uruguay,URY,2015,0,0,0
Uruguay,URY,2016,0,0,0
Uruguay,URY,2017,0,0,0
Uruguay,URY,2018,0,0,0
Uruguay,URY,2019,0,0,0
Uruguay,URY,2020,0,0,0
Uruguay,URY,2021,0,0,0
Uruguay,URY,2022,86.51908,86.51908,0
Uruguay,URY,2023,86.51908,86.51908,0
Uruguay,URY,2024,86.51908,86.51908,0
Uruguay,URY,2025,86.51908,86.51908,0
Uzbekistan,UZB,1989,0,0,0
Uzbekistan,UZB,1990,0,0,0
Uzbekistan,UZB,1991,0,0,0
Uzbekistan,UZB,1992,0,0,0
Uzbekistan,UZB,1993,0,0,0
Uzbekistan,UZB,1994,0,0,0
Uzbekistan,UZB,1995,0,0,0
Uzbekistan,UZB,1996,0,0,0
Uzbekistan,UZB,1997,0,0,0
Uzbekistan,UZB,1998,0,0,0
Uzbekistan,UZB,1999,0,0,0
Uzbekistan,UZB,2000,0,0,0
Uzbekistan,UZB,2001,0,0,0
Uzbekistan,UZB,2002,0,0,0
Uzbekistan,UZB,2003,0,0,0
Uzbekistan,UZB,2004,0,0,0
Uzbekistan,UZB,2005,0,0,0
Uzbekistan,UZB,2006,0,0,0
Uzbekistan,UZB,2007,0,0,0
Uzbekistan,UZB,2008,0,0,0
Uzbekistan,UZB,2009,0,0,0
Uzbekistan,UZB,2010,0,0,0
Uzbekistan,UZB,2011,0,0,0
Uzbekistan,UZB,2012,0,0,0
Uzbekistan,UZB,2013,0,0,0
Uzbekistan,UZB,2014,0,0,0
Uzbekistan,UZB,2015,0,0,0
Uzbekistan,UZB,2016,0,0,0
Uzbekistan,UZB,2017,0,0,0
Uzbekistan,UZB,2018,0,0,0
Uzbekistan,UZB,2019,0,0,0
Uzbekistan,UZB,2020,0,0,0
Uzbekistan,UZB,2021,0,0,0
Uzbekistan,UZB,2022,0,0,0
Uzbekistan,UZB,2023,0,0,0
Uzbekistan,UZB,2024,0,0,0
Uzbekistan,UZB,2025,0,0,0
Vanuatu,VUT,1989,0,0,0
Vanuatu,VUT,1990,0,0,0
Vanuatu,VUT,1991,0,0,0
Vanuatu,VUT,1992,0,0,0
Vanuatu,VUT,1993,0,0,0
Vanuatu,VUT,1994,0,0,0
Vanuatu,VUT,1995,0,0,0
Vanuatu,VUT,1996,0,0,0
Vanuatu,VUT,1997,0,0,0
Vanuatu,VUT,1998,0,0,0
Vanuatu,VUT,1999,0,0,0
Vanuatu,VUT,2000,0,0,0
Vanuatu,VUT,2001,0,0,0
Vanuatu,VUT,2002,0,0,0
Vanuatu,VUT,2003,0,0,0
Vanuatu,VUT,2004,0,0,0
Vanuatu,VUT,2005,0,0,0
Vanuatu,VUT,2006,0,0,0
Vanuatu,VUT,2007,0,0,0
Vanuatu,VUT,2008,0,0,0
Vanuatu,VUT,2009,0,0,0
Vanuatu,VUT,2010,0,0,0
Vanuatu,VUT,2011,0,0,0
Vanuatu,VUT,2012,0,0,0
Vanuatu,VUT,2013,0,0,0
Vanuatu,VUT,2014,0,0,0
Vanuatu,VUT,2015,0,0,0
Vanuatu,VUT,2016,0,0,0
Vanuatu,VUT,2017,0,0,0
Vanuatu,VUT,2018,0,0,0
Vanuatu,VUT,2019,0,0,0
Vanuatu,VUT,2020,0,0,0
Vanuatu,VUT,2021,0,0,0
Vanuatu,VUT,2022,0,0,0
Vanuatu,VUT,2023,0,0,0
Vanuatu,VUT,2024,0,0,0
Vanuatu,VUT,2025,0,0,0
Vatican,VAT,1989,0,0,0
Vatican,VAT,1990,0,0,0
Vatican,VAT,1991,0,0,0
Vatican,VAT,1992,0,0,0
Vatican,VAT,1993,0,0,0
Vatican,VAT,1994,0,0,0
Vatican,VAT,1995,0,0,0
Vatican,VAT,1996,0,0,0
Vatican,VAT,1997,0,0,0
Vatican,VAT,1998,0,0,0
Vatican,VAT,1999,0,0,0
Vatican,VAT,2000,0,0,0
Vatican,VAT,2001,0,0,0
Vatican,VAT,2002,0,0,0
Vatican,VAT,2003,0,0,0
Vatican,VAT,2004,0,0,0
Vatican,VAT,2005,0,0,0
Vatican,VAT,2006,0,0,0
Vatican,VAT,2007,0,0,0
Vatican,VAT,2008,0,0,0
Vatican,VAT,2009,0,0,0
Vatican,VAT,2010,0,0,0
Vatican,VAT,2011,0,0,0
Vatican,VAT,2012,0,0,0
Vatican,VAT,2013,0,0,0
Vatican,VAT,2014,0,0,0
Vatican,VAT,2015,0,0,0
Vatican,VAT,2016,0,0,0
Vatican,VAT,2017,0,0,0
Vatican,VAT,2018,0,0,0
Vatican,VAT,2019,0,0,0
Vatican,VAT,2020,0,0,0
Vatican,VAT,2021,0,0,0
Vatican,VAT,2022,0,0,0
Vatican,VAT,2023,0,0,0
Vatican,VAT,2024,0,0,0
Vatican,VAT,2025,0,0,0
Venezuela,VEN,1989,0,0,0
Venezuela,VEN,1990,0,0,0
Venezuela,VEN,1991,0,0,0
Venezuela,VEN,1992,0,0,0
Venezuela,VEN,1993,0,0,0
Venezuela,VEN,1994,0,0,0
Venezuela,VEN,1995,0,0,0
Venezuela,VEN,1996,0,0,0
Venezuela,VEN,1997,0,0,0
Venezuela,VEN,1998,0,0,0
Venezuela,VEN,1999,0,0,0
Venezuela,VEN,2000,0,0,0
Venezuela,VEN,2001,0,0,0
Venezuela,VEN,2002,0,0,0
Venezuela,VEN,2003,0,0,0
Venezuela,VEN,2004,0,0,0
Venezuela,VEN,2005,0,0,0
Venezuela,VEN,2006,0,0,0
Venezuela,VEN,2007,0,0,0
Venezuela,VEN,2008,0,0,0
Venezuela,VEN,2009,0,0,0
Venezuela,VEN,2010,0,0,0
Venezuela,VEN,2011,0,0,0
Venezuela,VEN,2012,0,0,0
Venezuela,VEN,2013,0,0,0
Venezuela,VEN,2014,0,0,0
Venezuela,VEN,2015,0,0,0
Venezuela,VEN,2016,0,0,0
Venezuela,VEN,2017,0,0,0
Venezuela,VEN,2018,0,0,0
Venezuela,VEN,2019,0,0,0
Venezuela,VEN,2020,0,0,0
Venezuela,VEN,2021,0,0,0
Venezuela,VEN,2022,0,0,0
Venezuela,VEN,2023,0,0,0
Venezuela,VEN,2024,0,0,0
Venezuela,VEN,2025,0,0,0
Vietnam,VNM,1989,0,0,0
Vietnam,VNM,1990,0,0,0
Vietnam,VNM,1991,0,0,0
Vietnam,VNM,1992,0,0,0
Vietnam,VNM,1993,0,0,0
Vietnam,VNM,1994,0,0,0
Vietnam,VNM,1995,0,0,0
Vietnam,VNM,1996,0,0,0
Vietnam,VNM,1997,0,0,0
Vietnam,VNM,1998,0,0,0
Vietnam,VNM,1999,0,0,0
Vietnam,VNM,2000,0,0,0
Vietnam,VNM,2001,0,0,0
Vietnam,VNM,2002,0,0,0
Vietnam,VNM,2003,0,0,0
Vietnam,VNM,2004,0,0,0
Vietnam,VNM,2005,0,0,0
Vietnam,VNM,2006,0,0,0
Vietnam,VNM,2007,0,0,0
Vietnam,VNM,2008,0,0,0
Vietnam,VNM,2009,0,0,0
Vietnam,VNM,2010,0,0,0
Vietnam,VNM,2011,0,0,0
Vietnam,VNM,2012,0,0,0
Vietnam,VNM,2013,0,0,0
Vietnam,VNM,2014,0,0,0
Vietnam,VNM,2015,0,0,0
Vietnam,VNM,2016,0,0,0
Vietnam,VNM,2017,0,0,0
Vietnam,VNM,2018,0,0,0
Vietnam,VNM,2019,0,0,0
Vietnam,VNM,2020,0,0,0
Vietnam,VNM,2021,0,0,0
Vietnam,VNM,2022,0,0,0
Vietnam,VNM,2023,0,0,0
Vietnam,VNM,2024,0,0,0
Vietnam,VNM,2025,0,0,0
Western Sahara,ESH,1989,0,0,0
Western Sahara,ESH,1990,0,0,0
Western Sahara,ESH,1991,0,0,0
Western Sahara,ESH,1992,0,0,0
Western Sahara,ESH,1993,0,0,0
Western Sahara,ESH,1994,0,0,0
Western Sahara,ESH,1995,0,0,0
Western Sahara,ESH,1996,0,0,0
Western Sahara,ESH,1997,0,0,0
Western Sahara,ESH,1998,0,0,0
Western Sahara,ESH,1999,0,0,0
Western Sahara,ESH,2000,0,0,0
Western Sahara,ESH,2001,0,0,0
Western Sahara,ESH,2002,0,0,0
Western Sahara,ESH,2003,0,0,0
Western Sahara,ESH,2004,0,0,0
Western Sahara,ESH,2005,0,0,0
Western Sahara,ESH,2006,0,0,0
Western Sahara,ESH,2007,0,0,0
Western Sahara,ESH,2008,0,0,0
Western Sahara,ESH,2009,0,0,0
Western Sahara,ESH,2010,0,0,0
Western Sahara,ESH,2011,0,0,0
Western Sahara,ESH,2012,0,0,0
Western Sahara,ESH,2013,0,0,0
Western Sahara,ESH,2014,0,0,0
Western Sahara,ESH,2015,0,0,0
Western Sahara,ESH,2016,0,0,0
Western Sahara,ESH,2017,0,0,0
Western Sahara,ESH,2018,0,0,0
Western Sahara,ESH,2019,0,0,0
Western Sahara,ESH,2020,0,0,0
Western Sahara,ESH,2021,0,0,0
Western Sahara,ESH,2022,0,0,0
Western Sahara,ESH,2023,0,0,0
Western Sahara,ESH,2024,0,0,0
Western Sahara,ESH,2025,0,0,0
World,OWID_WRL,1989,0,0,0
World,OWID_WRL,1990,0.3298423,0.3298423,0
World,OWID_WRL,1991,0.5399455,0.5399455,0
World,OWID_WRL,1992,0.6510676,0.6510676,0
World,OWID_WRL,1993,0.69346935,0.69346935,0
World,OWID_WRL,1994,0.71325284,0.71325284,0
World,OWID_WRL,1995,0.7503645,0.7503645,0
World,OWID_WRL,1996,0.81074405,0.81074405,0
World,OWID_WRL,1997,0.7603778,0.7603778,0
World,OWID_WRL,1998,0.72841364,0.72841364,0
World,OWID_WRL,1999,0.68545425,0.68545425,0
World,OWID_WRL,2000,0.6977923,0.6977923,0
World,OWID_WRL,2001,0.66787314,0.66787314,0
World,OWID_WRL,2002,0.6482614,0.6482614,0
World,OWID_WRL,2003,0.6328286,0.6328286,0
World,OWID_WRL,2004,0.6492145,0.6492145,0
World,OWID_WRL,2005,7.1478105,0.39391428,6.753896
World,OWID_WRL,2006,6.8998175,0.38109568,6.5187216
World,OWID_WRL,2007,7.0539846,0.37308845,6.6808968
World,OWID_WRL,2008,6.8862996,0.48698947,6.3993106
World,OWID_WRL,2009,6.5907044,0.46321726,6.127487
World,OWID_WRL,2010,6.5669904,0.5194778,6.0475125
World,OWID_WRL,2011,6.896733,1.1859837,5.710749
World,OWID_WRL,2012,9.596064,3.6442246,5.951839
World,OWID_WRL,2013,11.827536,3.9603453,7.8671904
World,OWID_WRL,2014,12.682276,4.6480465,8.034228
World,OWID_WRL,2015,14.423174,4.805423,9.617751
World,OWID_WRL,2016,14.418271,4.854171,9.5641
World,OWID_WRL,2017,14.335352,4.7924857,9.542866
World,OWID_WRL,2018,14.825606,4.6709995,10.154607
World,OWID_WRL,2019,15.526168,6.069244,9.4569235
World,OWID_WRL,2020,14.8751,5.91846,8.956642
World,OWID_WRL,2021,28.455082,5.8208003,22.63428
World,OWID_WRL,2022,28.546783,5.645421,22.901361
World,OWID_WRL,2023,28.448603,5.6077814,22.840822
World,OWID_WRL,2024,29.144033,5.631782,23.51225
World,OWID_WRL,2025,29.72033,5.711975,24.008356
Yemen,YEM,1989,0,0,0
Yemen,YEM,1990,0,0,0
Yemen,YEM,1991,0,0,0
Yemen,YEM,1992,0,0,0
Yemen,YEM,1993,0,0,0
Yemen,YEM,1994,0,0,0
Yemen,YEM,1995,0,0,0
Yemen,YEM,1996,0,0,0
Yemen,YEM,1997,0,0,0
Yemen,YEM,1998,0,0,0
Yemen,YEM,1999,0,0,0
Yemen,YEM,2000,0,0,0
Yemen,YEM,2001,0,0,0
Yemen,YEM,2002,0,0,0
Yemen,YEM,2003,0,0,0
Yemen,YEM,2004,0,0,0
Yemen,YEM,2005,0,0,0
Yemen,YEM,2006,0,0,0
Yemen,YEM,2007,0,0,0
Yemen,YEM,2008,0,0,0
Yemen,YEM,2009,0,0,0
Yemen,YEM,2010,0,0,0
Yemen,YEM,2011,0,0,0
Yemen,YEM,2012,0,0,0
Yemen,YEM,2013,0,0,0
Yemen,YEM,2014,0,0,0
Yemen,YEM,2015,0,0,0
Yemen,YEM,2016,0,0,0
Yemen,YEM,2017,0,0,0
Yemen,YEM,2018,0,0,0
Yemen,YEM,2019,0,0,0
Yemen,YEM,2020,0,0,0
Yemen,YEM,2021,0,0,0
Yemen,YEM,2022,0,0,0
Yemen,YEM,2023,0,0,0
Yemen,YEM,2024,0,0,0
Yemen,YEM,2025,0,0,0
Zambia,ZMB,1989,0,0,0
Zambia,ZMB,1990,0,0,0
Zambia,ZMB,1991,0,0,0
Zambia,ZMB,1992,0,0,0
Zambia,ZMB,1993,0,0,0
Zambia,ZMB,1994,0,0,0
Zambia,ZMB,1995,0,0,0
Zambia,ZMB,1996,0,0,0
Zambia,ZMB,1997,0,0,0
Zambia,ZMB,1998,0,0,0
Zambia,ZMB,1999,0,0,0
Zambia,ZMB,2000,0,0,0
Zambia,ZMB,2001,0,0,0
Zambia,ZMB,2002,0,0,0
Zambia,ZMB,2003,0,0,0
Zambia,ZMB,2004,0,0,0
Zambia,ZMB,2005,0,0,0
Zambia,ZMB,2006,0,0,0
Zambia,ZMB,2007,0,0,0
Zambia,ZMB,2008,0,0,0
Zambia,ZMB,2009,0,0,0
Zambia,ZMB,2010,0,0,0
Zambia,ZMB,2011,0,0,0
Zambia,ZMB,2012,0,0,0
Zambia,ZMB,2013,0,0,0
Zambia,ZMB,2014,0,0,0
Zambia,ZMB,2015,0,0,0
Zambia,ZMB,2016,0,0,0
Zambia,ZMB,2017,0,0,0
Zambia,ZMB,2018,0,0,0
Zambia,ZMB,2019,0,0,0
Zambia,ZMB,2020,0,0,0
Zambia,ZMB,2021,0,0,0
Zambia,ZMB,2022,0,0,0
Zambia,ZMB,2023,0,0,0
Zambia,ZMB,2024,0,0,0
Zambia,ZMB,2025,0,0,0
Zimbabwe,ZWE,1989,0,0,0
Zimbabwe,ZWE,1990,0,0,0
Zimbabwe,ZWE,1991,0,0,0
Zimbabwe,ZWE,1992,0,0,0
Zimbabwe,ZWE,1993,0,0,0
Zimbabwe,ZWE,1994,0,0,0
Zimbabwe,ZWE,1995,0,0,0
Zimbabwe,ZWE,1996,0,0,0
Zimbabwe,ZWE,1997,0,0,0
Zimbabwe,ZWE,1998,0,0,0
Zimbabwe,ZWE,1999,0,0,0
Zimbabwe,ZWE,2000,0,0,0
Zimbabwe,ZWE,2001,0,0,0
Zimbabwe,ZWE,2002,0,0,0
Zimbabwe,ZWE,2003,0,0,0
Zimbabwe,ZWE,2004,0,0,0
Zimbabwe,ZWE,2005,0,0,0
Zimbabwe,ZWE,2006,0,0,0
Zimbabwe,ZWE,2007,0,0,0
Zimbabwe,ZWE,2008,0,0,0
Zimbabwe,ZWE,2009,0,0,0
Zimbabwe,ZWE,2010,0,0,0
Zimbabwe,ZWE,2011,0,0,0
Zimbabwe,ZWE,2012,0,0,0
Zimbabwe,ZWE,2013,0,0,0
Zimbabwe,ZWE,2014,0,0,0
Zimbabwe,ZWE,2015,0,0,0
Zimbabwe,ZWE,2016,0,0,0
Zimbabwe,ZWE,2017,0,0,0
Zimbabwe,ZWE,2018,0,0,0
Zimbabwe,ZWE,2019,0,0,0
Zimbabwe,ZWE,2020,0,0,0
Zimbabwe,ZWE,2021,0,0,0
Zimbabwe,ZWE,2022,0,0,0
Zimbabwe,ZWE,2023,0,0,0
Zimbabwe,ZWE,2024,0,0,0
Zimbabwe,ZWE,2025,0,0,0