region,sector,0%,10%,20%,30%,40%,50%,60%,70%,80%,90%,100%
EU27,A01,-12.903667409622457,-10.55270839729019,-8.175127433252888,-5.766041674399984,-3.3192001373992546,-0.8264468138671482,1.7230971927083598,4.344322693597633,7.058246399552691,9.89564496159502,12.903667409622457
EU27,A02,-1.1188060777109903,-0.9889991125680375,-0.8507865600120316,-0.7020328287493072,-0.5398437547534153,-0.36023119407489984,-0.15759129889567908,0.07613332313419961,0.35285047567005423,0.6907537638240906,1.1188060777109912
EU27,A03,-5.709202928235873,-4.684423892764995,-3.653348562808769,-2.6119619725196874,-1.55515592323771,-0.4763121099833874,0.6333326575637048,1.7856871747112528,2.99744827877806,4.292927611430104,5.709202928235886
EU27,B05,-16.73409374298351,-13.437765516819097,-10.13478540072599,-6.824311937039522,-3.5052334902437976,-0.17605607967628886,3.165268926222891,6.521618338668208,9.897148418248037,13.298074342525751,16.73409374298353
EU27,B06,-5.1156946210766066,-4.187938517716896,-3.248519267859905,-2.2955420880158264,-1.326579364744123,-0.3384595992113692,0.6730556192880589,1.7137832897124963,2.791962475731254,3.919711763428868,5.115694621076607
EU27,B07,-4.628179755601188,-3.815881518969931,-2.9915225128156213,-2.1525946914536824,-1.2958285262511806,-0.4168870065609958,0.49010231644886243,1.4332873314834507,2.424308235962267,3.480393628066055,4.628179755601192
EU27,B08,-3.325284351527258,-2.831594889898893,-2.319589075500222,-1.785493337692548,-1.2243885678723292,-0.629749314419546,0.007262111978772204,0.6989143266021938,1.462751195121211,2.324777922975554,3.325284351527263
EU27,B09,-5.167612632615158,-4.1954142771479,-3.2173892040027194,-2.232251549106844,-1.238233734093417,-0.23286788498691308,0.7873557068444349,1.8275392502375205,2.895298786596403,4.002375692649481,5.167612632615161
EU27,C10T12,-1.4873213582578524,-1.8991126068393611,-2.221913165927613,-2.4419027546487424,-2.5414720087904192,-2.4977245066454037,-2.2801900520493468,-1.8472137259437482,-1.1400240486883884,-0.07252158697323605,1.4873213582578517
EU27,C13T15,-0.798734242041806,-0.7921912836434296,-0.778306989185329,-0.7529199449996015,-0.7101623851622726,-0.6416760945455567,-0.5353860591309962,-0.3735192082624792,-0.12927833956603402,0.2390042186767359,0.7987342420418048
EU27,C16,-0.5610076155451101,-0.608560717698199,-0.6484762638712006,-0.6764576999579109,-0.6864145012107997,-0.6696319439463544,-0.6134764316796161,-0.49931377940446425,-0.2990377723782515,0.03097877444276402,0.5610076155451086
EU27,C17_18,-2.705766043090681,-2.4317410338711065,-2.137237904250456,-1.8156198611899075,-1.4578584649825574,-1.0514878346528267,-0.5789859236413811,-0.01518705112734117,0.677014088351308,1.554126294854394,2.7057660430906805
EU27,C19,-12.762305514395948,-11.814443845270757,-10.642042760171579,-9.21381389196732,-7.4921289205485815,-5.430914733992626,-2.9725306441348383,-0.04296496016331296,3.4558709083090804,7.659134319409993,12.76230551439593
EU27,C20,-4.994817403698828,-4.366660166242594,-3.710050174125673,-3.0148690958669686,-2.2677707525632247,-1.4509035207963412,-0.539971891919295,0.4988058354928391,1.713666010687514,3.1758071429381673,4.994817403698834
EU27,C21,-0.17228759213046493,-0.19367329569021588,-0.21251116949391274,-0.22725997094339856,-0.2357456677670309,-0.23487235947890137,-0.22017181774807507,-0.18507890421459047,-0.1197213847937728,-0.008805456580298349,0.172287592130465
EU27,C22,-0.5007658514259291,-0.6489457413897941,-0.7825666461609392,-0.8949430580425186,-0.976782347516533,-1.0150591547176098,-0.9912895362869015,-0.8787987312099417,-0.6382279651122963,-0.20979934775667225,0.5007658514259273
EU27,C23,-15.003353452712172,-12.412815910651842,-9.770555105785096,-7.068798068995433,-4.297552336423325,-1.4437200370141805,1.5102547189928877,4.58852200395207,7.825335571349513,11.271094971518908,15.003353452712172
EU27,C24A,-16.251861030171106,-13.992692999228037,-11.626552872467464,-9.131141528187737,-6.477645863271,-3.6282008950081934,-0.5320574698400664,2.8803963133950434,6.707327382796979,11.091909824131427,16.251861030171103
EU27,C24B,-4.587250305527952,-4.519142984534337,-4.390729609107993,-4.179322540406665,-3.8542530279384395,-3.373561885890356,-2.6789789054909363,-1.6880695553987148,-0.28149398732634606,1.7185976445454116,4.587250305527951
EU27,C25,-0.3690281755593898,-0.5296751966699316,-0.6781094752634756,-0.8076300756334858,-0.9090061028017216,-0.9693879709500804,-0.970643004704311,-0.8867326546286265,-0.6794268172330867,-0.29098619698559086,0.36902817555938944
EU27,C26,-0.16387506036883714,-0.21302893190332117,-0.26336999635862346,-0.3127568600553911,-0.3577331725476788,-0.39279393917131267,-0.4091935015873665,-0.3929552779897216,-0.32143685056412297,-0.15715653022586595,0.16387506036883717
EU27,C27,-0.20495042404886565,-0.3212511343608994,-0.4386916959646735,-0.5525895631514786,-0.6557977786496854,-0.7374690578945712,-0.7811092373455915,-0.7614242835749935,-0.639036112968869,-0.3512486083441736,0.20495042404886568
EU27,C28,-0.2518500415736717,-0.34009476218326573,-0.4274834780206366,-0.5098554969599562,-0.5810282667554192,-0.6318231681162477,-0.6485446465296182,-0.6105372314333527,-0.48612349345469724,-0.2255584032687865,0.25185004157367147
EU27,C29,-0.2428428818799802,-0.35243959537264813,-0.4662046247457384,-0.5795211020381367,-0.6850433688257009,-0.7712575325502244,-0.8201939971971507,-0.803694694747753,-0.6771201380723261,-0.368303682341661,0.24284288187998027
EU27,C301,-0.2294500388132362,-0.3855333226356388,-0.545644323704766,-0.7038564738764044,-0.8508553646670808,-0.9721836537774089,-1.0454631004806605,-1.0358780650961292,-0.8885870617715314,-0.5154441873323902,0.2294500388132365
EU27,C302T309,-0.15927275713621739,-0.28282000457103473,-0.40895324719548737,-0.5332281864181723,-0.6486396382864793,-0.7442766974084792,-0.8031868248741734,-0.7988927559215381,-0.6895254071481433,-0.4075363470646104,0.15927275713621625
EU27,C31T33,-0.19256354236571424,-0.24685162835352145,-0.29990477339200794,-0.3490196777026118,-0.39019496048087715,-0.41750272722210147,-0.4221033153831261,-0.39065486447336084,-0.3026541674533989,-0.12579626535660346,0.19256354236571466
EU27,D,-15.684430135148864,-13.188562048448837,-10.605610557854279,-7.923117249783839,-5.125814629264638,-2.1946450116497234,0.8947129777382323,4.174140233011503,7.686808913662888,11.493555933855355,15.68443013514884
EU27,E,-7.33288575309847,-6.121194397227624,-4.878530128638618,-3.599864468094114,-2.278736684540519,-0.9066686111152578,0.5277366933704462,2.0402304772749433,3.6532953260405945,5.400266497454251,7.332885753098492
EU27,F,-0.47888774348614244,-0.5393144099731031,-0.5902418780538027,-0.627739870838622,-0.6462833287966641,-0.6380022402121102,-0.5915075233898244,-0.4899983256890692,-0.30810122086348685,-0.0063604919061971245,0.47888774348614155
EU27,G,-0.31724104912879086,-0.3058784260521213,-0.29089776912069654,-0.2710269786327669,-0.24449689060808902,-0.20881198019787423,-0.1603903429161187,-0.09398045466772302,-0.0016808903171133154,0.1287813436986468,0.3172410491287909
EU27,H49,-3.787337598873123,-3.149786752532508,-2.504724934385621,-1.8484279972370792,-1.176070938111811,-0.48129713721807976,0.2444407975061202,1.0129251400741694,1.8408944116607677,2.753018159158605,3.7873375988731173
EU27,H50,-9.948713190600719,-8.203608656201602,-6.4345809416798145,-4.6356428246616845,-2.7990686538132548,-0.9147156686108987,1.031009653087495,3.056780718437747,5.189022869122213,7.466507529652924,9.948713190600714
EU27,H51,-22.211264341306965,-18.05994514529888,-13.896830173406268,-9.711271870074587,-5.4896475756481005,-1.2142325073029903,3.1385173788106755,7.600674414518231,12.217288748591832,17.0540512640641,22.21126434130699
EU27,H52,-0.7132576239389729,-0.6771390135697419,-0.6326385936831475,-0.57726621981486,-0.5075734502462788,-0.41872260460200883,-0.3038145783670845,-0.15280617078947517,0.049300586299048474,0.32562529704445664,0.7132576239389745
EU27,H53,-0.937430182639426,-0.8373148913901522,-0.730443100652159,-0.614778916790639,-0.48749533914438864,-0.3446120233623925,-0.1804277627514177,0.0133976980933023,0.24938626248329632,0.5469520116141576,0.9374301826394272
EU27,I,-0.26550212362059883,-0.3150749623388493,-0.35887254345142133,-0.39343085339618644,-0.41436001990293725,-0.41597690268158655,-0.3907413870738905,-0.32836141895944626,-0.21431461914617533,-0.027289212852523056,0.2655021236205993
EU27,J58T60,-0.06130030080100274,-0.086905828468452,-0.11224234159199079,-0.13624313307377237,-0.15729684497555957,-0.17297094792422904,-0.1795716281397803,-0.1714223889524189,-0.13963927999670048,-0.06996117909920323,0.06130030080100299
EU27,J61,-0.09144098278066849,-0.12194729392160626,-0.15158841847867272,-0.17907429266997776,-0.202464001015584,-0.21882190847101035,-0.2236630483305803,-0.2100327824149417,-0.16692664736161686,-0.07646294548469271,0.0914409827806685
EU27,J62_63,-0.04077398047720854,-0.05660861470757688,-0.07302831546795487,-0.08935709108497639,-0.10451577396769754,-0.11680277332188423,-0.1235402549405476,-0.1204870828903139,-0.10083155889930642,-0.05339098799111118,0.04077398047720856
EU27,K,-0.059091457074950136,-0.07078700232265232,-0.08260077480995896,-0.09394126198953526,-0.10385747076510751,-0.11083700424473007,-0.11247686363344417,-0.1049319180522648,-0.08195989642639737,-0.03319971874691209,0.05909145707494991
EU27,L,-0.01805271190167285,-0.02925008166221431,-0.03986252378952701,-0.049489631932073216,-0.057560503439988295,-0.06324925001304596,-0.06534055456333668,-0.06200941991174779,-0.05044759292840718,-0.02620273185289155,0.01805271190167288
EU27,M,-0.10131264588241215,-0.11131200546028852,-0.12086267655067888,-0.1291591492899617,-0.1349777040005202,-0.13645997302399757,-0.1307666086717928,-0.11350689564107726,-0.0777663590980926,-0.012378160682107292,0.10131264588241203
EU27,N,-0.2397557228146917,-0.22805598828501125,-0.21471325571974045,-0.19881143970321785,-0.17901516990268604,-0.15336638097295863,-0.11896244636079797,-0.07143119053562531,-0.004043288588409511,0.09385458138759545,0.2397557228146912
EU27,O,-0.16686119980291483,-0.16171090499257704,-0.15469673190727057,-0.14510514109551892,-0.13195111338208956,-0.11385222053238715,-0.08883031859107725,-0.05398943485313845,-0.004973119329882948,0.06499050449025114,0.16686119980291522
EU27,P,-0.1114845521295132,-0.10610844613413953,-0.09930026555620027,-0.09065820906388285,-0.07964063628317457,-0.06550404099672733,-0.047206063359278724,-0.02324886139222324,0.008583546117853736,0.05168590111653492,0.11148455212951314
EU27,Q,-0.14137515213265175,-0.1437445337403241,-0.14412203806566928,-0.14172393054524485,-0.1354676584766376,-0.12383548775189589,-0.10466065442807158,-0.07478113814424259,-0.02945772980852006,0.03864872883508681,0.14137515213265192
EU27,R,-0.21217247722273014,-0.23155602118984184,-0.2470571641782248,-0.2570616053232081,-0.2593483493204674,-0.250812537003798,-0.22702990759870587,-0.1815502401924678,-0.10470756887751372,0.018474231704857173,0.21217247722272997
EU27,S,-0.2886039215908109,-0.27773304733623505,-0.26351094709587997,-0.24475748032441497,-0.21985855047383604,-0.18657213900535846,-0.14172513346600063,-0.08072395308696294,0.0032657387198841916,0.12075706271553002,0.28860392159081144
EU27,T,-0.0357665,-0.0286132,-0.0214599,-0.014306599999999996,-0.007153299999999998,0.0,0.007153299999999998,0.014306599999999996,0.0214599,0.0286132,0.0357665
CHN,A01,-3.975848830367381,-3.3816906619641407,-2.769332137268371,-2.134120321925864,-1.4698182768270407,-0.767913703908194,-0.016544867234993516,0.8012232427848295,1.7102735928003976,2.7484556076195914,3.9758488303673816
CHN,A02,-0.5537126479418334,-0.5414511150068753,-0.5227117232760986,-0.4949946101203408,-0.454832350591144,-0.39735297258932395,-0.31559970417478994,-0.1994377036466936,-0.03372930070069164,0.20485324016595446,0.5537126479418328
CHN,A03,-0.17845491061519353,-0.23880756186223961,-0.29727690101780924,-0.35088466868958595,-0.3953927627491225,-0.42472709962940774,-0.4300747151962754,-0.3984213567691056,-0.31008914760278355,-0.13439413735608596,0.17845491061519353
CHN,B05,-25.97911915487982,-21.62614347048813,-17.159295385189303,-12.563139080361829,-7.818323641646393,-2.900085226145653,2.2240282876804853,7.597735329025059,13.281879206846215,19.364492384496053,25.979119154879772
CHN,B06,-1.8719298534070141,-1.9024906158395587,-1.8799836557346807,-1.79679490215818,-1.6433085672219965,-1.4071305850636529,-1.0719067823453727,-0.6154611983243834,-0.006742872195478855,0.7994269093076061,1.8719298534070148
CHN,B07,-2.06105920138795,-2.5280600836145237,-2.8874825594752704,-3.1208960246063606,-3.205128766297544,-3.110490513795379,-2.7980815447006284,-2.215574025717352,-1.290322947400895,0.08244054590051078,2.06105920138795
CHN,B08,-3.680546641982764,-3.8991711933592423,-3.9980986063214305,-3.957691742055933,-3.7533741374281866,-3.353795160611323,-2.7180551454941404,-1.7913568192238132,-0.4979024059849565,1.271289468793446,3.680546641982765
CHN,B09,-1.2562992141264133,-1.4377050291909672,-1.5915946620663672,-1.706395587120614,-1.7662652470208227,-1.7492268274351988,-1.6242869213012001,-1.3468327816789596,-0.8509955370338683,-0.03638321575990412,1.256299214126411
CHN,C10T12,-0.37173665542153955,-0.7491996765895064,-1.0914060341325948,-1.3873007459654636,-1.621873847391588,-1.774388658425378,-1.815616226865851,-1.7033774330455498,-1.3750793327114204,-0.7346383138774714,0.3717366554215398
CHN,C13T15,-0.24010275157892677,-0.5032290639064342,-0.7666278987046857,-1.0225450044235613,-1.2587718441739941,-1.4560649407861574,-1.5838382790352712,-1.5927457705612231,-1.4014263722890665,-0.8717383189314901,0.24010275157892447
CHN,C16,-0.5575716209301869,-0.9645245893926898,-1.3438922097111399,-1.6812693699326766,-1.9567427599331766,-2.142438356693619,-2.1987238309861357,-2.0681391834527765,-1.6653236591640344,-0.859518654547974,0.5575716209301932
CHN,C17_18,-3.399139156238331,-3.505876796089754,-3.557266852478999,-3.532614291797933,-3.4039261409900248,-3.132759371575776,-2.6653472540222976,-1.9248119543648172,-0.7982273117744416,0.8859015616917918,3.399139156238333
CHN,C19,-8.725071681673132,-7.994014671659047,-7.1595261714014775,-6.194173533216681,-5.064324199179892,-3.727982194751498,-2.131549428123164,-0.2048000813298243,2.1472512051418935,5.058174557835689,8.725071681673121
CHN,C20,-12.060358877947731,-10.873625195515054,-9.582010716250814,-8.15453430679705,-6.550157043312889,-4.713727793949216,-2.5698201086124772,-0.013046058652531738,3.107780033984458,7.016788840392306,12.060358877947733
CHN,C21,-0.26676430586011424,-0.5159416967492054,-0.7645278372593608,-1.0038084784704622,-1.2206206373578161,-1.3950832647482854,-1.4969855084563,-1.479868726912967,-1.2709827507759162,-0.7534927312645023,0.2667643058601124
CHN,C22,-2.2366571239298416,-2.7832927878074294,-3.2660854100758154,-3.658046179590803,-3.9224101194469387,-4.008459426112261,-3.845122547402298,-3.3308422524985573,-2.3169066713591473,-0.5787163819415303,2.236657123929844
CHN,C23,-29.29834456704069,-24.76975029712246,-20.07684799886683,-15.191364813852207,-10.07800028869188,-4.691891279776254,1.0251924149515528,7.150766075790023,13.791230876651817,21.09824313372213,29.298344567040658
CHN,C24A,-38.6390151369724,-33.402751451460425,-27.89340431941389,-22.052358177803004,-15.805280620053793,-9.056471293362936,-1.680476239474009,6.490785344583788,15.688596198970256,26.241957357713225,38.63901513697231
CHN,C24B,-2.770231164506775,-3.1041138968938804,-3.396554218045602,-3.619983789840111,-3.7370323809476047,-3.6965514958556573,-3.427615268670455,-2.8301808911185513,-1.7599907915692679,-0.0030253926574124444,2.7702311645067814
CHN,C25,-0.5981655599828744,-1.7713364824588211,-2.860501429523579,-3.8292547489997073,-4.628437271112146,-5.191035598971762,-5.424520433424808,-5.198967544797303,-4.327924217519181,-2.536127805366364,0.5981655599828827
CHN,C26,-0.6264139189696075,-0.9893268131224644,-1.365602589814011,-1.743272645980516,-2.102199038895901,-2.4091869191346014,-2.609890232103025,-2.6150515871270295,-2.2763486957542405,-1.3422879206886629,0.6264139189696073
CHN,C27,-0.5281582413211109,-1.0723985258352928,-1.6201608798748972,-2.1524592793235144,-2.640141126184058,-3.038796836139473,-3.2807470649904023,-3.2620639361093766,-2.8208036185902055,-1.6989037681639845,0.5281582413211106
CHN,C28,-0.5035872956767372,-1.0198441928042046,-1.5287623938166528,-2.0114850927491346,-2.440431467662998,-2.77523771306054,-2.956474831501361,-2.8956348047304,-2.458587401964949,-1.4370250237476112,0.503587295676742
CHN,C29,-0.28411723934492916,-0.7125368293464025,-1.1540422424029522,-1.5950566024291697,-2.0136737800784617,-2.3751151405398696,-2.6244309414719518,-2.674459667914019,-2.385303201957053,-1.5278881590477031,0.2841172393449291
CHN,C301,-0.47630024290357664,-1.3216711543486608,-2.1827181132762536,-3.0324511312354883,-3.8284078601031224,-4.504536880756673,-4.958299322198288,-5.0296120849984565,-4.465313259394848,-2.8566761952136557,0.476300242903574
CHN,C302T309,-0.3135337661811652,-1.0603931320871782,-1.79912725977318,-2.5063239724654953,-3.1469897769592254,-3.6688673749292597,-3.993526310023686,-4.001991986729065,-3.5107488956248663,-2.229927154498957,0.31353376618116074
CHN,C31T33,-9.765207918745231,-8.331398269187915,-6.883052523452081,-5.405235974879628,-3.8764075877471713,-2.265324027970412,-0.5261940003220107,1.4091505641419568,3.644392638526154,6.341814433171312,9.765207918745219
CHN,D,-119.81666851080573,-98.85184281572923,-77.41340704633598,-55.45363896429618,-32.916139715560675,-9.733081183454793,14.178882211899547,38.92492197524986,64.64220779525729,91.51717366613693,119.81666851080578
CHN,E,-31.63892589971197,-26.376456643953457,-20.96458936449408,-15.384111243673212,-9.611315279936045,-3.616366971816123,2.639160495547349,9.206141305774738,16.154182670645362,23.582389878185396,31.638925899711978
CHN,F,-1.3236040058975074,-2.1210366079837475,-2.8436635163418487,-3.4625154986488624,-3.9387542539704645,-4.219620245107304,-4.232261564100267,-3.8740228151531455,-2.9965563658693255,-1.3785781313005763,1.3236040058975016
CHN,G,-0.18697951133365476,-0.28088643756174864,-0.3623538288737902,-0.42842504522908115,-0.4751555445179847,-0.49717701297881034,-0.48701643124835337,-0.43399656270738673,-0.32239054036081005,-0.1281785998568691,0.18697951133365456
CHN,H49,-4.314555752271071,-3.7637737769993027,-3.185233078996656,-2.571089339521398,-1.9110061891039622,-1.1911924100396476,-0.3929339649360571,0.5097248741294376,1.5537978743819454,2.793948519955683,4.314555752271073
CHN,H50,-7.232493845757173,-6.066719567307034,-4.878661778474221,-3.661681118080531,-2.406568964904621,-1.1004525075324183,0.2748895201115856,1.745704175515259,3.350688198708597,5.148643778034745,7.2324938457571735
CHN,H51,-9.290758209373989,-7.730613318234,-6.168209961310726,-4.592782689849827,-2.9892916302265458,-1.3367833454352724,0.3940969586876309,2.2450173029871254,4.276368349276165,6.578287246333052,9.290758209373976
CHN,H52,-1.5075901592392933,-1.610783656418569,-1.67626213000908,-1.6946346772205203,-1.653376987486211,-1.5355120205066315,-1.3175808968071456,-0.9664139175263462,-0.4337828393828765,0.35288594035156023,1.5075901592392926
CHN,H53,-0.9694581387080715,-1.0070409453487243,-1.0279766088673634,-1.026402666222445,-0.994288128038261,-0.9204907538682614,-0.7893005617568345,-0.5781111661042542,-0.25354378477231265,0.23532026317562102,0.9694581387080702
CHN,I,-0.3003141558675814,-0.48462179023229385,-0.6595393120609577,-0.8172281947712985,-0.9471805199978742,-1.035034408072583,-1.0607206937337939,-0.9954672617082732,-0.7967680697548826,-0.39953935826120124,0.30031415586758115
CHN,J58T60,-0.18006045419763417,-0.32124299786429994,-0.4553935239640034,-0.5773609425971963,-0.6799629585252853,-0.7530544888853347,-0.7820656416092694,-0.7456317550050315,-0.6116022633906038,-0.3300055824757004,0.18006045419763325
CHN,J61,-0.1238002906162641,-0.20358720965444826,-0.2743626126975456,-0.33374998872011885,-0.37854639444355564,-0.40432600741546326,-0.40480343251978623,-0.3707780910150402,-0.2883181274436046,-0.1354959461385099,0.12380029061626362
CHN,J62_63,-0.13741016809130277,-0.27744998143723704,-0.41034179332271076,-0.5316952766178438,-0.6352220762927322,-0.7117940088259627,-0.7479348217703784,-0.7233286454926183,-0.6065507337788537,-0.3474247334758121,0.13741016809130238
CHN,K,-0.1081985765137264,-0.14030788809467476,-0.16921846510025734,-0.19352248296349048,-0.21126753934557502,-0.21970715139764085,-0.21490882979164233,-0.19111792510020711,-0.13968455210834196,-0.04716856843239697,0.10819857651372608
CHN,L,-0.07444405163237032,-0.12802334232509976,-0.1738173447563764,-0.2103765787111059,-0.23583393948616305,-0.2477349131393101,-0.2427765171399002,-0.21639188493986183,-0.16206216790753272,-0.07012118961922702,0.07444405163237001
CHN,M,-0.7907900681122795,-0.8806449931164702,-0.9605355339577657,-1.0237521180565752,-1.060681977935435,-1.0574223203401485,-0.9935903671947368,-0.8387543684495316,-0.546395694087436,-0.04322490085276495,0.790790068112277
CHN,N,-0.15643283263762342,-0.18350787111458247,-0.20741745936409348,-0.22667263586955536,-0.23915116067610032,-0.24180399507060732,-0.2301946409890654,-0.1977521416041419,-0.1345122452785402,-0.02489629628632102,0.15643283263762348
CHN,O,-0.1673815702031306,-0.2717830713108584,-0.361458023720762,-0.4335045825006861,-0.4840985054076972,-0.508095674701423,-0.49841166994378905,-0.4450199170967537,-0.33326865533046884,-0.14091786639908288,0.1673815702031315
CHN,P,-0.13193622934808666,-0.22877938812233747,-0.3098883461303236,-0.3729074947351529,-0.4148502314506973,-0.43184606823555916,-0.4187502200881374,-0.36851932411732097,-0.27117173486953833,-0.11197097589059381,0.13193622934808696
CHN,Q,-0.1172626965966389,-0.2571097823346624,-0.3871472457724846,-0.5037076316097824,-0.6014305889264058,-0.6723922978478202,-0.7047087955710005,-0.6802287158416195,-0.57058536729274,-0.33014621288575674,0.11726269659663796
CHN,R,-0.054487822788027516,-0.20628203675560752,-0.34155604100565806,-0.4566399003648787,-0.5467524542773544,-0.6055251965380675,-0.6242568796189071,-0.5907055968709903,-0.4870514680650033,-0.2862943872528612,0.0544878227880268
CHN,S,-0.08348361790074224,-0.13426761948495847,-0.1793058287173573,-0.21706511757883265,-0.24545773895657463,-0.26158299191040885,-0.2613176793478957,-0.23864535034671552,-0.18451496747022708,-0.08480851670646386,0.08348361790074259
CHN,T,,,,,,,,,,,
USA,A01,-15.202679184688291,-12.458307670914866,-9.669870186283967,-6.83217491854238,-3.9389598487131243,-0.9825570187624535,2.04659291740163,5.160666120225736,8.375582601428864,11.712840827736555,15.20267918468831
USA,A02,-9.620055367661106,-7.89352050317665,-6.136424040845868,-4.345715595692208,-2.5176552484814945,-0.6475882207760019,1.2703830078228049,3.2438917148036497,5.283077389825619,7.4018465575233465,9.620055367661104
USA,A03,-3.3975487638180377,-2.7793871484773223,-2.1552738814938746,-1.5234370038577965,-0.8817036369945788,-0.2273758432304113,0.4429499123596806,1.1336542175956392,1.850519147305858,2.601423574228352,3.397548763818039
USA,B05,-8.675662230386816,-7.04252160922331,-5.393561398832324,-3.7272706861548808,-2.0417739326350546,-0.3347052766194797,1.3969763222257559,3.157267737338941,4.95156408496074,6.787388263872571,8.675662230386804
USA,B06,-3.516360966725797,-2.993873207648897,-2.4434134901142333,-1.862251845638771,-1.247023711431289,-0.5935091805084358,0.10369206557200765,0.8516548994366836,1.659908612311237,2.5417243606608344,3.5163609667258013
USA,B07,-1.8460789366379526,-1.6911484477372876,-1.5048339722387407,-1.2834807268497759,-1.022584696117534,-0.7165070922539939,-0.35805524938542665,0.062152656659648066,0.5566877675917907,1.142958278274539,1.8460789366379515
USA,B08,-1.0875078336465842,-0.9829131872186347,-0.8611256672759842,-0.7203406759704333,-0.5583464434660653,-0.3723894340129449,-0.1589775012047626,0.08641757717351659,0.3698272338463557,0.6995541618842913,1.0875078336465835
USA,B09,-1.0925627689489612,-0.9040462309853049,-0.7121070049269098,-0.5160610032203773,-0.31504276760934136,-0.10794126567707807,0.10669490574511495,0.3308019830279859,0.5670295615813971,0.8191186886115074,1.0925627689489605
USA,C10T12,-1.2035690097611877,-1.74614615083521,-2.166884854444336,-2.4530954142291317,-2.5895916722417973,-2.5579115254755114,-2.335191696848845,-1.8924893589416125,-1.192179844454674,-0.18372988712768984,1.2035690097611855
USA,C13T15,-1.7060406706219142,-1.5730804638444662,-1.4146742524702853,-1.226534765423462,-1.0032145564998258,-0.7376709127671952,-0.4206133134517672,-0.03949095123945255,0.4231425458239456,0.9924002631158825,1.7060406706219162
USA,C16,-1.147343645859308,-1.1263204598691803,-1.0809799118153378,-1.0066757332447334,-0.897530521061127,-0.7459977334157804,-0.5422188338614644,-0.2730501344115768,0.07946570414928163,0.5406099665066427,1.1473436458593107
USA,C17_18,-2.5154167564148042,-2.2682918886439385,-1.9889495534372452,-1.6720271584497255,-1.310829795765786,-0.8968632833301636,-0.4191470960794687,0.1368293303654258,0.790753175928974,1.570207083160376,2.515416756414805
USA,C19,-3.5585442864038592,-3.4074698584664618,-3.179736994564052,-2.863159158278193,-2.4434514300511587,-1.903582166346851,-1.2228329773515612,-0.3753905949053628,0.6718449697703399,1.9628322806113863,3.5585442864038614
USA,C20,-3.3718574762205376,-2.8689154331270634,-2.3455654136056094,-1.7979362991703538,-1.2211898856080037,-0.609196617200654,0.045938182865132134,0.7545894937569053,1.530734721802696,2.393797900867669,3.371857476220541
USA,C21,-0.9855615351332743,-0.8352568479281506,-0.6796874782136786,-0.5177926066169531,-0.34821990084624593,-0.1692195432734965,0.0215124902203293,0.22707373861031646,0.4517348133637232,0.7015695563885636,0.9855615351332744
USA,C22,-1.8166960066327085,-1.7549600957856788,-1.661452865775892,-1.529015505509076,-1.348448217431412,-1.1077653141592683,-0.791096079518354,-0.3770109064839971,0.16412564565537166,0.8745356392493506,1.8166960066327082
USA,C23,-9.960590651134478,-8.285342027387998,-6.562407455716844,-4.786476521663734,-2.9511067393851538,-1.0483496119044973,0.93179541639766,3.002204812973602,5.179922765689843,7.48828238524672,9.960590651134476
USA,C24A,-7.053098053746125,-6.206990763274451,-5.288982362772694,-4.2871351695309325,-3.18665864747676,-1.9689470605893111,-0.6101781187230507,0.9207911741643329,2.665700950807718,4.682219302505289,7.053098053746128
USA,C24B,-1.5369373393271675,-1.5225358331056027,-1.480766098546623,-1.404079578530074,-1.2827117908071104,-1.1038612599000857,-0.8504800908378314,-0.4994404133373316,-0.01865701155793379,0.6376220461139065,1.53693733932717
USA,C25,-2.2073269597512537,-1.9873623912192298,-1.7485591662388202,-1.4848810473735314,-1.188487820596844,-0.8490721836124818,-0.45288387054575746,0.01874949318551988,0.5917448888038553,1.3030705934128077,2.207326959751259
USA,C26,-0.698087674622477,-0.5877308498039773,-0.47516175628976,-0.35971463105440066,-0.24045725187731704,-0.11606273367300958,0.01539360091282632,0.1567659544200124,0.3123994628428514,0.4891217139673944,0.698087674622477
USA,C27,-1.2439490318355662,-1.0970992718411408,-0.9436512289241743,-0.7808557004460246,-0.6049517286894814,-0.4107368861969625,-0.1909129006504156,0.06494076799055536,0.37203492106387986,0.7532001917892267,1.2439490318355655
USA,C28,-0.7561771731481784,-0.7485981469398132,-0.7314996402799636,-0.7008192957402756,-0.6511011369950872,-0.5749381766860109,-0.46213703047745125,-0.29842840481051514,-0.06340501225166627,0.2729207172545469,0.7561771731481778
USA,C29,-2.685212273843809,-2.495734222701056,-2.2872266619906725,-2.049884031214252,-1.770190847566555,-1.4293329037210918,-1.0007811149751809,-0.4465107302766413,0.28912122365187365,1.2897141830045116,2.6852122738438133
USA,C301,-0.9171826230171533,-0.8025588346105011,-0.682787253392566,-0.5560510154631121,-0.41990307349394734,-0.2710087875387042,-0.10475810437285546,0.08533612805525315,0.3086049789777677,0.5788446591050956,0.9171826230171521
USA,C302T309,-1.1924812686672674,-1.0617542458477311,-0.9239497796427258,-0.7762726153043898,-0.6148522828199381,-0.43427232138625027,-0.22685080839665228,0.018490558248772413,0.3180652485642343,0.6965376663324346,1.1924812686672688
USA,C31T33,-1.4945405305925168,-1.275477005986849,-1.049855478688806,-0.8155280973332563,-0.5696766859234503,-0.30855497678122257,-0.0271042442048871,0.2816376582007239,0.6274787278461426,1.0246438113886758,1.4945405305925152
USA,D,-28.143163249515073,-22.777942130694605,-17.366085777749205,-11.904541172452761,-6.3897480310395505,-0.8174802782075642,4.817385326649081,10.521218196709782,16.302181056200123,22.17112799728453,28.14316324951511
USA,E,-14.865981632026138,-12.081168895325037,-9.265307708308987,-6.415900953952656,-3.529909929663175,-0.6035702227852279,2.3678786086352566,5.390602666258433,8.4728180872534,11.625851226775342,14.86598163202612
USA,F,-2.3362033694192643,-1.9982259034603729,-1.6467284540712515,-1.2785792920608146,-0.8897820913826605,-0.4751602093488565,-0.02788977764212895,0.4612124112529908,1.0048155713404716,1.620938292552279,2.3362033694192643
USA,G,-0.6026453759196595,-0.5639818888992505,-0.5149965752166694,-0.45403894264528033,-0.3790211912834174,-0.2872591799578089,-0.17523644218236795,-0.03824276597106886,0.13020039027202987,0.3392952131898088,0.6026453759196595
USA,H49,-9.101170805512272,-7.403248504866975,-5.692871787927841,-3.9667073732500544,-2.2206310610251365,-0.4494823799971609,1.353292469282329,3.1961778075573197,5.090428748032193,7.0514478159423035,9.10117080551229
USA,H50,-4.867111036094437,-4.114033952949109,-3.3424225844759654,-2.5456848053848065,-1.715532702971861,-0.841425574265627,0.0902479066531537,1.097411539522478,2.2042630362916036,3.444520606251506,4.86711103609444
USA,H51,-10.693911419187515,-8.65580293100709,-6.609957076952509,-4.553091003802654,-2.4811181304664593,-0.38890382724490885,1.7300891398494063,3.8843327395564895,6.0850643116958105,8.347645084907613,10.693911419187513
USA,H52,-0.9876759089060053,-0.885697790076871,-0.7712987655667127,-0.6425967833697149,-0.49721872278926504,-0.33213037693697156,-0.14338703892129406,0.07424449970949357,0.3278812354051836,0.6275054313702405,0.9876759089060029
USA,H53,-0.8517191436661761,-0.7368373518727752,-0.6141106064277955,-0.48255376722633103,-0.34093789472896235,-0.18770856195102423,-0.020866895842657763,0.1622094773879264,0.36504662794771897,0.592533621854044,0.8517191436661772
USA,I,-0.27160905424657644,-0.3754487738650114,-0.4587256029630631,-0.5178591343516403,-0.5485881817153043,-0.5457570468008901,-0.5030055718139042,-0.4123046823835274,-0.26323295422242415,-0.04179638288827207,0.2716090542465756
USA,J58T60,-0.1920280046056201,-0.1949325353647767,-0.19458709190871876,-0.18983627330821704,-0.17917121040487857,-0.16059637923465755,-0.1314315555998964,-0.08800799031999251,-0.025184711456401433,0.06445669339554946,0.1920280046056201
USA,J61,-0.2608755120644712,-0.2749761632633112,-0.2818668795996018,-0.2801088978897672,-0.26783034418299534,-0.24254910696224716,-0.20090242876211412,-0.1382208734377604,-0.04783176691007379,0.08013123725362456,0.2608755120644713
USA,J62_63,-0.16741968254572487,-0.15517616105068735,-0.14141590059782297,-0.12555593282504002,-0.10681788277204476,-0.08414842308650372,-0.05609871043397512,-0.020635909058994237,0.025162445696218977,0.0856263706243712,0.16741968254572465
USA,K,-0.18125842110063442,-0.1719397807404563,-0.16043530030326836,-0.146025930856182,-0.12776318923828664,-0.10437976755317752,-0.0741558409185954,-0.034712941226929646,0.017315565391621192,0.08683481972328813,0.18125842110063392
USA,L,-0.1632531173825483,-0.16754357167031297,-0.1670592982212873,-0.16108409915389144,-0.14871068254790545,-0.12877009031086964,-0.09972701901254362,-0.059519714516613316,-0.005306002018802178,0.06695770668000278,0.1632531173825484
USA,M,-0.22016515073506668,-0.2050133535521212,-0.18710293577936998,-0.16571818242598788,-0.13992785416938847,-0.10850301407604368,-0.06979427953021741,-0.021542645535275545,0.03942306444691058,0.11769209664799717,0.2201651507350666
USA,N,-0.8342950992891282,-0.7101188380918837,-0.5816217760098231,-0.4477647839106548,-0.307209491116806,-0.1582076114277193,0.001563594150196758,0.17525376842928542,0.3672415079456525,0.5838039861638555,0.8342950992891272
USA,O,-0.17982304497770643,-0.21564317296876723,-0.24196382134017463,-0.257406389230225,-0.26023939383828504,-0.24825248871800298,-0.21856977091676896,-0.16736417591349645,-0.08940385682639744,0.022701423552984875,0.1798230449777067
USA,P,-0.1813630485384365,-0.1944629693541093,-0.20011383418295794,-0.19753659959633815,-0.18576760337041148,-0.16359340785618431,-0.12945434617528578,-0.08129706774363084,-0.01634040776176386,0.06931362732525194,0.18136304853843682
USA,Q,-0.18218267599875387,-0.20755781866096945,-0.22515634601282852,-0.23370579880832065,-0.23161110471754137,-0.21683725524870603,-0.18673458400220824,-0.13777000193126906,-0.06509749676106277,0.03816029670435815,0.182182675998754
USA,R,-0.2796750499669452,-0.2857438235982389,-0.2840390729174695,-0.27326203911717356,-0.2517897666792087,-0.21756022866903252,-0.1679022644444786,-0.09927562298097012,-0.006858303991287505,0.11613881993306674,0.2796750499669454
USA,S,-0.335292132570407,-0.34287877712647,-0.34069608765380327,-0.32727895601759543,-0.3007919613187309,-0.2588973819352927,-0.19855967494341037,-0.1157463838691762,-0.004952940467488935,0.14158740714284077,0.335292132570407
USA,T,0.0,0.0,0.0,0.0,0.0,0.0,0.0,0.0,0.0,0.0,0.0
GBR,A01,-18.346584181042676,-15.01471597783306,-11.630766816197324,-8.190041291537272,-4.686660964626587,-1.1130661147677812,2.5407630448039806,6.288566349433275,10.149925520303224,14.154010658072934,18.34658418104265
GBR,A02,-0.12646663027249386,-0.1505786335974018,-0.1718332020870342,-0.1889467641167674,-0.20014029044520604,-0.20290258119435364,-0.19361203585394104,-0.16691250980046096,-0.11464390276946466,-0.023926010040570808,0.12646663027249394
GBR,A03,-4.954348210000282,-4.134668430168801,-3.302660930116242,-2.4533057783882004,-1.5801588175315302,-0.6747695709490306,0.2742274897373913,1.2825830232908624,2.3729102870766567,3.5790652430636554,4.954348210000285
GBR,B05,-59.00881905224696,-47.2960597358721,-35.57559799601224,-23.845697944949166,-12.103847999198551,-0.346379069856239,11.43214383629233,23.239921738372992,35.089627666925836,47.00144920406964,59.00881905224698
GBR,B06,-2.722341800848261,-2.279974159053486,-1.8241156542317256,-1.3531372916286584,-0.8648879244658545,-0.35645038163847353,0.17624441510955283,0.7390474580382675,1.340658981038877,1.9945188274051613,2.7223418008482563
GBR,B07,,,,,,,,,,,
GBR,B08,-17.870696563231487,-14.453250564680225,-11.01256530713195,-7.546545216117482,-4.052442641323388,-0.5265619553536087,3.0362091575612458,6.643167842983752,10.305105901023651,14.038650964748282,17.870696563231494
GBR,B09,-5.244387269435642,-4.358968419983512,-3.460584937932599,-2.5458119238294388,-1.6097796126958182,-0.6454377008705551,0.3576285234851517,1.4151618125012662,2.551609615951358,3.806189658974031,5.244387269435646
GBR,C10T12,-1.1236365388036609,-1.347496032994957,-1.5133443239926432,-1.612614681766218,-1.6345803300228081,-1.5654609440736045,-1.3870244792112814,-1.0743208325620859,-0.591855860951826,0.11318369636247035,1.1236365388036593
GBR,C13T15,-0.8084357903962516,-0.684795781037831,-0.5606822468612332,-0.43481060540989647,-0.30540797840708805,-0.16998531529803784,-0.02497573473094832,0.13485896936706065,0.31744113511214433,0.5351878903480918,0.8084357903962518
GBR,C16,-0.8631820268292666,-0.8132284209059898,-0.7576982657560383,-0.693363645297777,-0.6156158319616079,-0.5178017306933341,-0.3901698774193313,-0.21814049354449222,0.02064606688747811,0.36160451504559316,0.8631820268292668
GBR,C17_18,-1.058746606959984,-1.059013518665296,-1.0372205527701164,-0.9886687669065752,-0.9072403199140334,-0.7847891209242848,-0.6101925218361375,-0.367825205934247,-0.03500459800180662,0.4224909214803455,1.0587466069599825
GBR,C19,-23.071653492172892,-21.087991512762176,-18.74441581385159,-15.99095284961832,-12.766335463530117,-8.99383384649404,-4.574949796726125,0.6204595748088892,6.770294248479017,14.127800157724565,23.071653492172885
GBR,C20,-3.6313788811322354,-3.14760172606581,-2.6474310814576754,-2.124975211040905,-1.5719633360997651,-0.9766530721769966,-0.32211991115502614,0.4165111198963965,1.2767254591561787,2.3168418286870054,3.631378881132235
GBR,C21,-0.16452204805259193,-0.17685090837030287,-0.18737968040115166,-0.1949408963476505,-0.19783811579245836,-0.19358070251826878,-0.1784601505629301,-0.1468518260330476,-0.09002060458754525,0.006015537089537035,0.16452204805259174
GBR,C22,-1.7722143749996964,-1.5992284392677125,-1.4177968535661036,-1.2231973273971073,-1.008631362873923,-0.7642441787873899,-0.47558723373816136,-0.12112787959968534,0.33194153002982624,0.9350890902195725,1.7722143749996966
GBR,C23,-9.196703408421572,-7.608469997083509,-5.986979727737306,-4.328551715844542,-2.628151907691167,-0.8787501971919298,0.9296994323633562,2.8119306691909567,4.790213251120883,6.899435950553437,9.196703408421582
GBR,C24A,-19.89403193483966,-16.386467936994396,-12.828051019745072,-9.20961666820434,-5.518728160561989,-1.7382119146600643,2.156121483612553,6.199139151883381,10.442499086979574,14.965336752880518,19.894031934839656
GBR,C24B,-3.14909065093836,-2.7842478078573043,-2.39933613901364,-1.9873641033836782,-1.538972238564392,-1.0414562510139251,-0.4772803725421016,0.1782582377488419,0.9608409071964129,1.9236396008585663,3.1490906509383625
GBR,C25,-0.9747263706998182,-0.8847743287822856,-0.7887851693989648,-0.6841733703387868,-0.5672361576567587,-0.4326229617585672,-0.2725032039066862,-0.07521983600402439,0.1769715874807343,0.5118744872249271,0.9747263706998175
GBR,C26,-0.22707823758456375,-0.2160376614498231,-0.20515553910399031,-0.19354080820881217,-0.17977288243255687,-0.16161373897626308,-0.13554183981861168,-0.09597576416660493,-0.03393556991576745,0.06536463389690561,0.22707823758456344
GBR,C27,-0.6872769091026361,-0.6479217992416935,-0.6067877769778527,-0.5611776177981157,-0.5070657410795726,-0.43842968916553055,-0.34619030718399,-0.21648162768906645,-0.0277247729902917,0.254539360429831,0.687276909102636
GBR,C28,-0.5646115019736722,-0.5402136884102385,-0.5156911873514479,-0.48830449703011886,-0.4540157008220645,-0.40685618803411117,-0.337933474954011,-0.23382411488725457,-0.07387821578115034,0.17450405089741988,0.5646115019736725
GBR,C29,-0.31149664570954755,-0.4343199822815844,-0.5540819841751332,-0.6655795710389872,-0.761115475278851,-0.8292364142356503,-0.8527273985455818,-0.8053295379252723,-0.6461765661863083,-0.3099500003442802,0.3114966457095468
GBR,C301,-0.5000550281141912,-0.46800243468532626,-0.434418988390883,-0.39778727589110385,-0.355678658697576,-0.3042374318795379,-0.23734476508567356,-0.14522864630968896,-0.012078298212692273,0.18821530749428406,0.5000550281141906
GBR,C302T309,-0.13845071037710568,-0.1967638012429837,-0.25335262008852205,-0.3060849776672562,-0.35164829810302367,-0.38492882503345105,-0.3980222196587357,-0.37861262576230853,-0.30722605793647223,-0.15237872002993955,0.13845071037710605
GBR,C31T33,-0.34651929450150654,-0.3500539518002988,-0.35205412046276185,-0.35065146039400386,-0.3429893069018563,-0.324715120341067,-0.28917316780878444,-0.22608275212198634,-0.11929699563461152,0.057164054128156956,0.3465192945015067
GBR,D,-13.946013182783703,-12.622000958743696,-11.189520152073626,-9.612549040767684,-7.842011562988814,-5.809769658185641,-3.4190931867011223,-0.5290026283689625,3.0725329004740236,7.716767300098053,13.94601318278369
GBR,E,-4.800397352738058,-3.9609691318289926,-3.1052365366517685,-2.231313618870788,-1.3367439602408482,-0.4182253612205259,0.5288339453156727,1.5110539604796998,2.5383595385503366,3.6262882022857568,4.800397352738056
GBR,F,-0.4084818693080031,-0.42790210181676985,-0.4413498891754666,-0.4464694368339497,-0.4398944030242987,-0.41671692191092163,-0.36962340579695846,-0.28744520350990593,-0.15263977978738774,0.06327904467392592,0.4084818693080034
GBR,G,-0.30717339055142623,-0.28225514871721163,-0.25536425925295053,-0.22565191884416227,-0.19187928888548691,-0.15221665055242453,-0.1039189471669106,-0.04278510424951139,0.0377767249549204,0.14843828638567133,0.3071733905514263
GBR,H49,-5.152761662067502,-4.225963073763979,-3.2920564674317663,-2.3480007922126402,-1.3898575729956757,-0.4124184454821855,0.591378153198795,1.6313931103440906,2.721884427057546,3.884336323368513,5.152761662067505
GBR,H50,-19.952481604030503,-16.18904671799284,-12.395567789161536,-8.567945801180011,-4.700992307750516,-0.7879795419132194,3.180063124310415,7.215488615262291,11.335953448913871,15.567814160728405,19.952481604030485
GBR,H51,-35.847549221926535,-29.18649175564999,-22.48081056506339,-15.717498293256568,-8.87958974286485,-1.9445800901997818,5.118022585047386,12.35061888574197,19.814060137999164,27.59909207404863,35.84754922192652
GBR,H52,-0.759424498753215,-0.7175867196508857,-0.6625431009807798,-0.5923461926149918,-0.504403033553985,-0.39517290803532407,-0.25968529608853963,-0.09074494826037213,0.12243082068522453,0.39665780885700913,0.7594244987532155
GBR,H53,-0.9253402189326638,-0.7882126756412188,-0.646644463289102,-0.4996730974585747,-0.345967181397746,-0.18363993109079202,-0.009946845813536718,0.17922034115802676,0.3902128917573552,0.6332220092835644,0.925340218932664
GBR,I,-0.3457153006566273,-0.31462736556872567,-0.28544821602487075,-0.2563453949300483,-0.2248825294711691,-0.18775334720862394,-0.14035988028256624,-0.07611963616702726,0.014719448160562977,0.14720464661920982,0.3457153006566274
GBR,J58T60,-0.027575953175011415,-0.04298882687028069,-0.059577919852666326,-0.07680864951277912,-0.09374847218110609,-0.10882794223650326,-0.11944437682554353,-0.12128632122240274,-0.10714327158614907,-0.06472112982511995,0.027575953175011436
GBR,J61,-0.04449981480403484,-0.04968321466384823,-0.05578907699416829,-0.06243310643693073,-0.06895619503417866,-0.07425985885166046,-0.07653392185819989,-0.07279357283337572,-0.058065843905205104,-0.023900353208517938,0.04449981480403489
GBR,J62_63,-0.020889827560145627,-0.029640876966028105,-0.0392643407206102,-0.04941345731135582,-0.059486105757728815,-0.06847158305740987,-0.07469669451550115,-0.07539336260160737,-0.06593732504284194,-0.038451583656724256,0.020889827560145662
GBR,K,-0.006766043797175373,-0.01734160387301478,-0.028079053301783417,-0.03870438962266123,-0.048755485658908214,-0.05746934701730843,-0.06359478460332416,-0.06507253906766469,-0.05847058403751984,-0.03794565896149991,0.006766043797175435
GBR,L,-0.017490571023047657,-0.019075195480508747,-0.020810325409075466,-0.022543430560842893,-0.024039298741883916,-0.02493386135130912,-0.02465814131470447,-0.022309263710901382,-0.01642387790977982,-0.004562889845939048,0.017490571023047716
GBR,M,-0.044307715320720566,-0.051692055919747244,-0.058992860976192954,-0.06584055634959639,-0.07162867379819057,-0.07537710824846745,-0.0755073734523584,-0.06946272449436995,-0.05304384229850486,-0.019197693318519067,0.044307715320720586
GBR,N,-0.1453364445278465,-0.14609765684955697,-0.14516610889355666,-0.14191704162219884,-0.1354019198249183,-0.12417702949457396,-0.1060262048930002,-0.07749846615941128,-0.03310865284052028,0.03610611664260934,0.14533644452784622
GBR,O,-0.205226264722223,-0.19376379423549872,-0.18115727620681535,-0.16676117146970007,-0.14957021235605336,-0.12802328566325039,-0.09968412832210014,-0.06070616851198739,-0.004903812305062018,0.07792895372924563,0.2052262647222227
GBR,P,-0.10341853831361747,-0.09570449114460755,-0.08769834031324812,-0.07905535803122929,-0.06926275175559664,-0.057553267149952354,-0.04276555111961076,-0.023111290344241888,0.004227734241850917,0.04382850639350619,0.10341853831361753
GBR,Q,-0.18820229464793253,-0.17458765326578735,-0.16022245044521125,-0.1445446698404442,-0.12668953644047837,-0.10532677367103356,-0.07839658510575022,-0.04266832190919661,0.007024158263576816,0.07916604011341499,0.1882022946479324
GBR,R,-0.18335786447600524,-0.1707210133114765,-0.15823793971142974,-0.14522237855054068,-0.13062631996186816,-0.11284856703067613,-0.08942402478758867,-0.05650362342120863,-0.007951338526293173,0.06629424871414617,0.1833578644760055
GBR,S,-0.12866461073013816,-0.11857391453155665,-0.10806954212990391,-0.09675251409118373,-0.08402474755610023,-0.0689850819828391,-0.05026096952166826,-0.0257274268994953,0.00797987624608012,0.056346398481947536,0.12866461073013824
GBR,T,-0.2516269,-0.20130152,-0.15097613999999998,-0.10065075999999998,-0.05032537999999999,0.0,0.05032537999999999,0.10065075999999998,0.15097613999999998,0.20130152,0.2516269
CHE,A01,-10.23878126155013,-8.339045218208007,-6.426610047088715,-4.498053351870021,-2.5487952164943386,-0.5725545038506359,1.4395323995023752,3.5003958882596318,5.629644809144376,7.858399394665335,10.238781261550136
CHE,A02,-2.3690389851401052,-1.9809679324272456,-1.5835606235083362,-1.1755002992807648,-0.7549077078148635,-0.3190161331329925,0.13637650410059746,0.6178606075214591,1.1361343724152775,1.7092455747315702,2.3690389851401066
CHE,A03,-1.2599294927124371,-1.0260511499329859,-0.7933100457059601,-0.5608944276558034,-0.3276875624283035,-0.09211781362315709,0.14808577564496525,0.3963067984523263,0.6577703505586854,0.9408926833936851,1.2599294927124363
CHE,B05,,,,,,,,,,,
CHE,B06,-113.33044038836326,-90.71111803366779,-68.08994813494368,-45.466008894872004,-22.83784469827378,-0.20314223409141596,22.441818208447415,45.10312122510825,67.79095264691168,90.52288563226648,113.33044038836329
CHE,B07,-2.478985428169584,-2.0378945368896293,-1.5952432805945427,-1.1498534532406084,-0.6998888379660236,-0.2424599508558435,0.2270450367619505,0.7161284616145294,1.2372989254772986,1.8120757438444168,2.4789854281695827
CHE,B08,-0.04313304948158433,-0.08465199851819512,-0.12444669414654562,-0.16148035165949876,-0.19413814892965126,-0.21987458969035825,-0.23461249487299632,-0.23168663742736112,-0.1999180545075276,-0.11994685150860397,0.0431330494815847
CHE,B09,-0.303725304924719,-0.2578493403965935,-0.21231154782338696,-0.1667716125750697,-0.12065471259890348,-0.07300307065036221,-0.02222457171462064,0.034345082871322534,0.10123166170127927,0.18630639629649853,0.3037253049247192
CHE,C10T12,-0.5755336470950317,-0.8221761282281483,-1.035118322714051,-1.2062254472105671,-1.324701475446169,-1.3758715955911096,-1.3392204859629875,-1.1851056504362836,-0.8690009036768018,-0.32088459622621307,0.5755336470950307
CHE,C13T15,-0.3032740515866908,-0.29528986987597017,-0.2939478276945906,-0.2971911796572826,-0.3017340092378641,-0.3023841975105203,-0.29093317503327265,-0.2542761297169442,-0.17110609886768685,-0.005829077150737273,0.303274051586691
CHE,C16,-0.5938749064396183,-0.5243014973341001,-0.45311964256268716,-0.3793238030953246,-0.3013331644911655,-0.21663660872287793,-0.12118905011748696,-0.00835431816702944,0.13301268723944001,0.3221976528714739,0.5938749064396182
CHE,C17_18,-0.8920669419231133,-0.7829666979682012,-0.6715385315976281,-0.5561608459410406,-0.4343934001291929,-0.30251896064015493,-0.15478204836445875,0.017916847275232274,0.23034782643447183,0.5072888372300801,0.8920669419231142
CHE,C19,-2.6790550001491966,-2.2828222851779634,-1.8701774643339015,-1.4386513444581983,-0.9849898012533056,-0.5047519620998576,0.008358304885150304,0.563645218786054,1.1754918030852355,1.867259378640606,2.679055000149195
CHE,C20,-0.7373104335307757,-0.6705160620188644,-0.6033065519061497,-0.5334648988449048,-0.4576892842484426,-0.3709924655691211,-0.2656988775105764,-0.1297122111984341,0.05659724607570207,0.3262501517782666,0.7373104335307761
CHE,C21,-0.025741874350898454,-0.05423820629595679,-0.08679659790029477,-0.12272023725217736,-0.1605440284045493,-0.1975007016789584,-0.22859848090011342,-0.24498484196800283,-0.23094625451530074,-0.15817693339449324,0.02574187435089794
CHE,C22,-0.12945671882360127,-0.16051341061979843,-0.19254357564021676,-0.22396483650755544,-0.252302599766428,-0.27369537610969447,-0.28208035236534196,-0.2678083278152557,-0.21519596517890852,-0.0979969052492641,0.1294567188236019
CHE,C23,-7.713268792871119,-6.327126221789419,-4.922377381383961,-3.496607960983178,-2.046490338968056,-0.5672829957993717,0.9480079789208944,2.510081335327594,4.135956349578951,5.853903991087789,7.713268792871119
CHE,C24A,-1.7521015611893096,-1.6860316820225874,-1.5926528806839084,-1.466120467215103,-1.2985154773778995,-1.0788254135143716,-0.791288304826448,-0.4126056185058254,0.0929443298949262,0.7824949913501541,1.75210156118931
CHE,C24B,-1.054981413293738,-1.1013216634626033,-1.1334427311047028,-1.1444840173984152,-1.124891837609673,-1.0611859175467486,-0.9340244041465141,-0.7150649161267885,-0.361666314546252,0.19248927558014184,1.054981413293738
CHE,C25,-0.15120334591173765,-0.17157682087865647,-0.1934173386853411,-0.21512935836873254,-0.2342684731154074,-0.2471001992248085,-0.24788997885829472,-0.2277240037133371,-0.17247546132111813,-0.05913340768355974,0.15120334591173776
CHE,C26,-0.03489506666493347,-0.048424263341536274,-0.0649824308752405,-0.08426838845733081,-0.10547312452795438,-0.12689677777505973,-0.14528052205756628,-0.15461550705732005,-0.14395764863795468,-0.09326738483303061,0.03489506666493347
CHE,C27,-0.09945504199202967,-0.1620562903115024,-0.232797197390387,-0.30959667359500065,-0.3885258787459841,-0.46265739787968874,-0.5201514615913165,-0.5409878705217718,-0.49119782678037005,-0.3122562319479527,0.09945504199203033
CHE,C28,-0.08762185727645803,-0.10824993078553764,-0.13249787418232406,-0.15927159521665193,-0.18663242090643326,-0.21129923782964394,-0.22782941655143077,-0.22723266902136036,-0.19454254834103032,-0.10437655587115367,0.08762185727645808
CHE,C29,-0.13765923014604906,-0.15551607256437963,-0.18115983579864134,-0.21332989883903003,-0.24947638005487904,-0.2849542360987953,-0.31169211209715597,-0.3159380374401077,-0.27431908138010935,-0.14667389915197865,0.1376592301460485
CHE,C301,-0.09386952105683098,-0.0792100518861017,-0.0648916978696491,-0.0507993512956548,-0.03673104096181512,-0.02234651556810985,-0.0070824586316739395,0.009991319291118244,0.030424376125525312,0.056848205062719634,0.09386952105683098
CHE,C302T309,-0.132248725082773,-0.17470586426879012,-0.2254572847414221,-0.2825211914919671,-0.3422422124261144,-0.3982859936657356,-0.4399884056634863,-0.4495731607075229,-0.3973061991398846,-0.2327050749289767,0.13224872508277352
CHE,C31T33,-0.10475874289866165,-0.1334729180728703,-0.16442733340986318,-0.19630202475309236,-0.22687873003295556,-0.25251679995878035,-0.2672872429750112,-0.2614991510034898,-0.2191011498890754,-0.11289570663727491,0.10475874289866174
CHE,D,-0.6299051503792752,-0.7750958027347424,-0.9075410136251343,-1.0217850481819433,-1.1096532939077859,-1.1585282798255778,-1.1483329348217515,-1.0460848347161935,-0.7957025473629061,-0.298084854226595,0.6299051503792746
CHE,E,-22.347201635795923,-18.188777933068376,-13.979945178954367,-9.71740129167475,-5.396934534412036,-1.0129164715419112,3.4425586810299795,7.981181825298053,12.621169854767533,17.392472037017097,22.347201635795912
CHE,F,-0.2540214466180708,-0.2770803313762805,-0.2949356813254461,-0.30616551111558243,-0.3086587391003287,-0.29922249325796035,-0.2729306100869663,-0.22200970246497137,-0.13386446966896146,0.012579402822269253,0.254021446618071
CHE,G,-0.09700785752547289,-0.10086691809627145,-0.10462822724744834,-0.10778317450251518,-0.10950189890735187,-0.10843420026302869,-0.10237132316229273,-0.08765434431967273,-0.058102337042627045,-0.0029861137325051744,0.09700785752547297
CHE,H49,-0.6385659025445992,-0.5546202630704867,-0.47123787748026,-0.38737568841377035,-0.301341462023015,-0.21039148929423465,-0.11004700012700185,0.007101667949765822,0.15356156201441915,0.35103265928103344,0.6385659025445988
CHE,H50,-7.9816969039086345,-10.30101467923821,-12.374384047598621,-14.115806475839696,-15.401404014780576,-16.049031735795456,-15.784553553050214,-14.184170948540336,-10.571909853992027,-3.828879675803553,7.9816969039086345
CHE,H51,-10.2818419993474,-8.771803335373733,-7.195359919888447,-5.544885613339593,-3.8093959685622245,-1.972746507522023,-0.010674724457894389,2.1142140491172197,4.461271167194282,7.128045524516259,10.281841999347392
CHE,H52,-0.32857302425486623,-0.39528027041144714,-0.45349616105601215,-0.5007855595806233,-0.5334343981960998,-0.5456847976116194,-0.5284405095974972,-0.46700808268498284,-0.3370106360750645,-0.09666871690304547,0.32857302425486595
CHE,H53,-0.15685771018146555,-0.19964422851312447,-0.23741006712301357,-0.2688061457174537,-0.2917991045554976,-0.30325574535082966,-0.29823399116086335,-0.26873575836149893,-0.20143328037124608,-0.07334196481045839,0.1568577101814658
CHE,I,-0.30020730475319,-0.2805326185715503,-0.2644190956676416,-0.24975715627178108,-0.23372026750348268,-0.21242535593313547,-0.18038039720263185,-0.1295506083064054,-0.047709579813364066,0.08462218680767934,0.30020730475319
CHE,J58T60,-0.07180056064975159,-0.08373718025624943,-0.0979118133408823,-0.1135642476039588,-0.1293902301543384,-0.14321588042486003,-0.15145431997168105,-0.14817176554585712,-0.12342454471842089,-0.060167970498106405,0.07180056064975159
CHE,J61,-0.02211910616268424,-0.028826322740447743,-0.03698362357197568,-0.04632313002036858,-0.056319551791185515,-0.06601333908176465,-0.07370572245777621,-0.07641933928961432,-0.06891352990855013,-0.0418141310340061,0.022119106162684327
CHE,J62_63,-0.03686964594609965,-0.043726184706359646,-0.05229830521659774,-0.062200072349767835,-0.07271549403655561,-0.08258784964467772,-0.08966423653998346,-0.09027950820631936,-0.07815265297545472,-0.04232751640787122,0.036869645946099934
CHE,K,-0.02386681073426644,-0.027473504088563198,-0.031216629169480037,-0.03492637050633136,-0.03830437393775982,-0.040839611635808466,-0.041664356700514604,-0.039300826022004964,-0.031200377757159375,-0.012870349321401436,0.02386681073426636
CHE,L,-0.014436476131425655,-0.025098871220560634,-0.03601612144762492,-0.046824265630317066,-0.05696655857726962,-0.06557005041813543,-0.07123362672261706,-0.07165394343440298,-0.06294284808611113,-0.038329541839135096,0.014436476131425666
CHE,M,-0.06363450788031227,-0.07107852901673341,-0.07911547016206162,-0.0873228168211766,-0.09494718471697715,-0.10068902167451395,-0.10233551145808187,-0.09611730065301871,-0.07554281164869736,-0.029196918365334768,0.06363450788031214
CHE,N,-0.10607395393147379,-0.13902088331721627,-0.1669765880361415,-0.18909361534741123,-0.20408397374625048,-0.20996648917488317,-0.20364566563608258,-0.18018754883993787,-0.13152805789689226,-0.04406545226958013,0.10607395393147355
CHE,O,-0.13931240310241214,-0.1257464015119999,-0.11153771457449999,-0.09640917187133628,-0.079926656870056,-0.06140323526830087,-0.039736702905388825,-0.0131260729252104,0.021441036089798426,0.0691558007867492,0.13931240310241233
CHE,P,-0.08964488791159014,-0.09039458752507633,-0.09098055845827803,-0.09094619381328395,-0.08958637724262714,-0.0858012349775644,-0.0778497080408875,-0.06292116743959868,-0.03636275924923984,0.009777021488037422,0.08964488791158995
CHE,Q,-0.0867305495732647,-0.07694018803483169,-0.067585354804228,-0.05849019944874226,-0.049341667053742114,-0.03960026100445987,-0.02834728443166381,-0.014015809132177467,0.006099783590278602,0.036776441414255304,0.08673054957326472
CHE,R,-0.18906510944774416,-0.19294744101179812,-0.19836223766865838,-0.2041904315448542,-0.20862132878937015,-0.20873764841380957,-0.1998144782038761,-0.1740977489164485,-0.11859639623402105,-0.010912685296001142,0.18906510944774432
CHE,S,-0.20305202415120094,-0.18680790227123317,-0.1706020656859569,-0.15391195730987053,-0.13586495181528163,-0.11502087868650833,-0.08900226235013592,-0.05384668644014204,-0.00283139576021864,0.07575355079306756,0.2030520241512008
CHE,T,0.0,0.0,0.0,0.0,0.0,0.0,0.0,0.0,0.0,0.0,0.0
RUS,A01,-12.787627330582406,-10.631842569782537,-8.43056498091285,-6.174664996090784,-3.8525144463126884,-1.4490960192095879,1.055296422313402,3.6870093169245437,6.482062022527231,9.491063935102302,12.78762733058241
RUS,A02,-4.32350790794348,-3.8347353635126327,-3.310797653399259,-2.7424617660768402,-2.1175576718612117,-1.4198490126945682,-0.6273629894911502,0.2901493048359806,1.375207847446425,2.6891574101479825,4.323507907943483
RUS,A03,-4.580910989706647,-3.8717066874906614,-3.145927029237541,-2.397745387916609,-1.619606754757837,-0.8015803834566173,0.06960126724126046,1.0120140847498251,2.050880981080893,3.222462485436311,4.58091098970665
RUS,B05,-33.95246301347819,-27.394302282623674,-20.808374311745894,-14.189981165936736,-7.533090001174998,-0.829798932417015,5.930484482325508,12.762353829511975,19.686586731688024,26.733972972953374,33.95246301347821
RUS,B06,-4.453349378526227,-3.5946998748478434,-2.733141593645756,-1.868022965410923,-0.9984455264584515,-0.12313895665550087,0.7597433691938932,1.6529708708211233,2.560847682262905,3.490347691913101,4.453349378526228
RUS,B07,-1.3245716833026582,-1.1317580690293088,-0.930064916275186,-0.7180061966667203,-0.49370801032767136,-0.2547621924159535,0.0019957966681828708,0.2808364373578251,0.5877106496695107,0.9312442328141867,1.3245716833026575
RUS,B08,-1.3450155210635948,-1.1272731879828484,-0.9035200698856444,-0.6727418592292935,-0.4336246434072753,-0.18442643284686946,0.07722526976346297,0.35466466028892957,0.6527537250167631,0.9789012585258892,1.3450155210635957
RUS,B09,-5.385816309243076,-5.623552094207314,-5.839622420700878,-6.003897938602173,-6.069100478345294,-5.960743559609372,-5.560250096193979,-4.675702852670128,-2.9891948199040366,0.042439195012319034,5.385816309243078
RUS,C10T12,-1.9092130823112425,-2.781210123678494,-3.520826552963953,-4.098223461701546,-4.475039599819854,-4.601310379539507,-4.410968179800752,-3.8150859497877834,-2.691385990560562,-0.8672584516278569,1.909213082311233
RUS,C13T15,-1.140487756304055,-1.47444739344434,-1.7570524417395414,-1.973371667996087,-2.104200798978275,-2.124515250116087,-2.001188063117559,-1.6895146259141811,-1.1277122507495059,-0.22779413731432796,1.140487756304058
RUS,C16,-7.368716224093438,-6.614216689101483,-5.795226781403373,-4.893092437069567,-3.8834359553479953,-2.7340150873690714,-1.4015753153649768,0.17290923999390312,2.0716793780531506,4.412332870235806,7.36871622409344
RUS,C17_18,-3.833347755015247,-4.074029361568816,-4.215176606434936,-4.230357648761892,-4.086059204073014,-3.7392835128276234,-3.1340710838655985,-2.1963134302488028,-0.8257237824417603,1.1171708053921865,3.833347755015258
RUS,C19,-17.559831939162258,-15.547898011063294,-13.339397618173255,-10.905220366530969,-8.20908374780146,-5.204834147153459,-1.8323166171919785,1.9891964334778696,6.371946253785493,11.478910039072435,17.559831939162258
RUS,C20,-35.056460316235494,-29.340619487452567,-23.46136162856173,-17.39097142596534,-11.095049815536758,-4.53029003111183,2.3587501047219317,9.64448527168097,17.423837133468346,25.830539530722163,35.0564603162355
RUS,C21,-0.7427172850735146,-0.8934073581996382,-1.0230749048233525,-1.122945205802368,-1.181470132587126,-1.1832954803235591,-1.1077421932458382,-0.9265061966841259,-0.6000486385378228,-0.07167646089830017,0.7427172850735176
RUS,C22,-3.768955901038882,-4.766231312532019,-5.581159282805587,-6.169913306771302,-6.476950337362706,-6.430968694949059,-5.939029391642907,-4.8777406167787385,-3.0795395140436317,-0.31034911501991236,3.768955901038884
RUS,C23,-35.099333557103854,-29.635579655792316,-23.970960905857453,-18.07309471401463,-11.901882259881594,-5.406929614627524,1.4762072607246732,8.831671277445997,16.772142033199934,25.4533437588261,35.09933355710388
RUS,C24A,-40.076979547121574,-34.69659575789733,-29.028583932696232,-23.01044606940108,-16.56263318137232,-9.582572535840159,-1.9360002860752508,6.555971459577603,16.136814093014387,27.14669820027006,40.07697954712158
RUS,C24B,-11.889561302411355,-10.314951434665508,-8.652734638880572,-6.883839017719308,-4.9839974180912145,-2.9219259228159244,-0.6566774349581185,1.8663134498327283,4.721347175307089,8.012327713523407,11.889561302411357
RUS,C25,-1.9242932816743819,-2.666475944846048,-3.3243594574620094,-3.8656130494154004,-4.2477536443889905,-4.414406829256729,-4.2898518961329986,-3.7708483781404594,-2.713985871941819,-0.9153010421559329,1.924293281674384
RUS,C26,-0.3691736125595306,-0.5962483591289985,-0.8080085775413373,-0.9955503130463518,-1.1467188881043457,-1.2447476668143547,-1.2661902505616507,-1.177683532047981,-0.9306949639370663,-0.45261718907023035,0.36917361255953157
RUS,C27,-2.025738330705882,-2.474098857064808,-2.8709126912323075,-3.190744636109192,-3.399515912204399,-3.4511438943197312,-3.2825657313473795,-2.8061598860333543,-1.8978072708421654,-0.37727843376435005,2.0257383307058885
RUS,C28,-1.8405632661382338,-2.188816320974978,-2.499118179735015,-2.7492919947509584,-2.9094822522088526,-2.939184570974394,-2.78286698959554,-2.3633386527071334,-1.571372488236621,-0.24879132336515486,1.8405632661382347
RUS,C29,-1.8338080047272578,-2.6196287695606877,-3.380449335159236,-4.078928110412371,-4.662287083739384,-5.055752792327999,-5.152708258100047,-4.799518052826137,-3.771391409531665,-1.7324428676701766,1.8338080047272567
RUS,C301,-1.3587249692698322,-1.4440265434587098,-1.5293277730077195,-1.604020290324029,-1.6520022616920877,-1.6489935760814447,-1.5583795123329078,-1.3246244330171166,-0.8625304911614873,-0.03907799904797394,1.3587249692698309
RUS,C302T309,-1.4808394084452345,-1.5263695717167611,-1.5664092669037935,-1.5907604565003854,-1.5844325649491144,-1.525407344867856,-1.3812114122713524,-1.103531436476926,-0.6194990741678025,0.18294689316447835,1.480839408445235
RUS,C31T33,-1.0965447937395012,-1.2825613599785821,-1.444191253924704,-1.5695347880846118,-1.6425548891827961,-1.6414420467484234,-1.5361845904757896,-1.2848567293656064,-0.8277539956803073,-0.07773479188369732,1.0965447937394988
RUS,D,-98.50982186162582,-82.03022633485834,-65.06997325428038,-47.57097267922692,-29.463955815912257,-10.665176754757642,8.928314623002777,29.445695181314917,51.053261135841886,73.9722343711265,98.5098218616258
RUS,E,-60.05012849072383,-49.77409011941956,-39.24591599808283,-28.434224303114696,-17.30092933867531,-5.79911503384011,6.130021803535155,18.561702106454806,31.594531762266904,45.36171158230371,60.05012849072381
RUS,F,-1.8423462606310912,-1.8943944323097226,-1.917539969882021,-1.8995867458040887,-1.8243441529869742,-1.670112998647334,-1.4074569454919093,-0.9958290273554848,-0.37828754870845227,0.5271393021090323,1.8423462606310892
RUS,G,-0.7302318754387315,-0.7916329304051164,-0.8318089807468577,-0.8457051420115389,-0.8268190236971504,-0.7666749076901974,-0.6540516962704527,-0.473815321374661,-0.2050887703743461,0.18174505725447465,0.7302318754387309
RUS,H49,-9.070423703912759,-7.540354810865943,-5.9809477380573925,-4.385261098158943,-2.7444291885247867,-1.0469592042424707,0.7223085206345748,2.5837878154535874,4.565662938805868,6.708065912886944,9.070423703912759
RUS,H50,-53.95455146497387,-43.400594923462805,-32.83926559667664,-22.262457994903844,-11.659280948584847,-1.0149008892796378,9.691209043304386,20.48799735254949,31.417236943663085,42.54094157786504,53.954551464973854
RUS,H51,-56.06496657955603,-45.517353264136766,-34.95456641799276,-24.352171494935437,-13.677671151936059,-2.8872458862952874,8.07915794590213,19.3054552757228,30.911699818754308,43.074741217037506,56.06496657955604
RUS,H52,-1.4581179218160527,-1.534304998897738,-1.5765198753902598,-1.5754590292926944,-1.518950802290225,-1.3908782572851273,-1.169589677078298,-0.825483597022005,-0.3172077904575799,0.41458997017443083,1.4581179218160532
RUS,H53,-1.4978103638512614,-1.375438596391854,-1.2328867244720465,-1.0662827417711545,-0.8706329059618532,-0.6394116787700638,-0.3639581084488097,-0.03255997962136233,0.37098753220128616,0.8697546262935177,1.4978103638512608
RUS,I,-0.1874790502653342,-0.48128423125330755,-0.752548089727519,-0.9905753388818161,-1.1817610493027195,-1.3085592983010728,-1.3479804575472853,-1.2693392096591696,-1.030762947058077,-0.5735459161428297,0.18747905026533496
RUS,J58T60,-0.31238858278140097,-0.44672724974679606,-0.5713683787762295,-0.680008651985374,-0.7641934556008881,-0.8125029578891725,-0.8093551788860238,-0.7331945005085314,-0.5536524046961749,-0.22689999070909278,0.3123885827813992
RUS,J61,-0.3543511089551002,-0.5085263904833093,-0.6454240054542126,-0.7587735942787682,-0.8403219252873984,-0.8790776307251853,-0.86019166767301,-0.7632479256823648,-0.5595582089740376,-0.20768946476923753,0.3543511089551012
RUS,J62_63,-0.03460248715073549,-0.09970073114869374,-0.16230662322816344,-0.22010883037575607,-0.2699176548365213,-0.3073063238013962,-0.3260742589037849,-0.31742088360537973,-0.2686292459521647,-0.1608772775402744,0.03460248715073541
RUS,K,-0.11873928198480369,-0.1408977287113007,-0.15995799588541487,-0.17457373101336982,-0.1829601974908418,-0.18272863074784546,-0.1706422059468846,-0.14224606227252629,-0.09128649892781145,-0.008759031977416596,0.11873928198480345
RUS,L,-0.05679562492741019,-0.11843472715512447,-0.17310224812697683,-0.21894934146598583,-0.2535784278247961,-0.27384267439157345,-0.2755524673030943,-0.2530333061675924,-0.19843643630392963,-0.10061677487000426,0.05679562492741045
RUS,M,-0.3219157601490472,-0.37354798802068456,-0.41766787249639686,-0.4508896564542864,-0.4686841359188036,-0.4649394707501409,-0.43131247759108143,-0.35624272150478553,-0.22340121511731695,-0.009142290261001463,0.32191576014904655
RUS,N,-0.8735097982941231,-0.7730185399140878,-0.6669063244430271,-0.5530917629749719,-0.4288304832925723,-0.2904647800626519,-0.13305396031305958,0.05018760671557151,0.26877545553886334,0.5364107174150619,0.8735097982941226
RUS,O,-0.4269090816830141,-0.5152342273628202,-0.5849279385057481,-0.6318528627256942,-0.6507306322306781,-0.6347319473117394,-0.5748752542648565,-0.45911810018670407,-0.27093414229223817,0.013015444137437666,0.42690908168301467
RUS,P,-0.18398706951556015,-0.270999079061737,-0.34280511866796404,-0.396657766600989,-0.4291486527211474,-0.435989502962905,-0.4116951925834398,-0.3491105138314256,-0.23867671176891941,-0.0672413588484307,0.18398706951555982
RUS,Q,-0.27045948779151163,-0.3424853646929258,-0.4036716545556307,-0.45058762197760827,-0.47878348171457497,-0.4824184034498218,-0.45371436966522294,-0.38213024351013475,-0.2530671124696157,-0.045747242662035975,0.27045948779151213
RUS,R,-0.3807577733688723,-0.49634246633800827,-0.5927761713355174,-0.6650761100565672,-0.7069332879848339,-0.7102554299725841,-0.6645022696855432,-0.5556892883412301,-0.3648392244194551,-0.06546510926636297,0.3807577733688709
RUS,S,-0.46637129182791304,-0.6357571543723238,-0.7772931957879597,-0.884549055251367,-0.9493693095812568,-0.9612676563140656,-0.9065409456453538,-0.7669334006108688,-0.517547330044091,-0.12342467781376754,0.4663712918279166
RUS,T,0.0,0.0,0.0,0.0,0.0,0.0,0.0,0.0,0.0,0.0,0.0
IND,A01,-11.41969881312273,-9.29348118126498,-7.1435208309369305,-4.966970911038226,-2.7604538439230892,-0.519911676474667,1.759603904100613,4.084235109911621,6.461772665501886,8.902366630639607,11.41969881312273
IND,A02,-1.057857376342238,-0.879781877229723,-0.696792512057382,-0.5082890061573493,-0.3135439345205603,-0.11166305536030893,0.09847131519733206,0.318283475745967,0.5496307040493713,0.795003255393091,1.0578573763422383
IND,A03,-0.2721736121382442,-0.28685758417261975,-0.29387681334320603,-0.29133862266168137,-0.27698036820676947,-0.24806021489117894,-0.2012017815825301,-0.13216641295887138,-0.03550721840520484,0.09597971086711614,0.27217361213824537
IND,B05,-12.82529005074566,-10.660535428906986,-8.431537798687245,-6.132363174123371,-3.7558718222585927,-1.2933349182683873,1.2661150881446523,3.9362951443074263,6.73520825200303,9.687008855592143,12.825290050745664
IND,B06,-6.608004660288811,-5.452005882137007,-4.270115375731607,-3.059845183003851,-1.8181367132327024,-0.5411720517983484,0.7758973787846078,2.139351934662945,3.5575166150166724,5.041735932675263,6.608004660288811
IND,B07,-3.7402066324584835,-3.7122800354192083,-3.5769255014387262,-3.3214836578722657,-2.9307202709833233,-2.3860223989784286,-1.6642482795387876,-0.7360340980976291,0.43678495233967185,1.9052679128955257,3.7402066324584786
IND,B08,-2.2659933988133782,-2.4197956051231877,-2.478726119912204,-2.4331542002623396,-2.271495328089941,-1.9795990135682169,-1.5398709774537942,-0.9299769734039814,-0.12086089584389187,0.9264166256072818,2.2659933988133654
IND,B09,-1.6442940979267406,-1.442320535761052,-1.2277093816376563,-0.9971396273052632,-0.7464035567420915,-0.4701063821734604,-0.16123405149724848,0.1894856635156766,0.5945587500772377,1.0712747697296066,1.6442940979267395
IND,C10T12,-0.4642175735396722,-4.608795768786592,-8.08167640745405,-10.813355657900969,-12.722067553732947,-13.710441853401683,-13.660846208343768,-12.428701537516641,-9.83254772195869,-5.638640842871705,0.4642175735396854
IND,C13T15,-1.9043635647129373,-2.9576881848564036,-3.851982224694693,-4.551981796619579,-5.013546942128212,-5.180790742045207,-4.981988172521371,-4.3235807329478275,-3.0810888538231413,-1.0847535191403912,1.9043635647129038
IND,C16,-0.5997411863518113,-0.6434480146068938,-0.6643604402321077,-0.6592616968866865,-0.6242497050141715,-0.5545240743213562,-0.4440826249736853,-0.2852764964082003,-0.06813548756663598,0.220697935525803,0.5997411863518127
IND,C17_18,-3.6695503405761123,-4.797641133354989,-5.708323001730858,-6.357104967645158,-6.688897287646489,-6.6346559730552706,-6.1066075703114775,-4.991258400860428,-3.1388064339940445,-0.3464235140873085,3.6695503405761283
IND,C19,-13.973552917139234,-12.426987488124212,-10.685339263226554,-8.72749407966448,-6.52876665350583,-4.059822597033004,-1.2851228191539097,1.8393961775935768,5.369918171152409,9.380587406186956,13.973552917139237
IND,C20,-14.285429424722446,-14.319483739768838,-14.008879007003614,-13.285013509240725,-12.063597174053639,-10.23974855064641,-7.680986703182064,-4.216904891362176,0.37660854466694715,6.4025716129212675,14.285429424722478
IND,C21,-3.6640595331978236,-3.943819965627524,-4.135338365044286,-4.209870535131878,-4.130672210354433,-3.850317104986821,-3.306855332740392,-2.4181550523049102,-1.0732823496297415,0.8811865213669091,3.6640595331978214
IND,C22,-41.54919076157617,-35.714243733576275,-29.610080749001995,-23.175567965966543,-16.333746976645315,-8.98666789018834,-1.0079968895960125,7.767870797717869,17.562412191292225,28.679392232347773,41.549190761576156
IND,C23,-57.58827122408341,-48.21536303201937,-38.51926873258268,-28.461866479324893,-17.99778383016049,-7.0722627074768365,4.381868828840233,16.44862124330682,29.235540855122427,42.884289985519985,57.588271224083385
IND,C24A,-52.37010262317683,-44.99396888210214,-37.25323264976704,-29.075832721965018,-20.371857425783364,-11.02777248826801,-0.8982186744802296,10.20594656596564,22.535625858781263,36.43153701867205,52.370102623176805
IND,C24B,-0.9197572911958752,-2.1734523811580084,-3.3220847668905025,-4.320496528000126,-5.111030434386122,-5.619336940976907,-5.748360112735234,-5.369472659114192,-4.308973380732572,-2.3266799495104795,0.9197572911958795
IND,C25,-1.6789478726619302,-3.063061008458711,-4.284509728903403,-5.297678966664863,-6.0439204523394015,-6.447147248231352,-6.407549598700811,-5.792403600841522,-4.422216797928116,-2.0490585949807785,1.6789478726619278
IND,C26,-1.3496923210935952,-2.8407552941025402,-4.1315272005841255,-5.185347587779358,-5.954200210561272,-6.374287348151254,-6.359397284379698,-5.790655590600604,-4.500103319632353,-2.243207873553392,1.3496923210935894
IND,C27,-2.064654769004398,-3.1995444052732234,-4.226719429528241,-5.101228738467433,-5.763275975563998,-6.13277411071336,-6.1014358989775355,-5.520978164152297,-4.184960279989753,-1.7997010168743333,2.064654769004411
IND,C28,-1.3669296030231954,-2.297504111324448,-3.132035779007901,-3.836340244219958,-4.365776757089781,-4.661549962494843,-4.645384960076595,-4.211662962772322,-3.2154452203965103,-1.4535347264094094,1.3669296030231954
IND,C29,-2.0776313058040583,-2.826094370562949,-3.5265989794383423,-4.1441969945609545,-4.629927673543051,-4.914955046728968,-4.90185662265166,-4.451384685993386,-3.361789913190171,-1.3354171858181294,2.0776313058040565
IND,C301,-1.4337966516243354,-1.7358173445491583,-2.0082904045231675,-2.2342908013460328,-2.3902992479139047,-2.4434169611737184,-2.3471728135961554,-2.035041746026868,-1.410098511289463,-0.3278382025167635,1.4337966516243386
IND,C302T309,-2.0605703440790943,-3.0152554791490687,-3.8843654070295988,-4.628019447256554,-5.1924235908570635,-5.504504620290486,-5.464048868338789,-4.931896723551765,-3.711674631641261,-1.5204613497361803,2.060570344079088
IND,C31T33,-27.793578508576356,-23.35165810445098,-18.80477403167652,-14.123199668779307,-9.268765497035258,-4.191976341946681,1.1721274919589058,6.910074593547938,13.139262320274506,20.022699968214518,27.79357850857633
IND,D,-168.31965396757352,-136.09438393724542,-103.60401657504177,-70.8339324767141,-37.76732805395365,-4.384578099417174,29.33767646156315,63.42787482406174,97.92159643490245,132.86485453048397,168.3196539675735
IND,E,-40.9782635716433,-34.48780066700523,-27.72255674804567,-20.65651923702706,-13.258856504727193,-5.492456103017372,2.6881548523875303,11.339851143483937,20.5355058902016,30.371219068437693,40.97826357164342
IND,F,-1.3939365299847346,-1.7435084098755813,-2.043499176760175,-2.275074606386871,-2.4140852473432055,-2.4292838907155976,-2.2797818260903933,-1.9113238352707864,-1.2506611594215833,-0.19672056478569908,1.3939365299847284
IND,G,-2.4407414735073525,-2.0554507313240444,-1.655794239439024,-1.239882642962993,-0.8053713229440075,-0.34930641423928027,0.13209815589023938,0.6437927292122975,1.192403326766019,1.7870520306495725,2.4407414735073525
IND,H49,-4.681433730625929,-4.085528461477746,-3.445168839891271,-2.753077085372751,-2.000392391562167,-1.176162022300165,-0.2666049002919456,0.7459853501444995,1.8849312661213777,3.1818876754883805,4.68143373062592
IND,H50,-14.841998522985058,-12.157390777927544,-9.4405396376708,-6.685201450673217,-3.883389326765586,-1.0247109917220198,1.9046235646015732,4.923337121417934,8.057550268165208,11.344921988493386,14.841998522985042
IND,H51,-69.71834212259705,-56.846582759004406,-43.88906160081208,-30.811466936222526,-17.571351371802024,-4.115491159724855,9.6239504734003,23.73517232931869,38.33566930895358,53.58673865576971,69.718342122597
IND,H52,-2.0435617887733852,-2.045956734899326,-1.993877195652989,-1.8793074138453632,-1.6922055024398728,-1.4198081322404248,-1.0456189189498954,-0.54789246949074,0.10271868110516523,0.9469755883123854,2.0435617887733857
IND,H53,-1.4863402188382826,-1.522586134957774,-1.522049368206083,-1.4766334472577418,-1.3761463216712768,-1.2076041851777422,-0.9542295050762805,-0.5939666473462699,-0.09720583254292407,0.5768556286679548,1.4863402188382844
IND,I,-2.7534146449457273,-3.2605867154094565,-3.6335049831188773,-3.845466026013722,-3.8654387075602807,-3.6569120363252954,-3.176292088699044,-2.3706049576835153,-1.1740882629181848,0.4970851569360901,2.7534146449457335
IND,J58T60,-1.4822080997645304,-1.4681600454317445,-1.4337215723752692,-1.3700852764034483,-1.2659444139548794,-1.106648533813532,-0.872989494685332,-0.5394062904470854,-0.0712392583235215,0.5796467287622861,1.4822080997645304
IND,J61,-1.370967831159682,-1.5172718549584625,-1.611682810413194,-1.6453447808019241,-1.6071115348135905,-1.4827243648202015,-1.2536045844351493,-0.895028286355797,-0.373271030539664,0.35904885637956707,1.3709678311596836
IND,J62_63,-0.6582794247648854,-0.6048732412222196,-0.5446816969199574,-0.47555814280311115,-0.394742556571651,-0.2986349320451754,-0.18246048088416406,-0.039760208157863734,0.13841190188742908,0.3648090105213094,0.6582794247648849
IND,K,-0.7199979502996625,-0.6972038338653533,-0.6641544495672913,-0.6175862344168739,-0.5532220009123368,-0.4653982704604356,-0.34652130614386234,-0.18625176078454217,0.029757048106453955,0.32188938663208766,0.719997950299663
IND,L,-0.45974970496244894,-0.4191583000744143,-0.373446392747674,-0.32138637276267507,-0.2613571055933447,-0.19120477390805335,-0.10804301471412354,-0.00795859320966887,0.11443535683019185,0.26670325753712615,0.459749704962449
IND,M,-3.304295243465179,-2.817623194302106,-2.3110346808030977,-1.7805529717155333,-1.2211260317796362,-0.6262586201904595,0.012519753338514177,0.7064462034211964,1.4707418982231388,2.3265634553904024,3.3042952434651807
IND,N,-1.8110036447062872,-1.627018228640616,-1.4239761049545572,-1.1975132047871269,-0.9420964414085992,-0.6506233984245671,-0.3138427406827678,0.08050887830169166,0.5490360029946001,1.1148168605330013,1.8110036447062876
IND,O,-0.5005898208144788,-0.49866225416309107,-0.48341388019203385,-0.45297220839850566,-0.40499913703090035,-0.33653498381281466,-0.24377399528699129,-0.12173227191152058,0.036259801437872795,0.23936502236516308,0.5005898208144784
IND,P,-0.5427254667204587,-0.5116075512981931,-0.4680241360324943,-0.4108293322221705,-0.3386466283288406,-0.24979703601715653,-0.14219642697281126,-0.013204626154832283,0.14060403362085844,0.3238041920934878,0.542725466720458
IND,Q,-0.605530597697278,-0.6977555766994299,-0.7617508046543385,-0.793303199237882,-0.7871405383697347,-0.7365790595187823,-0.6330179203489,-0.46519363157840143,-0.21804326494076293,0.12910109075803033,0.6055305976972774
IND,R,-2.8844171267985605,-2.756565185081964,-2.55901452610915,-2.2846275198341788,-1.9247689060004138,-1.4688288080676484,-0.903538505038385,-0.2119605249064265,0.628053449886007,1.6463165077433166,2.884417126798554
IND,S,-1.7119893104839325,-1.6896702853031904,-1.6194702446626847,-1.4959391213419018,-1.3124477650389803,-1.0608113383963125,-0.7307488457639348,-0.30908480024572976,0.22147123928245513,0.8842700807379698,1.7119893104839337
IND,T,0.0,0.0,0.0,0.0,0.0,0.0,0.0,0.0,0.0,0.0,0.0
TUR,A01,-10.188437547311159,-8.448046493227734,-6.6689899745661645,-4.845065287012843,-2.9686090267694794,-1.0300235225559575,0.9829025248981262,3.085998119768456,5.300248555094076,7.654260367929113,10.188437547311148
TUR,A02,-0.07004588378583916,-0.07229811201193143,-0.07263490612451097,-0.07069400232237004,-0.0660164878577548,-0.05801426341419098,-0.04592301454472535,-0.028732112131272095,-0.0050761573123994305,0.026940674259664305,0.07004588378583919
TUR,A03,-1.5017133733304933,-1.2296318435006428,-0.9551736129465825,-0.6774462361279676,-0.3953525540159953,-0.10752472927190347,0.1877708539189694,0.4927750753553418,0.8104547094056774,1.1448563294548937,1.5017133733304924
TUR,B05,-15.139844304789976,-12.214773356097778,-9.276258287330572,-6.322212302381082,-3.3500351369200403,-0.3564442194402857,2.6627693932680363,5.713105251360292,8.801918343793492,11.939337028737135,15.139844304789959
TUR,B06,-15.22462762147285,-12.315918089746669,-9.390078674100739,-6.4441922137702665,-3.474629123567658,-0.4768121342660113,2.555123961354085,5.628840205790926,8.754580989928032,11.946453200774469,15.224627621472859
TUR,B07,-0.21377968032234235,-0.24359815946389538,-0.2652028995695352,-0.2768259537661833,-0.27627303053255226,-0.2607839633684069,-0.22683079919201765,-0.16981604294058572,-0.08360392061981509,0.040242781796601665,0.21377968032234274
TUR,B08,-1.2752142875383112,-1.568677152004571,-1.797444083860325,-1.9487279588181503,-2.0066405369038085,-1.9511918336943008,-1.7568484748760236,-1.3903884112839742,-0.8075819501974646,0.052192632986965616,1.2752142875383177
TUR,B09,-0.09083754187622334,-0.10408403314300513,-0.11448004002484194,-0.12117914304742822,-0.12309359412926334,-0.11880922271692844,-0.10646109707837298,-0.0835461134297228,-0.04662974394759713,0.009134353297346114,0.09083754187622328
TUR,C10T12,-2.494667403722456,-3.137474370956471,-3.624106093583658,-3.932224811575207,-4.0343411848449655,-3.896168634572239,-3.4742742589655657,-2.7126272189019422,-1.5373458014967165,0.15165192576167907,2.4946674037224583
TUR,C13T15,-1.6495370613340734,-1.6859717215904364,-1.6899625996009267,-1.6517776872878143,-1.5587567635123174,-1.394248828669341,-1.1360564541593632,-0.7540879899825241,-0.20668094338575282,0.5654237884834115,1.6495370613340745
TUR,C16,-2.1029653583799752,-1.9452270839631236,-1.7624563248163134,-1.5478496909899628,-1.2926342639149984,-0.9853739403283274,-0.6109603749955959,-0.14909981399951522,0.42804120805406476,1.1596687340293033,2.102965358379977
TUR,C17_18,-2.2450141307795857,-2.218316480049035,-2.153268243603435,-2.038557806482551,-1.859623010950958,-1.5974960133519118,-1.2271134533842192,-0.7147660183572428,-0.014101189206368783,0.9404374518379696,2.2450141307795826
TUR,C19,-27.425233865399644,-24.073503172155313,-20.418144333422713,-16.419691196523956,-12.030085597043117,-7.189852826326555,-1.8239584854475996,4.164491341721356,10.904247966517463,18.57262596781307,27.425233865399672
TUR,C20,-2.4500709826170466,-2.2143734444915837,-1.9541542925497342,-1.662740900047755,-1.331629920171591,-0.9498462991039847,-0.5030045822517789,0.02811109637369688,0.6697804226748807,1.459029834614132,2.4500709826170466
TUR,C21,-0.11422103726485013,-0.22411503954088705,-0.3231805914935238,-0.40775998456036266,-0.4730726670470039,-0.5128016226562181,-0.5184841089413157,-0.47858576537037634,-0.3770395614280712,-0.19083175062775334,0.1142210372648498
TUR,C22,-0.20887540122131887,-0.512765622309725,-0.7859221540345808,-1.0192356803063407,-1.2008410996713252,-1.3151112854724973,-1.3411766510256793,-1.2506772484288202,-1.0042173957799385,-0.545508860588759,0.20887540122131792
TUR,C23,-52.268677337913516,-42.60594230552685,-32.82570724969211,-22.91470790373538,-12.856619769787692,-2.631057802686142,7.787866364769831,18.43369202930871,29.35093013993194,40.600442705032094,52.26867733791358
TUR,C24A,-23.173107212378742,-20.26976367168616,-17.19157998811685,-13.895360815389676,-10.325679619506287,-6.4105607419326365,-2.055193933813037,2.8674888392225357,8.531452846279064,15.18132073935273,23.17310721237873
TUR,C24B,-14.571844841845438,-12.714352318100715,-10.76709940984725,-8.700591211319406,-6.476777372553855,-4.046021227513355,-1.3426766142241764,1.7215641523471703,5.268042191085177,9.468033407292326,14.571844841845415
TUR,C25,-0.4553200522077506,-0.8190926565601728,-1.145719127648006,-1.42277710283419,-1.633938165071978,-1.7575320854454,-1.7644476533595455,-1.614974697189334,-1.253885764658394,-0.6024417268442956,0.4553200522077538
TUR,C26,-0.16530442908940532,-0.47638160352782377,-0.7637420375374,-1.0182342488121046,-1.2274138134523305,-1.3741562423348435,-1.4345405763480121,-1.3745179839752637,-1.1444695433103274,-0.669908374418488,0.16530442908940565
TUR,C27,-0.6110034806859418,-1.1276255318908883,-1.6019515401913118,-2.0159728110449837,-2.345390984662246,-2.5571394297147987,-2.60569537259146,-2.427430065390023,-1.931641711142918,-0.9856920745958302,0.6110034806859443
TUR,C28,-10.94739147756561,-9.199140992417536,-7.418572720429621,-5.59346866488077,-3.70750621833488,-1.7386832444216638,0.343007435052898,2.579112034975036,5.028276969457365,7.7753844222969395,10.947391477565622
TUR,C29,-0.5250945929954475,-1.0768183368858562,-1.5870968016995861,-2.0370912082954535,-2.401369334646395,-2.6452930173726994,-2.721129848792719,-2.562096920853159,-2.072912623510509,-1.1141514748919226,0.525094592995446
TUR,C301,-1.33095052298323,-1.5281922833517,-1.6963081577235906,-1.822517190383153,-1.8893348487134272,-1.8726243710690582,-1.7386622724332144,-1.4395907001250423,-0.9061213402512489,-0.03532126878029313,1.3309505229832281
TUR,C302T309,-0.42156688312442303,-0.5463995991926819,-0.6569813803002987,-0.7475336435376315,-0.8102534133653985,-0.8345001779352759,-0.8055793545509948,-0.7028687617793042,-0.49683058829630283,-0.144037013179718,0.421566883124424
TUR,C31T33,-0.2804070089661269,-0.48470512313057224,-0.6699019500902366,-0.8286320687778088,-0.951140873167789,-1.0243857874025428,-1.0307122523533865,-0.9458446039946821,-0.7357257681563796,-0.351321536483409,0.28040700896612997
TUR,D,-52.85814789382324,-44.07324337270155,-35.01621939225668,-25.655736208193957,-15.95462285407315,-5.868203407449936,4.658078361967387,15.692145574411873,27.320617607012093,39.657369343693354,52.8581478938233
TUR,E,-11.85383635009184,-9.830660373941184,-7.758811344995181,-5.631628388564799,-3.4409833363633706,-1.1768169202988241,1.173525993653052,3.626279003301322,6.202761527184137,8.931798980821346,11.853836350091838
TUR,F,-0.6119520575420054,-1.4737831676331565,-2.21282836750694,-2.809099740904684,-3.2371777798579533,-3.4642423735546406,-3.447191196431195,-3.128298156757334,-2.4284371742750843,-1.236035014209803,0.6119520575420068
TUR,G,-0.6376325798671695,-0.5790489416384307,-0.5129356574636392,-0.43761830113024597,-0.3509839267852678,-0.2503332615965887,-0.13216679324757644,0.008134485093008074,0.17680359551796665,0.3824893489831983,0.6376325798671691
TUR,H49,-1.9148526885158366,-1.6846129798636686,-1.441472648390115,-1.1808343976312605,-0.8969297799176321,-0.5824369719210244,-0.22792792235937684,0.17895796896084668,0.6547986144193593,1.2224852875224492,1.9148526885158341
TUR,H50,-3.973634836112066,-3.281639213320733,-2.576261697693064,-1.855531732867985,-1.116950254683029,-0.3572984514587691,0.4276463121279184,1.2435469995001935,2.0982050525345026,3.002732042321908,3.973634836112066
TUR,H51,-3.0213804473638586,-2.6018757340267213,-2.1722711282013476,-1.7254673760516748,-1.2527637207598128,-0.7433382034328316,-0.18349115959361778,0.4444940516973186,1.1641379351491528,2.0077091833714573,3.0213804473638532
TUR,H52,-0.42894891952988,-0.39022850331464043,-0.3466912153190412,-0.2971985004988866,-0.2402745317040818,-0.17398805965431688,-0.09578034820820736,-0.0022065840748579195,0.11146778199764744,0.2519270885788709,0.4289489195298802
TUR,H53,-0.3813609527234236,-0.3709634719412223,-0.3555930291696869,-0.333375831526817,-0.3018301425570794,-0.2576542739112833,-0.19642012224610844,-0.11211639197145046,0.003558072227689332,0.16233898968358035,0.3813609527234227
TUR,I,-0.6834748170484668,-0.7522698540341303,-0.8022867508597866,-0.8272328929750045,-0.8194350074437107,-0.7694058440385699,-0.6652266235133381,-0.4916408001998372,-0.22867618316324465,0.1505438562990881,0.6834748170484682
TUR,J58T60,-0.13530618124001317,-0.29260280581429404,-0.44575824821590887,-0.5884829658992073,-0.7120406615191727,-0.8042774796225101,-0.8481868172901139,-0.8197272070599886,-0.6843881801100157,-0.3915488396256612,0.13530618124001303
TUR,J61,-0.08164987634186949,-0.3010371290236852,-0.5079373814663142,-0.6951342534375464,-0.8529015575691922,-0.9680101731097344,-1.0222490457527167,-0.9901582207322432,-0.8354304563365873,-0.5049478882267999,0.08164987634186988
TUR,J62_63,-0.04246130293415604,-0.04146607197080958,-0.040154645545234555,-0.03828349163414736,-0.03552361933530627,-0.03142709781233149,-0.025377215852357696,-0.016512038998181686,-0.003602855126161136,0.015147860758051761,0.04246130293415603
TUR,K,-0.09012410803712519,-0.09422889478321354,-0.0973140741455995,-0.09867955505689081,-0.09737478299413312,-0.09210175079952494,-0.08107176013603898,-0.06178769895452419,-0.030701279439202915,0.017350523610228374,0.09012410803712521
TUR,L,-0.051901519206144935,-0.06558784903956368,-0.07705576747096815,-0.08562904124131063,-0.09046004765561666,-0.0904694438616323,-0.08425820423984307,-0.06997559237609904,-0.04511388146788029,-0.006174974979848165,0.05190151920614504
TUR,M,-0.25460130301903966,-0.2674585885414493,-0.2782440265577739,-0.2848693335929802,-0.2844488041544394,-0.27298355328269447,-0.2448944944630041,-0.1923119550187013,-0.10395732929312931,0.03669439884803818,0.25460130301903955
TUR,N,-0.2008553673243333,-0.22455299205760892,-0.2433238836480736,-0.25538195441512457,-0.2583639305462334,-0.24912275108035326,-0.22342590029635995,-0.1755014492119535,-0.09732953896542704,0.022514168109506235,0.20085536732433357
TUR,O,-0.4016742063365321,-0.4763381808669112,-0.5353141977895511,-0.5745541584785457,-0.588964761581359,-0.5720523414198379,-0.5154075844711525,-0.40793486862969447,-0.23465655742927904,0.025227756991764907,0.4016742063365327
TUR,P,-0.30671040017675644,-0.37289010802742817,-0.4244680516031633,-0.45837158408478146,-0.47078572086675036,-0.45691127761556827,-0.41061662419463074,-0.3239205740587737,-0.1861954151098323,0.01711880052386073,0.30671040017675755
TUR,Q,-0.32455499633358154,-0.4113608211801721,-0.48429635264321746,-0.5392581570896637,-0.5709956625884287,-0.5727072690097951,-0.5354499019498473,-0.4472485691084603,-0.29170216337854543,-0.04569798657788229,0.32455499633358165
TUR,R,-0.08055170657807172,-0.14718944145291127,-0.20519142836271856,-0.25242712559564684,-0.2862267996111129,-0.30320142623597357,-0.2989824049161226,-0.2678337861098308,-0.20205296707366177,-0.09100170487285567,0.08055170657807151
TUR,S,-0.8845405222271587,-1.0544219197597493,-1.1892998156053258,-1.280317296689673,-1.3162244866818453,-1.2825478149382386,-1.1603782586280662,-0.9245480174341995,-0.5407823221342516,0.03895815348080419,0.8845405222271616
TUR,T,-0.9974313999999997,-0.79794512,-0.59845884,-0.39897255999999987,-0.1994862799999999,0.0,0.1994862799999999,0.3989725599999998,0.59845884,0.79794512,0.9974313999999997
RASIA,A01,-11.739304600140187,-9.806940198213374,-7.825399400255486,-5.785797931463139,-3.676828976964542,-1.4838619619276732,0.8124019069654077,3.2379998323028234,5.829016425917619,8.637115090330989,11.739304600140173
RASIA,A02,-1.5150243080060866,-1.3717859442590372,-1.2168180090464145,-1.045940257682307,-0.8534947156949616,-0.6317291520464875,-0.3698596861344301,-0.05260215380550324,0.3422121231403534,0.8476763986151593,1.5150243080060872
RASIA,A03,-3.305752456817588,-2.9406347819167546,-2.5599060474151174,-2.155158381424388,-1.7147863625754995,-1.2226165734154109,-0.6558133871988215,0.01841762769344452,0.848205054172366,1.9061567578252958,3.3057524568175873
RASIA,B05,-2.53388004904271,-2.210795879070344,-1.8644582974761035,-1.4912077044667813,-1.0864246322875601,-0.6441672737162187,-0.15662576900981542,0.3867261643339983,1.0005006886706909,1.705708023957073,2.5338800490427076
RASIA,B06,-11.063190497941132,-9.238110677897092,-7.364454173776203,-5.434346074231102,-3.437852102289322,-1.3622192791732812,0.809262679217273,3.0990255596828886,5.538062857632618,8.17071513087246,11.063190497941127
RASIA,B07,-0.7007823535341622,-0.7750037895024746,-0.8336973419155489,-0.8711277648755902,-0.8795888764527863,-0.8485856291909227,-0.7635890814025653,-0.6040827821845836,-0.34038514905996886,0.07174711225039226,0.7007823535341623
RASIA,B08,-4.04294479678893,-3.5816368060900285,-3.07798506528816,-2.524649453247973,-1.912390129260341,-1.229368639739311,-0.4600993198725384,0.4161764286196153,1.4281089739992467,2.616655392228051,4.042944796788929
RASIA,B09,-1.944573784235795,-1.6882851669449053,-1.423201742639316,-1.1453095739627617,-0.8493749188246471,-0.5284784215384712,-0.17331351436355555,0.22890496145026293,0.6962038351116557,1.2548309901501915,1.9445737842357962
RASIA,C10T12,-1.7683439810976278,-2.4273437852225377,-2.9782948665093776,-3.397605613171559,-3.65504280999473,-3.711199894894103,-3.5137010407051488,-2.9913287345239157,-2.044596926649453,-0.5299327799526539,1.7683439810976254
RASIA,C13T15,-0.8697020573477678,-1.0362674231114195,-1.186942680460061,-1.3126240740726431,-1.4003940192210067,-1.431716703635228,-1.3796007392354466,-1.2039973104803627,-0.844056027875178,-0.20449903501869668,0.869702057347762
RASIA,C16,-2.3508973774878172,-2.362645995296651,-2.3392199651172696,-2.268081993340507,-2.1322169197934304,-1.9082414026744505,-1.563527266546073,-1.051691661789672,-0.30527138701593554,0.7766991316864411,2.350897377487815
RASIA,C17_18,-3.8939951487366753,-3.814784248039174,-3.6713971879793528,-3.4465028258512054,-3.1173899412299684,-2.6538124447470652,-2.0147242749007748,-1.1431743515273003,0.04197640810523576,1.6601054184181647,3.8939951487366766
RASIA,C19,-10.474165238048444,-9.874960704839769,-9.079452406705252,-8.055756362041278,-6.765304076700154,-5.1606178695175755,-3.182032065336301,-0.752694179680507,2.22936349196369,5.904402676686768,10.474165238048448
RASIA,C20,-6.93784570380174,-6.448515563447713,-5.891958761246229,-5.243439311124548,-4.470169627474104,-3.5281558601983316,-2.357460123216425,-0.8748578527737225,1.0379746696856953,3.5543371337431267,6.9378457038017425
RASIA,C21,-0.259801410981009,-0.36857131262560294,-0.4703604783309458,-0.5605017667053341,-0.6324714465410067,-0.677077153061865,-0.6812148330752581,-0.6259082193124292,-0.48310410659660674,-0.21020148952462053,0.25980141098100806
RASIA,C22,-1.176250785535039,-1.4750694048035595,-1.741931580695313,-1.9620586998593037,-2.1151354837821357,-2.1729871613980043,-2.0960610865986067,-1.8279345094943118,-1.2864257639316747,-0.34856286420114285,1.176250785535041
RASIA,C23,-41.90554314280613,-34.94030631378509,-27.781252566622694,-20.401981427933467,-12.769758619919793,-4.8432240283331325,3.431035840395033,12.123785461632233,21.33165036362538,31.191429407322936,41.905543142806124
RASIA,C24A,-32.78685087584609,-27.999606625418117,-23.00553763286507,-17.76530078528942,-12.229211961165758,-6.333523818553832,0.00508844612630191,6.897960610115593,14.49783202042122,23.021094567096505,32.7868508758461
RASIA,C24B,-3.021730346340236,-3.643379067690166,-4.1688208093066965,-4.564859750954419,-4.78761971615341,-4.778368037363384,-4.4572694397919514,-3.7137598863098185,-2.391172122791815,-0.2610953651323932,3.021730346340243
RASIA,C25,-1.4143234710565558,-1.8714711040038572,-2.273466937555736,-2.599957950451499,-2.8239070763237697,-2.908968649408603,-2.8055612498308475,-2.444810907958411,-1.7288661715289342,-0.5147188978317565,1.4143234710565562
RASIA,C26,-0.38864126407898175,-0.500660137591084,-0.6089917655559306,-0.7088366557360858,-0.7928815994073292,-0.8499384838108662,-0.8627380493898903,-0.8042539566761538,-0.6313718365399954,-0.2735372413983188,0.3886412640789813
RASIA,C27,-0.969658966513178,-1.1556676785508568,-1.3418761515304547,-1.516906496469225,-1.663634816114367,-1.7563641513198016,-1.7563922316499143,-1.6048673140426677,-1.2108794904796902,-0.4307757097164731,0.9696589665131702
RASIA,C28,-1.0622075985215425,-1.2899028715742409,-1.50360963527331,-1.690128398529726,-1.8307661452280175,-1.8988923898758798,-1.8561914504717585,-1.6467471212189893,-1.1873763321550794,-0.3511506857195335,1.0622075985215347
RASIA,C29,-0.8130650412831792,-1.1687075555814241,-1.5201533877112374,-1.8523909988729528,-2.1428994881814827,-2.3579424098997817,-2.446764276989805,-2.3322569683129672,-1.8954526719424534,-0.9487067598179029,0.8130650412831798
RASIA,C301,-0.8681946736266812,-1.2212982290282952,-1.5751017791442514,-1.9135717259681,-2.21263842851031,-2.4362957259172346,-2.5305239094684002,-2.4135628138882295,-1.9598237921831896,-0.9721843592679172,0.8681946736266788
RASIA,C302T309,-1.3922795785344733,-1.522516977846942,-1.640136861984891,-1.7338557537690182,-1.7871906334026517,-1.7759738789327253,-1.6644866042790727,-1.3992760382837959,-0.8989375794587963,-0.03652796221052932,1.3922795785344744
RASIA,C31T33,-0.867554432462053,-1.1356570810323754,-1.3820152956641192,-1.5942260788581766,-1.7549797068728008,-1.8398951115407995,-1.8141964195990286,-1.6274566270993698,-1.204983542869174,-0.43308052860399426,0.8675544324620535
RASIA,D,-80.2769534114706,-65.80604848811976,-51.077189767088946,-36.067265426383635,-20.748912546453774,-5.089113095453627,10.952892542037045,27.428815243395476,44.406455636883535,61.97832559203881,80.2769534114706
RASIA,E,-30.29760445522822,-25.08029083921899,-19.73421918260291,-14.245508368493953,-8.59749695244917,-2.7698124785391105,3.2630115577337246,9.533663272971944,16.0854585894696,22.978056446923823,30.29760445522826
RASIA,F,-0.5754240267352174,-0.9645833537202356,-1.3114281263375085,-1.602912703551614,-1.8218334878998215,-1.9451488573423967,-1.941434175370848,-1.7669060533929624,-1.3589805848762386,-0.6253667350479636,0.5754240267352132
RASIA,G,-1.098922486572228,-1.0102694981841598,-0.9090811454898438,-0.7923705675947496,-0.6561526906914835,-0.49502243185414524,-0.30150744785951833,-0.06504366879198453,0.2297064882354718,0.6057383153471477,1.098922486572228
RASIA,H49,-8.808549142883967,-7.25864382094126,-5.690182266853306,-4.09730349192567,-2.472536841691837,-0.8062151272077208,0.9144060468450285,2.7065144135589105,4.593943668416612,6.610891038882631,8.808549142883969
RASIA,H50,-11.862494248232005,-10.065536587929557,-8.208576978553006,-6.27873459882638,-4.259102437392449,-2.1271512696765393,0.14768321155974434,2.6077683590836296,5.31338783654129,8.353123482759035,11.862494248232032
RASIA,H51,-10.59915478453957,-8.793543698512684,-6.972817389292244,-5.126606565342697,-3.2412010188488583,-1.2982953853201806,0.7268919519285244,2.8685353377407115,5.174902264978987,7.716285423143221,10.59915478453958
RASIA,H52,-1.1344145520716045,-1.2042546517709316,-1.2484615431932224,-1.2597150242788635,-1.2282392311726493,-1.140800258624535,-0.9791835500528299,-0.7178067661226009,-0.3198352040139779,0.2694277111899068,1.1344145520716038
RASIA,H53,-0.8042498550437427,-0.8513775750903861,-0.8811551831260888,-0.8885776760294357,-0.8668308127012558,-0.806532915766283,-0.6945804388051467,-0.5123340966948557,-0.23266108881596273,0.18510719621364208,0.8042498550437425
RASIA,I,-2.1670946156223194,-2.1249789717098624,-2.0538710656582424,-1.942072058182701,-1.7746028887474923,-1.5319547988473388,-1.1882092493613718,-0.7081176882898039,-0.04239342291343041,0.8802245354694858,2.1670946156223216
RASIA,J58T60,-0.30807996274523564,-0.36200526794071736,-0.41451008277504103,-0.4620076085407986,-0.4992924386851121,-0.518794984120441,-0.509425661240328,-0.454729330757298,-0.3298325751718302,-0.0961742869826192,0.308079962745236
RASIA,J61,-0.3181786338510445,-0.3760561559650921,-0.4267440029643907,-0.4672848624872483,-0.4934825634574713,-0.49928740323428494,-0.4758160831505888,-0.40974300778542605,-0.2805673914701458,-0.05577446467983486,0.31817863385104495
RASIA,J62_63,-0.28948336074478487,-0.3282376366290589,-0.3667289476989939,-0.40207530078804,-0.4299762515913849,-0.4440113975605265,-0.43453228820448553,-0.38686063741016063,-0.2782554878059587,-0.07259023922017507,0.28948336074478487
RASIA,K,-0.1914773783334854,-0.19155715989542935,-0.18965680074659091,-0.18476437767773757,-0.1754441262299563,-0.15964186760291138,-0.13438251294316814,-0.09528555065396097,-0.035761062046728534,0.054382386874585284,0.1914773783334854
RASIA,L,-0.40779252219494516,-0.3855755512660688,-0.3590008124941329,-0.3264996660572785,-0.2859659986201156,-0.2345287564176602,-0.1682036857999842,-0.0813437048038866,0.03426025767188169,0.19091519599634324,0.407792522194945
RASIA,M,-0.42079772806471216,-0.4219720736244275,-0.41997305480735636,-0.41240183721942636,-0.39581605119020663,-0.3652567324497798,-0.31351575774662477,-0.22996691099884695,-0.0986331139405722,0.10514920350697222,0.4207977280647127
RASIA,N,-0.5266876790857371,-0.4883967860495092,-0.4458058250761232,-0.397164813388192,-0.34004305903270693,-0.27103718047234676,-0.18532307513469726,-0.07594685070762976,0.06733905082054165,0.2600716400156617,0.5266876790857364
RASIA,O,-0.48649191303456335,-0.47724666955859746,-0.4589599971902543,-0.429656434244847,-0.38674196053669485,-0.3267513866462928,-0.24496229683351914,-0.13478614125080568,0.013228354840400722,0.21309991463904823,0.4864919130345637
RASIA,P,-0.5503660921972371,-0.5446056376453964,-0.5260887612538807,-0.4927704840700437,-0.44201219384010426,-0.37034616362022293,-0.27311688906402387,-0.14391701288723352,0.026333651301787615,0.25096028442061585,0.5503660921972375
RASIA,Q,-0.6478112399977962,-0.617877131154297,-0.5800689135675275,-0.531956130321112,-0.47021789918575907,-0.39025955415317165,-0.28562313525972444,-0.14705271034366102,0.039042202599616965,0.2932250928278643,0.6478112399977959
RASIA,R,-0.7794918399120917,-0.8082513808780942,-0.8196589701623722,-0.8093617856838461,-0.7715982888347138,-0.6986145902259753,-0.5797700805410976,-0.40012299953937575,-0.13810933136831152,0.238437845984208,0.7794918399120885
RASIA,S,-1.0495831896561694,-1.0127764210740435,-0.9614913875759856,-0.8915997911744489,-0.7974915228147327,-0.6714366313822275,-0.5026016531682143,-0.27548533986931234,0.0326612983676002,0.45628000421771875,1.0495831896561674
RASIA,T,0.0,0.0,0.0,0.0,0.0,0.0,0.0,0.0,0.0,0.0,0.0
LAM,A01,-25.859978406202455,-21.04053299279976,-16.16710400065224,-11.233832495133134,-6.233689914560524,-1.1581040660786805,4.003585925549573,9.264950794655551,14.643757668150673,20.164082103409868,25.859978406202462
LAM,A02,-0.6231381278644045,-0.5778197453038614,-0.522537376475044,-0.455666870934165,-0.37516082157407254,-0.2783973866070267,-0.1619565284758029,-0.021277947957555998,0.14988210394854765,0.3603535280826904,0.6231381278644037
LAM,A03,-2.9578602120675543,-2.543003874169161,-2.1159434423213037,-1.6708227291071167,-1.2003113326980912,-0.6950961359924501,-0.14312762560237904,0.47153516963027253,1.1705652437484302,1.9844393568292125,2.9578602120675557
LAM,B05,-3.672970518985225,-3.0779913007652304,-2.465118628118394,-1.8316341893335224,-1.1740869233364202,-0.48802070211776616,0.23243176104943605,0.995173891489289,1.8111435921028134,2.6959809004284714,3.6729705189852226
LAM,B06,-7.227492784903002,-5.929914271378565,-4.613432877625517,-3.2752489557445092,-1.9117632806490026,-0.5182725036328222,0.9114868127900938,2.3860426177938776,3.91731672924642,5.5225178844619895,7.22749278490301
LAM,B07,-1.5199291745337202,-1.3292039895440928,-1.1254967384189736,-0.9062916948019728,-0.6683869961674583,-0.40764232263527034,-0.11860339112885945,0.206074864197041,0.5765481172724989,1.0073167773262395,1.519929174533721
LAM,B08,-1.382478238739138,-1.176094208407669,-0.9610695633848202,-0.7359749506316845,-0.49898917560765926,-0.24775516225928268,0.020834370739796937,0.3109661514308478,0.628431522000234,0.9815027617683787,1.3824782387391366
LAM,B09,-1.3655967150091068,-1.2292931317264992,-1.08208292777889,-0.9203531422344698,-0.7393005272971777,-0.5324605442523463,-0.29099938093747296,-0.0026165896924762564,0.3502189555461818,0.7932323087397278,1.3655967150091086
LAM,C10T12,-0.8742800738209761,-2.2022334340617884,-3.2901169469008846,-4.114293590820763,-4.646893751929246,-4.854537417083995,-4.696484607833501,-4.121865466876948,-3.065363232825728,-1.4401591280704988,0.8742800738209818
LAM,C13T15,-0.7015759704378749,-0.798105026337474,-0.877863804774974,-0.9345557379090397,-0.9596830163095611,-0.9416155253368984,-0.8641635634122331,-0.7043176168404024,-0.42852797392396924,0.013711232941937325,0.7015759704378749
LAM,C16,-1.2279478290417047,-1.1931683042083707,-1.140595576171523,-1.064650462491234,-0.9580125231469832,-0.8109504183671182,-0.6103236229960991,-0.33804784213963623,0.03135191848158464,0.5348197544580264,1.227947829041704
LAM,C17_18,-3.666928339547495,-3.3655358419586565,-3.022422054544548,-2.6271521205436374,-2.166084446825077,-1.62111151767501,-0.9677701917530643,-0.17231803920126562,0.8129574800252121,2.057604050414601,3.666928339547495
LAM,C19,-15.482260763839365,-13.687598064104003,-11.727449287373164,-9.574405497088865,-7.194519742513099,-4.545036052559,-1.5710429888260786,1.7996177346690754,5.664395159603421,10.159325553276036,15.482260763839358
LAM,C20,-4.729927902154797,-4.31600323520995,-3.8636062957953645,-3.357325279015521,-2.7769389280031245,-2.0956079646032997,-1.277192882993001,-0.27215104851149874,0.9889759511878258,2.606374235428904,4.729927902154798
LAM,C21,-1.0400744753709938,-1.0139685120933721,-0.974953303052637,-0.9179713636312289,-0.8362705567765246,-0.7207319125157358,-0.5588622894953131,-0.3332379085034629,-0.019009787521025657,0.42027582060850016,1.0400744753709947
LAM,C22,-2.2244622087537738,-2.214825095742625,-2.1768543135744824,-2.0982971286815784,-1.9625832404445025,-1.7471075476566345,-1.4206635619458234,-0.9394895785635621,-0.24095208485533623,0.7670031072191094,2.2244622087537778
LAM,C23,-25.603638554235243,-21.02895336247574,-16.372978757418394,-11.626831574660477,-6.7795521324486,-1.8173612272421327,3.2774421392585364,8.528169083028729,13.966426166997122,19.636584212585394,25.603638554235193
LAM,C24A,-16.191285040055778,-13.672116203106496,-11.060186518928466,-8.340885285429614,-5.495997397853576,-2.5024355734744828,0.6696264616196191,4.059590081101774,7.720902927477508,11.728429354586241,16.191285040055785
LAM,C24B,-5.042342902149075,-4.490169465803138,-3.8926407738844078,-3.2388228403635018,-2.5144783869899925,-1.7007949172258268,-0.7724890003008961,0.30510428264169787,1.5806612901022445,3.1245588860900937,5.042342902149078
LAM,C25,-0.7588046432781945,-1.108626404439181,-1.4113773708824733,-1.6541801315914015,-1.82041441801722,-1.888315655993337,-1.8288936692427407,-1.602746179329774,-1.1549998368938452,-0.40691724478125296,0.7588046432781923
LAM,C26,-0.2738611334931628,-0.44900666622265334,-0.625106590166325,-0.7963314020769885,-0.9534176205579961,-1.0817094101381013,-1.157943645411321,-1.1448281970235288,-0.9815966594621708,-0.5668871769135843,0.27386113349316377
LAM,C27,-0.552553142191418,-0.7621410136083819,-0.9588614746463235,-1.133824753396808,-1.274365738890145,-1.3622839630409753,-1.3711043016959559,-1.2616879637463572,-0.9749509627407895,-0.41926079416622813,0.5525531421914193
LAM,C28,-0.8293146320435167,-1.0025548932783814,-1.1549545135185757,-1.2769751205924849,-1.3556894114323625,-1.3733557026793957,-1.3052488949549024,-1.1162601313694305,-0.7553729314143606,-0.14629343283364585,0.8293146320435173
LAM,C29,-0.66843341903957,-0.8567656084235573,-1.0345821875204149,-1.1925834654546144,-1.3174744015503332,-1.3901184392680168,-1.3826795013373674,-1.254071362825262,-0.9424619924810607,-0.35240393187736974,0.6684334190395731
LAM,C301,-0.7537918195383551,-0.8071118006587571,-0.8741560958407684,-0.9502865550482508,-1.0266374125748885,-1.0874995457203096,-1.1060419800798915,-1.0371615553282274,-0.8051944922605452,-0.28202304239087844,0.7537918195383538
LAM,C302T309,-0.4766400070115063,-0.7501426097789885,-1.0086648045644746,-1.2420312663733266,-1.4357128924367242,-1.5687889337901446,-1.6107807116730835,-1.5165931407940223,-1.2181569149823697,-0.6100387076250532,0.47664000701150383
LAM,C31T33,-0.8543731277349254,-0.8732335286584535,-0.8809509935118958,-0.8722250948431688,-0.8398012595822735,-0.7736390969114092,-0.6596442308332148,-0.47767566474196793,-0.1983004776880569,0.22272670818859566,0.8543731277349254
LAM,D,-22.95696053366631,-18.909388026556627,-14.777263733339504,-10.552037804267517,-6.223417413293013,-1.778770853519163,2.7977569841845282,7.526601559414373,12.434941965604063,17.560310741971726,22.956960533666333
LAM,E,-64.87510410650574,-52.50337622970809,-40.020352077203796,-27.420331480905464,-14.696640774119901,-1.8412984072598368,11.155483248206606,24.306064807887225,37.626606402103256,51.13912059369326,64.87510410650572
LAM,F,-0.7244797761809971,-0.8995920260210917,-1.0358173132971746,-1.1265164117740958,-1.1632659878886196,-1.135178648445725,-1.02788372056348,-0.8219513610671744,-0.4903646055412257,0.005719899607794824,0.7244797761809963
LAM,G,-0.8655425669689817,-0.7684165125566089,-0.6625988649271692,-0.5464704045902666,-0.41793987499905133,-0.2742618532294839,-0.1117625220106016,0.07458664649652517,0.29185703583223477,0.5503247206775178,0.8655425669689822
LAM,H49,-6.39712540969349,-5.293556726823703,-4.17408811465802,-3.033844643527819,-1.8666497108980247,-0.6645669978899371,0.5827777655271659,1.889234112936002,3.2737747618356496,4.763235024755973,6.39712540969349
LAM,H50,-16.03937410686156,-13.037766868622327,-10.01329206503183,-6.961859415287584,-3.8780078672758775,-0.7543118439930165,2.4195369134236997,5.65819265468897,8.983072195698307,12.426520012816463,16.03937410686156
LAM,H51,-26.179827430858754,-21.4802036490863,-16.737893143121017,-11.936958239833636,-7.057110111171684,-2.072182461450478,3.0521298701314152,8.361732432617025,13.919635795122781,19.815116223523514,26.179827430858797
LAM,H52,-1.2585210221032932,-1.1364364762569983,-0.9986656695875062,-0.8426289129783234,-0.6649762827624455,-0.4612967387903938,-0.22568326338027267,0.049938654893564804,0.3768882296663858,0.7715377355882075,1.2585210221032928
LAM,H53,-1.705434052774977,-1.4960707724232039,-1.2704658675378555,-1.0260261447450534,-0.7593937632684961,-0.4661637052104237,-0.14046391724001675,0.22568934867173931,0.6434200862890308,1.1287104316730285,1.7054340527749778
LAM,I,-1.8027455326210058,-1.7231630084808949,-1.620479245248721,-1.484481483283631,-1.3032631551610454,-1.062738278360821,-0.7459418423765218,-0.3319857751254322,0.20556430040698115,0.9013382815712827,1.802745532621009
LAM,J58T60,-0.8048911798768139,-0.7480949049855509,-0.6848499124121319,-0.6122904308146822,-0.5265033877010358,-0.4220847291369339,-0.2914603356977806,-0.123813694159605,0.09667093949829486,0.3938167905148654,0.8048911798768148
LAM,J61,-0.6180558358192718,-0.5808908119130853,-0.5381558649225646,-0.4877028907276702,-0.4265369027132349,-0.350415255463308,-0.25321423590589054,-0.12589687405995142,0.04523058583118493,0.28159275346179596,0.6180558358192711
LAM,J62_63,-0.28862490125997325,-0.27027693143802584,-0.249878606708198,-0.2263545190320558,-0.1982002486980564,-0.16329167809365805,-0.11858930124017425,-0.059665134701030444,0.020082541730390587,0.1307910628624493,0.28862490125997353
LAM,K,-0.34362767226976404,-0.3185639283770377,-0.2898895970065718,-0.2565125447693519,-0.2169652186031074,-0.1692510032240941,-0.11061097920343765,-0.037158524906333736,0.05671477071632222,0.17934892200488803,0.3436276722697646
LAM,L,-0.26774302142774375,-0.23802660083574403,-0.2058720642838082,-0.17069032180717547,-0.1317349645380268,-0.08804184417785058,-0.038338250879496966,0.01909791603829486,0.08666470061711154,0.16781703547692364,0.2677430214277437
LAM,M,-0.4575939436329981,-0.42189676260120657,-0.3818950449897949,-0.3361631928865522,-0.2827706085050536,-0.2190734672504595,-0.1413978555256573,-0.04454218653042777,0.0790337271510068,0.24059035434843978,0.45759394363299827
LAM,N,-0.7207977569701949,-0.6296995197065698,-0.5336824511397373,-0.4314846812920308,-0.32142176796725885,-0.20122013326875568,-0.06776565077526987,0.0832881952136109,0.2581544727497503,0.46598643522460825,0.7207977569701944
LAM,O,-0.6860220822331724,-0.6396315879210778,-0.5814439486315384,-0.5097457196858626,-0.42235718023474667,-0.3164548583097007,-0.18830340470585105,-0.03283725718873962,0.15701711236567217,0.391489648554529,0.6860220822331712
LAM,P,-0.36835588415448384,-0.34929057403173824,-0.32255167918327665,-0.287174891403987,-0.24195839983643075,-0.18537719966578106,-0.11545481245793811,-0.02956480010338291,0.07588842802325219,0.20600698469962755,0.368355884154483
LAM,Q,-0.4629210123254525,-0.4678618507561745,-0.46242548239574194,-0.4444334529860156,-0.4110484925830004,-0.358513916002491,-0.281759236216401,-0.17378404792084232,-0.024658753429638386,0.1801706713050435,0.46292101232545296
LAM,R,-0.7076324677820672,-0.6989671868622319,-0.6754173222233075,-0.6338976055244768,-0.5705195768065333,-0.4802995333170179,-0.3567211755272054,-0.19105854890524612,0.028713500613934847,0.31975518079410253,0.7076324677820671
LAM,S,-0.9035840908882254,-0.8481316376258162,-0.7789235308482819,-0.6931701299373599,-0.5872706724605445,-0.456503021020136,-0.29455594656411666,-0.09280073718660808,0.1608872114037051,0.4841234593374852,0.9035840908882237
LAM,T,0.0,0.0,0.0,0.0,0.0,0.0,0.0,0.0,0.0,0.0,0.0
MEA,A01,-2.309052825537733,-2.007666875163923,-1.6882678575269559,-1.3469242125246192,-0.9787524388727278,-0.5776067480711262,-0.13562856191468237,0.3574302907058484,0.9152668249787332,1.5567683821826197,2.309052825537733
MEA,A02,-0.597408698118623,-0.6280657980979478,-0.639975913062145,-0.6301172042402101,-0.5946426334621201,-0.5285808338774334,-0.42539081349066155,-0.27627625936046407,-0.06908675413145919,0.21352866905883203,0.5974086981186211
MEA,A03,-4.170783067399175,-3.501213802502543,-2.817865173771629,-2.1159102458409778,-1.3892336167631218,-0.6299935816222345,0.17202301665553157,1.0303854060028659,1.9635848365257336,2.9976501508701183,4.170783067399173
MEA,B05,0.0,-0.26047713320179267,-0.47954920871420437,-0.6535164708107497,-0.7778338546694377,-0.8468133305961989,-0.8531834518593039,-0.7874157499315948,-0.6366535266707289,-0.38292653885801825,1.7665028434083713e-15
MEA,B06,-1.1979262762750613,-1.0243838624528236,-0.8400961116832318,-0.6441798576295293,-0.4355514042525059,-0.2128556154022967,0.025639426316416917,0.28220428550749194,0.5599069914948147,0.8630470217218025,1.1979262762750615
MEA,B07,-0.06465207230999473,-0.24192268770859207,-0.4022708076381489,-0.5404190921940372,-0.6496214470492722,-0.7211563871334961,-0.7435904026404342,-0.7016728664333,-0.5746146495637036,-0.33328111020788903,0.06465207230999416
MEA,B08,-1.5653654602564337,-1.7309064341624718,-1.8360439317967503,-1.8705019171287178,-1.821560961676595,-1.6732428173075589,-1.405122020039439,-0.990535688073647,-0.39377832200051127,0.43450813358920437,1.5653654602564329
MEA,B09,-0.9808381562982311,-0.9011389252085706,-0.8107221305845798,-0.7065468379204936,-0.5846835391884257,-0.4399897374964685,-0.2656296586183385,-0.05233968481071111,0.21273945914227702,0.5480079992275746,0.980838156298228
MEA,C10T12,-1.786300226609542,-1.8532253898904296,-1.8666103268580345,-1.8172965254746476,-1.6939690178522784,-1.4824453381458322,-1.1646400525518756,-0.7170043908630739,-0.10807726512180563,0.7055510709290688,1.7863002266095396
MEA,C13T15,-0.9682470021776326,-1.0352071408355936,-1.0735989024365162,-1.0775480389912213,-1.0395448935637903,-0.9498039472599504,-0.7952855892201621,-0.5581470988719088,-0.21318406133090367,0.27661230329579267,0.9682470021776336
MEA,C16,-2.3234998239878117,-2.197506165959859,-2.029363486402385,-1.8118602625995084,-1.5360065434184806,-1.1904109359535837,-0.7603590865007349,-0.22640343348083958,0.43788356622660096,1.2696655073035792,2.323499823987808
MEA,C17_18,-1.9174477357635862,-1.9915310672107056,-1.9999940262863776,-1.9343605466334144,-1.7843964692063827,-1.5375237156793915,-1.1779547728987048,-0.6853679226157897,-0.03279364708505833,0.8169278206799977,1.917447735763592
MEA,C19,-1.9066004825848466,-1.9332217714602136,-1.9081892213774962,-1.8220839691683501,-1.6636093496174378,-1.4190064168127672,-1.071204119247587,-0.5985396155612979,0.02724990009596297,0.8443376662140585,1.9066004825848484
MEA,C20,-16.874280015903107,-13.988483135443428,-11.036374899274435,-8.008307418853745,-4.892425616064826,-1.673946610801512,1.665891456159926,5.1514170172515765,8.815023525446131,12.701299882923351,16.874280015903096
MEA,C21,-1.6430777971540647,-1.5100726401595224,-1.3582254456070277,-1.1825331326275639,-0.9765978863019781,-0.732107231415814,-0.4380533223929257,-0.07951886380303776,0.36429026512610374,0.9233930462505899,1.6430777971540613
MEA,C22,-1.6843802335797904,-1.7889039540389107,-1.8369846166765382,-1.8196984418979454,-1.7258574889881955,-1.5411990590351272,-1.247185061784987,-0.819162925354884,-0.22343387312806348,0.5876501308013836,1.6843802335797895
MEA,C23,-10.75768372454817,-9.109217647464693,-7.392306955661162,-5.596912700513576,-3.71078621333825,-1.7187534756653107,0.39832593787151593,2.66512580131797,5.114309089184154,7.790568849613708,10.757683724548171
MEA,C24A,-17.854603123805678,-15.594522043739929,-13.176280220575462,-10.57084823993821,-7.741915477372046,-4.643409359126754,-1.2158771074862593,2.618963170430797,6.966748412080068,11.974445042511533,17.85460312380567
MEA,C24B,-8.628781657164184,-7.372570695826262,-6.078457753615146,-4.733214631323482,-3.3196348103028543,-1.8151010534218441,-0.1894883966814564,1.5980010005635843,3.6037940393045336,5.9080634178575595,8.62878165716419
MEA,C25,-1.1828931221775811,-1.3213225543183085,-1.426302154031006,-1.4879737864746316,-1.4935239617160245,-1.4260862876872837,-1.2631185246137464,-0.9739267965965337,-0.5157449381106325,0.1727630148790212,1.1828931221775836
MEA,C26,-0.05806933621008099,-0.10874308148500769,-0.1584572689652821,-0.20548606071751638,-0.2472837377664757,-0.28005392648677285,-0.29804911467193557,-0.29239687241905493,-0.2490625165256654,-0.14516114543447553,0.0580693362100811
MEA,C27,-1.5174207800281654,-1.4954560493390971,-1.453381097921742,-1.3840459837555958,-1.2776888335820957,-1.1207745688480664,-0.8941898369805403,-0.570347332598216,-0.10836451222533271,0.5543294687698056,1.5174207800281678
MEA,C28,-0.32447603368249395,-0.4903242251864943,-0.6408840382576056,-0.7697013354153737,-0.868118918948605,-0.9243662507179302,-0.9221740452217936,-0.8385978968473583,-0.6404683411651084,-0.27833231826639077,0.3244760336824933
MEA,C29,-0.5969962878497476,-0.7780203989695975,-0.943157758643293,-1.0839390020603972,-1.188716678771014,-1.2412565156878375,-1.218558078086604,-1.0873791694702568,-0.7984891275762145,-0.27674402729377234,0.596996287849747
MEA,C301,-0.7754533382650991,-0.8479139919344056,-0.915808117873652,-0.9734265909414863,-1.011975699667857,-1.0179420713269116,-0.9704773933453721,-0.837102311866038,-0.5664155175556682,-0.07521214719362457,0.7754533382650959
MEA,C302T309,-0.1746250928045921,-0.3329315013934009,-0.48411999970357406,-0.6225198471859275,-0.7401542032288577,-0.8256979743354933,-0.8628662848611549,-0.8278476590350395,-0.6850682090196251,-0.37989435679887207,0.17462509280459249
MEA,C31T33,-0.37390045747823075,-0.5420501807148224,-0.6893311467561818,-0.8095242104359102,-0.8944397975297089,-0.9331280567162077,-0.910681390297292,-0.8063592176190346,-0.5905365410224186,-0.2195046333340338,0.3739004574782312
MEA,D,-70.46908971015854,-56.99783624519337,-43.409198979214665,-29.697602439138425,-15.856657327926937,-1.8789050384169736,12.244560297230313,26.524671500267953,40.975315548466426,55.614891700405856,70.46908971015853
MEA,E,-32.1705890542404,-26.615795351640557,-20.911421774105722,-15.045444930343546,-9.003955399900535,-2.7705975528640066,3.6742498696024564,10.354717550974009,17.301416379738658,24.554721884877555,32.17058905424043
MEA,F,-1.4992312049023377,-1.4641742242987785,-1.409638790907437,-1.3277146087402854,-1.20818016899211,-1.0376670187295145,-0.7984239471609093,-0.4664283679281491,-0.008384660857977717,0.6232772476730595,1.4992312049023364
MEA,G,-1.1008041893092297,-1.113655121748921,-1.0964523793477639,-1.0443869066577702,-0.9515153395350653,-0.8103633594719751,-0.6113340969240746,-0.3417938229859114,0.01540089935229925,0.48439480608854624,1.1008041893092306
MEA,H49,-13.414974712492139,-10.916377817531748,-8.398259823676824,-5.855841208517711,-3.2831873915956153,-0.6728350095873741,1.98475644297424,4.702038591135461,7.495696842123898,10.388854824441454,13.41497471249215
MEA,H50,-9.341503049727098,-7.707086517295679,-6.047345984908449,-4.357287277803869,-2.630341538849013,-0.8577281620680638,0.9725181522521682,2.877082551822996,4.879886644550002,7.016406402987925,9.341503049727093
MEA,H51,-33.50837222679013,-27.356128236297906,-21.146389476001705,-14.866099909790542,-8.49839425216014,-2.021265128374047,4.594412621317227,11.387915112512335,18.41352052635617,25.74865255788646,33.50837222679011
MEA,H52,-0.9516995765083293,-0.9049976755524455,-0.8398068155753595,-0.7532749903341885,-0.641813915466886,-0.5008365347434677,-0.3243652729628822,-0.1044264723702744,0.1699248602398225,0.5142537024937944,0.9516995765083293
MEA,H53,-1.0906510035234585,-1.0209826605207288,-0.9309958484214876,-0.81798728697797,-0.6785611889544362,-0.5083832071607602,-0.3018143065645793,-0.05134596365204846,0.25330852357836164,0.6267502859437174,1.0906510035234593
MEA,I,-1.602040146002279,-1.892366552018061,-2.0869979600515105,-2.1763436605834303,-2.1489057792175292,-1.990655496420916,-1.6841167751051753,-1.206971985534151,-0.5298498412565709,0.3873617993362397,1.6020401460022864
MEA,J58T60,-0.4987018696543649,-0.5151957047774388,-0.5223226899031496,-0.5169413612560728,-0.49496252515440164,-0.45096658918131005,-0.3776133547492777,-0.26469894729063986,-0.09758635461501405,0.1455336539843459,0.4987018696543658
MEA,J61,-0.4971401456569665,-0.4951197072206086,-0.4838108851465113,-0.4610016634852162,-0.423775625724708,-0.3681951160263852,-0.28879783762898975,-0.17776943383040839,-0.02352971803288893,0.19179475460898626,0.4971401456569668
MEA,J62_63,-0.10383023977153254,-0.12289037109945919,-0.13959999945974957,-0.1528055439381965,-0.16096823894846682,-0.16199763117538388,-0.1529912075885778,-0.129813059423543,-0.08638466343210793,-0.013434668893730803,0.10383023977153281
MEA,K,-0.2632357555737442,-0.2497903416509076,-0.23221048256634558,-0.20959074220277116,-0.18076544636688618,-0.14420730689520506,-0.09787334354651071,-0.0389624111941157,0.036482164475751644,0.13425568314742994,0.26323575557374457
MEA,L,-0.4134474935989772,-0.3718796119274621,-0.32478284606384955,-0.2714091033898512,-0.2108077646663131,-0.14175169151602443,-0.06262716673808781,0.02873545723913993,0.1353330127016067,0.2614453660460522,0.4134474935989778
MEA,M,-0.5114472263728078,-0.4908365608385085,-0.4629502850202339,-0.42563151219272843,-0.37610322017725534,-0.3107295248549076,-0.22465329020664,-0.1112263311094196,0.03892387863240604,0.23949829549781582,0.5114472263728082
MEA,N,-1.2049237814684106,-1.0624275070885834,-0.9103802937455554,-0.7461982317041554,-0.5666196301322695,-0.36745722941297293,-0.1432256258392875,0.1134391802155331,0.41272222025652194,0.7692360382959622,1.204923781468409
MEA,O,-0.25467506824530795,-0.2551539308686472,-0.24888830863202455,-0.2348850371738071,-0.21190111361672528,-0.1783503281162702,-0.1321620607782875,-0.0705601952079919,0.010297314841277144,0.1159347819080976,0.25467506824530795
MEA,P,-0.727898479364972,-0.6480779856781406,-0.5583564629001528,-0.4576376239156063,-0.3445966507439007,-0.21760115752004297,-0.07459301789136066,0.08709479956049458,0.27103425717445423,0.4822048165996044,0.7278984793649722
MEA,Q,-0.8892659525661734,-0.8032922547868481,-0.7062870120840516,-0.5962003158914911,-0.470487850656861,-0.32593484446705345,-0.1583924178587927,0.03763166662806418,0.26963538075466104,0.5482487454834497,0.8892659525661725
MEA,R,-1.051923345452188,-1.0799431643296085,-1.0775963028256383,-1.039819578204228,-0.9603926823271216,-0.8315326743084929,-0.6432871742842451,-0.38259301441658145,-0.03175342569468263,0.4341499858057838,1.0519233454521875
MEA,S,-1.6477336368572262,-1.489038846650041,-1.3064550594740008,-1.0968138895561252,-0.856237065944755,-0.5798842523340133,-0.26157460037177244,0.10680181461530454,0.5362381306953421,1.0422350678470413,1.647733636857225
MEA,T,0.0,0.0,0.0,0.0,0.0,0.0,0.0,0.0,0.0,0.0,0.0
AFR,A01,-10.19898054881017,-8.310912667049799,-6.401419629610292,-4.467575308612938,-2.5058284330939724,-0.5118151938393106,1.5199058759179758,3.596240832023576,5.726146800953856,7.9215633614626775,10.19898054881018
AFR,A02,-1.2077715280013275,-1.1038184968463574,-0.983248782350425,-0.8428925887971142,-0.6788225027951874,-0.4861190538338247,-0.2585382781601748,0.011974600146104927,0.33602414892259236,0.7279415166062111,1.2077715280013273
AFR,A03,-1.487642676983382,-1.2763375680556905,-1.057462067088607,-0.8283833061349414,-0.5858425023797177,-0.32576136584418935,-0.04296559545863301,0.2692230901340563,0.619613001537688,1.02015048242995,1.4876426769833817
AFR,B05,-50.941724241731514,-41.427134899915515,-31.80206132133178,-22.056690131823483,-12.179384410014647,-2.156148050205433,8.030138756043977,18.400847700022123,28.983334826973124,39.813732507436015,50.941724241731535
AFR,B06,-4.191931269343736,-3.447410475398077,-2.688179120236533,-1.9127678111268709,-1.119401865822641,-0.30590724481899784,0.5304242668018903,1.3930347796503257,2.2864081357593697,3.2165677889873736,4.191931269343734
AFR,B07,-3.6203139879700204,-3.223959900405904,-2.784853809808607,-2.295881364438218,-1.748401975639988,-1.1317832708248345,-0.43273467148541683,0.3656785186323937,1.2855523424950186,2.3565935295383027,3.620313987970024
AFR,B08,-2.3705858478553514,-2.0507044734293314,-1.7083258733817257,-1.3405138445646432,-0.9437728996300498,-0.5138892058199924,-0.045705614384706494,0.46720738623117297,1.0330527161453522,1.6626079038905912,2.3705858478553514
AFR,B09,-1.3545261251151945,-1.1613796894426496,-0.9588780515906092,-0.7451782595490398,-0.5180241754142781,-0.27461970669024405,-0.011447526937409847,0.27599884522324225,0.5936270096425723,0.9494103637171202,1.3545261251151952
AFR,C10T12,-1.819904877462943,-2.2390962513942734,-2.556321436848707,-2.754642159402637,-2.813378708269123,-2.7069802866301096,-2.4034296772252945,-1.861920895065651,-1.0293510196132853,0.16522798814412945,1.819904877462938
AFR,C13T15,-0.7594834928740737,-0.8548798684022122,-0.9263634870277254,-0.9676600942701775,-0.9707224297623761,-0.9250711507834748,-0.8168077476457595,-0.6270831412704807,-0.3296199520106108,0.11350378084157789,0.7594834928740735
AFR,C16,-1.2854772214915626,-1.2851153259525858,-1.2587114838583233,-1.1995806170682999,-1.0992778172967776,-0.9470168715249191,-0.7288359574545784,-0.426363614690583,-0.014924492007358518,0.539504792312138,1.2854772214915617
AFR,C17_18,-1.7920055784620088,-1.86788804437223,-1.8905869450704784,-1.8502149450211245,-1.7346114011296088,-1.5286102234903969,-1.2129811405061097,-0.7628472033954499,-0.14522372689038646,0.6849979633259302,1.7920055784620077
AFR,C19,-17.86354009596936,-15.23326269893536,-12.46201635798781,-9.532053030594295,-6.422553477749883,-3.1088066394440292,0.438938854473186,4.257136682845326,8.391446685662036,12.900696426078124,17.863540095969345
AFR,C20,-6.387911341528694,-5.704987518335677,-4.944813176457462,-4.094467526189138,-3.138234389909157,-2.056741260320357,-0.825723124386428,0.5858131604789014,2.2184264734966113,4.126846886596059,6.387911341528696
AFR,C21,-1.9489839006041219,-1.8852739605313023,-1.7807744450661644,-1.6282947187650672,-1.4189706109701095,-1.1417228615257469,-0.7824746363595252,-0.32298317401060705,0.2609748983006763,1.0025605303212533,1.9489839006041207
AFR,C22,-12.061193923088402,-10.312047319758781,-8.483848164715722,-6.561666031273228,-4.526835196992889,-2.3556914646423617,-0.01773304217871776,2.5271458930797777,5.332982810895553,8.474847019593819,12.06119392308839
AFR,C23,-17.86127963402817,-14.941058246439265,-11.92497164378747,-8.800713156805518,-5.553640206205045,-2.1661298689962147,1.3833205409415168,5.121389778347328,9.081875729234104,13.308752410501198,17.861279634028186
AFR,C24A,-27.698302691992023,-23.585262422755537,-19.291666406384756,-14.786191444137998,-10.030266031367939,-4.975811733679715,0.4379734246051811,6.289340185101899,12.68119505651063,19.752611272487268,27.698302691992033
AFR,C24B,-10.88352450545339,-9.398435500994594,-7.8344460862608045,-6.175230185167245,-4.400301792244231,-2.483639210967645,-0.3917022195213728,1.9195158951358697,4.509038654311093,7.458259795893994,10.883524505453392
AFR,C25,-1.557962210355098,-1.8967250324484024,-2.1652060997552933,-2.347566993957516,-2.423760108417128,-2.3680964733499112,-2.1471759887470245,-1.716804577272105,-1.0172311720634657,0.03455017941949435,1.5579622103550999
AFR,C26,-0.6603584709614143,-0.9380772225182472,-1.1717319768345755,-1.3522969348500407,-1.4680516819784475,-1.5034828135274505,-1.4376027627530574,-1.2412905828775374,-0.8729200931117395,-0.2708337740579578,0.6603584709614151
AFR,C27,-0.6398301896278308,-0.9883031387927782,-1.2928963918801268,-1.54153918815464,-1.7184757957698613,-1.8028632635560076,-1.7666877749574108,-1.5715720011914822,-1.1636992704325766,-0.46537229460306123,0.6398301896278298
AFR,C28,-1.1954619526893326,-1.379807126545098,-1.5242730179991821,-1.6179934741635358,-1.6469286231758133,-1.5926928441858241,-1.4308254219438468,-1.1281595339437023,-0.6386689549761561,0.1033907911697966,1.1954619526893313
AFR,C29,-2.5304192243232,-2.8549083511478406,-3.1029830316289004,-3.2533952086339504,-3.278552865334159,-3.142098243064409,-2.79529692068423,-2.171485569808521,-1.1772139171446114,0.3225357428292966,2.5304192243231998
AFR,C301,-0.8826652512745302,-1.0609838092359891,-1.2163885849307436,-1.339224599024177,-1.4163525701608597,-1.429655473163091,-1.3537599321515703,-1.1524580987083273,-0.7728912373406946,-0.1356872052583373,0.8826652512745312
AFR,C302T309,-0.6272226605148048,-0.7185860394113153,-0.7878632480905025,-0.8299413916267415,-0.8381819023248461,-0.803831522532223,-0.7151421850525972,-0.5560151718025462,-0.30383461057578376,0.07415192157296492,0.6272226605148055
AFR,C31T33,-1.8668190607885309,-1.7079772738807963,-1.528450535032297,-1.322601540560996,-1.0832484847741124,-0.8011247937561559,-0.4640898598359618,-0.05593890002278035,0.44546162197924316,1.0712349699803705,1.8668190607885327
AFR,D,-98.73038551437313,-80.3698055368262,-61.758236261729614,-42.87978046477951,-23.716394266024484,-4.247346148383553,15.551540248882903,35.70898317926927,56.259899095998456,77.24803128392412,98.73038551437318
AFR,E,-137.74279724201955,-111.22416421849657,-84.51368932210231,-57.6015393393447,-30.476352801053118,-3.124803947250926,24.46901586596666,52.324504646110725,80.46593090592755,108.92464052833756,137.7427972420196
AFR,F,-3.2050702387586743,-3.115588806241472,-2.9500510157322046,-2.6973413580036953,-2.343986163716403,-1.87345344421961,-1.2651641458136826,-0.49305135055501165,0.4766210224888952,1.6887199118535894,3.2050702387586694
AFR,G,-0.8792585884131738,-0.8296682715837044,-0.7630916139266618,-0.6769665418569886,-0.568157337069854,-0.4327732566586617,-0.26590741365510134,-0.06124827615542659,0.1895216519364239,0.4977023224908005,0.8792585884131741
AFR,H49,-12.056789823327845,-9.862782124575723,-7.641704031378565,-5.3884278029299315,-3.096766940733816,-0.759168092357533,1.6337274691194135,4.093729538969912,6.636089063322478,9.281092631108299,12.056789823327845
AFR,H50,-5.894680146529599,-4.85240746593671,-3.7909445458176068,-2.707739186044496,-1.599655883244235,-0.46278716315662216,0.7078206566983423,1.918580168873987,3.178010032182974,4.497800997689539,5.894680146529599
AFR,H51,-14.693156398638296,-12.178449346410034,-9.620343557713518,-7.006836038861786,-4.32327699709615,-1.5516078535358828,1.3307202698630525,4.35233565415319,7.550379281706503,10.974420854742501,14.69315639863831
AFR,H52,-0.9542979077334819,-0.9350352997395015,-0.892987679615799,-0.8245724659534255,-0.7254149157552215,-0.5901036915653907,-0.41184025571456495,-0.18191862096909114,0.11107857771340453,0.48258477729239446,0.9542979077334814
AFR,H53,-2.5519800319302717,-2.217639556519344,-1.8590370471526654,-1.4726313489806242,-1.0541232234838647,-0.5982324467282712,-0.0983818610691099,0.45376582946262667,1.0690152771569574,1.7617728531666672,2.55198003193027
AFR,I,-1.4282843987311167,-1.4474146416533022,-1.4241926251915118,-1.3524249593585413,-1.2246723720637522,-1.031884379507067,-0.7628842854476772,-0.40362042002375104,0.06396420450551611,0.6637194274765852,1.428284398731118
AFR,J58T60,-0.5260852380004035,-0.48202558694963626,-0.43300845570216967,-0.3772874526396034,-0.3125977495719981,-0.23597535252308563,-0.14349609921964704,-0.029887595477432014,0.11206871338716659,0.2925005774377142,0.5260852380004033
AFR,J61,-0.41400843437919405,-0.4077891570555033,-0.39362421245103957,-0.36957104325928675,-0.33317705967059374,-0.2813059214221055,-0.20988525182606696,-0.11352859148504946,0.01505293232151235,0.1860095571034898,0.41400843437919493
AFR,J62_63,-0.39997017167247945,-0.3604127999421735,-0.3172760230548376,-0.2694334101411216,-0.21544479417024148,-0.15344860910589508,-0.08100544456074542,0.005136624349612725,0.10940779340172953,0.23801389049807808,0.39997017167247945
AFR,K,-0.24367011143311312,-0.21889179523012967,-0.19109360050143603,-0.15974770190012896,-0.1242048163375997,-0.08365584267204786,-0.037076769358429254,0.01685308260546019,0.07987726055955276,0.15436655012858402,0.2436701114331133
AFR,L,-0.6541025956045761,-0.5886588520642266,-0.5143698345209389,-0.4298426536691392,-0.33340748457703634,-0.22303665630085823,-0.0962305310432356,0.050148607606546707,0.22012778506935632,0.4190216741943861,0.6541025956045766
AFR,M,-0.7098579036987359,-0.6481645582840231,-0.577584086067415,-0.4961341063419332,-0.40134382539585844,-0.2900938856409743,-0.1583848528951051,-0.000991536283657321,0.18907365347616353,0.42143428297692986,0.7098579036987365
AFR,N,-0.7132153075047025,-0.6671117184809519,-0.608944679678951,-0.5365412476432616,-0.4472397358281002,-0.3377369263565039,-0.2038684019656105,-0.04028200854235685,0.1600673271665402,0.4067379393565893,0.7132153075047021
AFR,O,-1.169299924632317,-1.149957826467149,-1.0974578000652204,-1.0082118873846009,-0.8779475147801292,-0.7015026138127229,-0.4725325187258623,-0.18307647940142557,0.17710950306313897,0.6216303806303255,1.1692999246323186
AFR,P,-1.0510878108247272,-1.085466013883462,-1.0789753944533687,-1.0281466151142875,-0.928913439993958,-0.7764413551278716,-0.5648841615468279,-0.28702664851157167,0.06626123580387891,0.5068995123359541,1.0510878108247264
AFR,Q,-1.3291152999466511,-1.419651705321926,-1.4551174365467419,-1.4296384876699086,-1.3361871271459567,-1.166225733092257,-0.9091938240233944,-0.5517440997850019,-0.0765581883341828,0.5395804422794109,1.3291152999466522
AFR,R,-0.23164593089428634,-0.2174056504466782,-0.1983830430970795,-0.17399296006130252,-0.1435390291623857,-0.10618156683204587,-0.06089222649086028,-0.00638781040331275,0.058970154512589135,0.13733522682181992,0.23164593089428648
AFR,S,-0.9221198243402765,-0.8039198579849787,-0.6765052795592303,-0.5385658007628494,-0.3885171174996009,-0.22441617215254694,-0.04383934186686901,0.15629862233491862,0.38002475139666825,0.632763032405424,0.922119824340276
AFR,T,0.0,0.0,0.0,0.0,0.0,0.0,0.0,0.0,0.0,0.0,0.0
ROW,A01,-18.057318137224655,-14.934087023881373,-11.736931101140552,-8.457177783114581,-5.084517006084528,-1.6065420180822385,1.9918942360500402,5.729609931567356,9.630492486778593,13.725698193776804,18.057318137224666
ROW,A02,-1.9664005549695989,-1.7458867693611677,-1.5049575757773446,-1.2395601151383482,-0.9446660020629956,-0.6139623592598346,-0.23941117641208734,0.18939834360291913,0.6862369528686968,1.269808561378068,1.9664005549695975
ROW,A03,-2.14644325260429,-1.8379759255971377,-1.5180712336075994,-1.1833877361704108,-0.8297126465094647,-0.451678418457101,-0.042354994048525905,0.40735569448956077,0.9096536458255003,1.4813493045914554,2.146443252604289
ROW,B05,-4.0198171298030365,-3.3071940899641215,-2.5807957934062977,-1.8391244017200719,-1.080350281384377,-0.30220055794401685,0.49820386845480835,1.3245943378858627,2.1819399457027195,3.077079558076131,4.01981712980304
ROW,B06,-5.044214498445229,-4.172748551723453,-3.280378655210693,-2.364846482167694,-1.4234155222104503,-0.45271437572570644,0.5514915005537978,1.5946430561847267,2.6839237469880777,3.829135765316273,5.044214498445229
ROW,B07,-2.705881411361951,-2.351768682088566,-1.9725430638395405,-1.5644303559490318,-1.1228100349850927,-0.6419363631652069,-0.11453177523833626,0.46882523651237695,1.120657163691998,1.8581535789851915,2.7058814113619487
ROW,B08,-2.8426763711219896,-2.5074260695271504,-2.141081659390649,-1.7387513459681352,-1.2944965567757647,-0.8010056972113708,-0.24912352980496294,0.37285039330206005,1.0802489933397845,1.8938030937222843,2.8426763711219905
ROW,B09,-1.9836699890111678,-1.7266891640380773,-1.4536746283279052,-1.1613839850946241,-0.8457485679849639,-0.50158766810644,-0.12218976307983044,0.3013208199072095,0.780978327246446,1.3336092483807533,1.9836699890111684
ROW,C10T12,-1.092836208533489,-1.815495587101327,-2.411809683659182,-2.861623159762163,-3.140687321819318,-3.2194682018032363,-3.0614642506197924,-2.620756160383947,-1.8383009192969968,-0.6360619151185478,1.0928362085335004
ROW,C13T15,-1.2375434185858827,-1.4023917438647873,-1.5258056253166454,-1.5972679691709395,-1.6034307164247368,-1.5271158472222053,-1.345840588465272,-1.0295639648691288,-0.5370992382238733,0.1898875525774329,1.2375434185858858
ROW,C16,-2.3108399693503827,-2.146020362386698,-1.9540337714701297,-1.7269239316917147,-1.4544415220885427,-1.1232388345919297,-0.7157002178991398,-0.2081928337093932,0.4316443207996652,1.2492892545659815,2.310839969350381
ROW,C17_18,-6.775977909163987,-6.025508948265624,-5.204598428539396,-4.299228505413227,-3.291886641154338,-2.160388954484873,-0.8761700631564463,0.5982815869004383,2.3134166779977106,4.339130884291566,6.7759779091639825
ROW,C19,-11.249758302796078,-9.967505371313313,-8.541135778720543,-6.952854684423496,-5.181647433121771,-3.202303787397699,-0.9840084801768025,1.5117640026163592,4.33452047980701,7.550077647201664,11.24975830279609
ROW,C20,-15.248657728726652,-12.945737404205198,-10.553016911265878,-8.05339027240862,-5.425676962498309,-2.643294563742168,0.3276642639896422,3.5313094358540673,7.026428610236978,10.893777874270166,15.248657728726645
ROW,C21,-0.9040043135331537,-0.9344279632880044,-0.9465958712938911,-0.9347083851197806,-0.8912874095816067,-0.8065698635993639,-0.6676148474716732,-0.45694739499691417,-0.1504192866363467,0.28632259413106714,0.9040043135331549
ROW,C22,-3.40589255961569,-3.355412259209,-3.2393175494809827,-3.0420909332598915,-2.7439433605162433,-2.3193099018014345,-1.734649459380454,-0.9451245687626002,0.11059965831508073,1.5188820621744652,3.405892559615692
ROW,C23,-17.38776488297055,-14.493923758012295,-11.51846132617381,-8.450224632695685,-5.275603605348327,-1.977738266404249,1.4646300662494425,5.078877882737517,8.901172068208353,12.980820369556426,17.387764882970544
ROW,C24A,-21.680596125890066,-18.65754930045668,-15.486965205322464,-12.13825938631794,-8.572675028998665,-4.740443228341058,-0.5766636525453936,4.004839925438267,9.120996045540199,14.93470924720498,21.680596125890045
ROW,C24B,-11.61890796531088,-10.194113322035024,-8.674159788922784,-7.0373245393670265,-5.255896170249193,-3.29404027599109,-1.104674971509145,1.3752393449473599,4.232055027329242,7.587424716002554,11.618907965310896
ROW,C25,-0.9819419588936985,-1.1867546413925447,-1.3556582654335974,-1.478008259128399,-1.539998097736211,-1.5235069971414854,-1.4044130810593918,-1.1500529675573135,-0.715262904962183,-0.03594594921220501,0.9819419588937031
ROW,C26,-0.3065159692246389,-0.48900327524173637,-0.6532905994552294,-0.79314373952569,-0.9001526278640611,-0.9627761247719246,-0.9648580724008574,-0.8832482901821913,-0.6838452856671683,-0.31471717292908413,0.3065159692246396
ROW,C27,-0.5484439721236449,-0.7437910345390357,-0.9231580286847199,-1.0775121082889885,-1.1945617584670825,-1.2574034681767152,-1.2424713664954627,-1.116336866349997,-0.8305322102205868,-0.31280786129303945,0.5484439721236454
ROW,C28,-0.4741455270957173,-0.6594589169741006,-0.8280437194195948,-0.9716547906679585,-1.0791945695114844,-1.1355794680030482,-1.1200483120876374,-1.00356507184551,-0.7446914251618576,-0.28274584731801894,0.4741455270957145
ROW,C29,-0.6540635340436278,-0.937643804751366,-1.2076761801350944,-1.4517410509610564,-1.6522485954096364,-1.7841500583503134,-1.8114468553494456,-1.6817201688508379,-1.3172736326150263,-0.6002039651133174,0.6540635340436253
ROW,C301,-0.7098454960869383,-1.0269443419700173,-1.314567568700141,-1.559538907313108,-1.744146741361028,-1.8443410482464784,-1.8270448147976182,-1.646030901444448,-1.2353815335464278,-0.49867451718725375,0.7098454960869363
ROW,C302T309,-0.7345482073574856,-1.1181873834639664,-1.4773855268169716,-1.796477033811128,-2.0537768416135243,-2.219017494740836,-2.249469318569296,-2.083902715091455,-1.6328740280268372,-0.7624436706942164,0.7345482073574869
ROW,C31T33,-1.1420365164309225,-1.1431017376450856,-1.1319302389949677,-1.1014578882886243,-1.042195790755642,-0.9412773276977043,-0.7810368305874895,-0.5368259638433679,-0.17353744469403012,0.3601746441799698,1.1420365164309212
ROW,D,-71.74015857222038,-58.60046075568759,-45.25131520248909,-31.676994237544616,-17.85936268217678,-3.7771926233266835,10.594821668010002,25.287528771006762,40.33958728009722,55.80114439543588,71.7401585722204
ROW,E,-32.30980216574852,-26.414112963717866,-20.422992871418476,-14.32881852153582,-8.122600801573393,-1.7935589731793353,4.67149723175289,11.289093446010694,18.080531576508623,25.074237000214968,32.309802165748515
ROW,F,-1.0169969815823223,-1.0908727784962229,-1.1432941569643145,-1.1663645354160637,-1.149777079158322,-1.079926433603044,-0.9386021120762127,-0.7010089314365336,-0.3326596213970916,0.21571882624405683,1.016996981582323
ROW,G,-0.9529448483193681,-0.8964554024843299,-0.8234401886526436,-0.7310433326501355,-0.6156822956916889,-0.4727923127356151,-0.2964502863551745,-0.07880362828706353,0.19083002936137655,0.5274471661365067,0.9529448483193685
ROW,H49,-9.094028784124744,-7.467208014452721,-5.816359381971825,-4.137193917059399,-2.424465067635685,-0.6716578061010973,1.1294651951781804,2.9895479390241864,4.922713453203338,6.94832299015041,9.094028784124744
ROW,H50,-10.346054365934828,-8.691882044464316,-6.995091552285891,-5.245291932029801,-3.429307867231625,-1.5301864651488304,0.4742739848644455,2.6137753980804623,4.929099972341325,7.478071302529562,10.346054365934826
ROW,H51,-13.153615138614635,-10.903647847557522,-8.621448285729999,-6.295667035753643,-3.9120323279128852,-1.4523847221662358,1.1067319124118358,3.796195690203071,6.657638596421656,9.74891700943223,13.153615138614638
ROW,H52,-0.6303014573515577,-0.677110050441608,-0.7028228602504292,-0.7037914781231054,-0.6753945397141348,-0.6116931218560533,-0.5049243884557497,-0.34473392631598343,-0.11696783847285407,0.19831517328871986,0.6303014573515587
ROW,H53,-1.257534587730375,-1.1735059344186531,-1.0694916022032188,-0.9418151616813928,-0.7858314354695424,-0.5955945515231845,-0.3633739678204969,-0.07892602267497001,0.2716447447805799,0.7077486147405758,1.257534587730375
ROW,I,-1.4457660496453548,-1.5929491150859911,-1.687162446409014,-1.7176998749713563,-1.6716899978133197,-1.5334619618910563,-1.2836462272435347,-0.8978582329105722,-0.34469646809430715,0.41744676722442986,1.445766049645355
ROW,J58T60,-0.37441960060774887,-0.42834457698342054,-0.4742472329784601,-0.5081627933363001,-0.5248682528271437,-0.5174148337885232,-0.47643828590867804,-0.3891101034710791,-0.23748361328524942,0.0042322257287633665,0.37441960060774726
ROW,J61,-0.31776961349420524,-0.3687209745709937,-0.40858563034024953,-0.43456472050274025,-0.4430214897743349,-0.4291543589834841,-0.3865060083147271,-0.30620330899536086,-0.1757369325072004,0.023086219673089603,0.3177696134942054
ROW,J62_63,-0.12162032676564409,-0.1551654156958868,-0.18702050037473092,-0.21525149053857592,-0.2372050283003729,-0.24921704344513404,-0.24617543312807316,-0.22084402481209342,-0.16277949743456868,-0.05651902707828153,0.12162032676564385
ROW,K,-0.19448003411062711,-0.2077112339670268,-0.21682556783362136,-0.22040285394922787,-0.21656777918324532,-0.20281621414342263,-0.17575759481337724,-0.13072121735057599,-0.061132602222845306,0.0425184126828002,0.19448003411062767
ROW,L,-0.326200605542766,-0.3026491420307913,-0.27480222634705387,-0.24168006604576012,-0.20200783533625938,-0.15410530362088676,-0.09572409964387371,-0.023800681376126474,0.0659320217013661,0.17958187599995942,0.3262006055427657
ROW,M,-0.3514679228078072,-0.36315764376810983,-0.3678450742728705,-0.36336177274217396,-0.3468638765746519,-0.31457723448661923,-0.2614196596259316,-0.18042384425186786,-0.06182319651093839,0.10846152087197045,0.35146792280780675
ROW,N,-0.8047696931549494,-0.7266097536149072,-0.6411285290827456,-0.5461824192738431,-0.438959856873558,-0.3157305852141961,-0.1714742110249951,0.00068715559258355,0.21038770636308884,0.4715062852417485,0.8047696931549497
ROW,O,-0.47343409498767197,-0.529057927799098,-0.5645623702858424,-0.5770177294558252,-0.5627874844644982,-0.517282966484096,-0.4346028571647418,-0.3069865135599684,-0.12395346532218018,0.12911345958403725,0.47343409498767225
ROW,P,-0.6512219036605684,-0.6126695026723576,-0.5608639945749184,-0.4941664914078179,-0.41057442010593026,-0.3076010589953982,-0.1820998744558827,-0.030000053757663216,0.15410702056798134,0.3776445565669879,0.651221903660569
ROW,Q,-0.4070765522225712,-0.420194321568509,-0.42252866037691944,-0.4118994110092155,-0.38556076774477893,-0.3400017250704983,-0.2706524835194951,-0.17143860765635224,-0.03407799500859138,0.15307935868333192,0.4070765522225714
ROW,R,-0.7947362642286059,-0.8580767571836068,-0.8919348826999703,-0.8918294912886714,-0.8522389340047263,-0.7662481532508415,-0.6250319718163877,-0.41707409654432204,-0.12694123292705006,0.26673081136939614,0.7947362642286045
ROW,S,-1.2318834873501103,-1.1610975331554838,-1.069076029688424,-0.9519454094789693,-0.804868319356671,-0.6217095491756478,-0.3945453409202587,-0.1129193246295155,0.2373292402282966,0.6759969147805477,1.2318834873501114
ROW,T,-0.0068166,-0.0054532800000000005,-0.00408996,-0.00272664,-0.0013633199999999997,0.0,0.0013633199999999997,0.0027266399999999994,0.00408996,0.0054532800000000005,0.0068166
