scenario,region,index,2025,2030,2035,2040,2045
Below 2?C,EU27,Basic Materials,1.4534174873115497,3.9074271636851226,4.0746346457319,4.290089210331416,4.584571657848819
Below 2?C,EU27,Consumer Goods,1.3532743057026655,3.5807200986730776,3.7389611580261293,3.939150520985523,4.208147603008139
Below 2?C,EU27,Consumer Services,0.280342361393104,0.7252363906942401,0.7587108526926043,0.8001122218592683,0.8543513676158487
Below 2?C,EU27,Financials,-0.433249962439631,-0.6761765871003694,-0.746748083766768,-0.8095635669849925,-0.8554501743516841
Below 2?C,EU27,Government,0.20987096599395014,0.45569535076861484,0.48478070857532135,0.5147650804787496,0.547089407196729
Below 2?C,EU27,Health Care,2.2359469902275433,5.980370253139558,6.238916952553311,6.570218802456615,7.020422620003439
Below 2?C,EU27,Industrials,1.0080553900714526,2.6335983742033537,2.752684352476292,2.901884155449682,3.0988976692064667
Below 2?C,EU27,Oil & Gas,0.9782193625435569,2.6391477850099245,2.751376793261262,2.896416958685432,3.0954761301628686
Below 2?C,EU27,Technology,0.06315249715841967,0.11565640446731293,0.12512479996200246,0.13434761350165397,0.14227001735562425
Below 2?C,EU27,Telecommunications,0.11785390890718048,0.2158356354845337,0.23350536305411923,0.25071679056178164,0.2655014198978083
Below 2?C,EU27,UK Real Estate,-0.4588074657576767,-0.8684343463860794,-0.9371858108968922,-1.003137918220032,-1.063478068873928
Below 2?C,EU27,Utilities,0.8806433727792344,3.0217452337407793,3.1023380042020365,3.231190361523252,3.4673241921802695
Below 2?C,EU27,FTSE,-1.0133398570036514,-2.6702994952628734,-2.789698475315075,-2.9393995930945316,-3.1400249062091192
Below 2?C,CHN,Basic Materials,2.160475746838285,7.9350163943768734,7.780598248455342,8.268016422047047,8.526506895779816
Below 2?C,CHN,Consumer Goods,2.301131033091831,8.449576675484169,8.285121734098185,8.804240052239926,9.07922996090716
Below 2?C,CHN,Consumer Services,0.5457617475949027,1.995128590736735,1.9569491273551616,2.0798138539563102,2.1447821046776743
Below 2?C,CHN,Financials,-0.22174267965014272,-0.6279117559832673,-0.629975177606345,-0.6745105230573017,-0.696651188190938
Below 2?C,CHN,Government,0.3390232826380389,1.5819230664815105,1.5203788434129784,1.6093893077280677,1.650877914272634
Below 2?C,CHN,Health Care,3.6959208321515913,13.544109168940324,13.282902709803611,14.115927098645841,14.557500546362668
Below 2?C,CHN,Industrials,1.7969178824764076,6.7843135330171584,6.635181100683085,7.0479959764229285,7.263269399259839
Below 2?C,CHN,Oil & Gas,1.4590946682352106,5.406557222130409,5.297347422363508,5.628248087458722,5.803501375670528
Below 2?C,CHN,Technology,0.08861439608951437,0.2879427911995248,0.28493573671073125,0.3039833097182061,0.3133085513993448
Below 2?C,CHN,Telecommunications,0.16537038810041846,0.5373529949161124,0.5317412908387233,0.5672874851324278,0.5846900619595873
Below 2?C,CHN,UK Real Estate,-0.44767524721819457,-1.9648198488882531,-1.8954658637041801,-2.0098575810914188,-2.0618998022408044
Below 2?C,CHN,Utilities,1.227372578558689,11.538499760855256,10.722410475133984,11.244995905202947,11.488000479107761
Below 2?C,CHN,FTSE,-1.8586492738233675,-7.123753017453794,-6.9597591049486045,-7.389667443590193,-7.6156284964684104
Below 2?C,USA,Basic Materials,0.8615083182933975,2.6936420035363158,2.7776554286015984,2.8848190255757253,3.0744924604998802
Below 2?C,USA,Consumer Goods,0.7501806536983907,2.267503195922539,2.3442865218591153,2.4389836077127423,2.5983729327360674
Below 2?C,USA,Consumer Services,0.14327521849346642,0.42060495981984497,0.43580985604445954,0.45408130299997435,0.4835844480838907
Below 2?C,USA,Financials,-0.25212772324389016,-0.45219041286719214,-0.491199845340572,-0.5267232931972388,-0.5574366596899794
Below 2?C,USA,Government,0.29300719350935434,0.829634022686389,0.8629870343708084,0.9018274682220006,0.9600720448580692
Below 2?C,USA,Health Care,1.2224075029136046,3.7670119632845145,3.8886136388391312,4.041807760906903,4.306731739569253
Below 2?C,USA,Industrials,0.526104380535714,1.5929092053271292,1.6462864768943,1.712807499570718,1.8245896260383507
Below 2?C,USA,Oil & Gas,0.5773938350307238,1.8070465946672238,1.863295698239786,1.935131570708784,2.0624029452325656
Below 2?C,USA,Technology,0.03855360461158144,0.08520495062247652,0.09046472511234248,0.09580508002846093,0.10162121391932898
Below 2?C,USA,Telecommunications,0.07194795471885775,0.1590077501434694,0.1688234345818215,0.17878949657676396,0.18964344764138855
Below 2?C,USA,UK Real Estate,-0.5671194280098935,-1.3334401147103805,-1.4087538554676764,-1.4861027612462252,-1.578554667666771
Below 2?C,USA,Utilities,0.24830003706599377,1.1282698876074007,1.1406199203757457,1.169491507956024,1.2521632728257654
Below 2?C,USA,FTSE,-0.47958677063690464,-1.3836296144393596,-1.435586740495929,-1.4970207224331527,-1.5940412943277849
Below 2?C,GBR,Basic Materials,1.231437028884976,3.499525635367114,3.625685029199852,3.8147585390248913,4.069238806532918
Below 2?C,GBR,Consumer Goods,0.9885484628148927,2.7093707561224023,2.815620561496214,2.966330732953486,3.162476495509725
Below 2?C,GBR,Consumer Services,0.178154156993031,0.463485582212478,0.4837583425574024,0.5107823620070215,0.5441152913483642
Below 2?C,GBR,Financials,-0.24332730117215107,-0.3734052386466908,-0.4130067954512616,-0.4485184365517218,-0.47339678304610516
Below 2?C,GBR,Government,0.2920204413140674,0.5524339240919691,0.59484940971573,0.6376415701239305,0.6744927116302174
Below 2?C,GBR,Health Care,1.6415483359267105,4.547207727962213,4.720571051831143,4.972091207198241,5.301457978509787
Below 2?C,GBR,Industrials,0.6971267500952825,1.8350679625628947,1.913224909399968,2.0192610508197943,2.150998491108257
Below 2?C,GBR,Oil & Gas,0.9097235187236716,2.5969340478153273,2.690015271127939,2.8294580632573436,3.018421817499906
Below 2?C,GBR,Technology,0.04599536206418493,0.07695064147019127,0.0840750845668487,0.09084042366499863,0.09593824317791257
Below 2?C,GBR,Telecommunications,0.08583561149240364,0.1436037258736954,0.15689921703410967,0.16952455559830687,0.17903800294454697
Below 2?C,GBR,UK Real Estate,-0.2648267340828852,-0.44260154441096555,-0.4842107928437015,-0.5227587541602509,-0.5525062625332029
Below 2?C,GBR,Utilities,2.8555087994737294,8.427756002566731,8.717950802521317,9.147866331415802,9.763363790879117
Below 2?C,GBR,FTSE,-0.8705945679574019,-2.3504779220602177,-2.446735543582788,-2.578466568088896,-2.7483501280149656
Below 2?C,CHE,Basic Materials,1.018236885134396,1.7698609939706396,1.9265090960698708,2.072008656237314,2.192281117617722
Below 2?C,CHE,Consumer Goods,0.9162416577774233,1.580691868860517,1.7222196181548384,1.8537478707279371,1.9614919837854974
Below 2?C,CHE,Consumer Services,0.20155543588826777,0.3464883971021649,0.3776492200829324,0.4066992920737077,0.43035319538998223
Below 2?C,CHE,Financials,-0.1812325112070873,-0.2756336752261164,-0.3051740817637161,-0.3319718296228003,-0.3508009937959815
Below 2?C,CHE,Government,0.26084528285851966,0.4523553804099685,0.4926896949579218,0.5313170593516934,0.5628578068261736
Below 2?C,CHE,Health Care,1.5675769492871368,2.713717966982099,2.9553506322308096,3.1795336920604758,3.363887970059401
Below 2?C,CHE,Industrials,1.1277157149867776,2.1278153532168784,2.2925706262447823,2.4566653534249703,2.6035669199448903
Below 2?C,CHE,Oil & Gas,0.708348162954889,1.2304517956578773,1.3396747025570914,1.4413440603603322,1.5254753283643918
Below 2?C,CHE,Technology,0.05959007388844393,0.09457031519417952,0.10391857490153512,0.11285321549629684,0.11912948961227258
Below 2?C,CHE,Telecommunications,0.11120578687812838,0.17648520349495367,0.19393073609563036,0.2106043811002295,0.22231703651724627
Below 2?C,CHE,UK Real Estate,-1.0243963740103676,-1.5502895617740187,-1.718655828469137,-1.868732196032692,-1.9731649592962655
Below 2?C,CHE,Utilities,2.237775908035973,3.9362107549287018,4.292636544591969,4.639480293176185,4.939974257979141
Below 2?C,CHE,FTSE,-0.9091813708740669,-1.6089747506084149,-1.7482518713829474,-1.881355505167728,-1.9938066645889125
Below 2?C,RUS,Basic Materials,1.3215601594063735,7.305762986677082,7.100146679797508,7.3271988719881715,8.169637456807049
Below 2?C,RUS,Consumer Goods,1.1635139698703036,6.471955204943311,6.287698042414412,6.48773979964191,7.2350965730636725
Below 2?C,RUS,Consumer Services,0.2617682254120678,1.4423726888664405,1.4019598606828154,1.4468841314959842,1.6132742192705531
Below 2?C,RUS,Financials,-0.1211176684853724,-0.39032472047546946,-0.39287937668391465,-0.41193979066497227,-0.4535718584159261
Below 2?C,RUS,Government,0.2579516174534777,1.4774163160941645,1.4325289427971906,1.4767838940047329,1.6503594525617364
Below 2?C,RUS,Health Care,2.1087120554917327,11.801144662662773,11.461906425383258,11.82505617963769,13.187670978154165
Below 2?C,RUS,Industrials,0.9310965715156697,5.1435734121619,4.998803710798545,5.158879921232709,5.751702407493954
Below 2?C,RUS,Oil & Gas,0.8919849510842579,5.022401360628188,4.87642192637092,5.030152001207493,5.611044327150715
Below 2?C,RUS,Technology,0.052569576856845115,0.21229731665466958,0.21005245032068368,0.2186199914716635,0.24211730349801094
Below 2?C,RUS,Telecommunications,0.0981042777553831,0.3961849450781778,0.3919956210713899,0.40798419254201906,0.4518343995127745
Below 2?C,RUS,UK Real Estate,-0.3864325803164914,-1.7416594765807254,-1.710883998929675,-1.7745461292378424,-1.9726408039227292
Below 2?C,RUS,Utilities,0.840776175815908,10.622261753228349,10.021681742971206,10.197195614837396,11.53680458314949
Below 2?C,RUS,FTSE,-0.9452381801338358,-5.736706698352156,-5.549320577436718,-5.714320952395122,-6.385931246901311
Below 2?C,IND,Basic Materials,2.9544357194489583,15.309857141340755,14.69511648394394,15.530682580041494,16.034587279856595
Below 2?C,IND,Consumer Goods,2.988826484433202,15.48853486610555,14.86634964074236,15.711620765654406,16.220996575621786
Below 2?C,IND,Consumer Services,0.6837712686621621,3.5394260688592083,3.3972580469274005,3.5905051519706728,3.7066202835135917
Below 2?C,IND,Financials,-0.45967274299744426,-1.3167207331122397,-1.32284271862588,-1.4162572513432932,-1.4675358895896569
Below 2?C,IND,Government,0.14855396478003338,0.9217973608301017,0.872831306599116,0.9202525543552685,0.9441058192767098
Below 2?C,IND,Health Care,5.107294609870891,26.468557971521705,25.405475632608265,26.850014248697608,27.720964774407747
Below 2?C,IND,Industrials,2.2440620559406077,11.583940746486519,11.1196241979175,11.753017291820564,12.132193481221275
Below 2?C,IND,Oil & Gas,2.013252782087595,10.444681219640879,10.024843332678882,10.594634788768067,10.938647147884874
Below 2?C,IND,Technology,0.05800244746720619,0.2645445549819936,0.2550972965446224,0.2703081119312465,0.27803265890354734
Below 2?C,IND,Telecommunications,0.10824299066188658,0.49368768120963813,0.4760573991875741,0.5044435142525447,0.5188589070902833
Below 2?C,IND,UK Real Estate,-0.3843635796222587,-1.561453830402219,-1.5171016171162892,-1.611572971353694,-1.6580243178305594
Below 2?C,IND,Utilities,0.7771778652371361,6.582132983232297,6.187725452580441,6.495986863825441,6.711216454442169
Below 2?C,IND,FTSE,-2.2820119059271335,-11.78021307055605,-11.309963981625616,-11.953812844805883,-12.342285663877039
Below 2?C,TUR,Basic Materials,1.569513684900371,6.252826682044289,6.585556736645644,7.126609971295145,8.128509766090621
Below 2?C,TUR,Consumer Goods,1.4318953004851023,5.693256384940334,5.999800279108014,6.4951639892535304,7.411661338620766
Below 2?C,TUR,Consumer Services,0.3328340367122604,1.3122121314832516,1.3839245645507825,1.4987810365520164,1.7104631778765584
Below 2?C,TUR,Financials,-0.14572039506718693,-0.32958840498822833,-0.3613346392216732,-0.39698337648834614,-0.4454499226655638
Below 2?C,TUR,Government,0.46873055762152815,1.9031259173335642,2.0417715092807915,2.238708037683215,2.6047359949813056
Below 2?C,TUR,Health Care,2.625969266076401,10.428683724271753,10.98650392203016,11.8909314333498,13.562894732998831
Below 2?C,TUR,Industrials,1.2330517237354097,5.0775810295468915,5.352668924858238,5.8017340869584375,6.639925346288135
Below 2?C,TUR,Oil & Gas,1.0647914406118468,4.282177182296594,4.510204272065022,4.8816607398962475,5.572554424910431
Below 2?C,TUR,Technology,0.10050614642692227,0.30995573589925207,0.33521895716430866,0.36781345717287917,0.4214185721427336
Below 2?C,TUR,Telecommunications,0.18756253131046655,0.5784331056979958,0.6255788166618095,0.6864060112737492,0.7864427892457804
Below 2?C,TUR,UK Real Estate,-0.24434972378680228,-0.8305767318412035,-0.8964086488615488,-0.9840999890063123,-1.135461942649424
Below 2?C,TUR,Utilities,1.017580847893772,7.0327942843503255,7.4351804720952455,8.12115748134971,9.621138054860111
Below 2?C,TUR,FTSE,-1.2333773567156974,-5.129449606143558,-5.410307213636603,-5.864740570306413,-6.722924326753808
Below 2?C,RASIA,Basic Materials,1.918740185188218,6.385031085630902,6.356359765791897,6.759190909272285,7.034606688326061
Below 2?C,RASIA,Consumer Goods,1.8940601140069335,6.293886816927843,6.265404337254939,6.6630533984603115,6.933166018950616
Below 2?C,RASIA,Consumer Services,0.44011772940327776,1.4537978741077775,1.4477861452671623,1.5399541543765631,1.6021812960816808
Below 2?C,RASIA,Financials,-0.26127236229227563,-0.5725388283968353,-0.5937317045516055,-0.6402184827244243,-0.6659427064661065
Below 2?C,RASIA,Government,0.3244779103663501,1.2479477894417965,1.2203050032585838,1.2959551365066238,1.337142320549893
Below 2?C,RASIA,Health Care,3.22607275998785,10.722340687066326,10.675133375638273,11.35218740733695,11.814593547661005
Below 2?C,RASIA,Industrials,1.534784632831861,5.143497093668551,5.115827941186471,5.4396244635532796,5.6589197520450805
Below 2?C,RASIA,Oil & Gas,1.2937425205979765,4.319874834092802,4.299287114718729,4.571458348026643,4.757762601367641
Below 2?C,RASIA,Technology,0.10540722861196244,0.27101830892314954,0.2758236074725127,0.29579834859287896,0.30718373104096425
Below 2?C,RASIA,Telecommunications,0.1967088314469976,0.505768869469773,0.5147364201287408,0.5520128767435732,0.5732600464721761
Below 2?C,RASIA,UK Real Estate,-0.7587825127363744,-2.248589473480242,-2.2493108037546055,-2.404648645289774,-2.486936930094289
Below 2?C,RASIA,Utilities,1.1819772757977731,6.816319978097954,6.531837972885904,6.882519336272411,7.138691609349943
Below 2?C,RASIA,FTSE,-1.5266991239945051,-5.140794360249488,-5.111692612969578,-5.434718005855815,-5.654656586722181
Below 2?C,LAM,Basic Materials,1.5702799467329651,6.032218894989951,6.088565990972997,5.662027547151876,5.94679373910933
Below 2?C,LAM,Consumer Goods,1.3850647085869314,5.276187653711264,5.328362992974077,4.95898714258276,5.208359742235954
Below 2?C,LAM,Consumer Services,0.3179944156812698,1.2009936484237853,1.2135324163718348,1.1302719712078981,1.1870929912557016
Below 2?C,LAM,Financials,-0.26979586172840714,-0.6031904922862521,-0.6365330154589831,-0.6289070836904035,-0.6605227939139452
Below 2?C,LAM,Government,0.24538769597364937,0.9481027045870474,0.9571509253359555,0.881627327332074,0.9250453243606205
Below 2?C,LAM,Health Care,2.600192423999543,9.946327059353349,10.041879117686124,9.342381034616551,9.812243004238487
Below 2?C,LAM,Industrials,1.1887909087427828,4.535214407112964,4.579277485241984,4.262492832261424,4.476585376475266
Below 2?C,LAM,Oil & Gas,1.060277444154845,4.071910188959621,4.110024157859106,3.8222349091677064,4.014479150018354
Below 2?C,LAM,Technology,0.06657350818602746,0.16742816560047472,0.17447530823664056,0.1704433902328736,0.17889956415744335
Below 2?C,LAM,Telecommunications,0.12423813027861355,0.3124510457231213,0.3256022803325016,0.31807799675674403,0.33385873696895674
Below 2?C,LAM,UK Real Estate,-0.32021626218141414,-0.8944900620307499,-0.9240331599593066,-0.8843308467928069,-0.9279335314272172
Below 2?C,LAM,Utilities,0.5385818371430748,2.845448994952611,2.826588284366789,2.5258300339282123,2.6512467588547315
Below 2?C,LAM,FTSE,-1.1565024120615777,-4.376329206201542,-4.4216333404204935,-4.116125435753865,-4.323048821967829
Below 2?C,MEA,Basic Materials,0.9633701836746283,3.3129418363518153,3.5402648338877114,3.8655134455462847,4.411499490521899
Below 2?C,MEA,Consumer Goods,0.9930400053350845,3.4603190872096414,3.702115889812386,4.0453472702214235,4.628337781146668
Below 2?C,MEA,Consumer Services,0.2239213302347757,0.7796798538896874,0.8344453894220019,0.9120185086833071,1.0437736972339617
Below 2?C,MEA,Financials,-0.20947540635695033,-0.49430398333418485,-0.5385989663262875,-0.5906649093118759,-0.6611211978282759
Below 2?C,MEA,Government,0.17643777949385817,0.7038127485958535,0.7547575942709532,0.8280488342510207,0.9605586133162182
Below 2?C,MEA,Health Care,1.5955851983632512,5.4750929628592875,5.8525876991808055,6.391298186075185,7.295092440393722
Below 2?C,MEA,Industrials,0.7995322718458017,2.7047633598049243,2.8885387853449576,3.1532223578063006,3.5906591666057706
Below 2?C,MEA,Oil & Gas,0.6471968513453663,2.236442174240989,2.389816920905986,2.609568640055336,2.979366955360847
Below 2?C,MEA,Technology,0.05593716090764803,0.1559899585972466,0.16838574438961507,0.18463802103345942,0.20869414906700565
Below 2?C,MEA,Telecommunications,0.10438879478667344,0.29110529588145895,0.3142380598312681,0.34456772876443975,0.3894607868301102
Below 2?C,MEA,UK Real Estate,-0.41912590456207494,-1.3501476620959474,-1.4614878200698294,-1.6068863607477133,-1.8492901843676148
Below 2?C,MEA,Utilities,0.4146026176963119,3.269931536470426,3.4837387586138573,3.833006656098619,4.584759014774735
Below 2?C,MEA,FTSE,-0.729853580683748,-2.576486921416158,-2.756015578739096,-3.012112183871189,-3.449462869063628
Below 2?C,AFR,Basic Materials,1.317772178336353,5.373687282982277,5.74977339633864,6.29388246168687,7.295476543636581
Below 2?C,AFR,Consumer Goods,1.2112441184680964,4.916004732495002,5.2608608919190125,5.75883371104057,6.67377441692643
Below 2?C,AFR,Consumer Services,0.2641571407645618,1.0621714405626255,1.1371747790212277,1.2449976875860989,1.4424515772159818
Below 2?C,AFR,Financials,-0.09811139091711762,-0.2605822805436295,-0.2842762746706312,-0.3125035108872301,-0.35543154463152254
Below 2?C,AFR,Government,0.4513452624852051,2.455880043264858,2.628161159676437,2.8887719491442225,3.412157369713933
Below 2?C,AFR,Health Care,2.2779888843126304,9.338321913253548,9.991900695866374,10.938535085851008,12.684344910688589
Below 2?C,AFR,Industrials,1.0168655121915837,4.214211537615239,4.508550122109291,4.936940596136361,5.728720324096554
Below 2?C,AFR,Oil & Gas,0.9015628597772438,3.699397613180586,3.9579386522962405,4.332670336319332,5.024042076380609
Below 2?C,AFR,Technology,0.04396228401816498,0.1305186140408562,0.1418818614838197,0.15607381923826671,0.1789932898412574
Below 2?C,AFR,Telecommunications,0.08204152249168264,0.24357118945393477,0.26477705128507256,0.29126179490829696,0.3340336459385066
Below 2?C,AFR,UK Real Estate,-0.538057365748506,-1.9870600048536735,-2.147910631733372,-2.364378166648515,-2.749843751835486
Below 2?C,AFR,Utilities,0.6110157190327079,5.747669814813227,6.104626988915735,6.7089091991846495,8.051243156303132
Below 2?C,AFR,FTSE,-0.9563103591230221,-4.039773787218692,-4.32206843886314,-4.733371227240861,-5.5005031255493675
Below 2?C,ROW,Basic Materials,1.1335250881908872,4.820875008083028,4.833615262114088,5.061183099457053,5.419843783533164
Below 2?C,ROW,Consumer Goods,1.0571302250028325,4.487144473482991,4.499461611168067,4.711510749630967,5.0450676030174595
Below 2?C,ROW,Consumer Services,0.23414777610526902,0.9824323078644847,0.9857694282203945,1.0325306083576824,1.1054673711652256
Below 2?C,ROW,Financials,-0.22011442000690304,-0.5864706025174509,-0.608016715012557,-0.6460023935748426,-0.6880705108970251
Below 2?C,ROW,Government,0.2970054950049512,1.4037543440350897,1.3996229476813349,1.4619647210742572,1.5663252719936194
Below 2?C,ROW,Health Care,1.8001941048185188,7.609497537549313,7.63224620272097,7.992821940904693,8.558643938396662
Below 2?C,ROW,Industrials,0.8481830195368051,3.5109532378302286,3.5250407844007645,3.693934344094929,3.9538862977942637
Below 2?C,ROW,Oil & Gas,0.7679285888260554,3.273067768426182,3.2813866698599354,3.4357799259784225,3.6794478613963357
Below 2?C,ROW,Technology,0.0562294955809485,0.17894872069162102,0.182771701261884,0.19302519351215575,0.2058910733565887
Below 2?C,ROW,Telecommunications,0.1049343438228602,0.3339504718957108,0.34108484067215794,0.36021969987832153,0.38422974381043823
Below 2?C,ROW,UK Real Estate,-0.45523924001153276,-1.3996254642926547,-1.433919868236839,-1.5159797235073351,-1.6174076450402741
Below 2?C,ROW,Utilities,0.6219330964821265,4.405015711671278,4.323521079781936,4.486494469269152,4.831484987198361
Below 2?C,ROW,FTSE,-0.8004328122649004,-3.4157086606383715,-3.4244643447878573,-3.585695625497177,-3.8402309976094564
Current Policies,EU27,Basic Materials,1.4533812167468307,1.7248202525466918,2.020915296257048,2.3300744498111317,2.6228240956356745
Current Policies,EU27,Consumer Goods,1.3532405342476528,1.6030563765968044,1.8782526215760307,2.1656513668557515,2.43771441339712
Current Policies,EU27,Consumer Services,0.28033536534699127,0.33142436877810383,0.38827977368639294,0.44767323559770456,0.5038749731665113
Current Policies,EU27,Financials,-0.433239150528436,-0.49743622780748925,-0.580943031857972,-0.6686529793389302,-0.7511185664878626
Current Policies,EU27,Government,0.20986572858727168,0.24258245035085899,0.2844622848547264,0.32830042209210014,0.3696412776994064
Current Policies,EU27,Health Care,2.2358911913530117,2.652023938154733,3.107268472645809,3.582630632825759,4.032716521396279
Current Policies,EU27,Industrials,1.008030233680681,1.192308286973668,1.3970403876003112,1.6108860088039807,1.8132631711117126
Current Policies,EU27,Oil & Gas,0.9781949507217591,1.1609266117422665,1.3603252034309914,1.5685135774119334,1.7656625470405003
Current Policies,EU27,Technology,0.06315092116476656,0.0729135872327741,0.08527083982215754,0.09822900079001712,0.11042638960631253
Current Policies,EU27,Telecommunications,0.11785096781980009,0.13606985716290795,0.15913071123109981,0.18331296832347985,0.20607548786178267
Current Policies,EU27,UK Real Estate,-0.45879601604964376,-0.5280596090879136,-0.6182456784879444,-0.7127897128094182,-0.8018114361642412
Current Policies,EU27,Utilities,0.8806213960019309,1.0417748050857105,1.2294133214215062,1.4247277247161791,1.6103233900932001
Current Policies,EU27,FTSE,-1.0133145687370753,-1.1983916079097827,-1.4044741274424997,-1.6197127499485517,-1.8234447865275998
Current Policies,CHN,Basic Materials,2.1604218313762216,2.843453012602606,3.3015914562307507,3.7748351044813515,4.21824799815955
Current Policies,CHN,Consumer Goods,2.3010736075256806,3.028412924977051,3.516364897649861,4.020405996411272,4.492668854647733
Current Policies,CHN,Consumer Services,0.5457481279109786,0.7176079779779367,0.8332573358860053,0.9527327667440029,1.0646742846182502
Current Policies,CHN,Financials,-0.2217371459805101,-0.2784162414138668,-0.32375478951418724,-0.3708632578635536,-0.4149941440611437
Current Policies,CHN,Government,0.3390148221880846,0.4690952256057132,0.5443700861979955,0.621599778110059,0.6938067668680109
Current Policies,CHN,Health Care,3.695828599096114,4.861995638280021,5.6454733093459035,6.454829492778185,7.213167129489364
Current Policies,CHN,Industrials,1.7968730397337558,2.377004192450907,2.7599848164490943,3.1553091387222802,3.525618718996651
Current Policies,CHN,Oil & Gas,1.459058255994367,1.923565178418678,2.233443812727089,2.553469449527995,2.8533126257525696
Current Policies,CHN,Technology,0.08861218468486537,0.11382081614018703,0.13229648476829006,0.15143513881662735,0.16935582975075902
Current Policies,CHN,Telecommunications,0.16536626122192932,0.21241009779037878,0.24688901573456662,0.2826051836188015,0.3160484134503444
Current Policies,CHN,UK Real Estate,-0.4476640753187445,-0.6102748122173308,-0.7086079664036596,-0.8096761965684599,-0.9041615459288789
Current Policies,CHN,Utilities,1.2273419490273034,2.0983525184258003,2.427091152358156,2.756188302492668,3.0631077214655256
Current Policies,CHN,FTSE,-1.8586028905512773,-2.4664984961685694,-2.8635566966270765,-3.2732616098573084,-3.6570688530895934
Current Policies,USA,Basic Materials,0.8614868190383743,1.0302887989608032,1.2087288544675026,1.3942650968536168,1.569963902970939
Current Policies,USA,Consumer Goods,0.7501619326659356,0.8919178787356455,1.046837104603088,1.2080330488912996,1.3605871286387607
Current Policies,USA,Consumer Services,0.14327164300801204,0.16973407515227992,0.1992277329874761,0.22993350063243365,0.2589794532885651
Current Policies,USA,Financials,-0.2521214313043867,-0.28927170674475344,-0.33855791603816715,-0.39024291152780005,-0.43886776612411993
Current Policies,USA,Government,0.2929998814077262,0.33928145867834003,0.3999444175284185,0.46317995957362673,0.5229139550865107
Current Policies,USA,Health Care,1.222376997287496,1.458325986834202,1.7111940746723235,1.9741994651987325,2.2231898988155896
Current Policies,USA,Industrials,0.5260912514085707,0.6265896793525896,0.7351883764937448,0.8481786699720927,0.9551165407245134
Current Policies,USA,Oil & Gas,0.5773794259564937,0.6905026931165376,0.8101189031809995,0.9344904488720088,1.0522687887452853
Current Policies,USA,Technology,0.03855264249228439,0.044476920852608126,0.052188938222404516,0.06025563508948766,0.06785645253091831
Current Policies,USA,Telecommunications,0.07194615923134588,0.0830019273107446,0.0973939376585001,0.11244784368806249,0.12663233498561757
Current Policies,USA,UK Real Estate,-0.5671052753372465,-0.653602029209247,-0.7680076378446855,-0.8875858877679845,-1.0003310202921925
Current Policies,USA,Utilities,0.24829384064779833,0.29537760544437713,0.3511940551077727,0.4088655548684921,0.4637210122199512
Current Policies,USA,FTSE,-0.47957480237372163,-0.5674354994241521,-0.6659330048068189,-0.768509697641124,-0.8655202711713235
Current Policies,GBR,Basic Materials,1.2314062979237463,1.4820676773449153,1.734591802467125,1.9978086989627875,2.2468386074912075
Current Policies,GBR,Consumer Goods,0.9885237932266212,1.183891621420715,1.3857369649306992,1.596250424549372,1.7953092851965395
Current Policies,GBR,Consumer Services,0.1781497110909158,0.21227601735865986,0.24841681945876118,0.2861391935518663,0.32178387712738005
Current Policies,GBR,Financials,-0.24332122885039764,-0.27954782520070554,-0.3263781742710617,-0.3755678626750977,-0.4217976103414191
Current Policies,GBR,Government,0.292013153837201,0.33770282846356786,0.3950476130839075,0.45514503077959506,0.5116953073926045
Current Policies,GBR,Health Care,1.64150737048789,1.970254543494995,2.305788651477849,2.6556691657229696,2.986562915483407
Current Policies,GBR,Industrials,0.6971093530423865,0.8306612090134441,0.9723616872815215,1.120240522908246,1.259982043067586
Current Policies,GBR,Oil & Gas,0.9097008162406957,1.0939447507022624,1.2807201964946755,1.475393401083536,1.6595753543753415
Current Policies,GBR,Technology,0.04599421423311019,0.05306243012418338,0.06198084321981895,0.07133992026513572,0.08013966617021401
Current Policies,GBR,Telecommunications,0.0858334694333401,0.0990240305234769,0.11566739209844368,0.13313311179575243,0.14955501906731886
Current Policies,GBR,UK Real Estate,-0.2648201252349241,-0.30474672029335664,-0.3561246975999278,-0.4100447394927931,-0.4607465831113256
Current Policies,GBR,Utilities,2.8554375392077542,3.4092943208350777,4.000848369908253,4.6171483876851545,5.200256014816629
Current Policies,GBR,FTSE,-0.8705728419516967,-1.0374519631971648,-1.2151661054433103,-1.4005598855543995,-1.5758019428353298
Current Policies,CHE,Basic Materials,1.018211474660693,1.1824688959112635,1.379779359654892,1.5867248892169499,1.7814806047857856
Current Policies,CHE,Consumer Goods,0.9162187926319052,1.0632076986669927,1.2407024199705416,1.426891959916858,1.602111150634962
Current Policies,CHE,Consumer Services,0.2015504059986831,0.23381454783041197,0.27285641344555306,0.3138143548051048,0.3523592882151255
Current Policies,CHE,Financials,-0.18122798848351732,-0.20880822442129937,-0.2436189107397731,-0.28019452489362356,-0.31458744443826675
Current Policies,CHE,Government,0.2608387733691293,0.3015094316432556,0.3522303459234085,0.4054546039742284,0.45554884126661443
Current Policies,CHE,Health Care,1.567537829831312,1.8199212161133658,2.123595792340519,2.4421153692410673,2.741861271854256
Current Policies,CHE,Industrials,1.1276875724288533,1.3117588397281297,1.532322794320397,1.7635287077914765,1.9813382297191335
Current Policies,CHE,Oil & Gas,0.7083304858675336,0.8225509138628524,0.9598323216379934,1.1038245581653636,1.2393389141818698
Current Policies,CHE,Technology,0.05958858679636582,0.06891498327126164,0.0804001351958039,0.09246070009543944,0.1038001375275171
Current Policies,CHE,Telecommunications,0.11120301169706354,0.12860774357690305,0.15004110107826468,0.17254828259929314,0.19370971067119291
Current Policies,CHE,UK Real Estate,-1.0243708098243685,-1.176293538782456,-1.37324111759181,-1.5801522160275316,-1.7746131192242998
Current Policies,CHE,Utilities,2.23772006352013,2.596378109075233,3.0323240227472716,3.489883908121526,3.9208064424230513
Current Policies,CHE,FTSE,-0.9091586819205897,-1.0556443007024479,-1.2323644161422656,-1.4177337548878286,-1.5922524330256014
Current Policies,RUS,Basic Materials,1.3215271793894752,2.034614780630759,2.301023637810921,2.585033889392592,2.885073491951163
Current Policies,RUS,Consumer Goods,1.1634849339538418,1.7951681959728885,2.0297870848253194,2.279948893289765,2.5444930449103897
Current Policies,RUS,Consumer Services,0.26176169289030854,0.40262390316510915,0.4553667306417722,0.5115965707486113,0.5709871880753709
Current Policies,RUS,Financials,-0.12111464594967868,-0.16100107741842687,-0.18455048754758968,-0.20950941386287814,-0.23440868150168018
Current Policies,RUS,Government,0.2579451801765653,0.40297069855188794,0.4548887050969292,0.5103569191257111,0.5694640799606205
Current Policies,RUS,Health Care,2.1086594318115104,3.259623036389689,3.6851452525528274,4.138862779404842,4.618958843945701
Current Policies,RUS,Industrials,0.9310733356603481,1.4329904408639758,1.6206973641236946,1.820803514656793,2.032175682504314
Current Policies,RUS,Oil & Gas,0.8919626912737227,1.381889032444426,1.561925072692987,1.753926721850119,1.9573040503505674
Current Policies,RUS,Technology,0.05256826496383689,0.07378816400779178,0.08414280450742097,0.09514158606963849,0.10635068046827162
Current Policies,RUS,Telecommunications,0.09810182952726795,0.13770197459631223,0.15702559461324772,0.17755129761232127,0.19846948215971366
Current Policies,RUS,UK Real Estate,-0.3864229367501822,-0.5600981106411801,-0.6365601543038125,-0.7179460510897139,-0.80205370890608
Current Policies,RUS,Utilities,0.84075519393908,1.8587649696526067,2.0428617340340445,2.24372835848851,2.491156736137936
Current Policies,RUS,FTSE,-0.9452145913695021,-1.5036446048861718,-1.6954153486388315,-1.9002618039333885,-2.119712553819602
Current Policies,IND,Basic Materials,2.954361990425534,4.1714977455752,4.843250912566129,5.5313583378919615,6.1765406193243635
Current Policies,IND,Consumer Goods,2.9887518971756637,4.22004735227188,4.899628841613381,5.595751587731587,6.248441767084197
Current Policies,IND,Consumer Services,0.6837542049001878,0.9651967305717402,1.1206318350059215,1.2798530694527503,1.429134156648369
Current Policies,IND,Financials,-0.45966127169610105,-0.5766638436880865,-0.6708963257700001,-0.768834624986972,-0.8606631282336703
Current Policies,IND,Government,0.1485502575615358,0.22035219215175783,0.2556359251479368,0.29153722089832257,0.3250979442980789
Current Policies,IND,Health Care,5.107167155466841,7.211395161314166,8.372673991972999,9.562219956195651,10.677556171341104
Current Policies,IND,Industrials,2.2440060545516447,3.165494358756226,3.6753306108197528,4.197622648514573,4.687286381782267
Current Policies,IND,Oil & Gas,2.0132025406284377,2.8433617215584173,3.3012343467596454,3.7702411425637488,4.209996883534724
Current Policies,IND,Technology,0.058000999994925806,0.07952101870392217,0.09237067381451193,0.10557125504232262,0.11792425973718892
Current Policies,IND,Telecommunications,0.10824028941848446,0.14840051171735422,0.1723802773803535,0.19701493424343247,0.2200678609770612
Current Policies,IND,UK Real Estate,-0.3843539876886183,-0.5143755500746052,-0.5976611577813293,-0.6834806355962757,-0.7637889889244815
Current Policies,IND,Utilities,0.7771584704793978,1.265610895392129,1.4673048287739423,1.6707106568384675,1.861764469868708
Current Policies,IND,FTSE,-2.281954957485792,-3.2187636929996355,-3.7372081652111526,-4.268339917127195,-4.766347343907927
Current Policies,TUR,Basic Materials,1.5694745171126,1.9640303503256111,2.3128493349459474,2.6802082294576883,3.036757218391626
Current Policies,TUR,Consumer Goods,1.4318595670144236,1.7898805293212674,2.1082113471085595,2.4434981992379603,2.768898913496129
Current Policies,TUR,Consumer Services,0.33282573071720073,0.41530703930792057,0.48921425299414945,0.5670646870007483,0.6425941898177161
Current Policies,TUR,Financials,-0.1457167585614573,-0.17055136355801004,-0.20022946263773267,-0.23152310545454818,-0.2613261811293131
Current Policies,TUR,Government,0.46871886027910986,0.5700082501108156,0.677496616074211,0.7911758032529076,0.9016906452308762
Current Policies,TUR,Health Care,2.6259037340533946,3.2837387816044163,3.867110880809118,4.481507780558465,5.077744402455251
Current Policies,TUR,Industrials,1.2330209524788793,1.5421383954791328,1.8193478334821374,2.1114460450047416,2.395282285179692
Current Policies,TUR,Oil & Gas,1.0647648683521924,1.3332591110289471,1.5705039065985495,1.820390725079724,2.063041367606835
Current Policies,TUR,Technology,0.10050363825929634,0.11971071091629808,0.14136390596356235,0.16422443037607626,0.18620676017542362
Current Policies,TUR,Telecommunications,0.1875578506189308,0.22340169992252223,0.2638104532018764,0.30647230004736714,0.3474952779233019
Current Policies,TUR,UK Real Estate,-0.2443436259501187,-0.2926338740179808,-0.3464417913796668,-0.4032964326725463,-0.45817570251324763
Current Policies,TUR,Utilities,1.0175554537917175,1.3304500391860992,1.6017760211869834,1.8899757309447354,2.178271537587451
Current Policies,TUR,FTSE,-1.2333465773328773,-1.5448046046748702,-1.8226202093387551,-2.1154587389254935,-2.400331427695145
Current Policies,RASIA,Basic Materials,1.918692302325466,2.469089563144096,2.8695732228496085,3.28464710827807,3.674678755425642
Current Policies,RASIA,Consumer Goods,1.8940128470443807,2.4364839762280717,2.831779048536912,3.241480237254986,3.6264307011498658
Current Policies,RASIA,Consumer Services,0.4401067461044472,0.5655664295575282,0.6573427823424678,0.7524744713497848,0.841852721401035
Current Policies,RASIA,Financials,-0.2612658421449619,-0.31575950709643336,-0.3675932120236565,-0.4217266958032672,-0.4725043618480899
Current Policies,RASIA,Government,0.3244698129014782,0.4288299579578598,0.4983831747795604,0.5701678957771376,0.6374205582952579
Current Policies,RASIA,Health Care,3.2259922521627744,4.150360941572156,4.823614884933146,5.521415238907941,6.177107523112343
Current Policies,RASIA,Industrials,1.5347463317202799,1.976815586400952,2.2975955790577185,2.630002621853532,2.942314443478921
Current Policies,RASIA,Oil & Gas,1.293710234780424,1.6657089229678412,1.9358944929549124,2.2159049150996197,2.4790248730903164
Current Policies,RASIA,Technology,0.1054045981360389,0.12994954909928885,0.15125252554681537,0.17343916450043909,0.1942496953597069
Current Policies,RASIA,Telecommunications,0.19670392250619834,0.24250921200563985,0.28226439443968676,0.32366864991413963,0.3625048403825198
Current Policies,RASIA,UK Real Estate,-0.7587635770413831,-0.9573250538485135,-1.113564476257403,-1.2757897365217055,-1.4278199591643594
Current Policies,RASIA,Utilities,1.181947779122762,1.7076222534985468,1.983128054214553,2.2646901439655918,2.529393919150811
Current Policies,RASIA,FTSE,-1.526661024659753,-1.968086132604518,-2.2874094742804085,-2.618280217279164,-2.9291675612901003
Current Policies,LAM,Basic Materials,1.5702407598228503,2.8284687146212573,3.048205976015292,3.2655797678023464,3.4810441897408397
Current Policies,LAM,Consumer Goods,1.3850301437907933,2.4836577401310755,2.6782972455162315,2.8710419409993904,3.0619139862972116
Current Policies,LAM,Consumer Services,0.3179864800143778,0.5677277693201499,0.6125927400008758,0.6570655188869711,0.7010665419347348
Current Policies,LAM,Financials,-0.2697891288740489,-0.3805042215917604,-0.4258727594191526,-0.4726565655260044,-0.5173568725792752
Current Policies,LAM,Government,0.24538157223399026,0.4520975843817628,0.4850883569821951,0.5175225633348028,0.5498421337805726
Current Policies,LAM,Health Care,2.600127535247054,4.6729119894534765,5.037571644991949,5.398502779877071,5.756092441122417
Current Policies,LAM,Industrials,1.1887612420310711,2.132214959032986,2.2993341044889837,2.464818272537215,2.6286893330280923
Current Policies,LAM,Oil & Gas,1.0602509845436225,1.9094857613787968,2.0578841601955133,2.2046924540158517,2.350205702549749
Current Policies,LAM,Technology,0.06657184681979351,0.09777571114485267,0.10874326653949695,0.11999282629759006,0.1307861206410857
Current Policies,LAM,Telecommunications,0.1242350298706549,0.18246704838438754,0.2029344777430781,0.2239281779233002,0.24407040484388884
Current Policies,LAM,UK Real Estate,-0.32020827106753047,-0.4998684513214142,-0.5499469838828528,-0.6008725787150525,-0.6501263489086724
Current Policies,LAM,Utilities,0.5385683966364407,1.1982940384347667,1.2543662864780738,1.3056428264801212,1.3601957636055195
Current Policies,LAM,FTSE,-1.1564735511211035,-2.0684148447403925,-2.2312071236037148,-2.3925099130121046,-2.552165129385011
Current Policies,MEA,Basic Materials,0.9633461424195177,1.166165939101579,1.3772361563911852,1.5996492632309463,1.8136891686139607
Current Policies,MEA,Consumer Goods,0.9930152236587275,1.2012012384318784,1.4196865753978878,1.6500117883174383,1.8718579971165594
Current Policies,MEA,Consumer Services,0.2239157421961212,0.2707428662351558,0.3200179122415162,0.37196691939494503,0.42200453532046683
Current Policies,MEA,Financials,-0.20947017882160718,-0.24588878635090974,-0.2888173057584297,-0.33404307586421456,-0.37708641374871327
Current Policies,MEA,Government,0.17643337642457088,0.21371925911640222,0.254109967366122,0.2967875082706623,0.33815107280715606
Current Policies,MEA,Health Care,1.5955453799513317,1.9304536196706898,2.2799671218898596,2.6482823451619013,3.0027199197466916
Current Policies,MEA,Industrials,0.7995123192256743,0.9669613638590082,1.1414692758982017,1.3253039348991575,1.5020483099313517
Current Policies,MEA,Oil & Gas,0.6471807003113469,0.7836060287396619,0.9255753228509593,1.0751813663536807,1.2191831593824178
Current Policies,MEA,Technology,0.055935764975348745,0.06641393151517397,0.07821816972547874,0.09065691829808335,0.10254477264105971
Current Policies,MEA,Telecommunications,0.10438618972613833,0.12394033153308964,0.14596916138705596,0.1691821016056775,0.19136697418996262
Current Policies,MEA,UK Real Estate,-0.4191154451219075,-0.4987705664380869,-0.5902539495408733,-0.6868774915326646,-0.7798668010554913
Current Policies,MEA,Utilities,0.4145922711364219,0.5336138752931269,0.6531635805271812,0.7803794391673494,0.9077006289593191
Current Policies,MEA,FTSE,-0.729835366920831,-0.8834211901097807,-1.0445297231220356,-1.2143867996551891,-1.3780675198644847
Current Policies,AFR,Basic Materials,1.317739292849907,1.6089486202329324,1.9107876687412564,2.2295508741594534,2.5387871312601553
Current Policies,AFR,Consumer Goods,1.211213891428328,1.477638593539767,1.754805949781583,2.0475081342177837,2.3313994978935644
Current Policies,AFR,Consumer Services,0.26415054862654663,0.3218843591053312,0.3822057086556506,0.4459084337205998,0.5076733954052738
Current Policies,AFR,Financials,-0.09810894251149091,-0.11534290471631625,-0.13594065412728407,-0.15767571970882913,-0.1784645297682312
Current Policies,AFR,Government,0.45133399899918236,0.5583614424356318,0.6717869139142049,0.7920451913418919,0.9102985949186064
Current Policies,AFR,Health Care,2.277932036267262,2.781853540497702,3.304445751138015,3.856378474548251,4.391940111785149
Current Policies,AFR,Industrials,1.0168401359409935,1.2419298244761094,1.4760177418689773,1.7232798736929764,1.9633025409573588
Current Policies,AFR,Oil & Gas,0.9015403609464959,1.101211999875725,1.3080666754211345,1.5265322904588488,1.738525025530531
Current Policies,AFR,Technology,0.04396118692329612,0.051989085155226517,0.06142838273796569,0.07139622633635519,0.08096565886613326
Current Policies,AFR,Telecommunications,0.08203947511549714,0.09702097591931612,0.11463640155598227,0.13323818904347826,0.15109646987802342
Current Policies,AFR,UK Real Estate,-0.538043938330247,-0.6443270166084706,-0.7657775000215192,-0.8942386248002395,-1.0185756287335808
Current Policies,AFR,Utilities,0.6110004709120713,0.8090326045623517,0.9984347729255062,1.200272938694026,1.4041728204657822
Current Policies,AFR,FTSE,-0.9562864940484137,-1.169375295386777,-1.3906770067377907,-1.624490705543708,-1.8516795869710718
Current Policies,ROW,Basic Materials,1.133496800657931,1.496871656466287,1.7435605075842016,1.9987832778415335,2.2419019097903177
Current Policies,ROW,Consumer Goods,1.0571038439316145,1.395168636253826,1.6251851194099922,1.863166495889336,2.0898432661888724
Current Policies,ROW,Consumer Services,0.23414193286191953,0.30831536266675214,0.35915959910259637,0.4117766729748846,0.46188191437097453
Current Policies,ROW,Financials,-0.2201089269710849,-0.26966587729791924,-0.31433915693952197,-0.36094608551048374,-0.4050058638376813
Current Policies,ROW,Government,0.29699808312424764,0.39878807452543447,0.4649840171615245,0.5333061329031298,0.5984665404323705
Current Policies,ROW,Health Care,1.80014918031654,2.37434715210933,2.7656996841996406,3.1706417708376664,3.556330916139362
Current Policies,ROW,Industrials,0.8481618528194839,1.1142576683570096,1.2979673963344955,1.4881381491278127,1.6691837048739036
Current Policies,ROW,Oil & Gas,0.7679094248873909,1.0144315189853428,1.1816329278597402,1.3546124046035173,1.5193953583913897
Current Policies,ROW,Technology,0.05622809235333057,0.07056684495058776,0.08226011636748118,0.09442333096684766,0.10594613794754433
Current Policies,ROW,Telecommunications,0.10493172514794945,0.13169041432853157,0.15351216020401928,0.176210904512044,0.19771453311522416
Current Policies,ROW,UK Real Estate,-0.45522787934987735,-0.5686245006711408,-0.6628171129048189,-0.7608603920118338,-0.853719280647796
Current Policies,ROW,Utilities,0.6219175759143446,0.9170034436497798,1.0701243761571082,1.22669358144396,1.37743688827073
Current Policies,ROW,FTSE,-0.8004128371714575,-1.0570040036535817,-1.231404727939331,-1.4118299810401886,-1.583698659408625
Delayed transition,EU27,Basic Materials,1.4509863300005468,1.7269400450943173,4.197617289513213,4.932116861473969,4.794967334960068
Delayed transition,EU27,Consumer Goods,1.3510106596747185,1.6050301114755745,3.8504424982100236,4.521167244557102,4.400359281186008
Delayed transition,EU27,Consumer Services,0.2798734277333438,0.3318332448606147,0.7809907183873134,0.9162957088229975,0.8933982318533503
Delayed transition,EU27,Financials,-0.432525257512883,-0.4980681178526113,-0.7600114271057451,-0.873708208795095,-0.8979034599619681
Delayed transition,EU27,Government,0.2095199110921083,0.2428885447205502,0.49642764908689613,0.5768580239154926,0.5692683836203097
Delayed transition,EU27,Health Care,2.2322068818830636,2.6552850409061097,6.4265699848401665,7.549582320013439,7.34241877352552
Delayed transition,EU27,Industrials,1.0063691978707514,1.1937785240680483,2.8344028658302616,3.3262763900066084,3.240471750301354
Delayed transition,EU27,Oil & Gas,0.9765830775973705,1.162353333336554,2.834598031743717,3.330765993370234,3.2370744599773635
Delayed transition,EU27,Technology,0.06304686085191094,0.07300569441739861,0.12791881520993426,0.14803238745254485,0.14917805372155332
Delayed transition,EU27,Telecommunications,0.11765677257521023,0.13624174572210784,0.2387194976225276,0.27625503806097224,0.27839305720797525
Delayed transition,EU27,UK Real Estate,-0.45804001034004405,-0.5287287744551936,-0.9573321190163859,-1.10754225072559,-1.1099000140991007
Delayed transition,EU27,Utilities,0.8791703049285923,1.0430592132306724,3.203869874900285,3.771660214853987,3.584584962601182
Delayed transition,EU27,FTSE,-1.011644825381016,-1.1998695523378915,-2.872448509064903,-3.3712127728562997,-3.281199682953073
Delayed transition,CHN,Basic Materials,2.1568618805864856,2.8466040414208598,8.323713232947389,9.977455539156907,9.664854992839741
Delayed transition,CHN,Consumer Goods,2.2972818902381666,3.031769097898898,8.863494155199685,10.624347158614105,10.291563411699409
Delayed transition,CHN,Consumer Services,0.5448488422017077,0.7184039651567274,2.0933332680619814,2.508862331564087,2.430838303308402
Delayed transition,CHN,Financials,-0.2213717667214769,-0.27873965054023,-0.6688061618962505,-0.7947651679987313,-0.7818128622543582
Delayed transition,CHN,Government,0.33845619235642266,0.4695896871312425,1.6406825955480855,1.977287590278957,1.8935756212697112
Delayed transition,CHN,Health Care,3.6897385995650045,4.867386095946178,14.209359149404884,17.031284918004104,16.499658563999805
Delayed transition,CHN,Industrials,1.7939121459379455,2.379624976340753,7.106888362827581,8.52436482985451,8.245454034517659
Delayed transition,CHN,Oil & Gas,1.456654014602588,1.925693251068833,5.668950186324513,6.796816310559308,6.58084910173161
Delayed transition,CHN,Technology,0.08846616921128156,0.11395005920907997,0.3040819843732614,0.36298363097692266,0.3539996309791995
Delayed transition,CHN,Telecommunications,0.16509377010760937,0.21265128858335697,0.5674716297716993,0.677392687618346,0.6606269290973844
Delayed transition,CHN,UK Real Estate,-0.44692641286073626,-0.610927741372989,-2.0436663212346073,-2.4591346028004324,-2.361653796502686
Delayed transition,CHN,Utilities,1.2253195305915792,2.1001426270958143,11.731079953521501,14.297098678000571,13.400057636614452
Delayed transition,CHN,FTSE,-1.8555402780873915,-2.4692093145766973,-7.4569475281180075,-8.948258907080058,-8.648875271096637
Delayed transition,USA,Basic Materials,0.8600672579891189,1.0315452988507376,2.8414663363443347,3.347864774373178,3.197139045399093
Delayed transition,USA,Consumer Goods,0.7489258131610134,0.8930120085180139,2.3981748706951778,2.8210987963236067,2.700038330407816
Delayed transition,USA,Consumer Services,0.143035559484292,0.16994304039665967,0.4457889031944562,0.5238201814822142,0.5024210691547284
Delayed transition,USA,Financials,-0.2517059847117601,-0.28963943210477416,-0.5001997763713837,-0.5772061817239251,-0.5813880355020318
Delayed transition,USA,Government,0.29251707515939945,0.33970880627159805,0.8839789011551479,1.0329189690343825,0.9906550138551687
Delayed transition,USA,Health Care,1.2203627601169358,1.4601088539989768,3.978202865227683,4.684124925154659,4.477610155249496
Delayed transition,USA,Industrials,0.5252243563704234,0.6273569964895228,1.6843514252801974,1.982183592642103,1.8975196689241782
Delayed transition,USA,Oil & Gas,0.5764280180816245,0.6913448153279658,1.9061522896692287,2.2458855976077747,2.1446109559684867
Delayed transition,USA,Technology,0.03848911531065088,0.044533150837766,0.0924567901653309,0.10741659202759687,0.10562545569977805
Delayed transition,USA,Telecommunications,0.07182760609387319,0.08310686256820599,0.17254098596705245,0.20045866468563506,0.19711608241070824
Delayed transition,USA,UK Real Estate,-0.5661707972443669,-0.6544291663172043,-1.4399248062387213,-1.674775341664533,-1.6350065726545175
Delayed transition,USA,Utilities,0.2478847011726905,0.29573974816850324,1.1718313777992477,1.3841375852193176,1.2844771850178738
Delayed transition,USA,FTSE,-0.47878455730599795,-0.5681349711665872,-1.468237997848657,-1.7244276065245385,-1.656378544035864
Delayed transition,GBR,Basic Materials,1.2293771822394326,1.4838637139685893,3.74486281099447,4.4238202495871075,4.2977327536724115
Delayed transition,GBR,Consumer Goods,0.9868949001987589,1.1853334078879447,2.9056559723024096,3.426916255292853,3.336838992432429
Delayed transition,GBR,Consumer Services,0.17785615536236377,0.21253585313029408,0.498746401704596,0.5870866397918238,0.5739243407586843
Delayed transition,GBR,Financials,-0.24292028326272325,-0.2799027152472071,-0.42045244652444125,-0.483315802481642,-0.4981843659194777
Delayed transition,GBR,Government,0.29153197352207993,0.33812873689019385,0.6087619546509101,0.705552260570002,0.7085415189927438
Delayed transition,GBR,Health Care,1.638802488795316,1.9726487227032685,4.87374239559966,5.75203792707229,5.598483080357493
Delayed transition,GBR,Industrials,0.6959606537671555,0.8316779602927584,1.97325643674063,2.3230109294005303,2.2683483066186376
Delayed transition,GBR,Oil & Gas,0.9082018079950993,1.0952715719027946,2.7783012783419667,3.281493101507483,3.185879262137564
Delayed transition,GBR,Technology,0.04591842480305329,0.053129513826271846,0.08584345645664215,0.09909447551989077,0.10107292609449596
Delayed transition,GBR,Telecommunications,0.08569203273664627,0.099149220767265,0.16019931677665722,0.18492809970490606,0.18862024402679997
Delayed transition,GBR,UK Real Estate,-0.2643837536892026,-0.3051329670133952,-0.49378209234431586,-0.5694853873610001,-0.580313359935127
Delayed transition,GBR,Utilities,2.850732339058825,3.4134590472991833,8.998075492592822,10.613121052225694,10.251430429338743
Delayed transition,GBR,FTSE,-0.8691383089215178,-1.0387217152768462,-2.5233413541397542,-2.9718279017706006,-2.8943241134080195
Delayed transition,CHE,Basic Materials,1.016533662165608,1.1839539825981018,1.9626354713078986,2.2732000252914837,2.308324963279555
Delayed transition,CHE,Consumer Goods,0.9147090440415917,1.0645440264977335,1.7549865816386598,2.031767176453884,2.0651819105214844
Delayed transition,CHE,Consumer Services,0.2012182905217025,0.23410851409589264,0.3849628884678317,0.44557989515041474,0.4531533000895422
Delayed transition,CHE,Financials,-0.18092936035851212,-0.20907254993685018,-0.31106420843676713,-0.3578596467265224,-0.3698685545845833
Delayed transition,CHE,Government,0.26040896230919497,0.3018898714628629,0.5035919411250563,0.5824716216488646,0.5919066530311929
Delayed transition,CHE,Health Care,1.5649548354113307,1.8222075089121907,3.010716457091255,3.4864596430222945,3.542100702745221
Delayed transition,CHE,Industrials,1.1258293648298834,1.3134036000185056,2.344887867507421,2.7214376944862058,2.7365046167347042
Delayed transition,CHE,Oil & Gas,0.7071632963696601,0.8235840314426696,1.3651948179471725,1.5814410911919468,1.6064861097265075
Delayed transition,CHE,Technology,0.059490396510772446,0.06900189470286604,0.10620810669161494,0.12253077753067276,0.12608537747685586
Delayed transition,CHE,Telecommunications,0.11101977097825455,0.1287699359272325,0.19820341387037113,0.2286644510224347,0.23529797332335106
Delayed transition,CHE,UK Real Estate,-1.0226828479548584,-1.1777876090123793,-1.7494329746622992,-2.0101765824063986,-2.076595208991785
Delayed transition,CHE,Utilities,2.2340327404281095,2.5996418792820197,4.399111843305759,5.112314946930165,5.212533299867993
Delayed transition,CHE,FTSE,-0.9076605670058564,-1.0569703311866294,-1.7854226779665385,-2.0697017306041032,-2.099406184480321
Delayed transition,RUS,Basic Materials,1.319349562195648,2.0365422607949957,7.661959234128705,8.952144154078592,8.213687637189796
Delayed transition,RUS,Consumer Goods,1.1615677393350314,1.796865167602802,6.786361846052823,7.928945064398651,7.272188775272564
Delayed transition,RUS,Consumer Services,0.26133036104029944,0.40300568908572565,1.5128759721046392,1.7674127594629532,1.6217427842627454
Delayed transition,RUS,Financials,-0.12091507280464038,-0.16117772613311637,-0.4181888253394504,-0.4851956742266464,-0.460195643010761
Delayed transition,RUS,Government,0.25752013718980143,0.40334691799406447,1.5484366140149382,1.807026847152279,1.6528809866621128
Delayed transition,RUS,Health Care,2.105184775288168,3.2626985684645007,12.371955992507589,14.456722392728935,13.256195831390336
Delayed transition,RUS,Industrials,0.9295391097011175,1.4343484344141078,5.394505449896924,6.302675189941835,5.782909828405167
Delayed transition,RUS,Oil & Gas,0.8904929119736344,1.3831899821497995,5.264537286361325,6.151472338795391,5.638569800160066
Delayed transition,RUS,Technology,0.052481642789567406,0.0738648361259036,0.22513362985994526,0.26201830144325494,0.24457780394110565
Delayed transition,RUS,Telecommunications,0.09794017698310824,0.13784505854754545,0.4201398123481715,0.48897323811035603,0.4564261355190189
Delayed transition,RUS,UK Real Estate,-0.38578618765846445,-0.5606617180774918,-1.8395391533626717,-2.1421473219493734,-1.9847629378318818
Delayed transition,RUS,Utilities,0.8393697945355145,1.8599912319532022,10.961093236276984,12.837313437980203,11.421389108738076
Delayed transition,RUS,FTSE,-0.9436570633987386,-1.5050232238084502,-6.001138249303938,-7.013882714071654,-6.40442723356217
Delayed transition,IND,Basic Materials,2.9494937822134912,4.175806755804678,15.878358770889744,19.190892410044256,18.327398115958914
Delayed transition,IND,Consumer Goods,2.983827021152772,4.224406521033201,16.06345282900488,19.41447804089452,18.540733590089285
Delayed transition,IND,Consumer Services,0.68262751228564,0.9661940030362896,3.670814754650684,4.436435056494716,4.236887513061614
Delayed transition,IND,Financials,-0.45890384021516506,-0.5773342710521848,-1.4044518310779943,-1.6698512666040488,-1.642285781522987
Delayed transition,IND,Government,0.14830547591795054,0.22056885638637044,0.9482791950609184,1.1490730040506851,1.0894808315788869
Delayed transition,IND,Health Care,5.098751547234979,7.218844091265159,27.4512445411898,33.17813494677119,31.68513094474092
Delayed transition,IND,Industrials,2.240308373381212,3.16876729723682,12.01489539198094,14.519790652144179,13.868071798466536
Delayed transition,IND,Oil & Gas,2.0098851783104292,2.846298027390165,10.832235821835937,13.092385101794177,12.50279926208491
Delayed transition,IND,Technology,0.057905425740519274,0.07960561460080548,0.2751650946757068,0.3314284045267399,0.31788160049909003
Delayed transition,IND,Telecommunications,0.10806193068400015,0.14855838286376666,0.5135075169077915,0.6185049642354318,0.5932241934077462
Delayed transition,IND,UK Real Estate,-0.38372064781853454,-0.5149361398974022,-1.6319167468065436,-1.9602675408387837,-1.8902054079393376
Delayed transition,IND,Utilities,0.7758778659832979,1.266744400294397,6.742893511294643,8.21494645149636,7.7325354807923254
Delayed transition,IND,FTSE,-2.2781947439779193,-3.2220919808962676,-12.21953234885752,-14.767447340979455,-14.104921383347675
Delayed transition,TUR,Basic Materials,1.5668883314124187,1.9663194678308655,7.051478377503765,8.608751370203601,8.59962749587913
Delayed transition,TUR,Consumer Goods,1.4295001437192345,1.7919689320090333,6.425108897097232,7.845163531426208,7.840563381955648
Delayed transition,TUR,Consumer Services,0.3322772992925116,0.415792473890054,1.481940539397228,1.8093120368895421,1.8093406525914613
Delayed transition,TUR,Financials,-0.14547664596761806,-0.17076389506406173,-0.3810993802866952,-0.4566432984053089,-0.4703316370195666
Delayed transition,TUR,Government,0.46794650367144125,0.5706918881924848,2.202898081377671,2.7112153651798567,2.748662130862433
Delayed transition,TUR,Health Care,2.6215767605262577,3.2875687273214034,11.763697036935215,14.360944215387983,14.348772876979696
Delayed transition,TUR,Industrials,1.2309891761610383,1.5439367871165177,5.743340184054845,7.024605020372481,7.024533842331136
Delayed transition,TUR,Oil & Gas,1.0630103450091477,1.334812096994981,4.83134515975759,5.9007417912074835,5.894697732643395
Delayed transition,TUR,Technology,0.10033802800615212,0.11985729796513041,0.35840137163733415,0.43640369973012244,0.44508407973098096
Delayed transition,TUR,Telecommunications,0.18724879212455023,0.22367525769897437,0.6688413682074564,0.8144077303187582,0.8306068793616636
Delayed transition,TUR,UK Real Estate,-0.2439409956528615,-0.2929902552560074,-0.9622734099454062,-1.177072281321595,-1.198749732216451
Delayed transition,TUR,Utilities,1.0158787222901584,1.331934169050231,8.11270930772091,10.097485331532909,10.119744915301276
Delayed transition,TUR,FTSE,-1.2313142644492414,-1.546603471244179,-5.80655210858586,-7.105716014600683,-7.1067368881760045
Delayed transition,RASIA,Basic Materials,1.915530674314805,2.4718880234494787,6.752989788648926,8.076915541982187,7.86870557238417
Delayed transition,RASIA,Consumer Goods,1.8908918859280457,2.4392464409358903,6.656758009509471,7.961003737234804,7.756138359990944
Delayed transition,RASIA,Consumer Services,0.4393815366404398,0.5662083361611102,1.5380316061600925,1.8389777055332461,1.7922247614195308
Delayed transition,RASIA,Financials,-0.26083532735957754,-0.31614056980644095,-0.6222762731730508,-0.7320062455085915,-0.7337526620418028
Delayed transition,RASIA,Government,0.3239351503879318,0.42930320522663723,1.3076663601316711,1.5685298565516852,1.5155718010701276
Delayed transition,RASIA,Health Care,3.220676450637821,4.155066131274647,11.341068754400986,13.563833594255117,13.215076463645637
Delayed transition,RASIA,Industrials,1.532217371247699,1.9790540519865718,5.437437842227038,6.50389781608057,6.333115947734291
Delayed transition,RASIA,Oil & Gas,1.291578454447014,1.667595831428522,4.568158320558996,5.4642871371371,5.322454178769955
Delayed transition,RASIA,Technology,0.10523091206375128,0.13010328431964235,0.2910035701522065,0.3445097865032338,0.34099101179422203
Delayed transition,RASIA,Telecommunications,0.1963797930819812,0.24279610955475678,0.5430649584980032,0.6429171738741157,0.6363505079039569
Delayed transition,RASIA,UK Real Estate,-0.7575132837162172,-0.9584317293425189,-2.3903707382784667,-2.844614082202642,-2.7896847997914707
Delayed transition,RASIA,Utilities,1.1800001613619124,1.709346153646007,7.056041791954789,8.546826194588343,8.129663466007985
Delayed transition,RASIA,FTSE,-1.524145387184947,-1.9703128055692802,-5.433803451775354,-6.500861386521321,-6.32894348182297
Delayed transition,LAM,Basic Materials,1.567653311505201,2.8307589497105066,5.481196938930983,7.003330531802483,6.572309865689741
Delayed transition,LAM,Consumer Goods,1.382747886186011,2.4856778409437275,4.79915255269874,6.1285441449566065,5.754677782721621
Delayed transition,LAM,Consumer Services,0.31746250075985816,0.5681915604871286,1.0934900589006284,1.3956788759793153,1.311328338886684
Delayed transition,LAM,Financials,-0.2693445693864299,-0.3808977157268351,-0.5945088478424678,-0.7290984226860029,-0.7173069681632857
Delayed transition,LAM,Government,0.2449772316051491,0.45245547949018483,0.8512013752914364,1.0937511495055678,1.0242326703032034
Delayed transition,LAM,Health Care,2.5958430358321327,4.676704339945268,9.042736671972241,11.550671396386731,10.843106357229068
Delayed transition,LAM,Industrials,1.1868023970217703,2.133948796785068,4.125734819364821,5.268338278457122,4.946812842975143
Delayed transition,LAM,Oil & Gas,1.0585038991943974,1.9110321637333554,3.700135762305,4.727549501673536,4.436684139429057
Delayed transition,LAM,Technology,0.06646214949345733,0.097872807834382,0.16229854071318264,0.20073190460737078,0.19529520130722974
Delayed transition,LAM,Telecommunications,0.12403031494587602,0.18264824825640957,0.30287824383251033,0.37460180776411145,0.36445594236970136
Delayed transition,LAM,UK Real Estate,-0.31968063073779884,-0.5003354830257432,-0.8440188635083716,-1.0578103511843946,-1.0178496092742166
Delayed transition,LAM,Utilities,0.5376809417139399,1.1990795537974404,2.459365839263793,3.2230678298444864,2.957204924926704
Delayed transition,LAM,FTSE,-1.1545679098839012,-2.0701015900945663,-3.982023575020119,-5.084123381615448,-4.775929561365265
Delayed transition,MEA,Basic Materials,0.961758737214345,1.1675710033407158,3.78921272562047,4.625906049206626,4.681824417812631
Delayed transition,MEA,Consumer Goods,0.9913789296358,1.2026495757617792,3.965680442358473,4.846205234872168,4.908181781191848
Delayed transition,MEA,Consumer Services,0.22354677303848325,0.27106945289812745,0.8939503135142773,1.0925470025274304,1.1068250384379603
Delayed transition,MEA,Financials,-0.20912501311475679,-0.24619430380145832,-0.5686865986793416,-0.682391319009769,-0.7002710529270609
Delayed transition,MEA,Government,0.176142648878396,0.21397659157136154,0.814138961300052,1.0018478816122567,1.0164787371184596
Delayed transition,MEA,Health Care,1.5929162345904933,1.9327807621759359,6.264233137817598,7.647286775847606,7.7413941032777265
Delayed transition,MEA,Industrials,0.7981948799779796,0.9681274724040343,3.09017627102988,3.7684080577455306,3.813138093149283
Delayed transition,MEA,Oil & Gas,0.6461142736479449,0.7845499578407671,2.5584430456963307,3.1240963874857757,3.1617998632482442
Delayed transition,MEA,Technology,0.05584359382256438,0.06649551521556459,0.17933072482997825,0.21716450963113215,0.22170158179501442
Delayed transition,MEA,Telecommunications,0.10421418179085637,0.12409258137952132,0.33466336026829857,0.4052680018612335,0.4137349938816147
Delayed transition,MEA,UK Real Estate,-0.4184248251984356,-0.4993818567086136,-1.5669020622591032,-1.9145056614251026,-1.955419553736271
Delayed transition,MEA,Utilities,0.4139091045151557,0.5342185684022238,3.820765395220086,4.791001197348325,4.838162233214591
Delayed transition,MEA,FTSE,-0.7286327416033522,-0.8844856730919226,-2.95401067467531,-3.612109543406402,-3.6580578636594057
Delayed transition,AFR,Basic Materials,1.3155679173490122,1.6108705756707136,6.194126601730857,7.626080493723193,7.721869807852443
Delayed transition,AFR,Consumer Goods,1.2092180488633681,1.4794051790378075,5.666708444902184,6.975261084127625,7.063281293397934
Delayed transition,AFR,Consumer Services,0.2637152804115456,0.3222696292312813,1.2246688049866348,1.5070569331550652,1.526533492205824
Delayed transition,AFR,Financials,-0.09794727824653046,-0.11548599904201337,-0.30216381317355917,-0.3657491091552444,-0.37530135172313756
Delayed transition,AFR,Government,0.4505902892278603,0.55901972426599,2.8602037098341437,3.5571226837392613,3.6019833059869075
Delayed transition,AFR,Health Care,2.274178451743304,2.7851759608639743,10.76655402205614,13.258396785560256,13.425036659442421
Delayed transition,AFR,Industrials,1.0151645831427363,1.2434129110314172,4.860886284286764,5.988069478204294,6.063132849943391
Delayed transition,AFR,Oil & Gas,0.9000547995282027,1.1025269188498374,4.264763352644395,5.251851131765492,5.317463491881167
Delayed transition,AFR,Technology,0.04388874752288253,0.05205320363656573,0.1516296836590906,0.1846547094942364,0.18908744095768631
Delayed transition,AFR,Telecommunications,0.0819042901761555,0.09714063252830281,0.28296823925672043,0.34459887243135245,0.35287114595353686
Delayed transition,AFR,UK Real Estate,-0.5371573476120116,-0.6451117670356985,-2.3152065071898273,-2.846907967755244,-2.904256371103771
Delayed transition,AFR,Utilities,0.6099936621595571,0.8099237639016296,6.707766508385451,8.428428066614192,8.48888432546284
Delayed transition,AFR,FTSE,-0.9547107217569751,-1.1707700629536897,-4.662497466295915,-5.74803763855859,-5.8195758822530586
Delayed transition,ROW,Basic Materials,1.131629020591991,1.4985248896601007,5.082929545401132,6.126197146290597,5.878972058970967
Delayed transition,ROW,Consumer Goods,1.0553619444519002,1.3967104484257542,4.731391488246517,5.702027236217113,5.472208878095245
Delayed transition,ROW,Consumer Services,0.23375611295087398,0.3086568644824136,1.0363780820918724,1.2486061150002357,1.1989066764645466
Delayed transition,ROW,Financials,-0.21974623069713567,-0.26998691162647853,-0.633132438575257,-0.7517664745694389,-0.7410050080036811
Delayed transition,ROW,Government,0.2965086886248898,0.3992212535950492,1.474596490205433,1.7809901495999678,1.7005854425040827
Delayed transition,ROW,Health Care,1.7971828880846066,2.3769727143314627,8.025083555203011,9.670650426799869,9.282940200054046
Delayed transition,ROW,Industrials,0.8467642486970308,1.1154947334532623,3.7057623957887564,4.462985314569199,4.288247372501193
Delayed transition,ROW,Oil & Gas,0.7666440610015648,1.0155515339252432,3.450846239729978,4.159366084840829,3.991201812211108
Delayed transition,ROW,Technology,0.05613543950245141,0.07064885501770873,0.19119230496458114,0.2284349630697412,0.2225510388855093
Delayed transition,ROW,Telecommunications,0.10475881827745608,0.13184345985190493,0.35679920045798985,0.42630069340412624,0.4153202334694113
Delayed transition,ROW,UK Real Estate,-0.4544777532286425,-0.5692884618225565,-1.4985760644420256,-1.7887300494670682,-1.7465923611370364
Delayed transition,ROW,Utilities,0.6208927779173181,0.9179105258574408,4.583091731567792,5.5802694690280585,5.2613942480285925
Delayed transition,ROW,FTSE,-0.7990939140470839,-1.0581714256263641,-3.6015393700950566,-4.341000861115552,-4.165314282085243
Fragmented World,EU27,Basic Materials,1.4503556571716922,1.7245398469595035,2.4451325141707247,2.72889427946646,3.059471645991551
Fragmented World,EU27,Consumer Goods,1.3504234413826282,1.602795291478708,2.260149627099097,2.524772768691204,2.829094710808472
Fragmented World,EU27,Consumer Services,0.2797517804354054,0.33137028276004876,0.4640228563761922,0.5189122654225345,0.5810909331648422
Fragmented World,EU27,Financials,-0.4323372599266429,-0.49735264156253317,-0.6158611890844875,-0.7021989869985658,-0.7782386255298355
Fragmented World,EU27,Government,0.20942884302875192,0.24254196027008926,0.3182315016769869,0.36009215271713757,0.40025915549439917
Fragmented World,EU27,Health Care,2.231236650668835,2.6515925603612294,3.7531531614968796,4.189889784896028,4.696674028170509
Fragmented World,EU27,Industrials,1.0059317783749433,1.1921138044068629,1.6743235904594644,1.8718626239499263,2.0966048966646036
Fragmented World,EU27,Oil & Gas,0.9761586046720054,1.1607378853940917,1.647245027424239,1.838341329929749,2.0611467071127363
Fragmented World,EU27,Technology,0.06301945746342835,0.07290140331920299,0.0931098895021483,0.10566050984163078,0.11733436036001357
Fragmented World,EU27,Telecommunications,0.11760563292760653,0.13604711979059883,0.17375978669880396,0.19718149973902652,0.21896700272774086
Fragmented World,EU27,UK Real Estate,-0.45784092273799243,-0.5279710920733837,-0.6737941306807643,-0.7654543212312354,-0.8494226807009205
Fragmented World,EU27,Utilities,0.8787881725736619,1.041604903922278,1.5629495761239403,1.7423385348339027,1.9568277575491022
Fragmented World,EU27,FTSE,-1.011205112827818,-1.1981961058189488,-1.6856790869386864,-1.8845261074184076,-2.1109566544961234
Fragmented World,CHN,Basic Materials,2.1559243981612184,2.8430361953593235,4.755699835290236,5.078529477757645,5.733856766394658
Fragmented World,CHN,Consumer Goods,2.2962833740988766,3.0279689713270046,5.064428176295388,5.408265513868574,6.106020430399731
Fragmented World,CHN,Consumer Services,0.5446120230439353,0.7175026850083421,1.1980773709732964,1.2798072026211345,1.4447653015165463
Fragmented World,CHN,Financials,-0.22127554723583462,-0.2783734609417485,-0.42447196109592783,-0.46153557159723785,-0.5180621712519047
Fragmented World,CHN,Government,0.33830908199441345,0.4690298183683097,0.8594001536597464,0.9033373510074043,1.0236312625195827
Fragmented World,CHN,Health Care,3.688134850561854,4.861282589991978,8.125279271285931,8.678312625712845,9.797690812325339
Fragmented World,CHN,Industrials,1.7931324200201988,2.376657515863921,4.017573022547276,4.282911962326354,4.8375969173309175
Fragmented World,CHN,Oil & Gas,1.4560208783082904,1.9232836775417577,3.2280723019098367,3.445274408645503,3.890535348797676
Fragmented World,CHN,Technology,0.0884277172920313,0.11380371990184825,0.1821186807907246,0.19619206706432366,0.22079492438872986
Fragmented World,CHN,Telecommunications,0.16502201191604873,0.21237819313725345,0.33986618711789723,0.36612965504923906,0.41204300822501844
Fragmented World,CHN,UK Real Estate,-0.446732155796241,-0.610188442924501,-1.0934512666703826,-1.1545444392299304,-1.306608284242612
Fragmented World,CHN,Utilities,1.2247869440891208,2.0981157233331347,5.097725485659888,5.149518676497883,5.9131177663529755
Fragmented World,CHN,FTSE,-1.8547337654331784,-2.4661399098397587,-4.192459703961366,-4.464680524828922,-5.044860927424462
Fragmented World,USA,Basic Materials,0.8596934287948764,1.0301225894938282,1.4443094398145708,1.5943683131646396,1.777820653422446
Fragmented World,USA,Consumer Goods,0.7486002917198922,0.8917731475427613,1.2390901200048416,1.3725253738310028,1.5291752063074815
Fragmented World,USA,Consumer Services,0.14297338891861425,0.16970643328604268,0.23410397144703735,0.2599000776471185,0.2894034080838337
Fragmented World,USA,Financials,-0.25159658042438965,-0.28922306413318455,-0.3620710695245396,-0.41203440026606397,-0.45626679547841625
Fragmented World,USA,Government,0.29238993228598664,0.33922492925381914,0.46050614972859405,0.517651029207153,0.5746204299399721
Fragmented World,USA,Health Care,1.2198323280803005,1.4580901496458991,2.0368839215686285,2.2517651119935542,2.5100156989156757
Fragmented World,USA,Industrials,0.5249960670173354,0.6264881788484093,0.8720526018619253,0.9651754839414667,1.0756656102654802
Fragmented World,USA,Oil & Gas,0.5761774729997873,0.6903912974172538,0.9682443659045004,1.0688451380003512,1.191845044001068
Fragmented World,USA,Technology,0.03847238597369493,0.04446948276531819,0.057697784631679586,0.06525695734182357,0.07235198995051992
Fragmented World,USA,Telecommunications,0.07179638614466456,0.08298804650315415,0.1076744350594773,0.12178120980442782,0.1350218157089133
Fragmented World,USA,UK Real Estate,-0.5659247104750224,-0.653492615735414,-0.8548821345121589,-0.9664181646522274,-1.0714984273748127
Fragmented World,USA,Utilities,0.24777695781047818,0.29532970130238073,0.45347931376391004,0.49899687734484555,0.5570678992144167
Fragmented World,USA,FTSE,-0.4785764530634389,-0.5673429734904801,-0.7795914606055373,-0.8662927877319176,-0.9644514434042468
Fragmented World,GBR,Basic Materials,1.2288428320741547,1.481830098104137,2.1464692658942033,2.378116099957812,2.6695874998207527
Fragmented World,GBR,Consumer Goods,0.9864659452281839,1.1837009022952059,1.6930668208859665,1.8803162247320544,2.1083537672207124
Fragmented World,GBR,Consumer Services,0.17777884998579868,0.21224164635278037,0.29889228698648135,0.3328609948254764,0.37276304167723506
Fragmented World,GBR,Financials,-0.24281469769030006,-0.2795008804409512,-0.34560453333306634,-0.39398436874479514,-0.4366076701121799
Fragmented World,GBR,Government,0.29140525882419394,0.33764648941162123,0.4332708962423918,0.4909264322729337,0.5450578710128448
Fragmented World,GBR,Health Care,1.6380901814632813,1.969937842114247,2.831230815411061,3.141214553470109,3.5239441555446582
Fragmented World,GBR,Industrials,0.6956581536917186,0.8305267134280999,1.1730428507868196,1.306252860556213,1.463003397190565
Fragmented World,GBR,Oil & Gas,0.9078070570649379,1.0937692391512635,1.584247178511754,1.7556692363665158,1.9704101708345416
Fragmented World,GBR,Technology,0.0458984663084291,0.05305355631014156,0.06674803213060136,0.07584586440480712,0.08414593290268224
Fragmented World,GBR,Telecommunications,0.08565478659891299,0.09900747039175128,0.12456382332309186,0.1415420133289023,0.15703143276101283
Fragmented World,GBR,UK Real Estate,-0.264268838995387,-0.3046956276812738,-0.38160638919084117,-0.4341857455769582,-0.4814121085839425
Fragmented World,GBR,Utilities,2.849493265063839,3.408743411940265,4.926437400396225,5.471266586539419,6.128688899681857
Fragmented World,GBR,FTSE,-0.8687605369848568,-1.0372840007340995,-1.4708239999158685,-1.6369649612801147,-1.8330511268423393
Fragmented World,CHE,Basic Materials,1.0160918246740418,1.1822724490443681,1.4949684169517827,1.6912949879471926,1.8782471324137513
Fragmented World,CHE,Consumer Goods,0.9143114647340155,1.063030929581511,1.3439588507170819,1.5214326900314692,1.6897371003611958
Fragmented World,CHE,Consumer Services,0.20113083076699845,0.23377566205200034,0.2957224182052852,0.3348790492760878,0.37196904877376813
Fragmented World,CHE,Financials,-0.18085071920996304,-0.2087732595133041,-0.2601375191633573,-0.29627385626736297,-0.3288784515315177
Fragmented World,CHE,Government,0.2602957752628923,0.30145910716639784,0.3841874552991681,0.4362423473243662,0.4849602684645856
Fragmented World,CHE,Health Care,1.564274626044314,1.8196187859177992,2.2994536829705052,2.6019704600602136,2.8894692266913635
Fragmented World,CHE,Industrials,1.125340021839088,1.3115412712799697,1.6943037892727195,1.9144357884801944,2.1295029829348575
Fragmented World,CHE,Oil & Gas,0.7068559270531045,0.8224142533476866,1.0413825850546499,1.1783994246047924,1.3090337699544259
Fragmented World,CHE,Technology,0.059464538943487764,0.06890348665050046,0.08679804539118247,0.09860606447853382,0.10953328926930388
Fragmented World,CHE,Telecommunications,0.11097151611080751,0.12858628881649145,0.16198075127881004,0.18401663692881115,0.20440880213281215
Fragmented World,CHE,UK Real Estate,-1.022238337712823,-1.1760959035749017,-1.4534247349361387,-1.6579862532578402,-1.8378851762890815
Fragmented World,CHE,Utilities,2.233061715602424,2.5959463784314463,3.3831908535921498,3.841882737282044,4.2903182492404195
Fragmented World,CHE,FTSE,-0.9072660513266957,-1.0554688937471948,-1.3497922773670041,-1.5282678500995603,-1.6998540427616753
Fragmented World,RUS,Basic Materials,1.3187761054349367,2.034359814073842,4.711806521445786,4.939218677678335,5.8184915645712305
Fragmented World,RUS,Consumer Goods,1.1610628626198438,1.7949437210227988,4.170200590199134,4.370241400001626,5.149409683005858
Fragmented World,RUS,Consumer Services,0.261216773507009,0.4025734006263721,0.9313163887532755,0.9764193641905901,1.150156308495162
Fragmented World,RUS,Financials,-0.12086251693320293,-0.1609777103740317,-0.2911227424073291,-0.3138574626130771,-0.36261483925843885
Fragmented World,RUS,Government,0.257408205774563,0.40292093234541965,0.9539825575841574,0.9984570069714251,1.178297483533494
Fragmented World,RUS,Health Care,2.104269754374435,3.259216205835295,7.591112854225873,7.953021673528711,9.37248146938999
Fragmented World,RUS,Industrials,0.9291350844889394,1.432810805842969,3.3176654848893326,3.47800497151629,4.096998365043995
Fragmented World,RUS,Oil & Gas,0.8901058582349068,1.3817169431678378,3.2283788472798816,3.3813559732631164,3.985826195099956
Fragmented World,RUS,Technology,0.0524588315849153,0.07377802184066119,0.14807616433515286,0.15767174987812146,0.18374192047958574
Fragmented World,RUS,Telecommunications,0.09789760717579898,0.13768304748978577,0.2763367335911139,0.2942438206482613,0.34289544409162653
Fragmented World,RUS,UK Real Estate,-0.3856185052611373,-0.5600235568013242,-1.1865911216072642,-1.2560528604329306,-1.4702539740490543
Fragmented World,RUS,Utilities,0.8390049615168781,1.8586027600058044,6.143927832066553,6.254537580647858,7.533127719691253
Fragmented World,RUS,FTSE,-0.9432469018022185,-1.5034622415464933,-3.640248204622529,-3.8000461161467545,-4.490737718513159
Fragmented World,IND,Basic Materials,2.9482117814469375,4.170927750862771,8.073648336266853,8.475544694833292,9.663155922101902
Fragmented World,IND,Consumer Goods,2.9825300974055704,4.219470722602368,8.167278278704204,8.573730317318319,9.774945989314467
Fragmented World,IND,Consumer Services,0.6823308074750387,0.9650648116387663,1.8669130245719021,1.9598681889072243,2.2342984440391116
Fragmented World,IND,Financials,-0.4587043771484934,-0.5765751597369572,-0.8871903283463805,-0.9662834331734482,-1.0866256890465298
Fragmented World,IND,Government,0.1482410147772093,0.2203235318651664,0.4555202809095633,0.47189802745786597,0.5385036124332954
Fragmented World,IND,Health Care,5.096535369180482,7.210409818866779,13.957602004564244,14.652266317537293,16.705346681708345
Fragmented World,IND,Industrials,2.239334620844655,3.1650614153356496,6.115853914524223,6.421317890675356,7.319765260135866
Fragmented World,IND,Oil & Gas,2.0090115794729564,2.8429733078139523,5.505949241503927,5.77974004912435,6.589872454996831
Fragmented World,IND,Technology,0.05788025708255004,0.07950982838147017,0.14530842387869905,0.1534094374176685,0.17400618409459878
Fragmented World,IND,Telecommunications,0.10801496144514042,0.14837962856463277,0.2711716325054771,0.2862895796118688,0.32472681037660006
Fragmented World,IND,UK Real Estate,-0.38355386321040547,-0.5143013954038528,-0.8983253778178426,-0.95496989257026,-1.0803367463863238
Fragmented World,IND,Utilities,0.7755406298023165,1.2654609556689909,3.0131251388511595,3.086747980328748,3.559927137843523
Fragmented World,IND,FTSE,-2.277204524088069,-3.218323427973214,-6.220288643295572,-6.531639547347867,-7.4462900886672765
Fragmented World,TUR,Basic Materials,1.5662072816492063,1.963727546478639,4.412476844989614,5.044953409085185,6.044973255823435
Fragmented World,TUR,Consumer Goods,1.4288788098852436,1.7896042759762851,4.025863573631341,4.605721723075429,5.519948668471778
Fragmented World,TUR,Consumer Services,0.3321328745932734,0.415242826152158,0.9311547691541407,1.0658410560790759,1.2771875756826523
Fragmented World,TUR,Financials,-0.14541341438097408,-0.17052324994763932,-0.2869084060495903,-0.33203648831593796,-0.38721685379117565
Fragmented World,TUR,Government,0.4677431102009989,0.5699178186495251,1.4184588080971072,1.6561524960385647,2.009921789129512
Fragmented World,TUR,Health Care,2.620437289259413,3.2832321574166525,7.368473418812045,8.426370555393802,10.095884077197969
Fragmented World,TUR,Industrials,1.2304541253408015,1.541900504717775,3.5781876481089068,4.103356157232353,4.9326104970826155
Fragmented World,TUR,Oil & Gas,1.0625483063754775,1.3330536824636898,3.019083894666162,3.4533450857116197,4.14113591615851
Fragmented World,TUR,Technology,0.10029441597021768,0.11969132042096489,0.24584952792389766,0.28588784701586484,0.3409343723389472
Fragmented World,TUR,Telecommunications,0.1871674042279263,0.22336551377354175,0.4587994010139221,0.5335180997729658,0.6362448085016708
Fragmented World,TUR,UK Real Estate,-0.24383496642665772,-0.29258673200381363,-0.6459588410814427,-0.7530499435250366,-0.9045427567173454
Fragmented World,TUR,Utilities,1.0154371694689397,1.3302537188874537,4.780866394448037,5.587876287958405,6.94613584108887
Fragmented World,TUR,FTSE,-1.230779072329017,-1.5445666510896439,-3.6194719388686054,-4.152352209607293,-4.997220653229857
Fragmented World,RASIA,Basic Materials,1.9146980867678718,2.4687193835687244,3.9952694136802456,4.309108277067882,4.868165064071312
Fragmented World,RASIA,Consumer Goods,1.8900700076580037,2.4361185581406497,3.9398650359665743,4.249713261241925,4.8004605507956235
Fragmented World,RASIA,Consumer Services,0.4391905589648202,0.5654815183249178,0.9124143468590645,0.9845089992635223,1.1118665193037671
Fragmented World,RASIA,Financials,-0.2607219549932292,-0.315709100223801,-0.44233703600727425,-0.4899162068444654,-0.547563484642105
Fragmented World,RASIA,Government,0.32379435161303183,0.42876735693662515,0.7307536284080889,0.7798202103414907,0.8813370779691023
Fragmented World,RASIA,Health Care,3.219276580021571,4.149738540345755,6.712856664409841,7.240848018085902,8.17996505589829
Fragmented World,RASIA,Industrials,1.531551391256044,1.9765194827762633,3.2062873198827564,3.4567698586416515,3.905187601985894
Fragmented World,RASIA,Oil & Gas,1.2910170684293025,1.6654593232249413,2.6990139590542617,2.9105392514201585,3.2884659318398506
Fragmented World,RASIA,Technology,0.10518517333029664,0.1299292130457524,0.1914836632926939,0.2100179495617463,0.23545973638372528
Fragmented World,RASIA,Telecommunications,0.19629443638559327,0.24247126127512472,0.35734292745859625,0.39193123645504085,0.43941018283829814
Fragmented World,RASIA,UK Real Estate,-0.7571840297214288,-0.9571786631122731,-1.4834462760185172,-1.6103778842368168,-1.8100198205954692
Fragmented World,RASIA,Utilities,1.1794872729739048,1.7073942164514104,3.4576927712883516,3.6156965315719014,4.137820463792888
Fragmented World,RASIA,FTSE,-1.5234829156901812,-1.967791588904542,-3.199021621495077,-3.4481525276599054,-3.8963087359296926
Fragmented World,LAM,Basic Materials,1.566971929242537,2.8281657629405768,3.2093681340369486,2.6324480395606127,2.9275906167781334
Fragmented World,LAM,Consumer Goods,1.3821468732729718,2.4833905217397354,2.8184822864996293,2.319064648751039,2.578773973475689
Fragmented World,LAM,Consumer Services,0.31732451532934797,0.5676664191495141,0.6443494290086276,0.5318036494084758,0.5913012388808611
Fragmented World,LAM,Financials,-0.26922749846853133,-0.3804521702935689,-0.43751299808090965,-0.4283351237831347,-0.4742637606163527
Fragmented World,LAM,Government,0.24487075197783142,0.45205024211322764,0.5002128192303436,0.3995346089317,0.4432340241758933
Fragmented World,LAM,Health Care,2.594714749757466,4.672410338351972,5.303369219576853,4.357266781241113,4.845634088739162
Fragmented World,LAM,Industrials,1.1862865520344361,2.1319856074421866,2.4214825356404273,1.9926923436102293,2.2160031058054703
Fragmented World,LAM,Oil & Gas,1.0580438192924324,1.9092812036918916,2.1666900938666127,1.777438507005422,1.9767148578355203
Fragmented World,LAM,Technology,0.06643326164595241,0.0977628672209168,0.11308309206876793,0.10764152308638808,0.11932997668617681
Fragmented World,LAM,Telecommunications,0.12397640503096276,0.1824430793141265,0.21103337209584985,0.2008784264639647,0.22269118142691952
Fragmented World,LAM,UK Real Estate,-0.31954168119461646,-0.4998066724933707,-0.5668153007916535,-0.514155349831044,-0.5698043832874599
Fragmented World,LAM,Utilities,0.5374472380921202,1.198190130674188,1.2922690992661312,0.891267047539516,0.9902512726658943
Fragmented World,LAM,FTSE,-1.1540660756524024,-2.0681917225193027,-2.3454637914182244,-1.9327531011917427,-2.1489012140924246
Fragmented World,MEA,Basic Materials,0.9613407077050835,1.1659800775825098,2.481844246914992,2.8694385613102265,3.4278344218055055
Fragmented World,MEA,Consumer Goods,0.9909480256768219,1.2010096527600203,2.5961539699426037,3.0065034243665982,3.5982778566107383
Fragmented World,MEA,Consumer Services,0.22344960818391613,0.270699665439351,0.5857610584813792,0.6785562461947072,0.8122580063454821
Fragmented World,MEA,Financials,-0.20903411669424718,-0.24584837258484882,-0.417797780151467,-0.4827651607344243,-0.5631447049057123
Fragmented World,MEA,Government,0.17606608827933787,0.21368521924857825,0.5233517992996753,0.6112360146952192,0.74061271923417
Fragmented World,MEA,Health Care,1.5922238717700952,1.9301457858869615,4.106858536056587,4.749323768457216,5.673633230079644
Fragmented World,MEA,Industrials,0.7978479436819412,0.966807111334788,2.0284668296062986,2.34326911893131,2.794428547565265
Fragmented World,MEA,Oil & Gas,0.6458334393572972,0.7834811660524352,1.6741418825004586,1.9359761323211182,2.3136373722784054
Fragmented World,MEA,Technology,0.05581932134214102,0.06640313964526262,0.12537897084268615,0.14508398303092818,0.17126103523788877
Fragmented World,MEA,Telecommunications,0.10416888498035039,0.12392019196441541,0.23397969159482304,0.27075278554900784,0.3196038692760483
Fragmented World,MEA,UK Real Estate,-0.41824295638084924,-0.4986897051257656,-1.0661564526045584,-1.2439987619719552,-1.4900980588303125
Fragmented World,MEA,Utilities,0.41372919846060796,0.5335338866515424,2.232804231010573,2.6442429282097133,3.316918651708426
Fragmented World,MEA,FTSE,-0.7283160405684479,-0.883280380587644,-1.9288357151860205,-2.2347392707345293,-2.6772760325935687
Fragmented World,AFR,Basic Materials,1.3149961042844573,1.6086943844853419,3.948523865831172,4.598718157336128,5.572904431930532
Fragmented World,AFR,Consumer Goods,1.2086924608879255,1.4774049100859536,3.614468863020183,4.209949471084476,5.100322388074595
Fragmented World,AFR,Consumer Services,0.2636006562703867,0.3218333956768512,0.7829751035581246,0.9120439981740607,1.1044539088222232
Fragmented World,AFR,Financials,-0.09790470535264913,-0.11532397623745859,-0.21605333411088512,-0.2513492316654796,-0.2970287420645297
Fragmented World,AFR,Government,0.45039443965541015,0.5582743650924343,1.7507656411735506,2.0616750559086383,2.5456373849063616
Fragmented World,AFR,Health Care,2.273189977539359,2.7814140516266166,6.857651647804586,7.988773328050473,9.684888057415037
Fragmented World,AFR,Industrials,1.0147233407228962,1.241733642186075,3.0899589748490457,3.601546082119067,4.369411952903484
Fragmented World,AFR,Oil & Gas,0.8996635897043699,1.1010380627480318,2.7154738062573784,3.163161219143515,3.8347898691164244
Fragmented World,AFR,Technology,0.04386967122975499,0.05198060357978664,0.105478164658243,0.12302569990806991,0.1466504723627397
Fragmented World,AFR,Telecommunications,0.08186869038495644,0.09700514777531141,0.19684121085735748,0.22958806512174057,0.273676136157809
Fragmented World,AFR,UK Real Estate,-0.5369238715709531,-0.6442232100333461,-1.533145456789777,-1.7968189669608927,-2.1745417834176886
Fragmented World,AFR,Utilities,0.609728527733034,0.8089147222450052,3.8350604780070263,4.543959605387051,5.72957953259933
Fragmented World,AFR,FTSE,-0.9542957556755036,-1.1691907959087362,-2.9547576539822047,-3.4461301854337303,-4.186581764946473
Fragmented World,ROW,Basic Materials,1.1311371567743418,1.4966529672247426,2.63936177757782,2.830689433782476,3.232156752484088
Fragmented World,ROW,Consumer Goods,1.0549032302040735,1.394964685755043,2.4575591123548386,2.636084763622433,3.0095458215946214
Fragmented World,ROW,Consumer Services,0.23365451059531167,0.3082701888985672,0.5405539120929572,0.5802073273315899,0.6621595111434135
Fragmented World,ROW,Financials,-0.21965071775254175,-0.26962341096341486,-0.40019583941752895,-0.44105585616188964,-0.4968695012372762
Fragmented World,ROW,Government,0.2963798107922261,0.3987307737147919,0.7311521294266918,0.7801650608191081,0.892297693048647
Fragmented World,ROW,Health Care,1.7964017405351342,2.3739998434458367,4.176348585365573,4.480705138532962,5.115231070435533
Fragmented World,ROW,Industrials,0.8463962016706343,1.1140940297193063,1.9444367507389777,2.0887120248542193,2.3830647737912742
Fragmented World,ROW,Oil & Gas,0.7663108383042316,1.0142833637107924,1.790525775125427,1.9202006170087456,2.1927300566669197
Fragmented World,ROW,Technology,0.05611104017097734,0.07055599668100015,0.11132221496324099,0.12144351296206714,0.13742639202550874
Fragmented World,ROW,Telecommunications,0.10471328474009291,0.13167016950792582,0.2077472589676401,0.22663541994382175,0.2564623445782057
Fragmented World,ROW,UK Real Estate,-0.4542802139656226,-0.5685366720688837,-0.8867782419736502,-0.9693128654137837,-1.09608402593029
Fragmented World,ROW,Utilities,0.6206229061779583,0.9168834550596923,2.0107749258354417,2.1069795544133707,2.4406399543976893
Fragmented World,ROW,FTSE,-0.7987465869848829,-1.056849577389492,-1.866647517008983,-2.002150694987783,-2.286255869432325
Low demand,EU27,Basic Materials,1.4544304368990508,5.6355592244252986,5.691897367016174,5.833099466959363,5.213742713679619
Low demand,EU27,Consumer Goods,1.3542174611701794,5.145113098096898,5.201079832271686,5.333151519482434,4.771505497652086
Low demand,EU27,Consumer Services,0.2805377441250522,1.0363943313988722,1.0492778478031277,1.076762136760863,0.9650818410123835
Low demand,EU27,Financials,-0.4335519131004493,-0.8110219763568463,-0.8673834211187411,-0.9120855337275046,-0.870728853199358
Low demand,EU27,Government,0.21001723415866405,0.6209761393231944,0.6347529708358937,0.6567219461595462,0.5937127913388079
Low demand,EU27,Health Care,2.2375053185132554,8.614844739670593,8.703720399437422,8.921266131616694,7.9767919841158275
Low demand,EU27,Industrials,1.008757947526875,3.7719272842761913,3.816330278798355,3.91493825888125,3.5057407631245168
Low demand,EU27,Oil & Gas,0.9789011259793389,3.8096043814493536,3.8463670906936342,3.9414598523314184,3.5214912799467557
Low demand,EU27,Technology,0.06319651086852346,0.14833135287327615,0.15528186473486255,0.16175421408321894,0.15047384495659374
Low demand,EU27,Telecommunications,0.11793604639998977,0.27681296126348437,0.2897838654818692,0.3018624325194189,0.28081123652072815
Low demand,EU27,UK Real Estate,-0.45912722854933125,-1.1300262065595839,-1.1733760215495825,-1.2216160771956097,-1.125603292719687
Low demand,EU27,Utilities,0.8812571312821964,4.588945223863563,4.533661006994061,4.626286603520578,4.015776230998421
Low demand,EU27,FTSE,-1.014046097432924,-3.833873366463212,-3.8744109117412955,-3.974032918990101,-3.554059501896366
Low demand,CHN,Basic Materials,2.1619814759461784,11.440673291574809,12.20849426599817,12.18072974871241,11.231145390440325
Low demand,CHN,Consumer Goods,2.3027347909598266,12.181700509201043,12.999694778360466,12.970095613039708,11.959128181287008
Low demand,CHN,Consumer Services,0.5461421125911459,2.874398961824306,3.0678487958386387,3.0612049740662863,2.823120311666411
Low demand,CHN,Financials,-0.22189722172621099,-0.8653862966471649,-0.9315256803993808,-0.9369268742386078,-0.8748524553728692
Low demand,CHN,Government,0.3392595626451942,2.3403477712024463,2.493098682664787,2.471108175464946,2.2611285587978727
Low demand,CHN,Health Care,3.6984966794322593,19.521402449875,20.832761668419366,20.78669284875423,19.167965862072272
Low demand,CHN,Industrials,1.7981702323646678,9.813391694689095,10.47005168112222,10.437319017455113,9.61430213864726
Low demand,CHN,Oil & Gas,1.46011157449595,7.804389926237507,8.326801643146295,8.305774306210203,7.655698351590592
Low demand,CHN,Technology,0.08867615529961688,0.406410309010461,0.4358726296270953,0.43625931990879974,0.40457387152482693
Low demand,CHN,Telecommunications,0.16548564188529008,0.7584346730883336,0.8134166580672764,0.8141382916255026,0.7550075507117991
Low demand,CHN,UK Real Estate,-0.4479872514846652,-2.8847114777856273,-3.078286446041129,-3.054969469233266,-2.8017060887291554
Low demand,CHN,Utilities,1.2282279876603521,18.00297831566047,19.012006897691222,18.65611894911609,16.819395891263696
Low demand,CHN,FTSE,-1.8599446469915497,-10.327903550933653,-11.01327258039033,-10.974796417143953,-10.103192772268308
Low demand,USA,Basic Materials,0.8621087407482412,4.016569302107994,4.011440278331932,4.1006941503594865,3.5793554825559446
Low demand,USA,Consumer Goods,0.7507034870827067,3.358437642910053,3.357983426712172,3.4366938791845483,3.0044778674705017
Low demand,USA,Consumer Services,0.1433750731978023,0.6191950489232273,0.6199857943684374,0.6350943507559623,0.5562945872438764
Low demand,USA,Financials,-0.25230344197267046,-0.5769342207213837,-0.6024924504976606,-0.6295181348360395,-0.5829058878018167
Low demand,USA,Government,0.293211402911258,1.2120507254362864,1.2094596267111224,1.2427962750007242,1.0830912305012148
Low demand,USA,Health Care,1.223259451639036,5.600706491910634,5.59676838481908,5.723999430343171,5.0000662834394145
Low demand,USA,Industrials,0.5264710454615861,2.359472071703311,2.3604848548752826,2.415209838507741,2.1129262239996325
Low demand,USA,Oil & Gas,0.5777962457985357,2.695052374458038,2.6914181805923585,2.751274327059071,2.401266418846433
Low demand,USA,Technology,0.038580474288208384,0.11666224639906757,0.11908222457464163,0.12325117272460183,0.1107375605778074
Low demand,USA,Telecommunications,0.07199809836422484,0.2177127172902249,0.22222883146297134,0.2300088379173743,0.20665618881549352
Low demand,USA,UK Real Estate,-0.5675146780985167,-1.860951849446675,-1.8846297262700749,-1.9475744463486364,-1.7324606128238984
Low demand,USA,Utilities,0.24847308811451813,1.7873404042963166,1.7419302756550021,1.77318548205943,1.4942614681227044
Low demand,USA,FTSE,-0.4799210154259819,-2.029523367013924,-2.0342525482793636,-2.0848926105604666,-1.828970043359146
Low demand,GBR,Basic Materials,1.2322952706780828,5.095333382743663,5.177581922684445,5.30408832318704,4.7553005995946895
Low demand,GBR,Consumer Goods,0.9892374250479573,3.9138333988076606,3.98272033569768,4.084726147434205,3.6684562708866784
Low demand,GBR,Consumer Services,0.17827832034004815,0.6613736076348292,0.6751181963072589,0.6934952273432579,0.625278844685224
Low demand,GBR,Financials,-0.2434968865056852,-0.44347500058191963,-0.47700681608507683,-0.5021195293773542,-0.4817075312667319
Low demand,GBR,Government,0.2922239630056346,0.7156447921874899,0.7483594441606983,0.7784364771721745,0.7211205018940318
Low demand,GBR,Health Care,1.6426924020496645,6.582855622371131,6.699030353237728,6.867647660623345,6.168214002775451
Low demand,GBR,Industrials,0.6976126079166656,2.625143859473861,2.6772073259720086,2.749005161913317,2.475034914979336
Low demand,GBR,Oil & Gas,0.9103575444396659,3.7856497960844573,3.8438348835612306,3.9380575611993596,3.527002249460608
Low demand,GBR,Technology,0.04602741822384768,0.09492360393918574,0.10099655328938725,0.1056972119958369,0.10003456093320418
Low demand,GBR,Telecommunications,0.08589543404718449,0.1771445037830713,0.18847771864742047,0.19724999255456244,0.18668246803000466
Low demand,GBR,UK Real Estate,-0.26501130330225303,-0.5469659979061096,-0.5801467522880488,-0.6077974428207413,-0.5735238120218813
Low demand,GBR,Utilities,2.8574989272145768,12.39295032923627,12.50896514320791,12.823101036514508,11.391583714992908
Low demand,GBR,FTSE,-0.8712013230131185,-3.3858561235110116,-3.4436127886288666,-3.535538166737423,-3.1726050178668697
Low demand,CHE,Basic Materials,1.01894653851464,2.2258191875431352,2.35385043210569,2.4570332289449732,2.3126261015636533
Low demand,CHE,Consumer Goods,0.9168802262667941,1.9816671457055008,2.0973003465282027,2.1900836215475503,2.0640971140596807
Low demand,CHE,Consumer Services,0.20169590859994502,0.43365155700024005,0.4591859736904701,0.47953568952763986,0.4523488438085914
Low demand,CHE,Financials,-0.181358819992465,-0.32588652329990353,-0.3514300826338058,-0.3695901632956947,-0.3567271459426977
Low demand,CHE,Government,0.2610270772321116,0.5680395656894228,0.599886543336051,0.6265859465520276,0.590053344986595
Low demand,CHE,Health Care,1.5686694615473915,3.4070580405650945,3.60500034891657,3.7639095047603446,3.5450080799551733
Low demand,CHE,Industrials,1.128501668904552,2.758564803417068,2.8837640487242666,2.9939792349055248,2.7845220143277913
Low demand,CHE,Oil & Gas,0.7088418414648403,1.547359861894202,1.6366209608980165,1.7087815954474344,1.609131064683566
Low demand,CHE,Technology,0.05963160479149925,0.11369278627510547,0.1223935254096347,0.1282615857849534,0.1232472693761744
Low demand,CHE,Telecommunications,0.11128329100679704,0.21217117105373887,0.22840831389883756,0.2393591691152166,0.23000155356773339
Low demand,CHE,UK Real Estate,-1.0251103202051466,-1.8297715372775496,-1.972038459200144,-2.0784401931770122,-1.999811834589606
Low demand,CHE,Utilities,2.239335510973708,4.99533714725964,5.277706852415971,5.529139466936182,5.228241133611819
Low demand,CHE,FTSE,-0.9098150187437473,-2.0386507798193896,-2.1502931515628836,-2.243134620302054,-2.108795627828082
Low demand,RUS,Basic Materials,1.3224812119119445,11.64540015611311,10.771915142666494,9.765221788855579,8.909965743957935
Low demand,RUS,Consumer Goods,1.164324873142158,10.3226611730546,9.54432075212346,8.648388515052652,7.889818228212377
Low demand,RUS,Consumer Services,0.2619506630242934,2.2984041890649394,2.125822652527293,1.9269014132319204,1.7583845063508554
Low demand,RUS,Financials,-0.12120208063356966,-0.5783197041876341,-0.549940203643191,-0.511951369899585,-0.47730654935025685
Low demand,RUS,Government,0.2581313951063379,2.3633555586754844,2.175018128737112,1.9601814205977446,1.7883747775729084
Low demand,RUS,Health Care,2.110181708241487,18.833512215283502,17.412545390713618,15.777611959689718,14.390543707980855
Low demand,RUS,Industrials,0.93174549303772,8.197792331894263,7.58327617783388,6.874602307151452,6.27262602170099
Low demand,RUS,Oil & Gas,0.8926066140242916,8.020151823793483,7.411650594660204,6.712378840876329,6.12161658871905
Low demand,RUS,Technology,0.05260621487149483,0.3259602418975207,0.30567257492781524,0.2806861101624686,0.2590042805792527
Low demand,RUS,Telecommunications,0.09817265087498023,0.6083003900793688,0.5704399575933969,0.5238107239942781,0.483348533524892
Low demand,RUS,UK Real Estate,-0.38670190191626974,-2.7140692359620155,-2.524971288086737,-2.299915710236383,-2.1147886912559635
Low demand,RUS,Utilities,0.8413621491428491,17.877232484558935,16.084260444112576,14.151478030641321,12.723300744735887
Low demand,RUS,FTSE,-0.945896957555338,-9.225216158947221,-8.49351447513094,-7.661836953835249,-6.9747831435013214
Low demand,IND,Basic Materials,2.956494793644393,23.059823059728327,24.3761061309467,24.18108044141281,22.030446707677196
Low demand,IND,Consumer Goods,2.9909095270420534,23.328471044999212,24.66040918464716,24.4628808192172,22.287070208873143
Low demand,IND,Consumer Services,0.6842478184701721,5.329947987440682,5.634750279081778,5.589558289675284,5.092621435029365
Low demand,IND,Financials,-0.459993108838278,-1.8255627442520774,-1.9575631844187258,-1.9711699281121795,-1.8374241829765148
Low demand,IND,Government,0.14865749847125387,1.402936825780899,1.485506452223734,1.46654555369966,1.331216241976157
Low demand,IND,Health Care,5.110854104657133,39.86720872114142,42.143070674947886,41.805718084794385,38.087514472622765
Low demand,IND,Industrials,2.245626039967041,17.43734144184655,18.43690827836723,18.289276558380386,16.66500665656981
Low demand,IND,Oil & Gas,2.0146559051358284,15.734120498972779,16.631484227159795,16.49826112560141,15.030352517530718
Low demand,IND,Technology,0.05804287188465602,0.39127579041073784,0.41609017791301145,0.41310435798026346,0.37802441701873996
Low demand,IND,Telecommunications,0.10831842988956758,0.7301909415391054,0.7764990480411225,0.7709269714614015,0.7054614973697335
Low demand,IND,UK Real Estate,-0.38463145924585485,-2.2758355402768404,-2.4279749799291013,-2.416121200535253,-2.2208189834304046
Low demand,IND,Utilities,0.7777195141472941,10.317229141156037,10.813475860209547,10.665608069093482,9.610188288700067
Low demand,IND,FTSE,-2.28360233884745,-17.737346527878213,-18.75018616573158,-18.60157964350522,-16.948601688316277
Low demand,TUR,Basic Materials,1.5706075469555456,10.092472560700998,9.954071915713243,10.390820875454661,9.501775793025923
Low demand,TUR,Consumer Goods,1.432893250328581,9.19136086984257,9.064724438357477,9.46778923912161,8.658990888868058
Low demand,TUR,Consumer Services,0.33306600316590323,2.1165732533588595,2.08792502213419,2.181958956352157,1.9962996987575563
Low demand,TUR,Financials,-0.14582195392096603,-0.47448759671588875,-0.48281503780071505,-0.5143185332207431,-0.48482767721947184
Low demand,TUR,Government,0.4690572362456242,3.1420344493312555,3.080736132359156,3.2791356970820686,3.0072790358143395
Low demand,TUR,Health Care,2.6277994177761594,16.82642604900283,16.59736842559469,17.328882780862557,15.848332176477134
Low demand,TUR,Industrials,1.2339110908792825,8.254051895096207,8.12748538784672,8.503118861740006,7.770209711918781
Low demand,TUR,Oil & Gas,1.065533539877859,6.924891426133089,6.825779751361546,7.127032006631849,6.515730064001186
Low demand,TUR,Technology,0.10057619351281004,0.48517898905208495,0.4827125512743864,0.5138862353159981,0.4761253939989718
Low demand,TUR,Telecommunications,0.18769325176097734,0.9054311856581729,0.9008283695185526,0.9590040661996381,0.8885355502568446
Low demand,TUR,UK Real Estate,-0.24452002169093284,-1.3289797676491886,-1.314238165742384,-1.4004283280313816,-1.2928045028091577
Low demand,TUR,Utilities,1.0182900440532523,12.356255372187293,11.880852947051372,12.56378051704565,11.379282362228665
Low demand,TUR,FTSE,-1.2342369508072957,-8.36139516442189,-8.221486151909337,-8.603098410386579,-7.860721143001894
Low demand,RASIA,Basic Materials,1.9200774383147803,9.167860556557159,9.720307255164945,9.76301522762853,9.008572606655607
Low demand,RASIA,Consumer Goods,1.895380166523114,9.032475217518867,9.578867201559149,9.620644786578998,8.877920323412557
Low demand,RASIA,Consumer Services,0.44042446650830286,2.0839301892576514,2.2107032927305834,2.2205993276122613,2.049788837750508
Low demand,RASIA,Financials,-0.26145445431601966,-0.7490247898353286,-0.8102837987715578,-0.826078945255505,-0.7821983917163146
Low demand,RASIA,Government,0.3247040530736785,1.8126267657269046,1.9295109623994235,1.924746965259087,1.7691963729244076
Low demand,RASIA,Health Care,3.228321149800141,15.391974256249524,16.320357350568827,16.39256659774778,15.126701902830913
Low demand,RASIA,Industrials,1.535854290706699,7.389969592273109,7.8358165169865215,7.86747490812203,7.257056617217008
Low demand,RASIA,Oil & Gas,1.294644185786412,6.206131905948806,6.579336370334827,6.607679393960576,6.096121856810523
Low demand,RASIA,Technology,0.1054806914742675,0.36861564409129965,0.39570535578585087,0.40051623858152624,0.37480356115284735
Low demand,RASIA,Telecommunications,0.19684592635015621,0.6879030362254768,0.7384573065714717,0.7474352784376095,0.6994508015001806
Low demand,RASIA,UK Real Estate,-0.7593113411287602,-3.1335809758739925,-3.359850953032973,-3.3775864906657835,-3.1419386450715048
Low demand,RASIA,Utilities,1.1828010469470862,10.43427759468482,10.95217140113243,10.869314569306434,9.853022690408093
Low demand,RASIA,FTSE,-1.527763146728089,-7.393071365174323,-7.837329618569807,-7.868581347863437,-7.256807416151734
Low demand,LAM,Basic Materials,1.571374342829194,9.594881442109267,9.881448092574777,9.655635386993989,8.701787692807182
Low demand,LAM,Consumer Goods,1.3860300201629068,8.381099751695157,8.633407537763976,8.438554375523795,7.607384936632454
Low demand,LAM,Consumer Services,0.31821603976038276,1.9051236069793216,1.96300816591005,1.9192152557532038,1.7308427267406956
Low demand,LAM,Financials,-0.2699838941480204,-0.8504872024594028,-0.896836951115684,-0.8978766299336685,-0.8365349706117085
Low demand,LAM,Government,0.2455587172855465,1.5148539518948436,1.560901394575658,1.5223077937230538,1.371579299233834
Low demand,LAM,Health Care,2.602004610701787,15.809709880804792,16.283975920982158,15.914048468155247,14.344669548374942
Low demand,LAM,Industrials,1.189619428607962,7.204330829624178,7.42156299483933,7.253994007911495,6.539439538190432
Low demand,LAM,Oil & Gas,1.0610163974212463,6.476503030739887,6.66996956003012,6.517637631761194,5.873832709826978
Low demand,LAM,Technology,0.06661990614686407,0.24338594857497597,0.25520039984945514,0.2539273539835127,0.23455448403974427
Low demand,LAM,Telecommunications,0.12432471721176679,0.45420191921609077,0.4762498084832083,0.4738740761167891,0.43772081928046563
Low demand,LAM,UK Real Estate,-0.3204394347615706,-1.3398468296576653,-1.3979430080957989,-1.380715935204575,-1.2668374496586854
Low demand,LAM,Utilities,0.5389571981487958,4.750217318724323,4.855334786597792,4.695120518295044,4.181208131696124
Low demand,LAM,FTSE,-1.1573084286751576,-6.945450990074856,-7.156089661786708,-6.995529249557711,-6.308472293780705
Low demand,MEA,Basic Materials,0.9640415980746087,5.2523343152092865,5.2303795618963544,5.537360974073606,5.098911307574728
Low demand,MEA,Consumer Goods,0.9937320979186388,5.510576825021649,5.4779723378913765,5.806854579272709,5.345068360858414
Low demand,MEA,Consumer Services,0.22407739070678329,1.2418790189891316,1.2344377705242382,1.3089340811989514,1.2049822020532894
Low demand,MEA,Financials,-0.20962139883902342,-0.7168780782568105,-0.7303056387640203,-0.7764915106114575,-0.7289064323907177
Low demand,MEA,Government,0.176560746623068,1.1562381149994643,1.1384317720295543,1.2134129221743875,1.1130431999395578
Low demand,MEA,Health Care,1.596697230785192,8.678730989374477,8.642265815929544,9.151413287889499,8.427742169962816
Low demand,MEA,Industrials,0.8000895005099882,4.267421819675497,4.25688732089503,4.503082706685832,4.148819739992785
Low demand,MEA,Oil & Gas,0.6476479108580844,3.549517249623082,3.5335544149117624,3.7413498403463175,3.4445691338180118
Low demand,MEA,Technology,0.05597614593745678,0.23638554694963557,0.238481279711783,0.25326785190846857,0.23584386423481757
Low demand,MEA,Telecommunications,0.10446154785834212,0.44113791173279276,0.4450489256935604,0.4726433267248631,0.4401270344405044
Low demand,MEA,UK Real Estate,-0.41941801155531233,-2.1380284416357465,-2.1240518887023376,-2.2691980982144067,-2.0998023005969304
Low demand,MEA,Utilities,0.41489157221505063,5.853665076893688,5.631236008367251,6.032370806766615,5.459017328688886
Low demand,MEA,FTSE,-0.7303622472506113,-4.114262567272376,-4.087091181094031,-4.333559791325739,-3.9873748476835678
Low demand,AFR,Basic Materials,1.3186905908338769,8.848687365519222,8.709000384992718,9.265381494838536,8.488573653376125
Low demand,AFR,Consumer Goods,1.212088286947475,8.088937566951643,7.962326393112273,8.471445952269436,7.761508582681595
Low demand,AFR,Consumer Services,0.26434124331534914,1.7454091505996032,1.718584761366763,1.8287555485902909,1.6760399084292916
Low demand,AFR,Financials,-0.09817976899418517,-0.3944861286433457,-0.3961894662303425,-0.42341209508127664,-0.39494062544670516
Low demand,AFR,Government,0.45165982454424625,4.23734216052721,4.113937225882166,4.401446600654783,4.0067774837163315
Low demand,AFR,Health Care,2.2795765134149644,15.392426224763906,15.145039615447855,16.1146132687333,14.761629271738954
Low demand,AFR,Industrials,1.017574209802636,6.959003084384112,6.843816703716864,7.28342791503241,6.670021656466131
Low demand,AFR,Oil & Gas,0.9021911979766194,6.098265543952997,6.000134070525348,6.383816652710293,5.847559807143946
Low demand,AFR,Technology,0.04399292323769454,0.20333061427013957,0.2027326470902283,0.2168196542480922,0.2013052608351086
Low demand,AFR,Telecommunications,0.082098700781535,0.3794514670120091,0.37833555279290926,0.4046244397421143,0.3756717935235925
Low demand,AFR,UK Real Estate,-0.5384323612273996,-3.2428969176934657,-3.193901184006039,-3.4197009231214324,-3.149488929231069
Low demand,AFR,Utilities,0.6114415623474844,10.411400269660653,9.978896681184063,10.675923000672466,9.633600782049779
Low demand,AFR,FTSE,-0.956976853225545,-6.6953646319866404,-6.5766599872440015,-7.00147665053838,-6.408279116663889
Low demand,ROW,Basic Materials,1.1343150909124242,7.471327348943631,7.60742885100803,7.704353106766433,6.940365947471203
Low demand,ROW,Consumer Goods,1.0578669848359161,6.952193294136469,7.07928848650922,7.169959542031691,6.459104514999699
Low demand,ROW,Consumer Services,0.23431096383026268,1.5197398081978726,1.548099613223126,1.5682806676164895,1.4133995419143641
Low demand,ROW,Financials,-0.22026782727831373,-0.8367818034565023,-0.8683994102653457,-0.8896762307467748,-0.8205422762990399
Low demand,ROW,Government,0.29721249099631464,2.204911977155138,2.238771190008338,2.265486093257163,2.0317185848347687
Low demand,ROW,Health Care,1.8014487380480053,11.783361910293108,12.000227051901284,12.154511505377506,10.951650746663976
Low demand,ROW,Industrials,0.8487741550138898,5.419529206935335,5.523750835297873,5.596120706482115,5.046725078348664
Low demand,ROW,Oil & Gas,0.7684637915149404,5.07412299097706,5.166160238633946,5.231904199458438,4.712734142436744
Low demand,ROW,Technology,0.05626868435145069,0.26468430300701834,0.2725353839802512,0.27778799858416015,0.2535032258552164
Low demand,ROW,Telecommunications,0.10500747711127735,0.4939484761386164,0.5086000041616681,0.518402326966113,0.4730825768088234
Low demand,ROW,UK Real Estate,-0.4555565159521417,-2.0583683802261894,-2.1216717184048868,-2.1649800402495676,-1.9798616822602537
Low demand,ROW,Utilities,0.6223665485900272,7.203315741988433,7.2468955218142925,7.305586353436038,6.48381276838927
Low demand,ROW,FTSE,-0.8009906685547035,-5.2966501934608985,-5.39232674088931,-5.461770636120324,-4.919214977864845
Nationally Determined Contributions (NDCs),EU27,Basic Materials,1.4517576122430038,3.756979993078422,4.017338833583074,4.174283269080606,4.237799526169237
Nationally Determined Contributions (NDCs),EU27,Consumer Goods,1.3517287991289868,3.4444932411476663,3.687335216904603,3.8357368707262904,3.896860520149948
Nationally Determined Contributions (NDCs),EU27,Consumer Services,0.28002219647119,0.697803366361117,0.748310624735366,0.7798120177004448,0.7931783430891968
Nationally Determined Contributions (NDCs),EU27,Financials,-0.43275516943116643,-0.6554078797513818,-0.7389862116684278,-0.8091495326613516,-0.8504567829018322
Nationally Determined Contributions (NDCs),EU27,Government,0.209631282911074,0.4428151862240428,0.48084588044979903,0.5071318936183041,0.5192409697111383
Nationally Determined Contributions (NDCs),EU27,Health Care,2.23339342754093,5.7506297798672135,6.151488358155544,6.394247500378829,6.493145921945365
Nationally Determined Contributions (NDCs),EU27,Industrials,1.0069041406718136,2.5315736143914513,2.7132803168392434,2.825745753695729,2.872954257674525
Nationally Determined Contributions (NDCs),EU27,Oil & Gas,0.9771021873715023,2.5381346233272373,2.7131186914967467,2.8181516976351677,2.8603069432511306
Nationally Determined Contributions (NDCs),EU27,Technology,0.06308037386524011,0.11104092559596507,0.12316456924618047,0.132643833681087,0.13790407798131799
Nationally Determined Contributions (NDCs),EU27,Telecommunications,0.11771931388074554,0.20722232245746008,0.22984722026302704,0.24753723122832752,0.2573537924172509
Nationally Determined Contributions (NDCs),EU27,UK Real Estate,-0.4582834848091043,-0.8449371388482331,-0.9300917480255234,-0.9946877565683302,-1.0284159426709978
Nationally Determined Contributions (NDCs),EU27,Utilities,0.8796376342412583,2.9627110786836393,3.09891775610318,3.14586875820393,3.1352305474273168
Nationally Determined Contributions (NDCs),EU27,FTSE,-1.0121825724799078,-2.572850549630735,-2.7540015611954285,-2.864627235819731,-2.9097466893719144
Nationally Determined Contributions (NDCs),CHN,Basic Materials,2.1580083760658244,4.553066824251185,5.572331098055757,6.303663611498821,6.872730118720483
Nationally Determined Contributions (NDCs),CHN,Consumer Goods,2.2985030269857867,4.846788515648234,5.932589497591547,6.711724575677571,7.31798651447724
Nationally Determined Contributions (NDCs),CHN,Consumer Services,0.5451384605310635,1.1454316768605732,1.4021244529205912,1.5864772245839396,1.7298440276384695
Nationally Determined Contributions (NDCs),CHN,Financials,-0.22148943847973085,-0.38712768029297995,-0.473103517490834,-0.5380498136390236,-0.586800669408495
Nationally Determined Contributions (NDCs),CHN,Government,0.33863610118507037,0.8086450505967732,1.0131181422344706,1.1552550102366907,1.2699301580518174
Nationally Determined Contributions (NDCs),CHN,Health Care,3.6916999067133296,7.776386529495995,9.516924131372853,10.766312463950129,11.738201353294174
Nationally Determined Contributions (NDCs),CHN,Industrials,1.7948657128696799,3.83584095227169,4.708652373963883,5.332540074698397,5.82032942972812
Nationally Determined Contributions (NDCs),CHN,Oil & Gas,1.4574283095436478,3.091708024505788,3.7856463806228917,4.2828576340579065,4.67028489245317
Nationally Determined Contributions (NDCs),CHN,Technology,0.08851319404119212,0.1678151019792676,0.20648253805334252,0.23494857514450512,0.2567878080481762
Nationally Determined Contributions (NDCs),CHN,Telecommunications,0.16518152689111,0.3131731385427408,0.38533352322739745,0.4384562641045256,0.4792121974570168
Nationally Determined Contributions (NDCs),CHN,UK Real Estate,-0.447163979816949,-1.014744727285055,-1.2723877614984904,-1.453487470762838,-1.5987034667468667
Nationally Determined Contributions (NDCs),CHN,Utilities,1.225970858020199,5.053937667151408,6.456575674400435,7.358193772032403,8.138060291133806
Nationally Determined Contributions (NDCs),CHN,FTSE,-1.8565266038969876,-4.017641823207386,-4.93013208399157,-5.580519168820352,-6.089972055928759
Nationally Determined Contributions (NDCs),USA,Basic Materials,0.8605244329394891,2.623912755093961,2.7626739365309674,2.816390175673136,2.812330040519328
Nationally Determined Contributions (NDCs),USA,Consumer Goods,0.7493239100752748,2.2116071440628065,2.333352010240626,2.384229423066352,2.384518369775919
Nationally Determined Contributions (NDCs),USA,Consumer Services,0.14311159106693974,0.4103685423735356,0.43383460611170477,0.4442815485493705,0.44504233344454447
Nationally Determined Contributions (NDCs),USA,Financials,-0.2518397808422364,-0.44335419421952454,-0.48979133573501443,-0.5255712451656761,-0.5443132939024844
Nationally Determined Contributions (NDCs),USA,Government,0.2926725647191706,0.817635596304774,0.8645322893293561,0.8858018530067288,0.8865983143537516
Nationally Determined Contributions (NDCs),USA,Health Care,1.2210114527384808,3.6698744501250533,3.8677736375072533,3.9472437378671934,3.944542988697608
Nationally Determined Contributions (NDCs),USA,Industrials,0.5255035431628825,1.5502755018536594,1.6363031153906544,1.672610474048751,1.6735027198875614
Nationally Determined Contributions (NDCs),USA,Oil & Gas,0.5767344225495433,1.7604311078341657,1.8533699237736259,1.8892414874281565,1.8863920964639298
Nationally Determined Contributions (NDCs),USA,Technology,0.03850957447732477,0.08303894251332174,0.089925169314328,0.09447327111400732,0.09637983080153473
Nationally Determined Contributions (NDCs),USA,Telecommunications,0.07186578657562757,0.15496558975592079,0.1678165264985192,0.1763041018014465,0.17986208480845733
Nationally Determined Contributions (NDCs),USA,UK Real Estate,-0.5664717494126154,-1.3122470466264486,-1.4092040751514527,-1.4683976726703314,-1.4885124472900602
Nationally Determined Contributions (NDCs),USA,Utilities,0.24801646607235783,1.1271135176234182,1.1547452165919658,1.1426720798802283,1.113168708694698
Nationally Determined Contributions (NDCs),USA,FTSE,-0.4790390586885249,-1.3505491454602119,-1.4294513427314133,-1.4658202917128142,-1.469792251214849
Nationally Determined Contributions (NDCs),GBR,Basic Materials,1.2300306665420329,3.339564610893421,3.56890724078761,3.6970813526178423,3.751994276980819
Nationally Determined Contributions (NDCs),GBR,Consumer Goods,0.9874194912965225,2.589583102940525,2.773468514450646,2.880040449531298,2.926894308638846
Nationally Determined Contributions (NDCs),GBR,Consumer Services,0.17795069608373817,0.4430724023957554,0.47642010468918133,0.4968202450277472,0.5063063450396919
Nationally Determined Contributions (NDCs),GBR,Financials,-0.24304940929026692,-0.3599242915620191,-0.4074333967403273,-0.4476003176119816,-0.4715938498404726
Nationally Determined Contributions (NDCs),GBR,Government,0.2916869394439753,0.5261976066552488,0.5829078166762733,0.6263488211450914,0.6502234474388954
Nationally Determined Contributions (NDCs),GBR,Health Care,1.6396736060707646,4.3381502388517355,4.645100357842514,4.8218584904083475,4.900141252048104
Nationally Determined Contributions (NDCs),GBR,Industrials,0.6963305966691669,1.7514127414177283,1.8820821580452705,1.9612985341111118,1.997619509408488
Nationally Determined Contributions (NDCs),GBR,Oil & Gas,0.9086845692124802,2.482286908368581,2.6509957238867705,2.744004954169179,2.7829743985327475
Nationally Determined Contributions (NDCs),GBR,Technology,0.045942833072738505,0.07332672985987615,0.08239598123916701,0.08980680148488847,0.09416046387403157
Nationally Determined Contributions (NDCs),GBR,Telecommunications,0.08573758295431774,0.13684085555142803,0.15376570847102097,0.16759563085676313,0.1757203472766946
Nationally Determined Contributions (NDCs),GBR,UK Real Estate,-0.26452428877916073,-0.42752829179845503,-0.4785191034987404,-0.5199248336277852,-0.543725873672477
Nationally Determined Contributions (NDCs),GBR,Utilities,2.8522476663817993,8.158277949184184,8.668059054403281,8.917698182992396,8.9985551164397
Nationally Determined Contributions (NDCs),GBR,FTSE,-0.8696003056543954,-2.2576619906275552,-2.418372438338624,-2.5109442687617425,-2.5508522001456835
Nationally Determined Contributions (NDCs),CHE,Basic Materials,1.0170740079609322,1.7063057029832451,1.9012562903731587,2.057607919028555,2.146900175073925
Nationally Determined Contributions (NDCs),CHE,Consumer Goods,0.9151952642271983,1.5234476340327148,1.6992092051690155,1.840948581786344,1.9223309623645515
Nationally Determined Contributions (NDCs),CHE,Consumer Services,0.20132524955441583,0.33344670587427494,0.37224416032417285,0.4036463212209607,0.4217671150799353
Nationally Determined Contributions (NDCs),CHE,Financials,-0.181025534664154,-0.26392757581767134,-0.299717353889725,-0.33048549238562946,-0.3492814476029894
Nationally Determined Contributions (NDCs),CHE,Government,0.2605473845701447,0.4362749740452023,0.48629848019360017,0.5269505143107018,0.5503962964947399
Nationally Determined Contributions (NDCs),CHE,Health Care,1.565786698434327,2.616241980486255,2.916570968503435,3.1579411656658936,3.296065429007273
Nationally Determined Contributions (NDCs),CHE,Industrials,1.1264278075437644,2.020590492064263,2.2405697112724345,2.411971845096967,2.5084397315965474
Nationally Determined Contributions (NDCs),CHE,Oil & Gas,0.7075391941170963,1.1890939999460126,1.3241633024503006,1.4326961263953397,1.4947040670331793
Nationally Determined Contributions (NDCs),CHE,Technology,0.059522019059846,0.08879545815003415,0.10089619353586589,0.11115605045608208,0.1174788877478296
Nationally Determined Contributions (NDCs),CHE,Telecommunications,0.1110787843377513,0.16570828244422434,0.18829042931158022,0.20743716613566246,0.2192367168065925
Nationally Determined Contributions (NDCs),CHE,UK Real Estate,-1.023226462394213,-1.5023274733738876,-1.7008625232736452,-1.8701249353599378,-1.9714633373885928
Nationally Determined Contributions (NDCs),CHE,Utilities,2.2352202566342485,3.9779195889419943,4.368976860925673,4.690767701568922,4.872811971159606
Nationally Determined Contributions (NDCs),CHE,FTSE,-0.9081430405226888,-1.556269797177276,-1.7290633447850787,-1.8679149124806327,-1.947305155651742
Nationally Determined Contributions (NDCs),RUS,Basic Materials,1.3200508719653372,1.8071011345419048,3.1278448221597936,4.300664877346821,5.332251874197383
Nationally Determined Contributions (NDCs),RUS,Consumer Goods,1.1621851790394842,1.5859701548540102,2.7576121029757172,3.7982733236689286,4.7140660366903475
Nationally Determined Contributions (NDCs),RUS,Consumer Services,0.26146927307738616,0.3557566591860535,0.6169077112101484,0.8489004447284825,1.052918123640769
Nationally Determined Contributions (NDCs),RUS,Financials,-0.12097934608314852,-0.14653698196502452,-0.21720512763520838,-0.28063570063048404,-0.3336128937055843
Nationally Determined Contributions (NDCs),RUS,Government,0.2576570238749361,0.3215474442410825,0.5960073347571709,0.84116103144403,1.0575499381701177
Nationally Determined Contributions (NDCs),RUS,Health Care,2.106303801429697,2.8900010068420285,5.02406708603911,6.918850282741933,8.586910834327686
Nationally Determined Contributions (NDCs),RUS,Industrials,0.9300332129150204,1.2708670437093943,2.2011594414961473,3.0272697392263996,3.753840315690159
Nationally Determined Contributions (NDCs),RUS,Oil & Gas,0.8909662598996893,1.2174877473988643,2.127215483603778,2.935213862636755,3.6468972284071763
Nationally Determined Contributions (NDCs),RUS,Technology,0.05250953978508119,0.06542632147973508,0.10406313677921433,0.13859013401872136,0.16816731096301193
Nationally Determined Contributions (NDCs),RUS,Telecommunications,0.09799223779013884,0.12209727372239917,0.1942005145387649,0.25863409627498324,0.31383042380229853
Nationally Determined Contributions (NDCs),RUS,UK Real Estate,-0.3859912550872708,-0.4695078273674701,-0.7913483882957725,-1.079433890850965,-1.3290993065783534
Nationally Determined Contributions (NDCs),RUS,Utilities,0.8398159675999984,1.02079998808792,3.0535976689988877,4.868862507470462,6.529931045617075
Nationally Determined Contributions (NDCs),RUS,FTSE,-0.9441586711126921,-1.276992756296095,-2.324662781259142,-3.256042219679446,-4.080793536765192
Nationally Determined Contributions (NDCs),IND,Basic Materials,2.9510616068934494,8.424517719752894,10.204167559274595,11.41065888724706,12.389002762396977
Nationally Determined Contributions (NDCs),IND,Consumer Goods,2.9854130959133647,8.520104039098523,10.321082723326773,11.542059086443995,12.53215375687208
Nationally Determined Contributions (NDCs),IND,Consumer Services,0.6829903678601911,1.945276261535795,2.3573698614737713,2.6368425035216108,2.863454727685378
Nationally Determined Contributions (NDCs),IND,Financials,-0.4591477738592217,-0.843772606009188,-1.0158809544391263,-1.1457262593681476,-1.2425233319649116
Nationally Determined Contributions (NDCs),IND,Government,0.1483843087626643,0.45279510795722694,0.565211450156798,0.6403567301483988,0.7028171987550859
Nationally Determined Contributions (NDCs),IND,Health Care,5.101461825371838,14.563039108592058,17.64006359261211,19.72609585813255,21.41769255353914
Nationally Determined Contributions (NDCs),IND,Industrials,2.24149922544528,6.361610455181234,7.71268675374374,8.629679446155682,9.3730598248308
Nationally Determined Contributions (NDCs),IND,Oil & Gas,2.0109535472642626,5.748237171988757,6.961666941791606,7.78409785432609,8.451082712761366
Nationally Determined Contributions (NDCs),IND,Technology,0.057936205786955366,0.1410161863953119,0.1742486829766638,0.19739903133468456,0.21595977832899274
Nationally Determined Contributions (NDCs),IND,Telecommunications,0.10811937178216824,0.26316154599842834,0.3251793568702928,0.36838206728270156,0.4030197567477615
Nationally Determined Contributions (NDCs),IND,UK Real Estate,-0.3839246172947504,-0.8504863684204043,-1.0519463837931138,-1.1951168688352782,-1.308446445436757
Nationally Determined Contributions (NDCs),IND,Utilities,0.7762902894555078,3.448438501614877,4.14477087328633,4.582651787228371,4.957200542504944
Nationally Determined Contributions (NDCs),IND,FTSE,-2.279405734815364,-6.489651961418417,-7.859361440494873,-8.78842128993716,-9.541410205920883
Nationally Determined Contributions (NDCs),TUR,Basic Materials,1.5677212221991508,8.903916846493063,8.487070719292927,8.221994543236464,7.931845097133344
Nationally Determined Contributions (NDCs),TUR,Consumer Goods,1.4302600048245007,8.146416757056668,7.7585829851926595,7.511739648603872,7.242512778353757
Nationally Determined Contributions (NDCs),TUR,Consumer Services,0.3324539236860135,1.8835309277157792,1.7934246208521916,1.7362123326133079,1.6737294976275703
Nationally Determined Contributions (NDCs),TUR,Financials,-0.14555397512738144,-0.47269730208657534,-0.46395940112911627,-0.4629326960884701,-0.4559279520152366
Nationally Determined Contributions (NDCs),TUR,Government,0.4681952440084376,3.231784750985018,2.984458941129637,2.8217708054772426,2.660999126282516
Nationally Determined Contributions (NDCs),TUR,Health Care,2.6229702785497055,14.864688672043142,14.168029952802403,13.72549853832956,13.240758641075551
Nationally Determined Contributions (NDCs),TUR,Industrials,1.2316435173306268,7.422959337177466,7.031503496289443,6.778057213671753,6.510520361664193
Nationally Determined Contributions (NDCs),TUR,Oil & Gas,1.0635753958202427,6.127329701608594,5.832877080403572,5.6448833805767205,5.440969381507797
Nationally Determined Contributions (NDCs),TUR,Technology,0.10039136340817777,0.49183584398933106,0.4647627178170693,0.44867884500200994,0.4305056629648787
Nationally Determined Contributions (NDCs),TUR,Telecommunications,0.18734832556969794,0.9178540732823075,0.8673307545015085,0.8373153573769001,0.8034009337716866
Nationally Determined Contributions (NDCs),TUR,UK Real Estate,-0.24407066424743346,-1.365432986664827,-1.276570630666328,-1.2209914813317178,-1.162521067580492
Nationally Determined Contributions (NDCs),TUR,Utilities,1.0164187199474697,12.448079980956605,11.25888119015244,10.4407827067457,9.691648092115583
Nationally Determined Contributions (NDCs),TUR,FTSE,-1.2319687784218523,-7.556522744912421,-7.145105582406192,-6.878511262306591,-6.59966252788403
Nationally Determined Contributions (NDCs),RASIA,Basic Materials,1.9165488884519293,4.2337198540318,4.973344973568245,5.502460941989301,5.899698991055435
Nationally Determined Contributions (NDCs),RASIA,Consumer Goods,1.8918970031396067,4.164270630119573,4.895799770162951,5.419529867814415,5.812790858881122
Nationally Determined Contributions (NDCs),RASIA,Consumer Services,0.43961509306331387,0.9614775909012555,1.1310956708182403,1.2527356939521637,1.3440197583159446
Nationally Determined Contributions (NDCs),RASIA,Financials,-0.26097397625794283,-0.4123169922919445,-0.4909256732298214,-0.5532394457901432,-0.5974602454818136
Nationally Determined Contributions (NDCs),RASIA,Government,0.324107340452053,0.7190561011790142,0.8756067509438837,0.9865244569490531,1.0730677286050694
Nationally Determined Contributions (NDCs),RASIA,Health Care,3.222388424419874,7.1099117712609505,8.352763779893968,9.242193946428158,9.909850478545644
Nationally Determined Contributions (NDCs),RASIA,Industrials,1.533031832435646,3.3880613573694887,3.986261970929116,4.41389488856006,4.73552301416082
Nationally Determined Contributions (NDCs),RASIA,Oil & Gas,1.2922650022842053,2.8625767085834664,3.362429847807056,3.7197557031921207,3.9881661708506053
Nationally Determined Contributions (NDCs),RASIA,Technology,0.10528684831356577,0.1846758493570987,0.22017952045567438,0.24725540789462078,0.26693422805792705
Nationally Determined Contributions (NDCs),RASIA,Telecommunications,0.19648418017650435,0.3446383232145231,0.410894553890972,0.46142302569163496,0.4981472406202901
Nationally Determined Contributions (NDCs),RASIA,UK Real Estate,-0.7579159453623513,-1.4027191493895788,-1.6997931245965363,-1.9211506188295413,-2.087537799296112
Nationally Determined Contributions (NDCs),RASIA,Utilities,1.180627398953155,3.958696613593867,4.682130564251855,5.150726058863904,5.534128397531107
Nationally Determined Contributions (NDCs),RASIA,FTSE,-1.5249555576515836,-3.3893838278722472,-3.9850959901784804,-4.4104309595008555,-4.73052507666127
Nationally Determined Contributions (NDCs),LAM,Basic Materials,1.568486608922616,5.436569295345104,5.646955246682716,5.615598669343299,5.484215620676577
Nationally Determined Contributions (NDCs),LAM,Consumer Goods,1.3834828957917942,4.757817475959031,4.944197100949566,4.919605420680039,4.8067337110735835
Nationally Determined Contributions (NDCs),LAM,Consumer Services,0.31763125024041466,1.0834220855123375,1.126431695331203,1.1215308148730805,1.0963513311071735
Nationally Determined Contributions (NDCs),LAM,Financials,-0.26948774143372967,-0.5623843522570575,-0.6075907201926456,-0.6335690608219242,-0.6419529090926579
Nationally Determined Contributions (NDCs),LAM,Government,0.24510745101841072,0.8621372182772561,0.891815140234329,0.8826980196866452,0.8579486992732915
Nationally Determined Contributions (NDCs),LAM,Health Care,2.5972228749087294,8.965274650954406,9.314752581415306,9.2661386779914,9.051846572661857
Nationally Determined Contributions (NDCs),LAM,Industrials,1.1874332503904084,4.085832888473765,4.246584522174727,4.225966757490173,4.129540680209203
Nationally Determined Contributions (NDCs),LAM,Oil & Gas,1.0590665545717364,3.669951684098279,3.8120281189388114,3.7909341155582115,3.7023027696346653
Nationally Determined Contributions (NDCs),LAM,Technology,0.06649747792808139,0.15304399683532804,0.16428027978688783,0.1698218486693032,0.17102550117501
Nationally Determined Contributions (NDCs),LAM,Telecommunications,0.12409624415379904,0.2856076018114645,0.30657652508470484,0.316918088501156,0.3191643203866129
Nationally Determined Contributions (NDCs),LAM,UK Real Estate,-0.3198505592813334,-0.8184242441126742,-0.8681419917716185,-0.8854968267834225,-0.8820828683426982
Nationally Determined Contributions (NDCs),LAM,Utilities,0.5379667498941255,2.5839320554932566,2.6227404503208938,2.5354366813839944,2.4151632887132077
Nationally Determined Contributions (NDCs),LAM,FTSE,-1.1551816287785541,-3.949440040326756,-4.105052117839374,-4.085889713809709,-3.9930178234476545
Nationally Determined Contributions (NDCs),MEA,Basic Materials,0.9622699670034917,5.078720213392315,4.805370751531731,4.632340101981327,4.442222008584807
Nationally Determined Contributions (NDCs),MEA,Consumer Goods,0.9919059042517313,5.393711256026439,5.084868872971393,4.887913930773169,4.675492832643659
Nationally Determined Contributions (NDCs),MEA,Consumer Services,0.22366560093702256,1.2184525940382211,1.1481718480479883,1.1033715313893333,1.0551212372663408
Nationally Determined Contributions (NDCs),MEA,Financials,-0.20923617502285613,-0.6989048358534005,-0.6860099450179943,-0.6835277750410507,-0.6724986040971506
Nationally Determined Contributions (NDCs),MEA,Government,0.17623627877304798,1.191272292195483,1.101266323684113,1.0417394819875245,0.9825198413501577
Nationally Determined Contributions (NDCs),MEA,Health Care,1.593762960696769,8.40571922822464,7.951873226111034,7.6648512817735295,7.349502430347721
Nationally Determined Contributions (NDCs),MEA,Industrials,0.7986191662198402,4.089222124069218,3.881769772913493,3.752198162499396,3.606612726399065
Nationally Determined Contributions (NDCs),MEA,Oil & Gas,0.64645772034731,3.4363058431173967,3.2492996392035485,3.1306525157122462,3.0008410915482178
Nationally Determined Contributions (NDCs),MEA,Technology,0.05587327788738274,0.23069904695582652,0.22203703179206846,0.21758834339658056,0.21138457452134812
Nationally Determined Contributions (NDCs),MEA,Telecommunications,0.10426957759036568,0.4305258808167405,0.4143610038602312,0.40605895183522484,0.3944816042274373
Nationally Determined Contributions (NDCs),MEA,UK Real Estate,-0.4186472419302862,-2.2233062256023666,-2.0826982417900464,-1.995746606073854,-1.9024117825991318
Nationally Determined Contributions (NDCs),MEA,Utilities,0.41412912088312787,6.39428493970628,5.691159356620908,5.197760521833079,4.75108959920983
Nationally Determined Contributions (NDCs),MEA,FTSE,-0.7290200515891541,-4.037553576570491,-3.800588341091473,-3.6486863360311497,-3.486356820706929
Nationally Determined Contributions (NDCs),AFR,Basic Materials,1.3162672169581258,9.013225767461135,8.338359784102899,7.8874750943265415,7.440068568181081
Nationally Determined Contributions (NDCs),AFR,Consumer Goods,1.2098608174333145,8.23939398923583,7.624710598008573,7.214258468554033,6.806391377674452
Nationally Determined Contributions (NDCs),AFR,Consumer Services,0.2638554601697146,1.779327801144947,1.6472707680631835,1.5592721257922537,1.471632694842345
Nationally Determined Contributions (NDCs),AFR,Financials,-0.0979993428282888,-0.406845581125669,-0.38861550964003094,-0.37882344490961517,-0.36611463277997985
Nationally Determined Contributions (NDCs),AFR,Government,0.4508298037439655,4.549661635893719,4.110235364195069,3.8075321085507956,3.525107306079392
Nationally Determined Contributions (NDCs),AFR,Health Care,2.275387307691662,15.69735940304999,14.514142594239363,13.72295087259674,12.939290306095035
Nationally Determined Contributions (NDCs),AFR,Industrials,1.0157042011942372,7.108738648127494,6.566672343870858,6.203711958377671,5.845376391284521
Nationally Determined Contributions (NDCs),AFR,Oil & Gas,0.900533230144509,6.216153175219749,5.747771736512347,5.43450402281544,5.12424508299003
Nationally Determined Contributions (NDCs),AFR,Technology,0.0439120769029795,0.21241767723863253,0.20016833347847704,0.19286865342052567,0.18465081427657443
Nationally Determined Contributions (NDCs),AFR,Telecommunications,0.08194782699196679,0.39640955955799484,0.373550082757565,0.35992756793533576,0.34459160325518107
Nationally Determined Contributions (NDCs),AFR,UK Real Estate,-0.5374428774719782,-3.4568749966615333,-3.1905474755478433,-3.017679204171762,-2.844536986501996
Nationally Determined Contributions (NDCs),AFR,Utilities,0.6103179086875273,11.316215466079674,10.037292954708594,9.133461220631988,8.321967659668578
Nationally Determined Contributions (NDCs),AFR,FTSE,-0.9552182051227031,-6.866234200096938,-6.330809329606724,-5.971043455877041,-5.618000083545053
Nationally Determined Contributions (NDCs),ROW,Basic Materials,1.1322305461546966,4.312813885303578,4.598212035075357,4.716749279614407,4.798831020186389
Nationally Determined Contributions (NDCs),ROW,Consumer Goods,1.055922929700549,4.014430641122332,4.28063873584007,4.39129979173942,4.467918914214212
Nationally Determined Contributions (NDCs),ROW,Consumer Services,0.23388036769763296,0.8792075518766259,0.9380098567075313,0.9628052178873263,0.979938946174767
Nationally Determined Contributions (NDCs),ROW,Financials,-0.21986303838999904,-0.5357855982535203,-0.5852472085323397,-0.6169137260866974,-0.6376920080969044
Nationally Determined Contributions (NDCs),ROW,Government,0.2966662999555703,1.2572707031566197,1.3345890404557927,1.3604752354034277,1.3790438240023646
Nationally Determined Contributions (NDCs),ROW,Health Care,1.7981381936029064,6.808783034230928,7.261295402292851,7.4507159038872866,7.581714071332657
Nationally Determined Contributions (NDCs),ROW,Industrials,0.8472143523369237,3.1358657666173877,3.349205390428208,3.441862217527792,3.505836917926899
Nationally Determined Contributions (NDCs),ROW,Oil & Gas,0.7670515761781799,2.928812167993096,3.1220952866572227,3.2021006026474534,3.257509421297193
Nationally Determined Contributions (NDCs),ROW,Technology,0.05616527869994457,0.16123675988062447,0.17456795967134361,0.18204170386796575,0.18704564321679315
Nationally Determined Contributions (NDCs),ROW,Telecommunications,0.10481450358241562,0.3008967699850741,0.3257751845601558,0.33972253434641586,0.34906078443515587
Nationally Determined Contributions (NDCs),ROW,UK Real Estate,-0.45471933415425814,-1.2696030400235705,-1.3755896955334719,-1.436265467249706,-1.476779989785791
Nationally Determined Contributions (NDCs),ROW,Utilities,0.6212228179488305,3.9869633442275623,4.157287869119724,4.161275778365878,4.169249278416277
Nationally Determined Contributions (NDCs),ROW,FTSE,-0.7995186781769845,-3.060928375576494,-3.261817955293358,-3.344204404720552,-3.401236660299444
Net Zero 2050,EU27,Basic Materials,1.4542395794278518,11.337540819697985,9.986125816439062,8.904181421154739,7.9268251263498914
Net Zero 2050,EU27,Consumer Goods,1.3540397541354967,10.302216046166679,9.088286530908524,8.110500660757678,7.22363978300911
Net Zero 2050,EU27,Consumer Services,0.28050093059099707,2.0614927663722438,1.82227369733334,1.6286671111303255,1.4522311044851242
Net Zero 2050,EU27,Financials,-0.4334950202992058,-1.2400717209133802,-1.1934581868575334,-1.1386627379457137,-1.0688730428938753
Net Zero 2050,EU27,Government,0.2099896746706315,1.15512863108445,1.0459821482349945,0.9439694158449388,0.843602669128898
Net Zero 2050,EU27,Health Care,2.237211702128412,17.305677792187513,15.250031268005754,13.601896461838676,12.11140832193109
Net Zero 2050,EU27,Industrials,1.0086255733781821,7.5240391899966435,6.645828299961767,5.9355308504137305,5.289936401609385
Net Zero 2050,EU27,Oil & Gas,0.9787726697887096,7.670697891435029,6.755194465341828,6.021294492589524,5.358593078083271
Net Zero 2050,EU27,Technology,0.06318821791346213,0.2549248144899921,0.23596942141115104,0.21864844601973563,0.20070045033288736
Net Zero 2050,EU27,Telecommunications,0.11792057025550862,0.475735516676681,0.4403613466955706,0.4080372938423219,0.37454310843524063
Net Zero 2050,EU27,UK Real Estate,-0.4590669796301826,-1.9715602739829352,-1.820063681161634,-1.6717171379415223,-1.5176782821580235
Net Zero 2050,EU27,Utilities,0.8811414884138367,9.681651942981272,8.45634751650131,7.385709514402892,6.422870800434305
Net Zero 2050,EU27,FTSE,-1.0139130293473513,-7.6630588595944555,-6.766525267268933,-6.036843471016392,-5.373272852811111
Net Zero 2050,CHN,Basic Materials,2.1616977701691185,25.79322431305881,21.643728669050667,19.94743468930881,19.04394491894566
Net Zero 2050,CHN,Consumer Goods,2.3024326148447662,27.46299890473279,23.04511323073768,21.239454088320496,20.277900396077534
Net Zero 2050,CHN,Consumer Services,0.5460704451535833,6.47499151778723,5.434644088277437,5.00962811794141,4.783334702098126
Net Zero 2050,CHN,Financials,-0.22186810328814027,-1.84104034318933,-1.5714362539635465,-1.4643733981995426,-1.4074967041356876
Net Zero 2050,CHN,Government,0.3392150433470798,5.483154077629424,4.553603694017418,4.175828154619892,3.9841876053705505
Net Zero 2050,CHN,Health Care,3.6980113446196956,43.993294787294,36.92041290880582,34.029307973139,32.48959990688842
Net Zero 2050,CHN,Industrials,1.7979342676773025,22.23751849311032,18.6351409549851,17.163251087645527,16.385851330725522
Net Zero 2050,CHN,Oil & Gas,1.4599199715181044,17.623576511386556,14.781939454389104,13.619797173561851,13.001745824497899
Net Zero 2050,CHN,Technology,0.08866451878106854,0.8945449251541665,0.7560797317835014,0.7004939718522332,0.6714835514602167
Net Zero 2050,CHN,Telecommunications,0.16546392605046645,1.6693815900586928,1.4109806554862134,1.3072476380721478,1.2531089801238628
Net Zero 2050,CHN,UK Real Estate,-0.4479284644077594,-6.703731115550032,-5.580624855259832,-5.1266598157526095,-4.899016598874188
Net Zero 2050,CHN,Utilities,1.2280668135802195,44.80091915795974,36.624767539452144,33.22436492894806,31.534649156339533
Net Zero 2050,CHN,FTSE,-1.8597005759635428,-23.463005540791134,-19.64762573492168,-18.085829427252385,-17.259776849118147
Net Zero 2050,USA,Basic Materials,0.8619956106252843,8.375658153209253,7.293095514113516,6.432415330676691,5.607365652147869
Net Zero 2050,USA,Consumer Goods,0.7506049761016859,6.94441708566105,6.066440247286122,5.355706252662902,4.672190821720738
Net Zero 2050,USA,Consumer Services,0.1433562588198786,1.2711256035013805,1.1131745826077748,0.984010770919962,0.8594163447870741
Net Zero 2050,USA,Financials,-0.25227033348175304,-0.9747960782033231,-0.9091917421828445,-0.8410496669674555,-0.7656144521815644
Net Zero 2050,USA,Government,0.29317292627774794,2.4490690611365338,2.1666503245207003,1.9078077714286812,1.6573990994498689
Net Zero 2050,USA,Health Care,1.223098929554488,11.638205337792447,10.147425050846316,8.954150124005372,7.809199169072895
Net Zero 2050,USA,Industrials,0.5264019593576051,4.883726658482335,4.263267469619403,3.765683332339049,3.287991191701682
Net Zero 2050,USA,Oil & Gas,0.5777204245508885,5.620957539150375,4.894292611220219,4.316404935370312,3.762559277476411
Net Zero 2050,USA,Technology,0.038575411569790545,0.218554363004066,0.19743605870039838,0.17781768594102518,0.15809169579843924
Net Zero 2050,USA,Telecommunications,0.07198865042183007,0.407861718027313,0.36845116700135505,0.3318397577915132,0.29502751520454973
Net Zero 2050,USA,UK Real Estate,-0.5674402060484395,-3.5609583231802624,-3.1994873977233924,-2.858954113455751,-2.519436501044805
Net Zero 2050,USA,Utilities,0.24844048226135684,3.9302887015837964,3.392208330922802,2.9261654430112616,2.4906385137644405
Net Zero 2050,USA,FTSE,-0.47985803784447933,-4.1488937012680385,-3.6378162174801303,-3.218982973330084,-2.814155998706937
Net Zero 2050,GBR,Basic Materials,1.2321335628691934,10.487890354992714,9.144243042900912,8.191247919469696,7.362957234770508
Net Zero 2050,GBR,Consumer Goods,0.9891076124776407,7.974353307054118,6.976100981084918,6.258302033157544,5.628363803263606
Net Zero 2050,GBR,Consumer Services,0.17825492578742697,1.3275423128806647,1.1666454587523531,1.0499287360836596,0.946475210331861
Net Zero 2050,GBR,Financials,-0.24346493365402286,-0.6693733974525544,-0.6462059726521401,-0.6207427430247078,-0.5869649253629953
Net Zero 2050,GBR,Government,0.2921856159488154,1.2552512157405176,1.153366025987831,1.0659275132223993,0.9772226757931697
Net Zero 2050,GBR,Health Care,1.64247683992317,13.458988353444939,11.758512206059821,10.548320418210825,9.492338691158695
Net Zero 2050,GBR,Industrials,0.6975210637803175,5.285561781342531,4.641845318808372,4.172995962679291,3.7583181197614475
Net Zero 2050,GBR,Oil & Gas,0.9102380828728478,7.796951008371064,6.799720228035358,6.086638092895035,5.465696262074074
Net Zero 2050,GBR,Technology,0.04602137828104587,0.15422602583781397,0.14509522524886015,0.13708035349276154,0.12815994731010005
Net Zero 2050,GBR,Telecommunications,0.08588416242847109,0.28781348035392607,0.2707737655480211,0.25581657448910755,0.2391694934555704
Net Zero 2050,GBR,UK Real Estate,-0.26497652722365583,-0.8857456254394994,-0.8354562385217873,-0.7870699657181146,-0.7321836893577375
Net Zero 2050,GBR,Utilities,2.8571239522378664,25.629055236069043,22.394509814776463,19.933822834814652,17.755852165742194
Net Zero 2050,GBR,FTSE,-0.8710869997170726,-6.859633946484676,-6.01886406098059,-5.397132981935153,-4.845992083276453
Net Zero 2050,CHE,Basic Materials,1.0188128273692354,3.7260547996133777,3.459578494688736,3.2478105468861482,3.012474916414675
Net Zero 2050,CHE,Consumer Goods,0.9167599087617838,3.2991564598487004,3.0698905025556935,2.8849976752243705,2.6794321040452442
Net Zero 2050,CHE,Consumer Services,0.201669441076927,0.7200458597577657,0.6707492583832491,0.6307263815769767,0.586361785800342
Net Zero 2050,CHE,Financials,-0.18133502120162204,-0.488660360397545,-0.47218889658957736,-0.45536959703309726,-0.43338868836561745
Net Zero 2050,CHE,Government,0.2609928239831344,0.9460479893953448,0.8827489719225722,0.8271807206902552,0.7687371158434553
Net Zero 2050,CHE,Health Care,1.5684636130729763,5.6877670118417365,5.285986218440306,4.965871856808182,4.609000210592521
Net Zero 2050,CHE,Industrials,1.1283535813994314,4.837904015819173,4.437836529486271,4.105124268312823,3.767753941743025
Net Zero 2050,CHE,Oil & Gas,0.7087488237735776,2.5898836463694206,2.404531519225464,2.2579121549737975,2.09605190284143
Net Zero 2050,CHE,Technology,0.05962377964083866,0.17781110961481197,0.16903783181641266,0.1621293361318489,0.15418687635742784
Net Zero 2050,CHE,Telecommunications,0.11126868786939736,0.33182748518496,0.31545497215707113,0.3025624776757872,0.28774042038792635
Net Zero 2050,CHE,UK Real Estate,-1.0249758002181808,-2.726032290139868,-2.643033425114358,-2.5473400744323658,-2.416466558048496
Net Zero 2050,CHE,Utilities,2.239041654422065,8.462547230546988,7.815042963714708,7.3358715935919045,6.881337732002047
Net Zero 2050,CHE,FTSE,-0.9096956283698032,-3.451560629411842,-3.195442398468426,-2.990011250901494,-2.7743658825505024
Net Zero 2050,RUS,Basic Materials,1.3223076694630165,24.954577677009485,22.529723637146365,18.726845912234037,15.703669564760872
Net Zero 2050,RUS,Consumer Goods,1.1641720847410737,22.128878362583947,19.97918777567822,16.60160126928426,13.916567128033108
Net Zero 2050,RUS,Consumer Services,0.26191628857787397,4.922720645278056,4.445526325812174,3.6948816623476004,3.098004546249757
Net Zero 2050,RUS,Financials,-0.12118617590411197,-1.14948026802107,-1.0578426057049002,-0.898116975270755,-0.7679710773416897
Net Zero 2050,RUS,Government,0.25809752184292334,5.063306004273572,4.582584962951327,3.794703612775036,3.1674870769963235
Net Zero 2050,RUS,Health Care,2.109904799883143,40.4026277518399,36.467627316004204,30.301550947188154,25.4011531789234
Net Zero 2050,RUS,Industrials,0.9316232248397427,17.56554127797184,15.859325042973877,13.182637492373978,11.054997350064575
Net Zero 2050,RUS,Oil & Gas,0.8924894818213295,17.21124420419173,15.535900270754125,12.904724797031038,10.813717148522205
Net Zero 2050,RUS,Technology,0.0525993116268397,0.673095502498149,0.6135669334951701,0.515169995492289,0.43611958860922084
Net Zero 2050,RUS,Telecommunications,0.09815976817986352,1.256117170446262,1.1450261627375267,0.9613997933946486,0.8138775279092119
Net Zero 2050,RUS,UK Real Estate,-0.38665115700249786,-5.674475059996127,-5.164061671598292,-4.310131683346695,-3.6258981553904515
Net Zero 2050,RUS,Utilities,0.8412517414890519,39.954053169446205,35.8760821142828,29.246792716315635,24.021608272538366
Net Zero 2050,RUS,FTSE,-0.9457728323330139,-19.906973974541945,-17.957831211175364,-14.876145166114194,-12.429905230648897
Net Zero 2050,IND,Basic Materials,2.9561068279461957,54.55284440186175,45.19514345290653,41.2206286959525,39.16612117760865
Net Zero 2050,IND,Consumer Goods,2.9905170452743204,55.188787664028304,45.722080182866165,41.70139372867645,39.62298944280732
Net Zero 2050,IND,Consumer Services,0.6841580281268228,12.608009485476229,10.445606311124802,9.527586662105197,9.053187173864949
Net Zero 2050,IND,Financials,-0.4599327462940854,-3.889187926195329,-3.3191798459402464,-3.0846886791037553,-2.958478373935054
Net Zero 2050,IND,Government,0.14863799090766516,3.3869288168457405,2.7911492153230815,2.5428682607450863,2.4182236068850487
Net Zero 2050,IND,Health Care,5.110183433399616,94.31555931605706,78.13690194088983,71.26552558383133,67.71372563686485
Net Zero 2050,IND,Industrials,2.245331357941434,41.2367426200816,34.16691387063898,31.16715051721071,29.618155000449004
Net Zero 2050,IND,Oil & Gas,2.0143915321402988,37.2266624881091,30.84009726772884,28.126921044382343,26.724266476995528
Net Zero 2050,IND,Technology,0.058035255215293235,0.9127607119087192,0.7591976810522142,0.695678779746136,0.663396758757246
Net Zero 2050,IND,Telecommunications,0.108304215815736,1.7033755217231588,1.4167993091519633,1.2982616242583314,1.238017571653088
Net Zero 2050,IND,UK Real Estate,-0.3845809860256903,-5.222987982215024,-4.363344942533914,-4.012679145636675,-3.835583439693198
Net Zero 2050,IND,Utilities,0.7776174579911475,25.40136316319805,20.82979644393003,18.83408553670188,17.8029511624843
Net Zero 2050,IND,FTSE,-2.283302673386276,-41.94184923185538,-34.75239983626864,-31.697732489260837,-30.118025658009962
Net Zero 2050,TUR,Basic Materials,1.5704014441560894,22.375178820181198,18.695452999000715,16.52218079264447,15.487083690421038
Net Zero 2050,TUR,Consumer Goods,1.4327052190722767,20.3734699323311,17.02008282414105,15.0425434124917,14.106446784964998
Net Zero 2050,TUR,Consumer Services,0.33302229661693794,4.686259468360436,3.915476084902743,3.461578776865787,3.2478471875529533
Net Zero 2050,TUR,Financials,-0.1458028184513934,-0.9254659455989596,-0.7997786485381485,-0.7293033908205196,-0.7017912264152089
Net Zero 2050,TUR,Government,0.4689956842623275,7.009207295676872,5.79745874827877,5.121130929446067,4.875558032391548
Net Zero 2050,TUR,Health Care,2.6274545850918494,37.28854038536434,31.15844229091352,27.539440025750476,25.81911744414166
Net Zero 2050,TUR,Industrials,1.2337491710345683,18.39429335576244,15.331215569892606,13.536429397266836,12.711917444673377
Net Zero 2050,TUR,Oil & Gas,1.0653937153584179,15.372817644758246,12.838218449021596,11.341291856508331,10.631779459473368
Net Zero 2050,TUR,Technology,0.10056299541307988,1.032967467229104,0.867152359638622,0.7749058048643127,0.7407557902291082
Net Zero 2050,TUR,Telecommunications,0.18766862173503485,1.92770292964843,1.6182621400565083,1.4461134911107514,1.3823834266621489
Net Zero 2050,TUR,UK Real Estate,-0.2444879345784704,-2.883993501728055,-2.4052249831788606,-2.1393887720866775,-2.043935126675028
Net Zero 2050,TUR,Utilities,1.0181564190562602,28.927101430269275,23.648012684467492,20.57569701589391,19.394702391155707
Net Zero 2050,TUR,FTSE,-1.2340749882016482,-18.650736068349875,-15.53859589625029,-13.708093094392193,-12.867899866055964
Net Zero 2050,RASIA,Basic Materials,1.919825476367968,20.185329220567187,17.061012844693835,15.697963889615776,14.905927255705606
Net Zero 2050,RASIA,Consumer Goods,1.8951314454730257,19.882300586855877,16.80659838663472,15.46594447165387,14.687872135615745
Net Zero 2050,RASIA,Consumer Services,0.4403666718570085,4.58164681440361,3.874244313316172,3.566282472004726,3.3876202360265855
Net Zero 2050,RASIA,Financials,-0.2614201449845325,-1.4547304008927504,-1.2771923961334242,-1.205322618370307,-1.1622224651990758
Net Zero 2050,RASIA,Government,0.3246614438206775,4.114980964235492,3.449332046131871,3.170792693372141,3.0221502995442613
Net Zero 2050,RASIA,Health Care,3.227897513718799,33.88060818582432,28.63889092893946,26.352235980910795,25.023748057572192
Net Zero 2050,RASIA,Industrials,1.5356527483994018,16.295227903651625,13.76871772029331,12.666450167972467,12.027831118004032
Net Zero 2050,RASIA,Oil & Gas,1.29447429624812,13.673806398627262,11.555263326535142,10.630548539958125,10.093602949837253
Net Zero 2050,RASIA,Technology,0.10546684978234161,0.7595076681771487,0.6551018349336674,0.6111593631485873,0.5855290449361004
Net Zero 2050,RASIA,Telecommunications,0.19682009526551578,1.4173778008352418,1.2225377531077701,1.1405332038035036,1.0927024239643603
Net Zero 2050,RASIA,UK Real Estate,-0.7592117005830562,-6.737335158704963,-5.736251861131261,-5.325250101236325,-5.102393538086809
Net Zero 2050,RASIA,Utilities,1.1826458340121626,24.88566000123407,20.59019069423152,18.68532379671222,17.6560970378303
Net Zero 2050,RASIA,FTSE,-1.5275626661802546,-16.3179349855819,-13.783721634060406,-12.67763539959271,-12.03751930869415
Net Zero 2050,LAM,Basic Materials,1.5711681394070354,22.40414567291215,17.229261869740956,15.954835491904873,13.479503737901144
Net Zero 2050,LAM,Consumer Goods,1.3858481385287327,19.543208016101595,15.036549204374941,13.927280404904538,11.770077489218334
Net Zero 2050,LAM,Consumer Services,0.31817428189620234,4.436322282411017,3.4148408915601633,3.1637464750811994,2.6745980008555548
Net Zero 2050,LAM,Financials,-0.26994846554174634,-1.73088853647033,-1.3976761871783798,-1.3265487217888818,-1.1578635719271926
Net Zero 2050,LAM,Government,0.24552649387037098,3.5529957961877816,2.7132163148588946,2.5181400691219045,2.1154543565942245
Net Zero 2050,LAM,Health Care,2.601663162938147,36.89047475511937,28.376843367909228,26.280807954438444,22.207736370159598
Net Zero 2050,LAM,Industrials,1.1894633209316698,16.80264691554592,12.92878647973594,11.974579220730497,10.12217513667053
Net Zero 2050,LAM,Oil & Gas,1.0608771656633187,15.121934538203147,11.62938993434442,10.769211343469106,9.098544577286107
Net Zero 2050,LAM,Technology,0.06661116395714074,0.5158651143351424,0.4114462430104165,0.38751074014754266,0.33636985548030846
Net Zero 2050,LAM,Telecommunications,0.12430840271467386,0.9626970100760381,0.767832630945875,0.7231646811263704,0.6277265997487556
Net Zero 2050,LAM,UK Real Estate,-0.3203973851326301,-2.9391096345190637,-2.301877575953856,-2.1611093461467568,-1.8516647686690226
Net Zero 2050,LAM,Utilities,0.5388864735508269,11.600063005271922,8.722554144938547,8.042649084597237,6.671167463632163
Net Zero 2050,LAM,FTSE,-1.1571565610062124,-16.180499081442985,-12.450416863144527,-11.535226701500532,-9.74892188513182
Net Zero 2050,MEA,Basic Materials,0.9639150918238649,11.445889370042352,9.550711909610234,8.521707724261994,8.113400746237053
Net Zero 2050,MEA,Consumer Goods,0.9936016955353776,12.034991203954688,10.030188695818591,8.940547209092946,8.515481672858712
Net Zero 2050,MEA,Consumer Services,0.22404798617628238,2.7120262522656784,2.259972543237998,2.014492397945712,1.9192566510193763
Net Zero 2050,MEA,Financials,-0.20959389129443629,-1.421768708910773,-1.222247351970167,-1.1136425024718672,-1.070380943416777
Net Zero 2050,MEA,Government,0.17653757745886545,2.5793145159578525,2.13091558401454,1.8877090557651035,1.8025141964169482
Net Zero 2050,MEA,Health Care,1.5964877043698966,18.905104452825288,15.775714509212577,14.076553750743537,13.404249274720584
Net Zero 2050,MEA,Industrials,0.7999845088548861,9.272803530500799,7.74756553002279,6.919982165007318,6.589462061912671
Net Zero 2050,MEA,Oil & Gas,0.6475629233335125,7.741754516765577,6.457891088567876,5.7607913186985975,5.484908275032449
Net Zero 2050,MEA,Technology,0.05596880047397494,0.49336279978771597,0.41680287943835925,0.3761747093055675,0.3612925687424232
Net Zero 2050,MEA,Telecommunications,0.10444783990342314,0.9207036472131169,0.7778290771678512,0.7020096103638043,0.6742368615859861
Net Zero 2050,MEA,UK Real Estate,-0.41936297347371687,-4.602611348527912,-3.8417998292969284,-3.4306595273416898,-3.2907529314451933
Net Zero 2050,MEA,Utilities,0.41483712811495055,13.89192244786128,11.240311908106666,9.80039276302649,9.340871224824406
Net Zero 2050,MEA,FTSE,-0.7302664055465092,-9.006323683624023,-7.499686424521523,-6.681546478558389,-6.364803546882667
Net Zero 2050,AFR,Basic Materials,1.3185175458087752,19.801577728683792,16.346721101857113,14.473973177744565,13.786185703192944
Net Zero 2050,AFR,Consumer Goods,1.2119292307977618,18.08845145072807,14.936616829360197,13.226611877473381,12.597802976419542
Net Zero 2050,AFR,Consumer Services,0.26430655516529866,3.8979366297297813,3.219948264567303,2.8520627220766035,2.7170125261013376
Net Zero 2050,AFR,Financials,-0.09816688536499407,-0.8112690245582402,-0.6875560354223544,-0.6198061058591976,-0.5953348735001872
Net Zero 2050,AFR,Government,0.45160055553435197,9.787724219993088,7.988977124419128,7.010006376410442,6.685810707648239
Net Zero 2050,AFR,Health Care,2.279277376242281,34.469581472954864,28.44826947386298,25.184140090797687,23.988570403145452
Net Zero 2050,AFR,Industrials,1.0174406787409127,15.606537550133753,12.874577316600641,11.393071111217516,10.854021943821694
Net Zero 2050,AFR,Oil & Gas,0.9020728080377014,13.658020401333596,11.272048866195275,9.978405437672128,9.504011662774046
Net Zero 2050,AFR,Technology,0.04398715027126946,0.4301469064492944,0.3609624379329307,0.32343729305128793,0.3105864056785343
Net Zero 2050,AFR,Telecommunications,0.0820879273887192,0.8027314296410508,0.673620778167277,0.6035921141301928,0.5796100488445445
Net Zero 2050,AFR,UK Real Estate,-0.538361705501097,-7.150598565245126,-5.918045320038368,-5.251610082866132,-5.034261533904387
Net Zero 2050,AFR,Utilities,0.6113613259969408,24.912348182794325,20.124968046699543,17.497666161711148,16.635235395477217
Net Zero 2050,AFR,FTSE,-0.9568512740451526,-15.051234984355432,-12.405915196035126,-10.969590666633742,-10.448706759046692
Net Zero 2050,ROW,Basic Materials,1.1341662405416515,16.84186832059907,14.251253289391006,12.759769316876618,11.690986921009019
Net Zero 2050,ROW,Consumer Goods,1.0577281663593014,15.666998503986019,13.258927302379275,11.871840336176616,10.877547590019459
Net Zero 2050,ROW,Consumer Services,0.23428021640027463,3.4192445706064447,2.8950521123332678,2.593080618027714,2.376465528418618
Net Zero 2050,ROW,Financials,-0.22023892265734704,-1.7165531159542158,-1.4928211884820695,-1.3629502959108166,-1.2654807371260426
Net Zero 2050,ROW,Government,0.2971734893204686,5.0369044979964075,4.250854276314155,3.795084250612791,3.4700898697503533
Net Zero 2050,ROW,Health Care,1.8012123431391012,26.53931454358127,22.46255356896001,20.11519041124215,18.432443009906642
Net Zero 2050,ROW,Industrials,0.8486627747204526,12.170749308636717,10.309338662946834,9.238330817310565,8.47060910684826
Net Zero 2050,ROW,Oil & Gas,0.7683629499399596,11.44144229917848,9.680771804247314,8.667024965901142,7.940890393841444
Net Zero 2050,ROW,Technology,0.05626130049964822,0.5675953874093955,0.4873195140846844,0.4410212953913149,0.40717930789203494
Net Zero 2050,ROW,Telecommunications,0.10499369751685325,1.0592349961408345,0.9094257900452759,0.8230249936560926,0.7598697631990443
Net Zero 2050,ROW,UK Real Estate,-0.4554967355993538,-4.379992281726039,-3.769345361884916,-3.4160234525890747,-3.156672938616408
Net Zero 2050,ROW,Utilities,0.6222848786093875,17.081877657964338,14.269547631612392,12.638463704506812,11.50549381969391
Net Zero 2050,ROW,FTSE,-0.8008855586439255,-11.944582706221935,-10.107216520088755,-9.048218679192084,-8.290039049099612
