code,year,value
AFE,2023,1179121535535.41
AFE,2022,1226461319482.05
AFE,2021,1113059797223.9
AFE,2020,938546103425.609
AFE,2019,1019354194063.69
AFE,2018,1021971569379.4
AFE,2017,979240640383.155
AFE,2016,832661416653.091
AFE,2015,909905339457.167
AFE,2014,998727180531.477
AFE,2013,981203198866.08
AFE,2012,969171197494.148
AFE,2011,959740239662.05
AFE,2010,863749634744.9
AFE,2009,726850536901.436
AFE,2008,726711167541.424
AFE,2007,674947497627.662
AFE,2006,587454940473.207
AFE,2005,521562847473.691
AFE,2004,445975553009.759
AFE,2003,358116678901.082
AFE,2002,269746460052.503
AFE,2001,260850392951.828
AFE,2000,287042463739.689
AFW,2023,938480674635.085
AFW,2022,1063748247138.21
AFW,2021,1026670180885.97
AFW,2020,963688197941.774
AFW,2019,1026527768676.04
AFW,2018,777805844264.864
AFW,2017,694206358825.098
AFW,2016,699979485002.844
AFW,2015,778037497377.313
AFW,2014,904094866776.536
AFW,2013,844187976557.843
AFW,2012,748030003656.774
AFW,2011,691133400013.242
AFW,2010,605794323433.602
AFW,2009,515037106035.585
AFW,2008,574259808704.062
AFW,2007,470947616490.786
AFW,2006,402077365740.543
AFW,2005,316515667947.119
AFW,2004,257939299771.648
AFW,2003,208646527354.852
AFW,2002,180129182230.86
AFW,2001,150714426912.027
AFW,2000,142700161610.021
ARB,2023,3617895070373.04
ARB,2022,3752344988903.0
ARB,2021,3090113052044.16
ARB,2020,2608795934173.51
ARB,2019,2969429771610.46
ARB,2018,2924906594129.03
ARB,2017,2615263227679.8
ARB,2016,2540369856563.15
ARB,2015,2584151265962.58
ARB,2014,2940745822078.8
ARB,2013,2887116130913.48
ARB,2012,2816787067316.22
ARB,2011,2576183850806.81
ARB,2010,2165961502751.72
ARB,2009,1832774180319.93
ARB,2008,2121063708751.66
ARB,2007,1674640786036.4
ARB,2006,1439461123430.75
ARB,2005,1210081941398.6
ARB,2004,987304821542.152
ARB,2003,830076531568.175
ARB,2002,746768175363.066
ARB,2001,744564338442.53
ARB,2000,763400074351.443
CSS,2023,79594075306.6477
CSS,2022,78475897832.9531
CSS,2021,62692425791.373
CSS,2020,53339533047.3726
CSS,2019,62185048912.3359
CSS,2018,61251232769.8672
CSS,2017,59854333034.3488
CSS,2016,58077597799.5106
CSS,2015,62546622822.0285
CSS,2014,64139344973.1037
CSS,2013,62057809452.4886
CSS,2012,60152214325.0841
CSS,2011,56728212756.0989
CSS,2010,52803409572.0273
CSS,2009,47913515379.1154
CSS,2008,57296315261.9305
CSS,2007,49739222993.1148
CSS,2006,44325879983.2222
CSS,2005,38224293958.7281
CSS,2004,33597817092.3498
CSS,2003,30589389405.8968
CSS,2002,27742046925.4435
CSS,2001,26504661126.1591
CSS,2000,25625542926.4456
CEB,2023,2273564082260.43
CEB,2022,1954028005289.23
CEB,2021,1926387937049.61
CEB,2020,1678297364952.0
CEB,2019,1684322326510.05
CEB,2018,1656387103225.12
CEB,2017,1467504296996.79
CEB,2016,1321564300745.06
CEB,2015,1297144243677.59
CEB,2014,1467454376587.2
CEB,2013,1420225996416.23
CEB,2012,1361901163411.55
CEB,2011,1458158364344.55
CEB,2010,1319446244881.88
CEB,2009,1289261661160.8
CEB,2008,1526123276964.15
CEB,2007,1254691637899.0
CEB,2006,987675979323.667
CEB,2005,871993037920.824
CEB,2004,749236864681.291
CEB,2003,621437270110.894
CEB,2002,518049996936.665
CEB,2001,460153265512.377
CEB,2000,420823859911.381
EAR,2023,14791485754640.0
EAR,2022,13943279396110.6
EAR,2021,12689608907980.0
EAR,2020,10818113835119.8
EAR,2019,11681340567084.1
EAR,2018,11470147555427.1
EAR,2017,11321429912094.9
EAR,2016,10435095271533.5
EAR,2015,10141599371579.2
EAR,2014,10547017467024.3
EAR,2013,10342396461018.3
EAR,2012,10284904242407.0
EAR,2011,9842609213387.36
EAR,2010,8728192674219.64
EAR,2009,7181684474649.47
EAR,2008,7464456008410.04
EAR,2007,6630769690203.11
EAR,2006,5600150744578.7
EAR,2005,4897661936723.59
EAR,2004,4209610787468.93
EAR,2003,3622383752487.14
EAR,2002,3255788416655.75
EAR,2001,3351551499259.02
EAR,2000,3378193447814.03
EAS,2023,31597454903562.8
EAS,2022,31457553986143.5
EAS,2021,31866900585287.8
EAS,2020,27716337916114.1
EAS,2019,27555988315218.6
EAS,2018,26967805751611.4
EAS,2017,24764692848732.2
EAS,2016,23197528991928.0
EAS,2015,22388696608294.0
EAS,2014,22461065423931.7
EAS,2013,21719346361874.9
EAS,2012,21443742650233.5
EAS,2011,20025003264159.5
EAS,2010,17291859920837.7
EAS,2009,14811619687570.6
EAS,2008,14397041627177.2
EAS,2007,12482468447983.2
EAS,2006,11166176306011.2
EAS,2005,10526916106059.6
EAS,2004,9868085960844.77
EAS,2003,8807340167908.37
EAS,2002,8019320137887.65
EAS,2001,7890593533286.75
EAS,2000,8486535433030.27
EAP,2023,21645526054900.4
EAP,2022,21564016559632.4
EAP,2021,21231427856677.9
EAP,2020,17805087162972.8
EAP,2019,17503400404142.2
EAP,2018,16902232225491.5
EAP,2017,15115746338831.4
EAP,2016,13844229287201.0
EAP,2015,13549001701885.3
EAP,2014,13004796624150.5
EAP,2013,12047618706549.4
EAP,2012,10905339110889.0
EAP,2011,9774260422789.83
EAP,2010,8008612939930.06
EAP,2009,6581355241401.19
EAP,2008,6062020651659.77
EAP,2007,4787055911779.71
EAP,2006,3783277937264.24
EAP,2005,3140095880510.48
EAP,2004,2712364424547.48
EAP,2003,2337899791169.99
EAP,2002,2063860728512.8
EAP,2001,1862932027333.99
EAP,2000,1748618348962.32
TEA,2023,21618798469116.3
TEA,2022,21537381722236.2
TEA,2021,21205167482133.0
TEA,2020,17783125335539.1
TEA,2019,17481840638100.6
TEA,2018,16881439039177.6
TEA,2017,15097175319188.0
TEA,2016,13827255558413.7
TEA,2015,13532365705740.1
TEA,2014,12988820106481.0
TEA,2013,12032819510378.6
TEA,2012,10891968824139.1
TEA,2011,9762253898511.05
TEA,2010,7998793934320.62
TEA,2009,6573323824227.51
TEA,2008,6054649425101.54
TEA,2007,4781266905492.39
TEA,2006,3778749876885.47
TEA,2005,3136370768809.06
TEA,2004,2709157341038.36
TEA,2003,2335145056826.44
TEA,2002,2061454246158.09
TEA,2001,1860776095171.98
TEA,2000,1746600304145.18
EMU,2023,15957338405375.8
EMU,2022,14578675912327.5
EMU,2021,15008955622791.4
EMU,2020,13338044901392.1
EMU,2019,13658286442179.9
EMU,2018,13937879176171.9
EMU,2017,12901130483442.4
EMU,2016,12177215800581.1
EMU,2015,11880603228444.5
EMU,2014,13739142693292.4
EMU,2013,13413105856914.7
EMU,2012,12839246579840.9
EMU,2011,13866247656132.3
EMU,2010,12835436183865.7
EMU,2009,13135138604358.3
EMU,2008,14346208350010.2
EMU,2007,13035176682196.7
EMU,2006,11309041991993.2
EMU,2005,10627971366602.0
EMU,2004,10242911187425.1
EMU,2003,8929519218443.93
EMU,2002,7247791094758.98
EMU,2001,6636734730022.05
EMU,2000,6533285976076.88
ECS,2023,27758730809930.4
ECS,2022,25850174701132.2
ECS,2021,25606138714522.2
ECS,2020,22340802078287.1
ECS,2019,23089828216899.5
ECS,2018,23360537744962.4
ECS,2017,21814876277943.7
ECS,2016,20560352355734.8
ECS,2015,20639397476661.5
ECS,2014,23959718523184.4
ECS,2013,23610195160751.0
ECS,2012,22592146410958.5
ECS,2011,23462080654159.3
ECS,2010,21144686639874.4
ECS,2009,20665617638433.4
ECS,2008,23464214449944.0
ECS,2007,21312176373245.5
ECS,2006,18232780756499.3
ECS,2005,16828963477327.4
ECS,2004,15806093490340.9
ECS,2003,13558532492379.2
ECS,2002,11150184165050.7
ECS,2001,10182615561468.2
ECS,2000,10078047371487.0
ECA,2023,2141252006536.72
ECA,2022,1819829713206.56
ECA,2021,1670530886782.34
ECA,2020,1435629650684.1
ECA,2019,1500446538705.77
ECA,2018,1465381526737.36
ECA,2017,1497595120805.31
ECA,2016,1459048873589.79
ECA,2015,1521842301869.27
ECA,2014,1745687745481.27
ECA,2013,1818186938934.41
ECA,2012,1666784947849.0
ECA,2011,1581470670923.71
ECA,2010,1390857073642.43
ECA,2009,1169850373591.65
ECA,2008,1402469464526.39
ECA,2007,1171564532812.61
ECA,2006,929653913665.92
ECA,2005,798910158032.869
ECA,2004,641354851059.115
ECA,2003,498100392298.148
ECA,2002,390539574547.918
ECA,2001,335654261833.442
ECA,2000,391265288460.481
TEC,2023,5535571828711.02
TEC,2022,5264957389633.5
TEC,2021,4627341470532.29
TEC,2020,3913694661148.13
TEC,2019,4176304236875.06
TEC,2018,4086887247276.34
TEC,2017,3925651486138.39
TEC,2016,3500968563901.72
TEC,2015,3645031517122.17
TEC,2014,4663476749067.68
TEC,2013,4934304443297.29
TEC,2012,4664191795996.97
TEC,2011,4468439340114.01
TEC,2010,3673616542653.72
TEC,2009,3121840190453.83
TEC,2008,3936202053332.51
TEC,2007,3179151934107.3
TEC,2006,2471291016359.46
TEC,2005,2043000026365.16
TEC,2004,1631386098916.6
TEC,2003,1261025229727.55
TEC,2002,1024837356677.88
TEC,2001,911685748933.185
TEC,2000,896296644399.434
EUU,2023,18659279022583.3
EUU,2022,17023620598906.4
EUU,2021,17495257191725.6
EUU,2020,15504058553907.7
EUU,2019,15809077129406.2
EUU,2018,16092407006604.4
EUU,2017,14871316217995.7
EUU,2016,13988150566298.6
EUU,2015,13656255577702.6
EUU,2014,15763599531004.8
EUU,2013,15398511081475.3
EUU,2012,14731878294328.4
EUU,2011,15874716537128.7
EUU,2010,14641776061063.4
EUU,2009,14844850799682.2
EUU,2008,16360464416206.0
EUU,2007,14779905573599.5
EUU,2006,12754718274523.8
EUU,2005,11940626626680.2
EUU,2004,11434848361291.9
EUU,2003,9944006859363.36
EUU,2002,8089955515956.84
EUU,2001,7398267811404.69
EUU,2000,7279892216791.94
HPC,2023,1060851525652.8
HPC,2022,1002950189402.75
HPC,2021,924437668151.095
HPC,2020,816212465074.075
HPC,2019,811080887285.088
HPC,2018,790361943446.387
HPC,2017,735134788678.557
HPC,2016,677053478623.394
HPC,2015,674525283733.803
HPC,2014,705379811037.148
HPC,2013,667216081741.819
HPC,2012,595060811936.517
HPC,2011,573435618293.002
HPC,2010,518681650290.886
HPC,2009,475142721102.049
HPC,2008,481564738213.917
HPC,2007,404319749775.223
HPC,2006,338947673939.485
HPC,2005,288591119560.553
HPC,2004,249571115303.131
HPC,2003,216610034974.426
HPC,2002,190891346466.397
HPC,2001,175879852361.494
HPC,2000,181929508086.652
IBD,2023,39083500948084.9
IBD,2022,37847494888632.6
IBD,2021,35868904968937.8
IBD,2020,30194051534423.9
IBD,2019,31370912490347.0
IBD,2018,30727224343894.0
IBD,2017,28849480049390.9
IBD,2016,26134891989406.5
IBD,2015,25941217987927.1
IBD,2014,27552867783541.2
IBD,2013,26787319485055.1
IBD,2012,25461967052262.8
IBD,2011,23955878375012.0
IBD,2010,20239797714297.1
IBD,2009,16646670816085.3
IBD,2008,17147397340377.1
IBD,2007,14287517909878.2
IBD,2006,11501211498155.5
IBD,2005,9694742216243.09
IBD,2004,8117393631129.81
IBD,2003,6814154037538.79
IBD,2002,6065785974350.62
IBD,2001,5971611141415.03
IBD,2000,5886134978692.93
IBT,2023,42011330091982.8
IBT,2022,40927482641799.6
IBT,2021,38735463663158.6
IBT,2020,32817339931222.2
IBT,2019,34074782748271.7
IBT,2018,33140778408492.4
IBT,2017,31121226985041.1
IBT,2016,28299821225498.5
IBT,2015,28118750119954.2
IBT,2014,29793136753560.6
IBT,2013,28868139569390.0
IBT,2012,27373456462077.4
IBT,2011,25767419601408.7
IBT,2010,21843599755374.1
IBT,2009,18030309686510.0
IBT,2008,18566849399860.0
IBT,2007,15478350774972.5
IBT,2006,12515788445511.7
IBT,2005,10543941001743.8
IBT,2004,8846953925341.98
IBT,2003,7438051094244.74
IBT,2002,6618955701161.44
IBT,2001,6484663039122.95
IBT,2000,6405161916663.93
IDB,2023,1277421993702.09
IDB,2022,1461048245644.69
IDB,2021,1373195862361.12
IDB,2020,1262159381015.61
IDB,2019,1357319294877.02
IDB,2018,1127900531096.51
IDB,2017,1067274924059.64
IDB,2016,1047494187995.75
IDB,2015,1116256560392.48
IDB,2014,1175043316339.54
IDB,2013,1081001766014.43
IDB,2012,990701519034.679
IDB,2011,895839926018.559
IDB,2010,786359231668.375
IDB,2009,669157586077.064
IDB,2008,714771797937.577
IDB,2007,609839841031.772
IDB,2006,526645636933.891
IDB,2005,428328538127.197
IDB,2004,365116376618.522
IDB,2003,302939673628.933
IDB,2002,267621509358.231
IDB,2001,243968067390.483
IDB,2000,244290144705.894
IDX,2023,1650407150195.89
IDX,2022,1618939507522.38
IDX,2021,1493362831859.7
IDX,2020,1361129015782.66
IDX,2019,1346550963047.7
IDX,2018,1285653533501.84
IDX,2017,1204472011590.63
IDX,2016,1117435048096.23
IDX,2015,1061275571634.61
IDX,2014,1065225653679.88
IDX,2013,999818318320.414
IDX,2012,920787890779.856
IDX,2011,915701300378.209
IDX,2010,817442809408.684
IDX,2009,714481284347.599
IDX,2008,704680261545.393
IDX,2007,580806156918.826
IDX,2006,488304362308.806
IDX,2005,421468030604.478
IDX,2004,365272291015.942
IDX,2003,322074306128.265
IDX,2002,286540275917.585
IDX,2001,269747437393.254
IDX,2000,275650920074.91
IDA,2023,2927829143897.98
IDA,2022,3079987753167.07
IDA,2021,2866558694220.81
IDA,2020,2623288396798.27
IDA,2019,2703870257924.72
IDA,2018,2413554064598.36
IDA,2017,2271746935650.27
IDA,2016,2164929236091.98
IDA,2015,2177532132027.09
IDA,2014,2240268970019.42
IDA,2013,2080820084334.84
IDA,2012,1911489409814.53
IDA,2011,1811541226396.77
IDA,2010,1603802041077.06
IDA,2009,1383638870424.66
IDA,2008,1419452059482.97
IDA,2007,1190938893682.2
IDA,2006,1015393219998.18
IDA,2005,849808229882.356
IDA,2004,730312504980.644
IDA,2003,624678232124.012
IDA,2002,553836284400.809
IDA,2001,513296405076.011
IDA,2000,519441856818.288
LTE,2023,28909440099233.0
LTE,2022,28553586772075.8
LTE,2021,27284909409699.1
LTE,2020,22869846935930.6
LTE,2019,23366922633045.5
LTE,2018,22907807978183.2
LTE,2017,20889290528064.1
LTE,2016,18841938118214.3
LTE,2015,18797219516598.6
LTE,2014,19998109363135.1
LTE,2013,19233517996185.8
LTE,2012,17836299691343.4
LTE,2011,16665376053801.4
LTE,2010,13681203944217.6
LTE,2009,11368249341334.8
LTE,2008,11746008266260.5
LTE,2007,9435731160311.88
LTE,2006,7482372535432.29
LTE,2005,6197282356458.66
LTE,2004,5137669562692.03
LTE,2003,4273780094502.46
LTE,2002,3750348820903.15
LTE,2001,3536187082458.8
LTE,2000,3418913200754.6
LCN,2023,6909980461601.21
LCN,2022,6147092422711.93
LCN,2021,5383564425117.23
LCN,2020,4627829769474.15
LCN,2019,5473792638347.11
LCN,2018,5581213957025.26
LCN,2017,5715231248363.46
LCN,2016,5148783766945.08
LCN,2015,5289417937086.3
LCN,2014,6218059801942.29
LCN,2013,6252125316234.8
LCN,2012,6201531036318.3
LCN,2011,6139314989246.27
LCN,2010,5397655976518.39
LCN,2009,4357538710237.47
LCN,2008,4644092806762.82
LCN,2007,3998763226331.27
LCN,2006,3397326624081.07
LCN,2005,2903225604297.7
LCN,2004,2405470324871.32
LCN,2003,2091901149499.75
LCN,2002,2052785896654.39
LCN,2001,2282616598586.76
LCN,2000,2326960808219.85
LAC,2023,6114807611697.98
LAC,2022,5425723261080.83
LAC,2021,4694652116377.4
LAC,2020,4034164122634.89
LAC,2019,4821625109314.74
LAC,2018,4918723143160.92
LAC,2017,5076766505994.78
LAC,2016,4551782151517.8
LAC,2015,4703989762871.3
LAC,2014,5620010717338.88
LAC,2013,5644127674357.65
LAC,2012,5622404703958.77
LAC,2011,5594126981026.73
LAC,2010,4911947255842.05
LAC,2009,3942282553724.13
LAC,2008,4216556735122.36
LAC,2007,3605106967513.88
LAC,2006,3041888570283.16
LAC,2005,2596008248707.13
LAC,2004,2137560387892.79
LAC,2003,1860329009941.51
LAC,2002,1833442255112.44
LAC,2001,2058411677043.06
LAC,2000,2103632373622.86
TLA,2023,6590712953369.3
TLA,2022,5853946060777.18
TLA,2021,5119629917733.74
TLA,2020,4388400203662.59
TLA,2019,5230913289241.76
TLA,2018,5347169359023.49
TLA,2017,5482938029714.53
TLA,2016,4922127744500.54
TLA,2015,5068412682233.61
TLA,2014,6005472855928.78
TLA,2013,6044199922527.12
TLA,2012,5998234101785.24
TLA,2011,5942123318729.2
TLA,2010,5212372072821.22
TLA,2009,4176789652249.38
TLA,2008,4465814394726.48
TLA,2007,3826960106951.6
TLA,2006,3234927436484.26
TLA,2005,2752003834143.61
TLA,2004,2264876337798.89
TLA,2003,1960517237957.0
TLA,2002,1927322088503.17
TLA,2001,2161359793667.25
TLA,2000,2214459331301.87
LDC,2023,1459140154701.04
LDC,2022,1471699265269.38
LDC,2021,1302642870995.53
LDC,2020,1179620504897.32
LDC,2019,1169533458405.7
LDC,2018,1117321176649.3
LDC,2017,1045823616290.85
LDC,2016,953366743642.222
LDC,2015,945963113669.267
LDC,2014,993293176451.796
LDC,2013,924587754781.973
LDC,2012,849501067175.473
LDC,2011,810040727729.598
LDC,2010,711177667873.134
LDC,2009,628091006955.253
LDC,2008,635498688012.848
LDC,2007,517201448591.583
LDC,2006,430668720015.575
LDC,2005,370634107574.804
LDC,2004,311792443178.112
LDC,2003,270939943315.867
LDC,2002,238997145476.315
LDC,2001,216586451093.645
LDC,2000,224564439988.97
LMY,2023,38155314219988.0
LMY,2022,37082867531465.4
LMY,2021,35394243111591.4
LMY,2020,30018039872473.6
LMY,2019,31024374981412.2
LMY,2018,30124203119691.2
LMY,2017,28319199325293.0
LMY,2016,25917599955464.9
LMY,2015,25659752659960.1
LMY,2014,26519136607008.2
LMY,2013,25380075062402.9
LMY,2012,24026419350635.8
LMY,2011,22556775919423.3
LMY,2010,19281238913053.9
LMY,2009,15860983059370.4
LMY,2008,15800077993602.7
LMY,2007,13261896828487.0
LMY,2006,10792069669288.7
LMY,2005,9153616469906.55
LMY,2004,7738117921917.97
LMY,2003,6582329229105.78
LMY,2002,5897424611643.27
LMY,2001,5812896698083.06
LMY,2000,5796667553560.29
MEA,2023,4902253052059.01
MEA,2022,5035779695254.83
MEA,2021,4315472921456.39
MEA,2020,3592277157538.87
MEA,2019,4022588786208.41
MEA,2018,4053744446046.43
MEA,2017,3798189271504.22
MEA,2016,3627179370571.64
MEA,2015,3561595503548.09
MEA,2014,3958172789906.38
MEA,2013,3918727955940.41
MEA,2012,3953860671042.37
MEA,2011,3665474220711.56
MEA,2010,3045879622174.25
MEA,2009,2608280183520.45
MEA,2008,2892703776066.0
MEA,2007,2340610689867.66
MEA,2006,1984464158642.67
MEA,2005,1696746049955.37
MEA,2004,1425039121626.98
MEA,2003,1208787816829.47
MEA,2002,1084280957543.71
MEA,2001,1090274286299.12
MEA,2000,1098655593166.16
MNA,2023,2094194824252.19
MNA,2022,2165681910516.43
MNA,2021,1944658742702.15
MNA,2020,1672646665964.66
MNA,2019,1838491544905.83
MNA,2018,1881940334175.63
MNA,2017,1882187717766.39
MNA,2016,1852920687942.14
MNA,2015,1784466385695.77
MNA,2014,1923472432973.06
MNA,2013,1933842437518.53
MNA,2012,2056110731997.59
MNA,2011,1909176954972.57
MNA,2010,1629127925063.32
MNA,2009,1421593053226.48
MNA,2008,1469142385234.62
MNA,2007,1209996489935.98
MNA,2006,996469269796.192
MNA,2005,857124962326.471
MNA,2004,739740924019.894
MNA,2003,624719536900.607
MNA,2002,565029334317.57
MNA,2001,580255087940.943
MNA,2000,577555393310.858
TMN,2023,2075559724252.19
TMN,2022,2146516410516.43
TMN,2021,1926549742702.15
TMN,2020,1657114965964.66
TMN,2019,1821358044905.83
TMN,2018,1865663734175.63
TMN,2017,1866059717766.39
TMN,2016,1837515287942.14
TMN,2015,1770493985695.77
TMN,2014,1909482732973.06
TMN,2013,1920326937518.54
TMN,2012,2043902331997.59
TMN,2011,1897990854972.57
TMN,2010,1619446425063.32
TMN,2009,1413507353226.48
TMN,2008,1461831985234.62
TMN,2007,1204180789935.98
TMN,2006,991120969796.192
TMN,2005,851999262326.47
TMN,2004,735137824019.893
TMN,2003,620751536900.607
TMN,2002,561473534317.57
TMN,2001,576251387940.943
TMN,2000,573241793310.858
MIC,2023,37598001937865.0
MIC,2022,36531426959364.9
MIC,2021,34913762453380.2
MIC,2020,29584575558650.2
MIC,2019,30585555169458.0
MIC,2018,29703780736503.7
MIC,2017,27920575307382.3
MIC,2016,25537051889993.7
MIC,2015,25243424508586.8
MIC,2014,26093245096359.9
MIC,2013,24981032983624.9
MIC,2012,23639759043791.5
MIC,2011,22151023341680.6
MIC,2010,18906893796333.0
MIC,2009,15524656827265.1
MIC,2008,15459320842699.2
MIC,2007,12979297389135.4
MIC,2006,10560130122160.6
MIC,2005,8955078429959.13
MIC,2004,7574430502189.41
MIC,2003,6442572753678.03
MIC,2002,5771947167690.29
MIC,2001,5698308087221.4
MIC,2000,5675807560243.59
NAC,2023,30016713196347.4
NAC,2022,28262944669046.3
NAC,2021,25755312987896.8
NAC,2020,23037855330882.0
NAC,2019,23291134417156.9
NAC,2018,22389072713237.7
NAC,2017,21268513812514.6
NAC,2016,20339809161640.9
NAC,2015,19858183921200.2
NAC,2014,19420303676809.0
NAC,2013,18733732587414.4
NAC,2012,18088707665072.0
NAC,2011,17399380418900.9
NAC,2010,16672954718091.5
NAC,2009,15859350766599.6
NAC,2008,16329835439550.1
NAC,2007,15949815407783.3
NAC,2006,15141018255289.1
NAC,2005,14217183637402.9
NAC,2004,13248371709917.8
NAC,2003,12356178599084.6
NAC,2002,11693695836551.6
NAC,2001,11324591275355.4
NAC,2000,10999205634931.6
OED,2023,65416979138062.7
OED,2022,61286449816069.9
OED,2021,59666281326989.0
OED,2020,53331159716240.7
OED,2019,54485019277771.0
OED,2018,53918014151383.0
OED,2017,50962966454996.4
OED,2016,48791020854023.8
OED,2015,47849615079402.5
OED,2014,50718548398932.9
OED,2013,49637322451829.6
OED,2012,48933153056612.9
OED,2011,48976221855396.9
OED,2010,45526677050419.5
OED,2009,43394862640331.7
OED,2008,46373966166329.6
OED,2007,43663244462480.1
OED,2006,39873621654155.2
OED,2005,37779302577053.4
OED,2004,35719361405775.1
OED,2003,32089713975113.4
OED,2002,28704330298725.5
OED,2001,27514799599349.8
OED,2000,27778488573282.7
OSS,2023,196776788550.521
OSS,2022,181929859029.679
OSS,2021,172054189148.087
OSS,2020,146178019948.381
OSS,2019,158537272264.689
OSS,2018,158084162753.728
OSS,2017,143284638053.643
OSS,2016,128159306240.899
OSS,2015,121433689793.067
OSS,2014,135415534454.347
OSS,2013,130969031866.96
OSS,2012,125764680258.238
OSS,2011,128764141897.791
OSS,2010,112786677893.28
OSS,2009,107852490662.02
OSS,2008,125254076612.117
OSS,2007,115445997132.217
OSS,2006,95908328760.0445
OSS,2005,86284958292.6193
OSS,2004,76950784902.5047
OSS,2003,64819510796.1105
OSS,2002,52122511271.7999
OSS,2001,47626338310.4085
OSS,2000,47447997451.6871
PSS,2023,11293798175.2794
PSS,2022,10469882963.8981
PSS,2021,9575143114.30798
PSS,2020,9428309122.8276
PSS,2019,10750020320.3809
PSS,2018,10918390849.5149
PSS,2017,10408975105.1516
PSS,2016,9660620527.27464
PSS,2015,9199527864.78686
PSS,2014,9395064505.28979
PSS,2013,8650287218.9751
PSS,2012,8215948619.93726
PSS,2011,7747875552.18314
PSS,2010,6638995493.57921
PSS,2009,6033680449.649
PSS,2008,6698924092.51423
PSS,2007,6250949279.73079
PSS,2006,5674869059.2092
PSS,2005,5404344027.47777
PSS,2004,4871855213.81226
PSS,2003,4235417136.34079
PSS,2002,3551511786.21902
PSS,2001,3387243157.37087
PSS,2000,3444510932.12133
PST,2023,61116976921687.7
PST,2022,57655583144884.1
PST,2021,56312999693620.9
PST,2020,50460094948336.7
PST,2019,51425400491830.9
PST,2018,50874931441807.4
PST,2017,48003116664049.3
PST,2016,46016102013930.7
PST,2015,44970537111944.2
PST,2014,47527207893966.3
PST,2013,46537786135637.6
PST,2012,46027371705948.9
PST,2011,46093024710194.0
PST,2010,42907615946030.4
PST,2009,41130483724941.1
PST,2008,43675050278961.9
PST,2007,41227786934667.2
PST,2006,37770129321606.9
PST,2005,35883964025378.4
PST,2004,34093567886599.5
PST,2003,30686884653568.0
PST,2002,27380537491974.1
PST,2001,26251047428649.0
PST,2000,26514807286901.0
PRE,2023,1679661211478.96
PRE,2022,1857970259244.7
PRE,2021,1632692476237.58
PRE,2020,1493808964934.18
PRE,2019,1634623930442.19
PRE,2018,1372992333739.42
PRE,2017,1234012453109.89
PRE,2016,1179646343672.88
PRE,2015,1327649722440.53
PRE,2014,1564268518633.72
PRE,2013,1476570945874.25
PRE,2012,1346198739594.6
PRE,2011,1236913792349.94
PRE,2010,1069026111074.64
PRE,2009,914568494528.633
PRE,2008,1008759607218.59
PRE,2007,808147234881.565
PRE,2006,668501035348.266
PRE,2005,531122307170.791
PRE,2004,424234077245.53
PRE,2003,340468658769.863
PRE,2002,312135025048.78
PRE,2001,269595630764.068
PRE,2000,283217741818.426
SST,2023,287664662032.448
SST,2022,270875639826.53
SST,2021,244321758053.768
SST,2020,208945862118.581
SST,2019,231472341497.406
SST,2018,230253786373.11
SST,2017,213547946193.144
SST,2016,195897524567.684
SST,2015,193179840479.883
SST,2014,208949943932.74
SST,2013,201677128538.424
SST,2012,194132843203.259
SST,2011,193240230206.073
SST,2010,172229082958.886
SST,2009,161799686490.784
SST,2008,189249315966.561
SST,2007,171436169405.063
SST,2006,145909077802.476
SST,2005,129913596278.825
SST,2004,115420457208.667
SST,2003,99644317338.348
SST,2002,83416069983.4625
SST,2001,77518242593.9385
SST,2000,76518051310.254
SAS,2023,4073084906363.46
SAS,2022,3834471492016.05
SAS,2021,3717045071947.61
SAS,2020,3172770463540.28
SAS,2019,3318484576408.75
SAS,2018,3159841615195.03
SAS,2017,3075955433025.62
SAS,2016,2679313169084.49
SAS,2015,2414503392327.99
SAS,2014,2323062261802.12
SAS,2013,2111097580244.47
SAS,2012,2057958207007.53
SAS,2011,2045738549406.63
SAS,2010,1869826822336.76
SAS,2009,1502961023415.75
SAS,2008,1347380565219.4
SAS,2007,1342148092012.26
SAS,2006,1051884831127.45
SAS,2005,924419567611.272
SAS,2004,804159915389.764
SAS,2003,694775911444.331
SAS,2002,593707009776.721
SAS,2001,562554379798.02
SAS,2000,544940514563.357
TSA,2023,4073084906363.46
TSA,2022,3834471492016.05
TSA,2021,3717045071947.61
TSA,2020,3172770463540.28
TSA,2019,3318484576408.75
TSA,2018,3159841615195.03
TSA,2017,3075955433025.62
TSA,2016,2679313169084.49
TSA,2015,2414503392327.99
TSA,2014,2323062261802.12
TSA,2013,2111097580244.47
TSA,2012,2057958207007.53
TSA,2011,2045738549406.63
TSA,2010,1869826822336.76
TSA,2009,1502961023415.75
TSA,2008,1347380565219.4
TSA,2007,1342148092012.26
TSA,2006,1051884831127.45
TSA,2005,924419567611.271
TSA,2004,804159915389.764
TSA,2003,694775911444.331
TSA,2002,593707009776.721
TSA,2001,562554379798.02
TSA,2000,544940514563.357
SSF,2023,2117602210170.5
SSF,2022,2290209566620.26
SSF,2021,2139729978109.87
SSF,2020,1902234301367.38
SSF,2019,2045881962739.73
SSF,2018,1799777413644.27
SSF,2017,1673446999208.25
SSF,2016,1532640901655.94
SSF,2015,1687942836834.48
SSF,2014,1902822047308.01
SSF,2013,1825391175423.92
SSF,2012,1717201201150.92
SSF,2011,1650873639675.29
SSF,2010,1469543958178.5
SSF,2009,1241887642937.02
SSF,2008,1300970976245.49
SSF,2007,1145187476948.82
SSF,2006,988827706638.027
SSF,2005,836994144673.233
SSF,2004,702843567490.156
SSF,2003,565920228913.281
SSF,2002,449501126211.834
SSF,2001,410936482186.298
SSF,2000,428788727164.408
SSA,2023,2115430662235.11
SSA,2022,2288209678021.0
SSA,2021,2138242804315.06
SSA,2020,1900851749615.81
SSA,2019,2044013272643.0
SSA,2018,1797993099717.5
SSA,2017,1671771628567.24
SSA,2016,1531072388307.79
SSA,2015,1686510433482.35
SSA,2014,1901434469437.93
SSA,2013,1824058015016.54
SSA,2012,1716111793311.73
SSA,2011,1649814720968.03
SSA,2010,1468562341636.17
SSA,2009,1241036741316.59
SSA,2008,1299991378851.19
SSA,2007,1144107728262.45
SSA,2006,987742442581.503
SSA,2005,836012300136.335
SSA,2004,701946427139.91
SSA,2003,565165696847.835
SSA,2002,448754410667.31
SSA,2001,410270416419.428
SSA,2000,428130754795.261
TSS,2023,2117602210170.5
TSS,2022,2290209566620.26
TSS,2021,2139729978109.87
TSS,2020,1902234301367.38
TSS,2019,2045881962739.73
TSS,2018,1799777413644.27
TSS,2017,1673446999208.25
TSS,2016,1532640901655.94
TSS,2015,1687942836834.48
TSS,2014,1902822047308.01
TSS,2013,1825391175423.92
TSS,2012,1717201201150.92
TSS,2011,1650873639675.29
TSS,2010,1469543958178.5
TSS,2009,1241887642937.02
TSS,2008,1300970976245.49
TSS,2007,1145187476948.82
TSS,2006,988827706638.027
TSS,2005,836994144673.233
TSS,2004,702843567490.156
TSS,2003,565920228913.281
TSS,2002,449501126211.834
TSS,2001,410936482186.298
TSS,2000,428788727164.409
WLD,2023,107348614073350.0
WLD,2022,102862471365575.0
WLD,2021,98780038374127.0
WLD,2020,86388502867289.2
WLD,2019,88796498078977.7
WLD,2018,87310840056717.8
WLD,2017,82110104984460.0
WLD,2016,77084966373474.0
WLD,2015,75839351828606.2
WLD,2014,80243543597078.9
WLD,2013,78171001460419.0
WLD,2012,76055253368044.6
WLD,2011,74388644404622.5
WLD,2010,66893676131662.8
WLD,2009,61049315651690.3
WLD,2008,64378551514749.4
WLD,2007,58574302755950.8
WLD,2006,51965655998564.4
WLD,2005,47938461749088.8
WLD,2004,44264898214305.3
WLD,2003,39288473726074.5
WLD,2002,35048255697763.3
WLD,2001,33747838963540.0
WLD,2000,33965806441911.9
AFG,2023,17152234636.8715
AFG,2022,14497243872.1337
AFG,2021,14259995441.0759
AFG,2020,19955929052.1496
AFG,2019,18799444490.1128
AFG,2018,18053222687.4126
AFG,2017,18753456497.8159
AFG,2016,18116572395.0772
AFG,2015,19134221644.7325
AFG,2014,20497128555.6972
AFG,2013,20146416757.5987
AFG,2012,19907329777.5872
AFG,2011,17805098206.3141
AFG,2010,15856668555.8336
AFG,2009,12416152732.0567
AFG,2008,10109297047.5432
AFG,2007,9747886187.39393
AFG,2006,6971758282.29351
AFG,2005,6203256538.70967
AFG,2004,5224896718.67782
AFG,2003,4520946818.54581
AFG,2002,3825701438.99963
AFG,2001,2813571753.87253
AFG,2000,3521418059.92345
ALB,2023,23491242727.4082
ALB,2022,19017247013.8821
ALB,2021,18031989573.0294
ALB,2020,15241458744.5927
ALB,2019,15585111614.0376
ALB,2018,15379508329.7568
ALB,2017,13258268435.6048
ALB,2016,11988668784.6628
ALB,2015,11470171826.9575
ALB,2014,13296322588.1684
ALB,2013,12796985886.1478
ALB,2012,12246499747.9714
ALB,2011,12973755874.5365
ALB,2010,12086545641.299
ALB,2009,12335540656.1006
ALB,2008,13258506375.4518
ALB,2007,11116937869.8568
ALB,2006,9150528132.17633
ALB,2005,8256658249.8128
ALB,2004,7406645793.44038
ALB,2003,5801712040.48463
ALB,2002,4515003116.68036
ALB,2001,4059064033.13379
ALB,2000,3584570164.85195
DZA,2023,247923887214.655
DZA,2022,225581644702.568
DZA,2021,186231205262.082
DZA,2020,164873415325.201
DZA,2019,193459662090.677
DZA,2018,194554483655.528
DZA,2017,189880896903.073
DZA,2016,180763839522.151
DZA,2015,187493855609.345
DZA,2014,238942664192.59
DZA,2013,229701430292.157
DZA,2012,227143746075.934
DZA,2011,218331946925.304
DZA,2010,177785053939.531
DZA,2009,150317292079.359
DZA,2008,180383848331.135
DZA,2007,142482739809.849
DZA,2006,123084258693.01
DZA,2005,107046618669.707
DZA,2004,91913680985.1708
DZA,2003,73482264190.9245
DZA,2002,61516103406.1688
DZA,2001,59413400923.6364
DZA,2000,54790398570.3282
ASM,2023,
ASM,2022,871000000.0
ASM,2021,750000000.0
ASM,2020,721000000.0
ASM,2019,647000000.0
ASM,2018,639000000.0
ASM,2017,612000000.0
ASM,2016,671000000.0
ASM,2015,673000000.0
ASM,2014,643000000.0
ASM,2013,638000000.0
ASM,2012,640000000.0
ASM,2011,570000000.0
ASM,2010,573000000.0
ASM,2009,675000000.0
ASM,2008,560000000.0
ASM,2007,518000000.0
ASM,2006,493000000.0
ASM,2005,500000000.0
ASM,2004,509000000.0
ASM,2003,524000000.0
ASM,2002,512000000.0
ASM,2001,
ASM,2000,
AND,2023,3785067331.88242
AND,2022,3380612573.4825
AND,2021,3324647529.41855
AND,2020,2891001149.40079
AND,2019,3155149347.92156
AND,2018,3218419896.93333
AND,2017,3000162081.22353
AND,2016,2896610479.86771
AND,2015,2789881258.60547
AND,2014,3271685596.52156
AND,2013,3193512950.0157
AND,2012,3188652765.29297
AND,2011,3629133574.51363
AND,2010,3449925738.83334
AND,2009,3688976340.67187
AND,2008,4102319398.76562
AND,2007,3957625367.30589
AND,2006,3459337986.67058
AND,2005,3161084091.26848
AND,2004,2900245324.32047
AND,2003,2366941808.98431
AND,2002,1764279824.23138
AND,2001,1548265807.99606
AND,2000,1432606188.65883
AGO,2023,106042349567.303
AGO,2022,128233959333.275
AGO,2021,78283923543.8237
AGO,2020,58512033805.8981
AGO,2019,81193813808.0382
AGO,2018,90506061877.2765
AGO,2017,85629598654.1906
AGO,2016,60770049747.3832
AGO,2015,102543067840.819
AGO,2014,153449860495.966
AGO,2013,148845200696.335
AGO,2012,143572907527.976
AGO,2011,125551634704.941
AGO,2010,95546919754.2873
AGO,2009,81705175408.8809
AGO,2008,98790432989.3077
AGO,2007,73037821926.4655
AGO,2006,58653659979.5501
AGO,2005,41396636383.8231
AGO,2004,26997977896.2907
AGO,2003,20342128111.9406
AGO,2002,17311512433.1938
AGO,2001,8936079117.73136
AGO,2000,9129594970.15301
ATG,2023,2054096296.2963
ATG,2022,1857114814.81481
ATG,2021,1602125925.92593
ATG,2020,1411637037.03704
ATG,2019,1726448148.14815
ATG,2018,1661529629.62963
ATG,2017,1534855555.55556
ATG,2016,1489603703.7037
ATG,2015,1437485185.18519
ATG,2014,1378707407.40741
ATG,2013,1325496296.2963
ATG,2012,1364729629.62963
ATG,2011,1287359259.25926
ATG,2010,1298348148.14815
ATG,2009,1386518518.51852
ATG,2008,1557640740.74074
ATG,2007,1487381481.48148
ATG,2006,1303674074.07407
ATG,2005,1143896296.2963
ATG,2004,1026329629.62963
ATG,2003,948100000.0
ATG,2002,898092592.592592
ATG,2001,877774074.074074
ATG,2000,901003703.703704
ARG,2023,649461687959.174
ARG,2022,633993756301.08
ARG,2021,486564085480.036
ARG,2020,385740508436.965
ARG,2019,447754683615.225
ARG,2018,524819892360.176
ARG,2017,643628393281.364
ARG,2016,557532320662.955
ARG,2015,594749285413.212
ARG,2014,526319673731.638
ARG,2013,552025140252.246
ARG,2012,545982375701.128
ARG,2011,530158122010.442
ARG,2010,423627422092.49
ARG,2009,332976484577.619
ARG,2008,361558037110.419
ARG,2007,287530508430.568
ARG,2006,232557260817.308
ARG,2005,198737095012.282
ARG,2004,164657930452.787
ARG,2003,127586973492.177
ARG,2002,97724004251.8602
ARG,2001,268696750000.0
ARG,2000,284203750000.0
ARM,2023,24185982215.6543
ARM,2022,19513506553.1251
ARM,2021,13878908628.9378
ARM,2020,12641698583.2152
ARM,2019,13619290539.2116
ARM,2018,12457940694.7395
ARM,2017,11527458709.0158
ARM,2016,10546136235.5219
ARM,2015,10553337518.414
ARM,2014,11609513246.7958
ARM,2013,11121464437.0415
ARM,2012,10619320682.9474
ARM,2011,10142111824.5835
ARM,2010,9260285755.62424
ARM,2009,8647937081.2562
ARM,2008,11662040713.8753
ARM,2007,9206301269.79164
ARM,2006,6384452066.5146
ARM,2005,4900469511.10191
ARM,2004,3576615240.41616
ARM,2003,2807061008.69084
ARM,2002,2376335048.39976
ARM,2001,2118467913.37873
ARM,2000,1911563668.85006
ABW,2023,3746573413.07565
ABW,2022,3326671314.7742
ABW,2021,2889305033.55975
ABW,2020,2461056053.22795
ABW,2019,3347561738.94591
ABW,2018,3276187709.49721
ABW,2017,3092427932.96089
ABW,2016,2983637430.1676
ABW,2015,2962906703.91061
ABW,2014,2790849720.67039
ABW,2013,2727849162.01117
ABW,2012,2615208379.88827
ABW,2011,2637859217.87709
ABW,2010,2453597206.70391
ABW,2009,2553793296.08939
ABW,2008,2843024581.00559
ABW,2007,2677641340.78212
ABW,2006,2469782681.56425
ABW,2005,2360017318.43575
ABW,2004,2254830726.25698
ABW,2003,2044111731.84358
ABW,2002,1961843575.41899
ABW,2001,1896456983.24022
ABW,2000,1873452513.96648
AUS,2023,1734451264655.6
AUS,2022,1695627535475.8
AUS,2021,1560617493202.69
AUS,2020,1333336461648.09
AUS,2019,1398349602956.35
AUS,2018,1433144978761.67
AUS,2017,1330890554614.09
AUS,2016,1211588128417.61
AUS,2015,1356805839935.9
AUS,2014,1474677007565.64
AUS,2013,1583737461925.39
AUS,2012,1552728401401.58
AUS,2011,1402939868653.4
AUS,2010,1152566632022.13
AUS,2009,931761689770.843
AUS,2008,1058448244063.77
AUS,2007,856603595823.192
AUS,2006,749708370332.989
AUS,2005,696811489612.816
AUS,2004,615643050220.515
AUS,2003,468517181129.878
AUS,2002,396436967262.563
AUS,2001,380360222861.197
AUS,2000,416901962163.479
AUT,2023,516670509628.876
AUT,2022,473221298968.216
AUT,2021,480466363176.806
AUT,2020,434397601557.696
AUT,2019,442983642371.842
AUT,2018,452582294972.775
AUT,2017,414926138132.691
AUT,2016,393687359770.273
AUT,2015,379546097300.633
AUT,2014,438556021078.034
AUT,2013,426580502769.417
AUT,2012,406750487603.59
AUT,2011,428954737064.057
AUT,2010,389827789217.634
AUT,2009,399290118782.429
AUT,2008,429234399096.173
AUT,2007,386760177589.497
AUT,2006,333905979332.481
AUT,2005,313952317330.776
AUT,2004,299210411454.823
AUT,2003,260779834340.097
AUT,2002,212837224022.813
AUT,2001,196477206829.33
AUT,2000,196181599831.287
AZE,2023,72428470588.2353
AZE,2022,78807470588.2353
AZE,2021,54825411764.7059
AZE,2020,42693000000.0
AZE,2019,48174235294.1176
AZE,2018,47112470051.7701
AZE,2017,40866627351.9817
AZE,2016,37866996882.9157
AZE,2015,53076235354.746
AZE,2014,75239785452.1022
AZE,2013,74160560123.6902
AZE,2012,69679944504.1972
AZE,2011,65952796427.9473
AZE,2010,52909294791.9262
AZE,2009,44292427184.9492
AZE,2008,48851293785.4483
AZE,2007,33049419431.2244
AZE,2006,20981929497.6188
AZE,2005,13245421880.834
AZE,2004,8680405740.94125
AZE,2003,7276413079.11451
AZE,2002,6236087738.28284
AZE,2001,5707616203.72011
AZE,2000,5272615722.96892
BHS,2023,15271300000.0
BHS,2022,13896800000.0
BHS,2021,12037000000.0
BHS,2020,10363200000.0
BHS,2019,13277000000.0
BHS,2018,12819200000.0
BHS,2017,12446900000.0
BHS,2016,11880900000.0
BHS,2015,11837600000.0
BHS,2014,11139100000.0
BHS,2013,10475300000.0
BHS,2012,10720400000.0
BHS,2011,10070450000.0
BHS,2010,10095760000.0
BHS,2009,9981960000.0
BHS,2008,10526000000.0
BHS,2007,10618340000.0
BHS,2006,10167250000.0
BHS,2005,9836200000.0
BHS,2004,9055290000.0
BHS,2003,8870090000.0
BHS,2002,8881160000.0
BHS,2001,8317830000.0
BHS,2000,8076470000.0
BHR,2023,46192260638.2979
BHR,2022,46458191489.3617
BHR,2021,40840212765.9574
BHR,2020,35837632978.7234
BHR,2019,40446808510.6383
BHR,2018,39567978723.4043
BHR,2017,37204813829.7872
BHR,2016,33884680851.0638
BHR,2015,32523297872.3404
BHR,2014,34772526595.7447
BHR,2013,33823324468.0851
BHR,2012,31963404255.3191
BHR,2011,29914680851.0638
BHR,2010,26805984042.5532
BHR,2009,22938218085.1064
BHR,2008,25710904255.3191
BHR,2007,21730000000.0
BHR,2006,18504760638.2979
BHR,2005,15968723404.2553
BHR,2004,13150159574.4681
BHR,2003,11074813829.7872
BHR,2002,9593510638.29787
BHR,2001,8976196808.51064
BHR,2000,9062898936.17021
BGD,2023,437415333018.291
BGD,2022,460131689083.083
BGD,2021,416271647911.014
BGD,2020,373979442362.193
BGD,2019,351231654603.692
BGD,2018,321362752441.78
BGD,2017,293732446624.596
BGD,2016,265224515675.034
BGD,2015,195146608978.131
BGD,2014,172886611653.786
BGD,2013,149998957434.186
BGD,2012,133310747603.483
BGD,2011,128607482310.357
BGD,2010,115275540051.262
BGD,2009,102475158190.998
BGD,2008,91636997370.9772
BGD,2007,79611644974.5571
BGD,2006,71795736172.1561
BGD,2005,69476001239.419
BGD,2004,65108544250.0425
BGD,2003,60158929188.2556
BGD,2002,54724081490.5102
BGD,2001,53991289844.3291
BGD,2000,53369787318.6245
BRB,2023,7223248150.0
BRB,2022,6886644900.0
BRB,2021,5948900600.0
BRB,2020,5403246950.0
BRB,2019,6166710800.0
BRB,2018,6001101550.0
BRB,2017,5847381600.0
BRB,2016,5679029450.0
BRB,2015,5699619150.0
BRB,2014,5684901000.0
BRB,2013,5660059700.0
BRB,2012,5486500500.0
BRB,2011,5563162050.0
BRB,2010,5428683250.0
BRB,2009,4466809600.0
BRB,2008,4790410400.0
BRB,2007,4675767950.0
BRB,2006,4217323400.0
BRB,2005,3819500000.0
BRB,2004,3444500000.0
BRB,2003,3209500000.0
BRB,2002,3106500000.0
BRB,2001,3054500000.0
BRB,2000,3059500000.0
BLR,2023,72478760370.4258
BLR,2022,73775179924.603
BLR,2021,69673747131.87
BLR,2020,61371673344.7424
BLR,2019,64410170653.4569
BLR,2018,60031026576.26
BLR,2017,54725405751.1559
BLR,2016,47723545321.259
BLR,2015,56454769844.7632
BLR,2014,78813069120.9984
BLR,2013,75527558966.4473
BLR,2012,65685890438.8922
BLR,2011,61762382327.9319
BLR,2010,57231904542.8755
BLR,2009,50873167326.0414
BLR,2008,60752106347.126
BLR,2007,45275711995.825
BLR,2006,36961894281.3444
BLR,2005,30210091836.8294
BLR,2004,23141566292.9462
BLR,2003,17825444724.4878
BLR,2002,14594900944.7658
BLR,2001,12354820143.8849
BLR,2000,12736856827.9847
BEL,2023,650779364363.737
BEL,2022,591474463578.602
BEL,2021,598522422241.851
BEL,2020,529694473501.791
BEL,2019,536726344405.489
BEL,2018,542638913427.921
BEL,2017,500908767351.53
BEL,2016,474271566739.729
BEL,2015,461044767544.531
BEL,2014,537987419164.351
BEL,2013,524097026598.55
BEL,2012,498414364944.961
BEL,2011,527196649048.639
BEL,2010,481556503720.001
BEL,2009,485014525992.461
BEL,2008,517328087920.078
BEL,2007,470922156309.453
BEL,2006,408259840868.823
BEL,2005,385714762230.039
BEL,2004,369214712443.206
BEL,2003,318082528506.588
BEL,2002,258383599375.177
BEL,2001,236746141604.37
BEL,2000,236792460312.471
BLZ,2023,3052362650.0
BLZ,2022,2846604350.0
BLZ,2021,2428606250.0
BLZ,2020,2047284600.0
BLZ,2019,2381187850.0
BLZ,2018,2285915050.0
BLZ,2017,2266028250.0
BLZ,2016,2239604950.0
BLZ,2015,2193095150.0
BLZ,2014,2138242200.0
BLZ,2013,2035191450.0
BLZ,2012,1917083500.0
BLZ,2011,1831576700.0
BLZ,2010,1748988400.0
BLZ,2009,1688012750.0
BLZ,2008,1738453600.0
BLZ,2007,1706190450.0
BLZ,2006,1590463100.0
BLZ,2005,1474298400.0
BLZ,2004,1400202000.0
BLZ,2003,1308280250.0
BLZ,2002,1243912050.0
BLZ,2001,1172045150.0
BLZ,2000,1138138100.0
BEN,2023,19673291004.1444
BEN,2022,17425405090.862
BEN,2021,17687623530.3355
BEN,2020,15686741883.934
BEN,2019,14391686313.4641
BEN,2018,14262408089.9261
BEN,2017,12701655836.9467
BEN,2016,11821065853.3838
BEN,2015,11388160996.7738
BEN,2014,13284527846.9081
BEN,2013,12517845123.9315
BEN,2012,11141358115.8991
BEN,2011,10693321363.6574
BEN,2010,9535345015.78355
BEN,2009,9738626517.00319
BEN,2008,9787734526.23965
BEN,2007,8169048382.83875
BEN,2006,7034111314.88812
BEN,2005,6567654954.38903
BEN,2004,6190270380.49856
BEN,2003,5349258094.48239
BEN,2002,4194342686.2178
BEN,2001,3666222635.13875
BEN,2000,3519991440.47913
BMU,2023,8602360000.0
BMU,2022,7767884000.0
BMU,2021,7290037000.0
BMU,2020,6887364000.0
BMU,2019,7423465000.0
BMU,2018,7225977000.0
BMU,2017,7142316000.0
BMU,2016,6899911000.0
BMU,2015,6654541000.0
BMU,2014,6413988000.0
BMU,2013,6465756000.0
BMU,2012,6378188000.0
BMU,2011,6312691000.0
BMU,2010,6634526000.0
BMU,2009,6656000000.0
BMU,2008,6980000000.0
BMU,2007,6767000000.0
BMU,2006,6144000000.0
BMU,2005,4868136000.0
BMU,2004,4484703000.0
BMU,2003,4186525000.0
BMU,2002,3937228000.0
BMU,2001,3680483000.0
BMU,2000,3480219000.0
BTN,2023,3012896789.79753
BTN,2022,2898227743.75576
BTN,2021,2768802960.11204
BTN,2020,2457604333.90927
BTN,2019,2735683570.46155
BTN,2018,2583335721.85904
BTN,2017,2591358009.20276
BTN,2016,2357504760.78592
BTN,2015,2187815803.36833
BTN,2014,2089079570.58285
BTN,2013,1943696951.65411
BTN,2012,1973387227.96519
BTN,2011,1977728658.68259
BTN,2010,1708880730.20989
BTN,2009,1331343797.77308
BTN,2008,1317517834.59916
BTN,2007,1255767964.00491
BTN,2006,942879878.538879
BTN,2005,860391000.221655
BTN,2004,735348490.428435
BTN,2003,651935430.314445
BTN,2002,559345263.708309
BTN,2001,496110225.710307
BTN,2000,460733418.399276
BOL,2023,52340206946.4544
BOL,2022,50959081953.6903
BOL,2021,47877892402.3155
BOL,2020,42313784081.042
BOL,2019,49056643589.0014
BOL,2018,48414038842.2576
BOL,2017,45927439594.7902
BOL,2016,33941126193.9219
BOL,2015,33000198248.9146
BOL,2014,32996188017.3661
BOL,2013,30659338885.6729
BOL,2012,27084497481.9103
BOL,2011,23963164696.592
BOL,2010,19649723722.1034
BOL,2009,17339992193.7322
BOL,2008,16674276285.8956
BOL,2007,13120108008.3477
BOL,2006,11451844902.2214
BOL,2005,9549122905.32852
BOL,2004,8773451751.5121
BOL,2003,8082399639.54305
BOL,2002,7905485146.44351
BOL,2001,8141516928.39489
BOL,2000,8397855484.76908
BIH,2023,27592361498.4057
BIH,2022,24534663636.1778
BIH,2021,23672712121.2671
BIH,2020,20226038369.9191
BIH,2019,20482608984.3316
BIH,2018,20484058033.1144
BIH,2017,18326373135.6099
BIH,2016,17116926553.8513
BIH,2015,16404348361.0926
BIH,2014,18558734107.1478
BIH,2013,18179109209.3892
BIH,2012,17226735995.6905
BIH,2011,18644233537.1093
BIH,2010,17176315803.7298
BIH,2009,17613949091.2294
BIH,2008,19112796623.1175
BIH,2007,15778734264.3787
BIH,2006,12864841905.9543
BIH,2005,11222796336.5426
BIH,2004,10156541220.9704
BIH,2003,8498894359.38629
BIH,2002,6728220982.88398
BIH,2001,5800615374.76094
BIH,2000,5567772768.81188
BWA,2023,19413614554.6944
BWA,2022,20321150599.1523
BWA,2021,18750182236.2211
BWA,2020,14960251607.8135
BWA,2019,16725908148.5481
BWA,2018,17031943186.1353
BWA,2017,16105155856.7708
BWA,2016,15082637184.0496
BWA,2015,13530748844.505
BWA,2014,15470088500.7414
BWA,2013,14271738933.2042
BWA,2012,13907464500.1489
BWA,2011,15110643612.1729
BWA,2010,12637273429.1339
BWA,2009,10118459242.3183
BWA,2008,10730829116.4105
BWA,2007,10567270655.5027
BWA,2006,9919158482.41085
BWA,2005,9918907108.09702
BWA,2004,8957467706.5354
BWA,2003,7511582173.37724
BWA,2002,5438863982.88692
BWA,2001,5489608299.66445
BWA,2000,5788329609.15755
BRA,2023,2191131765684.63
BRA,2022,1951923942083.32
BRA,2021,1670647398904.9
BRA,2020,1476107231310.49
BRA,2019,1873288205059.69
BRA,2018,1916933898010.99
BRA,2017,2063514977365.65
BRA,2016,1795693482853.01
BRA,2015,1802212206814.5
BRA,2014,2456043727198.85
BRA,2013,2472819535557.21
BRA,2012,2465227802806.76
BRA,2011,2616156223917.69
BRA,2010,2208837745100.55
BRA,2009,1666996438581.43
BRA,2008,1695855083497.52
BRA,2007,1397114486368.67
BRA,2006,1107626541434.92
BRA,2005,891633839894.183
BRA,2004,669289424806.307
BRA,2003,558233745651.874
BRA,2002,509795273806.715
BRA,2001,559983634798.981
BRA,2000,655448231983.527
VGB,2023,
VGB,2022,
VGB,2021,
VGB,2020,
VGB,2019,
VGB,2018,
VGB,2017,
VGB,2016,
VGB,2015,
VGB,2014,
VGB,2013,
VGB,2012,
VGB,2011,
VGB,2010,
VGB,2009,
VGB,2008,
VGB,2007,
VGB,2006,
VGB,2005,
VGB,2004,
VGB,2003,
VGB,2002,
VGB,2001,
VGB,2000,
BRN,2023,15095084656.1634
BRN,2022,16681536466.7183
BRN,2021,14006496617.4458
BRN,2020,12005799653.9835
BRN,2019,13469235364.7032
BRN,2018,13566908391.0895
BRN,2017,12128168045.1245
BRN,2016,11400266044.6651
BRN,2015,12930296870.1247
BRN,2014,17097797386.0336
BRN,2013,18094148098.6536
BRN,2012,19048443340.7732
BRN,2011,18524791062.657
BRN,2010,13707121038.4383
BRN,2009,11912904509.8582
BRN,2008,15926456515.0049
BRN,2007,13432029484.4012
BRN,2006,12644616418.691
BRN,2005,10547202620.5286
BRN,2004,8619178773.51458
BRN,2003,7167725261.92713
BRN,2002,6333082875.56937
BRN,2001,6096155767.38145
BRN,2000,6570999087.56742
BGR,2023,102204457334.822
BGR,2022,90510784777.6397
BGR,2021,84378926047.3002
BGR,2020,70490478088.1395
BGR,2019,68511235459.4907
BGR,2018,66100606676.6544
BGR,2017,59170671046.4798
BGR,2016,53932152153.5457
BGR,2015,50768512172.9373
BGR,2014,57083817239.8145
BGR,2013,55822115861.1854
BGR,2012,54299825600.0647
BGR,2011,57684243980.4624
BGR,2010,50691645231.0083
BGR,2009,52026461289.6618
BGR,2008,54483464293.1671
BGR,2007,44433521724.8301
BGR,2006,34382295487.2238
BGR,2005,29870182424.913
BGR,2004,26159078743.1056
BGR,2003,21146038619.2612
BGR,2002,16403880782.9964
BGR,2001,14184170318.951
BGR,2000,13246669553.9701
BFA,2023,20106062971.6533
BFA,2022,18622421394.6133
BFA,2021,19697516284.3787
BFA,2020,17725010532.5268
BFA,2019,16032813503.3707
BFA,2018,15890066221.2882
BFA,2017,14106955615.3442
BFA,2016,12833363045.3367
BFA,2015,11832159315.6298
BFA,2014,13943016076.7436
BFA,2013,13444300485.8412
BFA,2012,12561015156.5683
BFA,2011,12080295977.5632
BFA,2010,10109619740.6994
BFA,2009,9450696873.34326
BFA,2008,9451435490.11467
BFA,2007,7625722836.76847
BFA,2006,6547419820.38113
BFA,2005,6146353173.34929
BFA,2004,5451688537.60959
BFA,2003,4740768142.67494
BFA,2002,3622350062.96053
BFA,2001,3190371080.94768
BFA,2000,2968370087.59759
BDI,2023,3419558408.35408
BDI,2022,4020736756.64256
BDI,2021,3425127990.70519
BDI,2020,3188355943.63513
BDI,2019,2871555326.31029
BDI,2018,2913411408.44783
BDI,2017,2831362208.34039
BDI,2016,2618093125.14687
BDI,2015,2810532912.49975
BDI,2014,2705826648.21019
BDI,2013,2451624637.67157
BDI,2012,2327402362.81574
BDI,2011,2235812879.56709
BDI,2010,2032135192.01248
BDI,2009,1775495032.424
BDI,2008,1611835857.04588
BDI,2007,1356199387.42308
BDI,2006,1273375078.44844
BDI,2005,1117113079.73645
BDI,2004,915257323.3961
BDI,2003,784654423.620476
BDI,2002,825394519.423728
BDI,2001,876794723.068586
BDI,2000,870486065.883137
CPV,2023,2504525537.51069
CPV,2022,2247003344.34242
CPV,2021,2051842618.70539
CPV,2020,1821565613.68613
CPV,2019,2252177124.32402
CPV,2018,2205099506.99994
CPV,2017,1996741539.95088
CPV,2016,1849789985.99572
CPV,2015,1749857620.35329
CPV,2014,2041930125.42979
CPV,2013,2028910915.16446
CPV,2012,1913081210.41411
CPV,2011,2046817987.20109
CPV,2010,1824751467.92957
CPV,2009,1852334575.17521
CPV,2008,1959620648.31578
CPV,2007,1649621738.63689
CPV,2006,1107571457.90614
CPV,2005,972241676.907662
CPV,2004,924940011.836897
CPV,2003,813260468.873834
CPV,2002,620507387.466174
CPV,2001,563090490.377368
CPV,2000,539227277.626411
KHM,2023,42335646895.7984
KHM,2022,39994532959.6074
KHM,2021,36790163687.4421
KHM,2020,34818073901.4851
KHM,2019,36685356407.7206
KHM,2018,33145892168.8958
KHM,2017,29355665909.7905
KHM,2016,26556545153.3573
KHM,2015,24174170369.0738
KHM,2014,22041463967.9009
KHM,2013,19807135252.8649
KHM,2012,17826536699.8016
KHM,2011,16032622023.8265
KHM,2010,13808673288.0696
KHM,2009,12502901169.7377
KHM,2008,12174303999.0812
KHM,2007,10127916459.8983
KHM,2006,8350531016.65753
KHM,2005,7066296463.3598
KHM,2004,5883297159.87352
KHM,2003,5046693484.31767
KHM,2002,4501227626.62752
KHM,2001,4145665969.92864
KHM,2000,3694168979.32019
CMR,2023,48814501547.4313
CMR,2022,44347206072.5513
CMR,2021,45011937346.8384
CMR,2020,40773241177.0505
CMR,2019,39667757527.6578
CMR,2018,39955552189.795
CMR,2017,36098547033.1655
CMR,2016,33814337044.3765
CMR,2015,32210233020.4569
CMR,2014,36386544706.0806
CMR,2013,33728621180.3231
CMR,2012,30155062329.2821
CMR,2011,30630910495.217
CMR,2010,27507501821.0296
CMR,2009,27932970317.129
CMR,2008,27715142032.913
CMR,2007,23928250433.0378
CMR,2006,20910512974.933
CMR,2005,19509852206.9341
CMR,2004,18826214135.6419
CMR,2003,15970315034.9903
CMR,2002,12417251350.4882
CMR,2001,10953485349.1135
CMR,2000,10566579294.9831
CAN,2023,2196593836347.42
CAN,2022,2200562785046.32
CAN,2021,2022377950896.78
CAN,2020,1655686966881.99
CAN,2019,1743728952156.85
CAN,2018,1725330736237.69
CAN,2017,1649269496514.62
CAN,2016,1527996250640.92
CAN,2015,1556510380200.23
CAN,2014,1805751688808.98
CAN,2013,1846583831414.43
CAN,2012,1828359477071.97
CAN,2011,1793335727900.85
CAN,2010,1617349192091.46
CAN,2009,1374627766599.6
CAN,2008,1552993439550.14
CAN,2007,1468820407783.26
CAN,2006,1319291255289.14
CAN,2005,1173118501402.87
CAN,2004,1026691006917.76
CAN,2003,895542074084.648
CAN,2002,760650608551.583
CAN,2001,738981792355.372
CAN,2000,744773415931.587
CYM,2023,7308564549.28678
CYM,2022,6653516041.43929
CYM,2021,6060813808.15072
CYM,2020,5655357984.24218
CYM,2019,5941896607.58643
CYM,2018,5530178440.71376
CYM,2017,5166281305.12522
CYM,2016,4909322237.28895
CYM,2015,4708167232.66893
CYM,2014,4562853611.41445
CYM,2013,4405796023.18409
CYM,2012,4291004524.0181
CYM,2011,4186073104.29242
CYM,2010,4156841107.36443
CYM,2009,4281714566.85827
CYM,2008,4585949023.79609
CYM,2007,4466278065.11226
CYM,2006,4200288241.15296
CYM,2005,
CYM,2004,
CYM,2003,
CYM,2002,
CYM,2001,
CYM,2000,
CAF,2023,2555492085.94725
CAF,2022,2382618615.01694
CAF,2021,2516498412.46384
CAF,2020,2326720900.38047
CAF,2019,2221301351.43918
CAF,2018,2220979146.11241
CAF,2017,2072349972.6818
CAF,2016,1825018144.65595
CAF,2015,1695825714.19282
CAF,2014,1894813389.40325
CAF,2013,1691544110.18543
CAF,2012,2510126512.22831
CAF,2011,2437982705.12093
CAF,2010,2142591540.40068
CAF,2009,2067381665.25454
CAF,2008,1993407888.49838
CAF,2007,1699811294.94935
CAF,2006,1461859762.33459
CAF,2005,1337894378.73743
CAF,2004,1272360517.32373
CAF,2003,1142315522.53864
CAF,2002,996068144.884889
CAF,2001,932648604.751954
CAF,2000,916777282.691659
TCD,2023,18352937976.2179
TCD,2022,17828508289.6049
TCD,2021,16871937697.5854
TCD,2020,14932897821.2387
TCD,2019,14905517742.8454
TCD,2018,15327000248.8701
TCD,2017,13349041408.7152
TCD,2016,13026289835.7789
TCD,2015,14559599499.5011
TCD,2014,18144336903.7175
TCD,2013,17865316886.3315
TCD,2012,17892228569.8861
TCD,2011,16685349673.9957
TCD,2010,14058506663.7252
TCD,2009,12317614053.6841
TCD,2008,13385593990.3378
TCD,2007,10865385131.5172
TCD,2006,9709626596.13031
TCD,2005,8655892392.92919
TCD,2004,4422855660.82592
TCD,2003,2742815071.5744
TCD,2002,1997005708.81576
TCD,2001,1710843377.00119
TCD,2000,1388506771.58756
CHI,2023,12507320838.3932
CHI,2022,11308272505.183
CHI,2021,11157540109.8939
CHI,2020,9439810769.23077
CHI,2019,10031864649.0819
CHI,2018,10026394043.6136
CHI,2017,9170044517.20264
CHI,2016,9168857222.32574
CHI,2015,10109273770.329
CHI,2014,10527973277.6068
CHI,2013,9594745810.67159
CHI,2012,9454638123.23572
CHI,2011,9648680025.8275
CHI,2010,8902359316.35606
CHI,2009,9100755725.19084
CHI,2008,
CHI,2007,11514605842.3369
CHI,2006,9676172953.08188
CHI,2005,8827272727.27273
CHI,2004,8553643354.08275
CHI,2003,7332244897.95918
CHI,2002,6663669064.7482
CHI,2001,6232906290.4851
CHI,2000,6439703434.71024
CHL,2023,335802745366.38
CHL,2022,301099244104.003
CHL,2021,315507493783.262
CHL,2020,254103710483.324
CHL,2019,278308438545.118
CHL,2018,295857562991.709
CHL,2017,276154259981.097
CHL,2016,249344863928.438
CHL,2015,242450355830.884
CHL,2014,259560978224.359
CHL,2013,277395018842.417
CHL,2012,267024782486.855
CHL,2011,251382573893.87
CHL,2010,217051209238.534
CHL,2009,171777900623.892
CHL,2008,179894594475.405
CHL,2007,172491076033.863
CHL,2006,153843518170.864
CHL,2005,122294145163.192
CHL,2004,99075985773.6682
CHL,2003,76492579644.0605
CHL,2002,70264045939.2773
CHL,2001,71574739561.4329
CHL,2000,78339750721.364
CHN,2023,18270356654533.2
CHN,2022,18316765021690.2
CHN,2021,18201698719564.0
CHN,2020,14996414166715.1
CHN,2019,14560167101283.4
CHN,2018,14147765772963.8
CHN,2017,12537559062282.9
CHN,2016,11456024084962.0
CHN,2015,11280814787468.9
CHN,2014,10674533168257.4
CHN,2013,9743124247267.24
CHN,2012,8673664713189.24
CHN,2011,7671757207851.29
CHN,2010,6192564874453.29
CHN,2009,5189577094997.58
CHN,2008,4667346414521.95
CHN,2007,3604055822571.63
CHN,2006,2791498472804.33
CHN,2005,2317551298052.05
CHN,2004,1984196551300.44
CHN,2003,1683903309843.85
CHN,2002,1489821682050.54
CHN,2001,1355036590251.52
CHN,2000,1223754919971.05
COL,2023,366901643683.302
COL,2022,345632492851.448
COL,2021,318524633225.395
COL,2020,270348342541.465
COL,2019,323031701192.84
COL,2018,334198218098.276
COL,2017,311866875156.879
COL,2016,282720100286.228
COL,2015,293492370193.166
COL,2014,381240864422.407
COL,2013,382093697077.685
COL,2012,370691143018.039
COL,2011,334966134804.887
COL,2010,286498534094.963
COL,2009,232468663109.595
COL,2008,242504150472.931
COL,2007,206229540926.312
COL,2006,161792958904.864
COL,2005,145600529605.803
COL,2004,117092416666.245
COL,2003,94644969157.0987
COL,2002,97945812802.8882
COL,2001,98200641203.3892
COL,2000,99875074951.0278
COM,2023,1465977684.31307
COM,2022,1279542248.96288
COM,2021,1299039312.22277
COM,2020,1225039196.61091
COM,2019,1195019531.9011
COM,2018,1188797449.38584
COM,2017,1077439756.59451
COM,2016,1012835493.19325
COM,2015,966029600.862227
COM,2014,1149587562.06748
COM,2013,1116223107.03168
COM,2012,1015842906.66403
COM,2011,1023087475.68355
COM,2010,907979446.419588
COM,2009,905341172.70583
COM,2008,915659107.965823
COM,2007,795673152.867077
COM,2006,688498641.512529
COM,2005,655375095.906176
COM,2004,622679660.37137
COM,2003,546830040.540273
COM,2002,427360070.324544
COM,2001,372746486.166796
COM,2000,339504306.290689
COD,2023,69843655425.2929
COD,2022,70422346142.2023
COD,2021,59067289573.5102
COD,2020,46691989748.9186
COD,2019,46845900350.0332
COD,2018,46659954092.4862
COD,2017,37537521565.5308
COD,2016,38600224214.4728
COD,2015,40179574490.3032
COD,2014,38352980552.8665
COD,2013,34891189160.3002
COD,2012,30029369928.7318
COD,2011,26392379641.765
COD,2010,24161641931.0331
COD,2009,18607259480.5447
COD,2008,22723488723.3641
COD,2007,18374807772.5429
COD,2006,15484044534.5783
COD,2005,12609728573.1032
COD,2004,10297483481.223
COD,2003,8937567059.87754
COD,2002,8728038525.14034
COD,2001,7438189100.33333
COD,2000,19088046305.7971
COG,2023,15321055822.5167
COG,2022,15817030154.6941
COG,2021,14825690210.9157
COG,2020,11468687464.0046
COG,2019,13976637779.9763
COG,2018,14773900288.5135
COG,2017,11834473039.3645
COG,2016,10931328150.8478
COG,2015,12434793867.3568
COG,2014,17919321078.0284
COG,2013,17958720699.0868
COG,2012,17692911296.3044
COG,2011,15655383576.6515
COG,2010,13148396211.5955
COG,2009,9723299915.25312
COG,2008,11649857673.4436
COG,2007,8782703436.70188
COG,2006,8072305029.06514
COG,2005,6650001680.48544
COG,2004,4656974940.12721
COG,2003,3503723087.74483
COG,2002,3034250923.97726
COG,2001,2796704604.03812
COG,2000,3227927697.57921
CRI,2023,87512637055.7736
CRI,2022,71001226360.8008
CRI,2021,65588938787.0243
CRI,2020,62806591554.7345
CRI,2019,64753504730.018
CRI,2018,62567765946.2665
CRI,2017,60516044660.7496
CRI,2016,58847019587.626
CRI,2015,56441920888.425
CRI,2014,52016408816.1842
CRI,2013,50949668762.8328
CRI,2012,47231655492.7812
CRI,2011,42762613784.989
CRI,2010,37658616965.6866
CRI,2009,30745714234.4959
CRI,2008,30801745703.3018
CRI,2007,26884700687.8286
CRI,2006,22715540342.2983
CRI,2005,20040642420.6914
CRI,2004,18610594843.9248
CRI,2003,17271760397.3311
CRI,2002,16578820799.2885
CRI,2001,15976174476.2368
CRI,2000,15013629579.1557
CIV,2023,80780312569.1646
CIV,2022,70922824813.9102
CIV,2021,72794636653.7793
CIV,2020,63027852805.4204
CIV,2019,60382894697.3557
CIV,2018,58522477786.6889
CIV,2017,52512343996.69
CIV,2016,48407761036.8238
CIV,2015,45815005169.2651
CIV,2014,48843005613.7091
CIV,2013,42760235484.6093
CIV,2012,36302302877.2977
CIV,2011,36693710801.3976
CIV,2010,34936307980.063
CIV,2009,33886813250.2036
CIV,2008,34078240293.2559
CIV,2007,28760090953.3081
CIV,2006,25281413263.3712
CIV,2005,24036918703.1747
CIV,2004,23510575681.3686
CIV,2003,21251754340.4305
CIV,2002,18054383320.8474
CIV,2001,16810537043.8407
CIV,2000,16577533891.8785
HRV,2023,85621337533.3348
HRV,2022,71196460236.6301
HRV,2021,69002262504.9821
HRV,2020,57959824238.1808
HRV,2019,61467261345.012
HRV,2018,61668280700.0968
HRV,2017,56182225079.1072
HRV,2016,52650804052.1394
HRV,2015,50999271058.5849
HRV,2014,59607109597.2123
HRV,2013,59846869998.8711
HRV,2012,57547495859.7306
HRV,2011,62889150894.151
HRV,2010,58975127200.9948
HRV,2009,62315450610.8524
HRV,2008,68473103476.6775
HRV,2007,59290547254.1358
HRV,2006,49583643047.994
HRV,2005,45012776905.5255
HRV,2004,41836096243.0481
HRV,2003,35244797328.5582
HRV,2002,26757633353.1909
HRV,2001,23067071477.8294
HRV,2000,22134069750.2586
CUB,2023,
CUB,2022,
CUB,2021,
CUB,2020,107352000000.0
CUB,2019,103427600000.0
CUB,2018,100050036100.0
CUB,2017,96850649700.0
CUB,2016,91370407900.0
CUB,2015,87132800000.0
CUB,2014,80656100000.0
CUB,2013,77148000000.0
CUB,2012,73141000000.0
CUB,2011,68990000000.0
CUB,2010,59562962962.963
CUB,2009,57481481481.4815
CUB,2008,56302129629.6296
CUB,2007,54262870370.3704
CUB,2006,48835925925.9259
CUB,2005,42643836100.0
CUB,2004,38203000000.0
CUB,2003,35901200000.0
CUB,2002,33590500000.0
CUB,2001,31682400000.0
CUB,2000,30565400000.0
CUW,2023,3281419329.60894
CUW,2022,3075180837.98883
CUW,2021,2739594357.5419
CUW,2020,2534327597.76536
CUW,2019,3026124134.07821
CUW,2018,3046364804.46927
CUW,2017,3033433240.22346
CUW,2016,3024690167.59777
CUW,2015,3058779217.87709
CUW,2014,3059406983.24022
CUW,2013,3033568603.35196
CUW,2012,3012836256.98324
CUW,2011,2930092234.63687
CUW,2010,2951342793.29609
CUW,2009,2869153184.35754
CUW,2008,2833476145.2514
CUW,2007,2593831508.37989
CUW,2006,2457581731.84358
CUW,2005,2344637262.56983
CUW,2004,2237160502.7933
CUW,2003,2202117374.30168
CUW,2002,2160784692.73743
CUW,2001,2143450726.25698
CUW,2000,2120511229.05028
CYP,2023,35075440602.5202
CYP,2022,31218047043.8386
CYP,2021,30372637513.1352
CYP,2020,25555082266.6429
CYP,2019,26196660680.1176
CYP,2018,25754011492.2204
CYP,2017,22946583375.5506
CYP,2016,21046452117.3759
CYP,2015,19909269064.8473
CYP,2014,23225912183.4991
CYP,2013,23959708956.2926
CYP,2012,25047433099.5891
CYP,2011,27641553201.0506
CYP,2010,25799940416.0167
CYP,2009,26048190775.3879
CYP,2008,27958384913.4219
CYP,2007,23968727073.6381
CYP,2006,20072754986.8272
CYP,2005,18433412510.8817
CYP,2004,17320551250.0
CYP,2003,14547329558.3239
CYP,2002,11420228846.1538
CYP,2001,10397898907.1038
CYP,2000,9985847313.85485
CZE,2023,345059295659.911
CZE,2022,301831228325.556
CZE,2021,290972714482.313
CZE,2020,251109660602.536
CZE,2019,256794209028.77
CZE,2018,251992360762.236
CZE,2017,221563575696.217
CZE,2016,198160659303.939
CZE,2015,189107698561.919
CZE,2014,210911285077.683
CZE,2013,213024360541.119
CZE,2012,210363223087.728
CZE,2011,231429378717.312
CZE,2010,211168667286.27
CZE,2009,206971882704.716
CZE,2008,236506264753.95
CZE,2007,190040702286.917
CZE,2006,156236258386.589
CZE,2005,137264185596.1
CZE,2004,120147899983.657
CZE,2003,100435924704.881
CZE,2002,82607869609.574
CZE,2001,68135304463.9641
CZE,2000,62175642238.0847
DNK,2023,404651706117.557
DNK,2022,400114306337.077
DNK,2021,406110162088.054
DNK,2020,355631021931.621
DNK,2019,345401473012.615
DNK,2018,355293374912.393
DNK,2017,331610593961.988
DNK,2016,312181849372.233
DNK,2015,301758922337.637
DNK,2014,352832602064.452
DNK,2013,344631016965.12
DNK,2012,326792574244.963
DNK,2011,344315595263.175
DNK,2010,322345594075.47
DNK,2009,322619152194.594
DNK,2008,354979471960.142
DNK,2007,320213157595.018
DNK,2006,283386151543.687
DNK,2005,265150087711.985
DNK,2004,251986155630.852
DNK,2003,218421193436.252
DNK,2002,178788209558.311
DNK,2001,164881594415.341
DNK,2000,164043817223.59
DJI,2023,3898447007.38798
DJI,2022,3562814908.76149
DJI,2021,3392796953.08939
DJI,2020,3144136196.6228
DJI,2019,3088851450.30694
DJI,2018,2913464658.08768
DJI,2017,2762581334.22612
DJI,2016,2604955228.70117
DJI,2015,2424391785.43897
DJI,2014,2220637966.25047
DJI,2013,2044440443.16654
DJI,2012,1353632941.5207
DJI,2011,1239144501.77525
DJI,2010,1128611700.3618
DJI,2009,1049110684.72493
DJI,2008,999105339.267729
DJI,2007,847918929.107984
DJI,2006,768873684.032838
DJI,2005,708633194.726566
DJI,2004,666072101.777505
DJI,2003,622044665.515049
DJI,2002,591122039.601398
DJI,2001,572417440.820162
DJI,2000,551230861.856505
DMA,2023,659311111.111111
DMA,2022,623062962.962963
DMA,2021,562911111.111111
DMA,2020,528944444.444444
DMA,2019,644259259.259259
DMA,2018,628244444.444444
DMA,2017,563355555.555555
DMA,2016,612711111.111111
DMA,2015,583177777.777778
DMA,2014,572255555.555555
DMA,2013,545325925.925926
DMA,2012,520355555.555556
DMA,2011,532081481.481481
DMA,2010,519859259.259259
DMA,2009,515618518.518519
DMA,2008,480003703.703704
DMA,2007,444685185.185185
DMA,2006,416674074.074074
DMA,2005,391455555.555556
DMA,2004,396711111.111111
DMA,2003,373318518.518519
DMA,2002,375200000.0
DMA,2001,377462962.962963
DMA,2000,333470370.37037
DOM,2023,120456239153.739
DOM,2022,113478103598.499
DOM,2021,94850719516.7127
DOM,2020,78546672406.8291
DOM,2019,89146130744.723
DOM,2018,84994732049.3461
DOM,2017,79070274743.1658
DOM,2016,75552902635.7075
DOM,2015,70966782572.4386
DOM,2014,67014329099.5549
DOM,2013,62555417414.582
DOM,2012,60561635555.6383
DOM,2011,57948261615.957
DOM,2010,53801053352.5005
DOM,2009,48223781476.8909
DOM,2008,48091433554.186
DOM,2007,43965458508.5056
DOM,2006,37879830084.2627
DOM,2005,35777560683.9366
DOM,2004,22322387382.494
DOM,2003,21403167848.1444
DOM,2002,27137440786.2562
DOM,2001,25601823687.5742
DOM,2000,24305780628.6677
ECU,2023,120792801000.0
ECU,2022,116133121000.0
ECU,2021,107179074000.0
ECU,2020,95865473000.0
ECU,2019,107595830000.0
ECU,2018,107478961000.0
ECU,2017,104467486000.0
ECU,2016,97671433000.0
ECU,2015,97209558000.0
ECU,2014,102717794000.0
ECU,2013,96570334000.0
ECU,2012,87735048000.0
ECU,2011,78986648000.0
ECU,2010,68151329000.0
ECU,2009,60094978000.0
ECU,2008,61139438000.0
ECU,2007,49848725000.0
ECU,2006,45690762000.0
ECU,2005,40278849000.0
ECU,2004,35194947000.0
ECU,2003,30965208000.0
ECU,2002,27054197000.0
ECU,2001,23127055000.0
ECU,2000,17539454727.3637
EGY,2023,395926071447.591
EGY,2022,476747720364.742
EGY,2021,424671765455.704
EGY,2020,383817841547.099
EGY,2019,318678815489.749
EGY,2018,262588632526.73
EGY,2017,248362771739.13
EGY,2016,332441717791.411
EGY,2015,329366576819.407
EGY,2014,305595408895.265
EGY,2013,288434108527.132
EGY,2012,279116666666.667
EGY,2011,235989672977.625
EGY,2010,218983666061.706
EGY,2009,189147005444.646
EGY,2008,162818181818.182
EGY,2007,130437828371.278
EGY,2006,107426086956.522
EGY,2005,89660339660.3397
EGY,2004,78782467532.4675
EGY,2003,80288461538.4615
EGY,2002,85146067415.7303
EGY,2001,96684636118.5984
EGY,2000,99838543960.0763
SLV,2023,33565430000.0
SLV,2022,31870110000.0
SLV,2021,29043140000.0
SLV,2020,24921190000.0
SLV,2019,26881140000.0
SLV,2018,26020850000.0
SLV,2017,24979190000.0
SLV,2016,24191430000.0
SLV,2015,23438240000.0
SLV,2014,22593470000.0
SLV,2013,21990960000.0
SLV,2012,21386150000.0
SLV,2011,20283780000.0
SLV,2010,18447920000.0
SLV,2009,17601620000.0
SLV,2008,17986890000.0
SLV,2007,17011750000.0
SLV,2006,15999890000.0
SLV,2005,14698000000.0
SLV,2004,13724810900.0
SLV,2003,13243892200.0
SLV,2002,12664190300.0
SLV,2001,12282533600.0
SLV,2000,11784927700.0
GNQ,2023,12541814272.8021
GNQ,2022,13687643435.6249
GNQ,2021,12215878032.7166
GNQ,2020,9893816007.7398
GNQ,2019,11364133549.7478
GNQ,2018,13097012133.6159
GNQ,2017,12200913878.9827
GNQ,2016,11240808847.8878
GNQ,2015,13185496881.0174
GNQ,2014,21765453081.9826
GNQ,2013,21948834283.7856
GNQ,2012,22388344143.9131
GNQ,2011,21357343668.9447
GNQ,2010,16314443436.2903
GNQ,2009,15027795173.2187
GNQ,2008,19749893536.3204
GNQ,2007,13071718758.7373
GNQ,2006,10086528698.8604
GNQ,2005,8217369092.65224
GNQ,2004,4410764338.66733
GNQ,2003,2484745935.09329
GNQ,2002,1806742742.27311
GNQ,2001,1461139022.02954
GNQ,2000,1045998496.43872
ERI,2023,
ERI,2022,
ERI,2021,
ERI,2020,
ERI,2019,
ERI,2018,
ERI,2017,
ERI,2016,
ERI,2015,
ERI,2014,
ERI,2013,
ERI,2012,
ERI,2011,2065001626.01626
ERI,2010,1589515447.15447
ERI,2009,1856695551.21951
ERI,2008,1380188800.0
ERI,2007,1317974491.05691
ERI,2006,1211161879.6748
ERI,2005,1098424685.66169
ERI,2004,1109054005.43971
ERI,2003,870248267.550163
ERI,2002,729321680.154324
ERI,2001,752371688.743186
ERI,2000,706370815.584416
EST,2023,41470344395.1086
EST,2022,38226641740.29
EST,2021,37201101170.5847
EST,2020,31820771493.8974
EST,2019,31873748770.0313
EST,2018,31222632740.7247
EST,2017,27469461919.1189
EST,2016,24561027787.7896
EST,2015,23311847750.9394
EST,2014,27055689003.0038
EST,2013,25451032780.7573
EST,2012,23237406116.3988
EST,2011,23303915794.7569
EST,2010,19524355419.038
EST,2009,19633984440.1223
EST,2008,24342935403.5447
EST,2007,22450264166.4385
EST,2006,17025671810.3124
EST,2005,14109491356.7964
EST,2004,12148595031.0559
EST,2003,9876595528.45528
EST,2002,7370119619.4782
EST,2001,6250218422.70164
EST,2000,5686579747.53524
SWZ,2023,4621191261.84214
SWZ,2022,4746660273.50829
SWZ,2021,4807069277.20114
SWZ,2020,4134677809.50096
SWZ,2019,4617018958.69086
SWZ,2018,4643751059.28203
SWZ,2017,4462640651.49219
SWZ,2016,3722306116.72872
SWZ,2015,3908217914.21824
SWZ,2014,4285065665.03168
SWZ,2013,4463396204.01995
SWZ,2012,4747813067.26006
SWZ,2011,4722912047.32265
SWZ,2010,4360714358.88708
SWZ,2009,3525213502.43118
SWZ,2008,3235921170.5095
SWZ,2007,3391122887.17476
SWZ,2006,3215307900.74767
SWZ,2005,3097946371.06311
SWZ,2004,2710331785.24986
SWZ,2003,2149632433.27703
SWZ,2002,1393945030.65105
SWZ,2001,1502870485.88122
SWZ,2000,1697161557.89452
ETH,2023,135874093203.18
ETH,2022,123140304665.399
ETH,2021,109070960370.972
ETH,2020,98676811061.9985
ETH,2019,91834517113.6386
ETH,2018,83337901071.9697
ETH,2017,76366081766.6667
ETH,2016,68475871209.607
ETH,2015,62103418181.8182
ETH,2014,55612228233.5179
ETH,2013,47648276605.0123
ETH,2012,43310721414.0829
ETH,2011,31952763089.33
ETH,2010,29933790334.3418
ETH,2009,32437389116.038
ETH,2008,27066912635.2228
ETH,2007,19707616772.7996
ETH,2006,15280861834.6024
ETH,2005,12401139453.9738
ETH,2004,10131187261.4421
ETH,2003,8623691300.04079
ETH,2002,7850809498.16803
ETH,2001,8231326016.47494
ETH,2000,8242349617.8638
FRO,2023,3943131022.2291
FRO,2022,3615241800.50058
FRO,2021,3699551717.10561
FRO,2020,3271813311.5831
FRO,2019,3266432734.22819
FRO,2018,3188600927.46688
FRO,2017,2980057377.87967
FRO,2016,2813278868.78208
FRO,2015,2573905971.05459
FRO,2014,2914012679.27277
FRO,2013,2690110520.92548
FRO,2012,2427200388.91831
FRO,2011,2505740669.27039
FRO,2010,2331796784.36009
FRO,2009,2296065170.05552
FRO,2008,2489873249.62815
FRO,2007,2339015313.29513
FRO,2006,2017680834.89917
FRO,2005,1759739599.22694
FRO,2004,1724770770.83393
FRO,2003,1501941580.88903
FRO,2002,1275093689.27107
FRO,2001,1160268212.07291
FRO,2000,1067109530.64798
FJI,2023,5476673518.13788
FJI,2022,4977861885.60316
FJI,2021,4158873156.17978
FJI,2020,4227719873.3865
FJI,2019,5344907153.46698
FJI,2018,5581425327.44397
FJI,2017,5353469174.47838
FJI,2016,4930213644.36653
FJI,2015,4682479893.97558
FJI,2014,4857104768.86844
FJI,2013,4189967998.51424
FJI,2012,3972028104.47328
FJI,2011,3779411899.37483
FJI,2010,3140166712.79624
FJI,2009,2870624635.68032
FJI,2008,3523185919.55826
FJI,2007,3378314599.76402
FJI,2006,3076305452.86506
FJI,2005,2980403844.72096
FJI,2004,2708078476.63012
FJI,2003,2300492465.32276
FJI,2002,1833279985.36741
FJI,2001,1652462023.46215
FJI,2000,1678219507.89829
FIN,2023,295191741637.26
FIN,2022,280253099309.34
FIN,2021,294223210496.119
FIN,2020,270000311606.226
FIN,2019,267014821129.411
FIN,2018,273869255596.078
FIN,2017,253846138440.0
FIN,2016,238777818792.608
FIN,2015,233210733506.25
FIN,2014,273478528954.901
FIN,2013,270268036626.275
FIN,2012,257443384492.969
FIN,2011,275126915515.565
FIN,2010,249429613683.334
FIN,2009,253480783439.453
FIN,2008,285698662071.094
FIN,2007,256360251537.648
FIN,2006,217044068234.117
FIN,2005,204859368790.661
FIN,2004,197458297639.769
FIN,2003,171612867735.686
FIN,2002,140360963811.765
FIN,2001,129519672868.898
FIN,2000,125967821110.589
FRA,2023,3056250648138.29
FRA,2022,2794788137066.94
FRA,2021,2966433692008.09
FRA,2020,2647926055110.05
FRA,2019,2722793515171.76
FRA,2018,2781576320884.39
FRA,2017,2588868323334.71
FRA,2016,2470407619777.13
FRA,2015,2442483452642.5
FRA,2014,2861236112552.42
FRA,2013,2816077607875.26
FRA,2012,2683007095787.23
FRA,2011,2870408553990.28
FRA,2010,2646230027988.34
FRA,2009,2700075882518.98
FRA,2008,2926802941585.86
FRA,2007,2655816911866.56
FRA,2006,2317861544690.82
FRA,2005,2192146403028.17
FRA,2004,2109792297237.03
FRA,2003,1835095983049.09
FRA,2002,1492427756382.43
FRA,2001,1370376677298.86
FRA,2000,1360959069477.49
PYF,2023,6137447782.87066
PYF,2022,5622688338.06317
PYF,2021,5994931236.42282
PYF,2020,5574821989.38239
PYF,2019,6022276196.13871
PYF,2018,6135116253.33452
PYF,2017,5833352692.7995
PYF,2016,5497036476.8031
PYF,2015,5325846361.81186
PYF,2014,6151996560.84289
PYF,2013,6031827122.60663
PYF,2012,5692858099.00217
PYF,2011,6203940036.91982
PYF,2010,6086644798.55982
PYF,2009,6584557973.9375
PYF,2008,7136741421.95908
PYF,2007,6631156405.59637
PYF,2006,5877997979.62266
PYF,2005,5705052134.54253
PYF,2004,5564109981.9138
PYF,2003,4927780606.7707
PYF,2002,3965405552.5203
PYF,2001,3573808556.31268
PYF,2000,3599845480.34359
GAB,2023,19388372070.9778
GAB,2022,20440655695.229
GAB,2021,19444935097.2333
GAB,2020,15342236163.9943
GAB,2019,16874405465.391
GAB,2018,16867326401.9626
GAB,2017,14929487485.1623
GAB,2016,14023890265.3665
GAB,2015,14383107762.6952
GAB,2014,18203966895.8433
GAB,2013,17595744798.3398
GAB,2012,17170464016.0593
GAB,2011,18210307743.5816
GAB,2010,14372593020.2885
GAB,2009,12113699068.2517
GAB,2008,15571348344.3379
GAB,2007,12455409587.3371
GAB,2006,10327598306.4575
GAB,2005,9582783990.85345
GAB,2004,7770219008.21293
GAB,2003,6511903365.47554
GAB,2002,5335451099.88223
GAB,2001,5023265413.2623
GAB,2000,5080483628.53013
GMB,2023,2382262185.38179
GMB,2022,2204734527.88096
GMB,2021,2014158842.14596
GMB,2020,1812170891.19069
GMB,2019,1813609692.49994
GMB,2018,1670671327.81651
GMB,2017,1504909462.69521
GMB,2016,1484578885.97132
GMB,2015,1378176608.93204
GMB,2014,1229461721.40861
GMB,2013,1375609453.43746
GMB,2012,1415004738.26621
GMB,2011,1409693596.93594
GMB,2010,1543294926.87301
GMB,2009,1450142508.57808
GMB,2008,1561766955.73024
GMB,2007,1279703047.0221
GMB,2006,1054112487.74083
GMB,2005,1027701067.55688
GMB,2004,961900651.423441
GMB,2003,487038685.045496
GMB,2002,578235309.327198
GMB,2001,687410645.063943
GMB,2000,782913871.80966
GEO,2023,30777833600.6515
GEO,2022,24984568959.605
GEO,2021,18853115588.8106
GEO,2020,16010869215.68
GEO,2019,17638337116.9126
GEO,2018,17902544880.6471
GEO,2017,16473125375.0684
GEO,2016,15444548901.9637
GEO,2015,15223796148.8396
GEO,2014,17966015109.3043
GEO,2013,17517660143.6859
GEO,2012,16894392033.2256
GEO,2011,15475290469.2869
GEO,2010,12426907967.1578
GEO,2009,10766920065.8251
GEO,2008,12795145130.9103
GEO,2007,10172931088.5655
GEO,2006,7745250733.95067
GEO,2005,6410912049.87105
GEO,2004,5125365191.98664
GEO,2003,3991377904.13162
GEO,2002,3395766677.67315
GEO,2001,3219462262.0075
GEO,2000,3057475335.18846
DEU,2023,4562207532490.28
DEU,2022,4201021706478.62
DEU,2021,4355251953410.78
DEU,2020,3941398957073.94
DEU,2019,3959894794039.21
DEU,2018,4055433215301.96
DEU,2017,3765351626105.89
DEU,2016,3536787895179.0
DEU,2015,3425099578746.09
DEU,2014,3964870735760.77
DEU,2013,3807023797050.99
DEU,2012,3596483233406.25
DEU,2011,3823575803793.78
DEU,2010,3467093769666.67
DEU,2009,3478545516683.59
DEU,2008,3808197720125.0
DEU,2007,3484056680854.91
DEU,2006,3046308753670.58
DEU,2005,2893393187361.87
DEU,2004,2852317768061.78
DEU,2003,2534715518349.01
DEU,2002,2102350798305.89
DEU,2001,1966381496641.73
DEU,2000,1966980701145.1
GHA,2023,80547146875.9526
GHA,2022,73919003212.1998
GHA,2021,79514204730.3979
GHA,2020,70008243859.8666
GHA,2019,68352629246.1555
GHA,2018,67259353965.6087
GHA,2017,60385409434.8567
GHA,2016,56144179397.8516
GHA,2015,49436806230.4839
GHA,2014,54678533805.9064
GHA,2013,62845721959.827
GHA,2012,41271701060.954
GHA,2011,39336668080.559
GHA,2010,32197655566.5347
GHA,2009,26048720005.5233
GHA,2008,28679383241.0729
GHA,2007,24827339138.4906
GHA,2006,20885037596.6963
GHA,2005,10744568381.4456
GHA,2004,8881417906.71432
GHA,2003,7632723555.66221
GHA,2002,6166197847.85031
GHA,2001,5314872854.4405
GHA,2000,4982850662.20851
GIB,2023,
GIB,2022,
GIB,2021,
GIB,2020,
GIB,2019,
GIB,2018,
GIB,2017,
GIB,2016,
GIB,2015,
GIB,2014,
GIB,2013,
GIB,2012,
GIB,2011,
GIB,2010,
GIB,2009,
GIB,2008,
GIB,2007,
GIB,2006,
GIB,2005,
GIB,2004,
GIB,2003,
GIB,2002,
GIB,2001,
GIB,2000,
GRC,2023,242946187738.269
GRC,2022,217990189600.69
GRC,2021,218303801895.326
GRC,2020,191362985554.861
GRC,2019,207305649887.019
GRC,2018,213298873494.394
GRC,2017,200381103984.298
GRC,2016,193097239005.87
GRC,2015,194567373678.099
GRC,2014,233911581521.062
GRC,2013,236556279640.705
GRC,2012,238841140018.233
GRC,2011,283228079776.041
GRC,2010,296417644404.034
GRC,2009,326829054686.306
GRC,2008,351121399546.485
GRC,2007,314226996944.108
GRC,2006,269073415333.676
GRC,2005,242315668619.405
GRC,2004,234979615898.225
GRC,2003,196930509813.384
GRC,2002,150253800085.865
GRC,2001,132050474720.03
GRC,2000,125760166224.805
GRL,2023,3326543974.39193
GRL,2022,3152334771.77992
GRL,2021,3293578467.57327
GRL,2020,3089625554.40473
GRL,2019,2997309971.87623
GRL,2018,3055782146.15957
GRL,2017,2851613679.03433
GRL,2016,2707139544.46695
GRL,2015,2499113022.81675
GRL,2014,2842065708.35962
GRL,2013,2684946990.12448
GRL,2012,2609678486.36749
GRL,2011,2684461375.46585
GRL,2010,2503167187.49305
GRL,2009,2529963903.22685
GRL,2008,2499092314.41875
GRL,2007,2249811295.6608
GRL,2006,2013106929.50031
GRL,2005,1849802648.36391
GRL,2004,1822499769.23938
GRL,2003,1558759823.08169
GRL,2002,1169136716.03557
GRL,2001,1086170703.9816
GRL,2000,1068025016.00862
GRD,2023,1336418518.51852
GRD,2022,1224007407.40741
GRD,2021,1122222222.22222
GRD,2020,1043411111.11111
GRD,2019,1213485185.18519
GRD,2018,1166514814.81481
GRD,2017,1125685185.18519
GRD,2016,1061640740.74074
GRD,2015,997007407.407407
GRD,2014,911496296.296296
GRD,2013,842618518.518518
GRD,2012,799881481.481481
GRD,2011,778655555.555555
GRD,2010,771014814.814815
GRD,2009,771275555.555555
GRD,2008,825976037.037037
GRD,2007,758683592.592593
GRD,2006,698700666.666667
GRD,2005,695555555.555555
GRD,2004,599118592.592593
GRD,2003,591018407.407407
GRD,2002,540336925.925926
GRD,2001,520444185.185185
GRD,2000,520044370.37037
GUM,2023,
GUM,2022,6910000000.0
GUM,2021,6234000000.0
GUM,2020,5916000000.0
GUM,2019,6355000000.0
GUM,2018,6051000000.0
GUM,2017,6013000000.0
GUM,2016,5901000000.0
GUM,2015,5799000000.0
GUM,2014,5610000000.0
GUM,2013,5399000000.0
GUM,2012,5265000000.0
GUM,2011,4984000000.0
GUM,2010,4949000000.0
GUM,2009,4828000000.0
GUM,2008,4658000000.0
GUM,2007,4397000000.0
GUM,2006,4238000000.0
GUM,2005,4213000000.0
GUM,2004,3869000000.0
GUM,2003,3569000000.0
GUM,2002,3394000000.0
GUM,2001,
GUM,2000,
GTM,2023,104298081428.769
GTM,2022,95609727055.5754
GTM,2021,86455522272.7383
GTM,2020,77719468248.3666
GTM,2019,77172331693.4093
GTM,2018,73328356007.6152
GTM,2017,71653780740.4226
GTM,2016,66053408205.8838
GTM,2015,62186066547.6566
GTM,2014,57852159007.6243
GTM,2013,52996420177.4409
GTM,2012,49593929487.1263
GTM,2011,46876006272.2387
GTM,2010,40676578423.4871
GTM,2009,37126148264.6383
GTM,2008,38503720224.3166
GTM,2007,33567850824.1039
GTM,2006,29744246827.1839
GTM,2005,26783389293.922
GTM,2004,23577298094.6571
GTM,2003,21576351798.9145
GTM,2002,20444205991.025
GTM,2001,18405220247.4412
GTM,2000,19288929030.0508
GIN,2023,22407615556.0571
GIN,2022,19910452541.9219
GIN,2021,17069115737.8259
GIN,2020,14088693742.9464
GIN,2019,13442861496.4454
GIN,2018,11857030366.7891
GIN,2017,10324668271.1362
GIN,2016,8595955222.49719
GIN,2015,8794201742.84609
GIN,2014,8778473372.82124
GIN,2013,8376613539.28278
GIN,2012,7638044556.84656
GIN,2011,6785137203.33153
GIN,2010,6853467145.53089
GIN,2009,6716905339.73136
GIN,2008,6964179983.17212
GIN,2007,6281918226.34408
GIN,2006,4220019845.26341
GIN,2005,4282468636.90501
GIN,2004,5300767960.51572
GIN,2003,5025167975.26363
GIN,2002,4301608752.51396
GIN,2001,4125527603.22908
GIN,2000,4367458866.71537
GNB,2023,2076748678.11987
GNB,2022,1856239954.81555
GNB,2021,1907611288.23036
GNB,2020,1705062169.81422
GNB,2019,1596214680.12925
GNB,2018,1554133593.91699
GNB,2017,1469978606.12143
GNB,2016,1245074264.10396
GNB,2015,1152384166.79638
GNB,2014,1135250721.0374
GNB,2013,1109682824.13594
GNB,2012,1049412177.11413
GNB,2011,1157074319.19388
GNB,2010,940112538.936436
GNB,2009,890167833.369849
GNB,2008,952667544.037289
GNB,2007,753162998.015113
GNB,2006,634781901.251494
GNB,2005,639776040.688424
GNB,2004,582169841.298304
GNB,2003,553614800.145707
GNB,2002,466773711.235579
GNB,2001,412610871.509121
GNB,2000,391345597.488269
GUY,2023,16918503597.1223
GUY,2022,14718388489.2086
GUY,2021,8041362110.31175
GUY,2020,5471256594.72422
GUY,2019,5173760191.84652
GUY,2018,4787636997.85343
GUY,2017,4748174334.14044
GUY,2016,4482697336.56174
GUY,2015,4279840193.7046
GUY,2014,4127660151.8087
GUY,2013,4167800928.83553
GUY,2012,4063088535.76331
GUY,2011,3691384317.52178
GUY,2010,3432912516.92427
GUY,2009,3165663152.73351
GUY,2008,3025187433.33637
GUY,2007,2730971595.39574
GUY,2006,2379817990.6918
GUY,2005,824880550.343965
GUY,2004,787814379.183843
GUY,2003,743063950.317749
GUY,2002,726131434.715338
GUY,2001,712167450.162898
GUY,2000,712667896.727512
HTI,2023,19572288894.1581
HTI,2022,20113007125.93
HTI,2021,20754978152.2134
HTI,2020,14508222518.3018
HTI,2019,15016090929.5125
HTI,2018,16403864617.8458
HTI,2017,15093357161.1498
HTI,2016,14069277526.2278
HTI,2015,14849629308.6025
HTI,2014,15146883497.6331
HTI,2013,14902488604.2421
HTI,2012,13708925477.1304
HTI,2011,13008746038.8867
HTI,2010,11859312725.1448
HTI,2009,11597002834.7786
HTI,2008,10432962634.8748
HTI,2007,9228637767.69009
HTI,2006,7638739122.67242
HTI,2005,7030149730.33692
HTI,2004,6087360684.2969
HTI,2003,5071947798.27263
HTI,2002,6205847213.6351
HTI,2001,6331970324.31022
HTI,2000,6813566098.8675
HND,2023,34355805527.9795
HND,2022,31426041806.7985
HND,2021,28144331506.6149
HND,2020,23352232483.755
HND,2019,24882225741.8119
HND,2018,24067750760.499
HND,2017,23136247990.5977
HND,2016,21717604952.1835
HND,2015,20979791685.416
HND,2014,19756533971.8698
HND,2013,18499729214.904
HND,2012,18528554397.5695
HND,2011,17710275685.4074
HND,2010,15839344591.9842
HND,2009,14587496229.1811
HND,2008,13881731875.7466
HND,2007,12361257680.5627
HND,2006,10917477066.1429
HND,2005,9757012696.56212
HND,2004,8869299234.3377
HND,2003,8230391346.67228
HND,2002,7858255412.86038
HND,2001,7651162302.3456
HND,2000,7186638029.05875
HKG,2023,380762296025.216
HKG,2022,358673532516.529
HKG,2021,368954169748.818
HKG,2020,344943149590.058
HKG,2019,363074545072.389
HKG,2018,361731070995.726
HKG,2017,341273289534.466
HKG,2016,320860317562.562
HKG,2015,309385622601.348
HKG,2014,291459995978.893
HKG,2013,275696879834.966
HKG,2012,262628865879.697
HKG,2011,248513617677.287
HKG,2010,228638668727.291
HKG,2009,214047795659.045
HKG,2008,219278749139.734
HKG,2007,211596944503.8
HKG,2006,193535442896.365
HKG,2005,181569311742.213
HKG,2004,169099768875.193
HKG,2003,161385558801.811
HKG,2002,166348866131.028
HKG,2001,169404327616.605
HKG,2000,171668891194.349
HUN,2023,213029511028.874
HUN,2022,177002580544.155
HUN,2021,183282685440.486
HUN,2020,158468487754.196
HUN,2019,164936682033.992
HUN,2018,161184691013.835
HUN,2017,143335098991.862
HUN,2016,128983560865.293
HUN,2015,125244126623.289
HUN,2014,141128696412.321
HUN,2013,135646053778.582
HUN,2012,128470269689.958
HUN,2011,141712804953.868
HUN,2010,131898737241.166
HUN,2009,130807441076.16
HUN,2008,158228265915.534
HUN,2007,140123326896.329
HUN,2006,115604111412.139
HUN,2005,113098237570.929
HUN,2004,104015363080.271
HUN,2003,85190469121.074
HUN,2002,67636468625.0428
HUN,2001,53800068065.7969
HUN,2000,47275954428.9586
ISL,2023,31701996433.7807
ISL,2022,29176227825.4736
ISL,2021,26234872402.457
ISL,2020,22034665040.7901
ISL,2019,24985687022.0452
ISL,2018,26677652544.3499
ISL,2017,25060086487.8901
ISL,2016,21083713310.457
ISL,2015,17700486957.1907
ISL,2014,18052183514.8695
ISL,2013,16244319958.6808
ISL,2012,14943757823.3226
ISL,2011,15394005872.149
ISL,2010,13922711576.5124
ISL,2009,13212543837.5133
ISL,2008,18247921360.2599
ISL,2007,21960110030.4426
ISL,2006,17671649843.2602
ISL,2005,17146410560.5279
ISL,2004,13963943244.0018
ISL,2003,11564687741.9859
ISL,2002,9416199699.54736
ISL,2001,8323401820.48477
ISL,2000,9140168922.35677
IND,2023,3500906030644.76
IND,2022,3249938492013.47
IND,2021,3167270623260.47
IND,2020,2674851578587.27
IND,2019,2835606256558.19
IND,2018,2702929641648.74
IND,2017,2651474262755.45
IND,2016,2294796885663.16
IND,2015,2103588360044.94
IND,2014,2039126479154.52
IND,2013,1856721507621.58
IND,2012,1827637590410.41
IND,2011,1823051829894.55
IND,2010,1675615519484.96
IND,2009,1341888016994.9
IND,2008,1198895139005.92
IND,2007,1216736438834.96
IND,2006,940259888787.721
IND,2005,820383763511.445
IND,2004,709152728830.775
IND,2003,607700687237.318
IND,2002,514939140318.756
IND,2001,485440139204.171
IND,2000,468395521654.458
IDN,2023,1371166925749.88
IDN,2022,1319101183380.15
IDN,2021,1186509691086.73
IDN,2020,1059054842698.48
IDN,2019,1119099871350.2
IDN,2018,1042271532988.63
IDN,2017,1015618744159.73
IDN,2016,931877364037.698
IDN,2015,860854232686.214
IDN,2014,890814755533.537
IDN,2013,912524136718.018
IDN,2012,917869913332.649
IDN,2011,892969104563.171
IDN,2010,755094157621.936
IDN,2009,539580085612.401
IDN,2008,510228634992.258
IDN,2007,432216737774.861
IDN,2006,364570515618.357
IDN,2005,285868619196.085
IDN,2004,256836875295.452
IDN,2003,234772463823.808
IDN,2002,195660611165.183
IDN,2001,160446947784.909
IDN,2000,165021012077.81
IRN,2023,457510482317.483
IRN,2022,422662261525.665
IRN,2021,407350685583.335
IRN,2020,280934329279.723
IRN,2019,347988400957.999
IRN,2018,411903303606.044
IRN,2017,510239893417.645
IRN,2016,478618064870.999
IRN,2015,409191686496.677
IRN,2014,462284793280.825
IRN,2013,500399839839.877
IRN,2012,644019315003.54
IRN,2011,629082257472.368
IRN,2010,487069570463.768
IRN,2009,414059094949.063
IRN,2008,406070949553.875
IRN,2007,349736591832.418
IRN,2006,265602187403.643
IRN,2005,224970371324.67
IRN,2004,187754571247.666
IRN,2003,151911222119.488
IRN,2002,128626917503.72
IRN,2001,126878750295.944
IRN,2000,109591707802.216
IRQ,2023,268881051643.549
IRQ,2022,287372232137.931
IRQ,2021,209691945713.103
IRQ,2020,180898797516.874
IRQ,2019,233636097800.338
IRQ,2018,227367469034.031
IRQ,2017,187217660050.676
IRQ,2016,166743557747.671
IRQ,2015,166774104959.102
IRQ,2014,228415656174.957
IRQ,2013,234637675128.645
IRQ,2012,218002476129.472
IRQ,2011,185749664444.444
IRQ,2010,138516722649.573
IRQ,2009,111657580326.315
IRQ,2008,131614434153.505
IRQ,2007,88837057319.5179
IRQ,2006,65147051918.0219
IRQ,2005,50065104667.8159
IRQ,2004,36633669269.3981
IRQ,2003,21921569478.8163
IRQ,2002,32928454672.4246
IRQ,2001,36176430128.8057
IRQ,2000,48364250943.9051
IRL,2023,567372737459.116
IRL,2022,548341794599.09
IRL,2021,530394123829.763
IRL,2020,436009027818.948
IRL,2019,407211793800.713
IRL,2018,395780319816.603
IRL,2017,348355212568.515
IRL,2016,305431252708.748
IRL,2015,302101388556.271
IRL,2014,266490442124.309
IRL,2013,242924245718.756
IRL,2012,226921827888.137
IRL,2011,240975871046.644
IRL,2010,221732824603.484
IRL,2009,236443115853.695
IRL,2008,275447471451.063
IRL,2007,270079279419.5
IRL,2006,232180617162.279
IRL,2005,211876989655.907
IRL,2004,194372115041.065
IRL,2003,164670771259.602
IRL,2002,128596035288.401
IRL,2001,109346669229.695
IRL,2000,100207610429.909
IMN,2023,7576129932.79381
IMN,2022,7431257410.92713
IMN,2021,7931193222.06405
IMN,2020,6684225641.02564
IMN,2019,7314967866.28289
IMN,2018,7491649455.92717
IMN,2017,6979788333.50279
IMN,2016,6846377563.00683
IMN,2015,7084800892.22284
IMN,2014,7708454412.32126
IMN,2013,7001175622.71266
IMN,2012,6690228371.66909
IMN,2011,6565667052.79737
IMN,2010,5920369789.50182
IMN,2009,5486921247.07323
IMN,2008,5928791505.35144
IMN,2007,4466350655.89909
IMN,2006,3422733202.4501
IMN,2005,3032411026.94919
IMN,2004,2802206151.59282
IMN,2003,2252620408.16327
IMN,2002,1891002697.84173
IMN,2001,1668684324.16871
IMN,2000,1601050083.21985
ISR,2023,513393395491.904
ISR,2022,525157951212.871
ISR,2021,489735019666.026
ISR,2020,410908899711.272
ISR,2019,399207771081.611
ISR,2018,375470422244.408
ISR,2017,357360816856.642
ISR,2016,321083954798.337
ISR,2015,302841190257.708
ISR,2014,314376760832.047
ISR,2013,298045324735.571
ISR,2012,263172104090.976
ISR,2011,267739352609.375
ISR,2010,239372857534.485
ISR,2009,213112649594.385
ISR,2008,220952472408.027
ISR,2007,184448882451.742
ISR,2006,158706516001.616
ISR,2005,147346035831.272
ISR,2004,139925423025.435
ISR,2003,131278887815.375
ISR,2002,125215963105.239
ISR,2001,134889159474.047
ISR,2000,136409902631.643
ITA,2023,2316882296366.32
ITA,2022,2104067630319.46
ITA,2021,2179207773596.09
ITA,2020,1907481094079.23
ITA,2019,2019606796583.53
ITA,2018,2099435266458.67
ITA,2017,1970720904584.71
ITA,2016,1887111188176.93
ITA,2015,1845428048839.1
ITA,2014,2173255507985.84
ITA,2013,2153225581941.46
ITA,2012,2097929495121.68
ITA,2011,2306974020278.21
ITA,2010,2144936254535.0
ITA,2009,2209484319012.65
ITA,2008,2417508414187.19
ITA,2007,2222524108127.65
ITA,2006,1958563654385.64
ITA,2005,1864982261286.85
ITA,2004,1812808753294.75
ITA,2003,1582930016538.82
ITA,2002,1281746271196.04
ITA,2001,1172041488805.87
ITA,2000,1149661363439.38
JAM,2023,21418797832.8216
JAM,2022,18813516805.214
JAM,2021,15963885376.3537
JAM,2020,15000214216.2439
JAM,2019,17026269262.5307
JAM,2018,16855447986.2221
JAM,2017,15783583236.675
JAM,2016,14898999754.1229
JAM,2015,14963589915.5912
JAM,2014,13899217679.9219
JAM,2013,14264205152.6126
JAM,2012,14807086555.5283
JAM,2011,14444661522.1463
JAM,2010,13220549908.2494
JAM,2009,12120458114.8318
JAM,2008,13709401520.0326
JAM,2007,12799600047.1845
JAM,2006,11930179089.8855
JAM,2005,11243865777.7131
JAM,2004,10174664853.9476
JAM,2003,9430234810.78586
JAM,2002,9719009494.84779
JAM,2001,9194727831.07318
JAM,2000,9005064474.93003
JPN,2023,4384854269961.93
JPN,2022,4447976207314.78
JPN,2021,5225933520753.1
JPN,2020,5189197543645.38
JPN,2019,5245755000479.03
JPN,2018,5154293721629.56
JPN,2017,5038231631660.71
JPN,2016,5110357383254.44
JPN,2015,4534438580494.94
JPN,2014,4985763289560.81
JPN,2013,5272297037396.96
JPN,2012,6333803928787.76
JPN,2011,6279422550218.7
JPN,2010,5811578109447.07
JPN,2009,5336765697589.29
JPN,2008,5160197175876.43
JPN,2007,4624670179654.96
JPN,2006,4648058930707.24
JPN,2005,4875648486366.14
JPN,2004,4941485123806.53
JPN,2003,4573413206709.02
JPN,2002,4245946980572.3
JPN,2001,4438792748062.4
JPN,2000,5042381838343.44
JOR,2023,56123472112.6761
JOR,2022,53516930140.8451
JOR,2021,50702940985.9155
JOR,2020,47931770985.9155
JOR,2019,48640273802.8169
JOR,2018,47435850422.5352
JOR,2017,45535614366.1972
JOR,2016,43688498732.3944
JOR,2015,42394049295.7747
JOR,2014,40535098591.5493
JOR,2013,37873362957.7465
JOR,2012,34854017887.3239
JOR,2011,32640291549.2958
JOR,2010,30202773521.1268
JOR,2009,27462496197.1831
JOR,2008,25651620830.6149
JOR,2007,17110437235.543
JOR,2006,15056981664.3159
JOR,2005,12588998589.5628
JOR,2004,11411706629.055
JOR,2003,10195627644.5698
JOR,2002,9582510578.27927
JOR,2001,8975814652.8196
JOR,2000,8460789844.8519
KAZ,2023,261840101059.923
KAZ,2022,225496328925.494
KAZ,2021,197112255360.612
KAZ,2020,171082365861.423
KAZ,2019,181667184854.501
KAZ,2018,179339977690.485
KAZ,2017,166805788827.233
KAZ,2016,137278320084.171
KAZ,2015,184388404706.042
KAZ,2014,221415613595.469
KAZ,2013,236634603409.089
KAZ,2012,207998568865.789
KAZ,2011,192626464617.071
KAZ,2010,148047348240.643
KAZ,2009,115308686941.38
KAZ,2008,133441648851.982
KAZ,2007,104849915058.376
KAZ,2006,81003864630.018
KAZ,2005,57123671733.8952
KAZ,2004,43151647002.6096
KAZ,2003,30833692900.1091
KAZ,2002,24636598527.4437
KAZ,2001,22152689179.8815
KAZ,2000,18291990662.0356
KEN,2023,107500884685.013
KEN,2022,114448978152.637
KEN,2021,109703658904.994
KEN,2020,100657505750.545
KEN,2019,100378436207.371
KEN,2018,92202979985.2863
KEN,2017,82036510877.2599
KEN,2016,74815144163.8931
KEN,2015,70120446896.8359
KEN,2014,68285796514.2896
KEN,2013,61671440407.8387
KEN,2012,56396704671.5777
KEN,2011,46869473150.61
KEN,2010,45405615063.7551
KEN,2009,42347217912.9176
KEN,2008,35895153327.8497
KEN,2007,31958195182.2406
KEN,2006,25825512284.2891
KEN,2005,18737895512.7378
KEN,2004,16095337093.8366
KEN,2003,14904517649.8476
KEN,2002,13147736898.5176
KEN,2001,12986007425.8781
KEN,2000,12705350097.8044
KIR,2023,291657337.839517
KIR,2022,271214374.500577
KIR,2021,285451584.406531
KIR,2020,220909306.750809
KIR,2019,216891541.021351
KIR,2018,233859230.192198
KIR,2017,223029864.54193
KIR,2016,206467818.503227
KIR,2015,191559398.688293
KIR,2014,200287281.98074
KIR,2013,201730860.757856
KIR,2012,207001545.867109
KIR,2011,195970140.170383
KIR,2010,165458433.127645
KIR,2009,140177384.145395
KIR,2008,147017894.97877
KIR,2007,138054945.643442
KIR,2006,112338353.264712
KIR,2005,113895437.324786
KIR,2004,104085892.133271
KIR,2003,96105619.3795504
KIR,2002,74743869.1313473
KIR,2001,64935850.1573877
KIR,2000,74910527.2586758
PRK,2023,
PRK,2022,
PRK,2021,
PRK,2020,
PRK,2019,
PRK,2018,
PRK,2017,
PRK,2016,
PRK,2015,
PRK,2014,
PRK,2013,
PRK,2012,
PRK,2011,
PRK,2010,
PRK,2009,
PRK,2008,
PRK,2007,
PRK,2006,
PRK,2005,
PRK,2004,
PRK,2003,
PRK,2002,
PRK,2001,
PRK,2000,
KOR,2023,1844800934391.54
KOR,2022,1799363116866.52
KOR,2021,1942313560965.9
KOR,2020,1744070276373.34
KOR,2019,1751045752054.63
KOR,2018,1824251454306.83
KOR,2017,1710196756713.17
KOR,2016,1579150518945.44
KOR,2015,1539212301135.55
KOR,2014,1556252422020.44
KOR,2013,1434669686501.84
KOR,2012,1335343586437.67
KOR,2011,1307103477219.1
KOR,2010,1192830015737.68
KOR,2009,983065242417.36
KOR,2008,1091580692542.34
KOR,2007,1220911904593.06
KOR,2006,1095175538508.19
KOR,2005,971740329983.878
KOR,2004,823251107638.814
KOR,2003,728516494684.269
KOR,2002,650014391470.21
KOR,2001,567564806235.441
KOR,2000,597487173479.109
XKX,2023,10466753839.9923
XKX,2022,9367633202.54673
XKX,2021,9412099545.05799
XKX,2020,7734497455.75411
XKX,2019,7899204690.79214
XKX,2018,7878762812.20156
XKX,2017,7180768692.26354
XKX,2016,6682674062.9615
XKX,2015,6295845465.35898
XKX,2014,7074392884.04507
XKX,2013,6735327512.05178
XKX,2012,6163483291.08047
XKX,2011,6341614504.59145
XKX,2010,5343950626.16668
XKX,2009,5035779642.01679
XKX,2008,5202943075.49453
XKX,2007,
XKX,2006,
XKX,2005,
XKX,2004,
XKX,2003,
XKX,2002,
XKX,2001,
XKX,2000,
KWT,2023,165462656226.772
KWT,2022,183502046693.878
KWT,2021,148350671489.144
KWT,2020,111045470605.715
KWT,2019,140856394860.529
KWT,2018,138646316350.727
KWT,2017,120687539805.505
KWT,2016,109406674124.652
KWT,2015,114585555688.511
KWT,2014,162650450684.725
KWT,2013,174168116534.844
KWT,2012,174047662680.041
KWT,2011,154039231245.856
KWT,2010,115416245241.742
KWT,2009,105968691905.415
KWT,2008,147379737229.753
KWT,2007,114634043361.692
KWT,2006,101557330723.423
KWT,2005,80798630136.9863
KWT,2004,59439090600.6108
KWT,2003,47874582231.588
KWT,2002,38135788413.8276
KWT,2001,34889559869.8326
KWT,2000,37718743480.0751
KGZ,2023,15180842369.4894
KGZ,2022,12134931017.9465
KGZ,2021,9249133946.26531
KGZ,2020,8270468614.24051
KGZ,2019,9371275264.36735
KGZ,2018,8271106235.41552
KGZ,2017,7702938379.42036
KGZ,2016,6813095379.1187
KGZ,2015,6678177511.66313
KGZ,2014,7468102412.68237
KGZ,2013,7335033800.59056
KGZ,2012,6605142884.36215
KGZ,2011,6197765984.28468
KGZ,2010,4794361863.01353
KGZ,2009,4690061380.60253
KGZ,2008,5139958909.17936
KGZ,2007,3802570552.56105
KGZ,2006,2834168889.42019
KGZ,2005,2460246766.41401
KGZ,2004,2211534585.0034
KGZ,2003,1919008090.49641
KGZ,2002,1605643104.73021
KGZ,2001,1525116370.27939
KGZ,2000,1369688498.06778
LAO,2023,15843155731.2552
LAO,2022,15468785203.7532
LAO,2021,18827148530.9347
LAO,2020,18981805250.2424
LAO,2019,18740561512.5555
LAO,2018,18141641089.7963
LAO,2017,17071155481.4994
LAO,2016,15912501722.6143
LAO,2015,14426380125.6488
LAO,2014,13279245886.3854
LAO,2013,11983252626.5452
LAO,2012,10192846339.4029
LAO,2011,8750104617.17303
LAO,2010,7131771014.70456
LAO,2009,5836137329.63305
LAO,2008,5446433157.40114
LAO,2007,4223152739.04052
LAO,2006,3455030060.9785
LAO,2005,2735558734.7379
LAO,2004,2366398119.86321
LAO,2003,2023324407.28414
LAO,2002,1758176653.07746
LAO,2001,1768619058.34647
LAO,2000,1731198022.46763
LVA,2023,42779550936.838
LVA,2022,38003198508.9107
LVA,2021,38183326784.9335
LVA,2020,33379927434.6149
LVA,2019,33099503950.847
LVA,2018,33247935477.3576
LVA,2017,29391059767.4259
LVA,2016,27117105059.5075
LVA,2015,26344565876.8902
LVA,2014,30277203767.4058
LVA,2013,29152128167.8438
LVA,2012,27116149948.6683
LVA,2011,26575547900.8247
LVA,2010,23468324572.3343
LVA,2009,25691530442.035
LVA,2008,34135200994.0067
LVA,2007,29420499247.7089
LVA,2006,20434922247.3037
LVA,2005,16306935905.4138
LVA,2004,13827070378.5612
LVA,2003,11244337719.8377
LVA,2002,9249030241.01864
LVA,2001,8190888739.6463
LVA,2000,7761252607.18424
LBN,2023,20078620356.9931
LBN,2022,20992421948.8081
LBN,2021,23131941556.7843
LBN,2020,31712128253.7961
LBN,2019,51605959131.2741
LBN,2018,54901519155.5556
LBN,2017,53027680685.9038
LBN,2016,51147308774.1294
LBN,2015,49929337836.8159
LBN,2014,48095213746.6003
LBN,2013,46880103080.597
LBN,2012,44016799515.7546
LBN,2011,39927125961.5257
LBN,2010,38443907042.1227
LBN,2009,35399582928.6899
LBN,2008,29118916105.4726
LBN,2007,24827355014.9254
LBN,2006,22022709851.4096
LBN,2005,21497336498.8391
LBN,2004,21159827992.0398
LBN,2003,20082918739.6352
LBN,2002,19152238805.9701
LBN,2001,17649751243.7811
LBN,2000,17260364842.4544
LSO,2023,2129871529.52517
LSO,2022,2354980960.02697
LSO,2021,2412130056.55851
LSO,2020,2053699863.99625
LSO,2019,2390702295.82777
LSO,2018,2556247291.99785
LSO,2017,2306741672.29006
LSO,2016,2114426452.2019
LSO,2015,2359686724.53829
LSO,2014,2441063054.05792
LSO,2013,2367112931.642
LSO,2012,2477702216.26888
LSO,2011,2579409619.96722
LSO,2010,2234754241.91918
LSO,2009,1740894964.80511
LSO,2008,1766902709.19935
LSO,2007,1682131784.51365
LSO,2006,1800092563.75462
LSO,2005,1682343527.49221
LSO,2004,1511236655.52047
LSO,2003,1157825434.78971
LSO,2002,775777238.55814
LSO,2001,825706961.238689
LSO,2000,887291687.920796
LBR,2023,4390000000.0
LBR,2022,4001047000.0
LBR,2021,3513049500.0
LBR,2020,3176126300.0
LBR,2019,3319596500.0
LBR,2018,3422754800.0
LBR,2017,3390703400.0
LBR,2016,3398419600.0
LBR,2015,3227075700.0
LBR,2014,3225652000.0
LBR,2013,3177198100.0
LBR,2012,2791614000.0
LBR,2011,2398000000.0
LBR,2010,1998000000.0
LBR,2009,1768000000.0
LBR,2008,1726000000.0
LBR,2007,1373000000.0
LBR,2006,1119000000.0
LBR,2005,949000000.0
LBR,2004,897000000.0
LBR,2003,748000000.0
LBR,2002,927000000.0
LBR,2001,906000000.0
LBR,2000,874000000.0
LBY,2023,44027664915.187
LBY,2022,43246297921.8499
LBY,2021,35217995647.2862
LBY,2020,46854285440.642
LBY,2019,69254496471.6938
LBY,2018,76686029772.1483
LBY,2017,67157452181.7738
LBY,2016,49912073701.298
LBY,2015,48717501321.3052
LBY,2014,57372355592.022
LBY,2013,75351107029.0605
LBY,2012,92540938129.1315
LBY,2011,48169263294.1007
LBY,2010,75380825062.4216
LBY,2009,60808562033.4191
LBY,2008,86710767415.1371
LBY,2007,68032978390.6007
LBY,2006,60094231606.642
LBY,2005,47334691241.4924
LBY,2004,33122307692.3077
LBY,2003,26265625000.0
LBY,2002,20481889763.7795
LBY,2001,34112093927.254
LBY,2000,38270954138.1128
LIE,2023,8239379403.22096
LIE,2022,7426856242.7736
LIE,2021,7912602342.18895
LIE,2020,6405870210.32293
LIE,2019,6436467007.11932
LIE,2018,6692620691.84146
LIE,2017,6474308717.85289
LIE,2016,6237302033.50132
LIE,2015,6268515276.17441
LIE,2014,6657526979.72277
LIE,2013,6391708310.67727
LIE,2012,5456102482.28614
LIE,2011,5739706004.89616
LIE,2010,5082337238.44718
LIE,2009,4504375348.07038
LIE,2008,5081479840.08716
LIE,2007,4601429897.21468
LIE,2006,4000102086.14635
LIE,2005,3659319116.88057
LIE,2004,3454373797.74442
LIE,2003,3070803051.42164
LIE,2002,2688618747.38148
LIE,2001,2491800558.77674
LIE,2000,2483889858.32312
LTU,2023,80356613554.5602
LTU,2022,70639687325.6326
LTU,2021,67072165721.2431
LTU,2020,57412038533.2718
LTU,2019,55122066225.796
LTU,2018,54261795148.5372
LTU,2017,47756764508.446
LTU,2016,42970749245.0336
LTU,2015,41540954817.2039
LTU,2014,48306546656.9281
LTU,2013,46303660422.0434
LTU,2012,42709372066.8627
LTU,2011,43186501862.7907
LTU,2010,36638128534.0643
LTU,2009,37494380038.9213
LTU,2008,47831254207.5223
LTU,2007,39729151614.6689
LTU,2006,30116192746.8942
LTU,2005,26105207115.3129
LTU,2004,22743164431.1972
LTU,2003,18809197969.5431
LTU,2002,14282292664.6004
LTU,2001,12260761329.3051
LTU,2000,11550695727.2335
LUX,2023,88788881539.3937
LUX,2022,80801680397.0139
LUX,2021,86386759695.1653
LUX,2020,73670782100.3909
LUX,2019,69872035113.6469
LUX,2018,71085623495.1145
LUX,2017,65712180342.9836
LUX,2016,62216885435.9488
LUX,2015,60071584216.1375
LUX,2014,68804814554.646
LUX,2013,65203276466.9763
LUX,2012,59776383527.3602
LUX,2011,61696281326.2453
LUX,2010,56213985987.4168
LUX,2009,54467289897.5582
LUX,2008,58844277701.5258
LUX,2007,51587401415.7872
LUX,2006,42910153829.6576
LUX,2005,37672311222.7362
LUX,2004,35064843792.8993
LUX,2003,29667268248.1305
LUX,2002,23649832386.5918
LUX,2001,21387550720.1937
LUX,2000,21230200537.942
MAC,2023,45626467279.891
MAC,2022,24929307447.3237
MAC,2021,30633941629.3633
MAC,2020,25280064167.7333
MAC,2019,55025172016.004
MAC,2018,55076322634.344
MAC,2017,50297028370.6668
MAC,2016,44964868323.7558
MAC,2015,44940613353.1038
MAC,2014,54930501310.2956
MAC,2013,51559125350.236
MAC,2012,43193350975.6862
MAC,2011,36848881944.6939
MAC,2010,28244172833.6035
MAC,2009,21589540350.7115
MAC,2008,21027018332.6663
MAC,2007,18439981612.4086
MAC,2006,14874098691.9082
MAC,2005,12160056122.3757
MAC,2004,10643253553.184
MAC,2003,8246479565.94248
MAC,2002,7371692774.43404
MAC,2001,6860272608.45211
MAC,2000,6773944355.1502
MDG,2023,16036707975.7567
MDG,2022,15342178598.2475
MDG,2021,14354731964.3258
MDG,2020,13051441204.053
MDG,2019,14104664678.5063
MDG,2018,13760033282.2925
MDG,2017,13176313593.5509
MDG,2016,11848613858.442
MDG,2015,11323020701.3017
MDG,2014,12522957399.2281
MDG,2013,12423555455.3853
MDG,2012,11578975061.9479
MDG,2011,11551819617.874
MDG,2010,9982711338.07029
MDG,2009,9616879409.43789
MDG,2008,10725137723.6549
MDG,2007,8524620889.57747
MDG,2006,6395712490.94304
MDG,2005,5859269752.61332
MDG,2004,5064732626.29389
MDG,2003,6372498889.66585
MDG,2002,5351701663.40807
MDG,2001,5438332601.90798
MDG,2000,4629247203.84524
MWI,2023,13363669672.9405
MWI,2022,12429059928.102
MWI,2021,12378119199.0839
MWI,2020,11769313597.8545
MWI,2019,11051852712.6142
MWI,2018,9879220354.29186
MWI,2017,8943543793.5839
MWI,2016,7909868618.46366
MWI,2015,9219474379.31534
MWI,2014,8801326169.14547
MWI,2013,8031571927.62055
MWI,2012,8773203178.16512
MWI,2011,11648142958.3651
MWI,2010,10128323010.6049
MWI,2009,9009887946.82039
MWI,2008,7743617352.21427
MWI,2007,6451210219.11683
MWI,2006,5818279739.14354
MWI,2005,5320409651.47544
MWI,2004,5058726350.48896
MWI,2003,4669789300.35662
MWI,2002,5087328437.8737
MWI,2001,2498008664.6691
MWI,2000,2537307580.32808
MYS,2023,399949418752.657
MYS,2022,407830525989.553
MYS,2021,373784553029.978
MYS,2020,337456163961.211
MYS,2019,365177721021.516
MYS,2018,358788845712.53
MYS,2017,319109094160.343
MYS,2016,301256033870.334
MYS,2015,301355266964.947
MYS,2014,338066095097.254
MYS,2013,323276235524.415
MYS,2012,314443047642.111
MYS,2011,297951668674.835
MYS,2010,255017638455.59
MYS,2009,202257453036.641
MYS,2008,230811614370.384
MYS,2007,193549569477.733
MYS,2006,162692258307.056
MYS,2005,143534405818.501
MYS,2004,124749473684.211
MYS,2003,110202368421.053
MYS,2002,100845526315.789
MYS,2001,92783947368.4211
MYS,2000,93789736842.1053
MDV,2023,6621008703.95743
MDV,2022,6177123352.26211
MDV,2021,5252457369.55218
MDV,2020,3712604583.36665
MDV,2019,5726094799.37709
MDV,2018,5404344162.69888
MDV,2017,4816426256.52914
MDV,2016,4409942623.85538
MDV,2015,4129505319.12921
MDV,2014,3697353039.20043
MDV,2013,3295009237.50107
MDV,2012,2886163997.20531
MDV,2011,2774350240.04918
MDV,2010,2588176054.6875
MDV,2009,2345294875.0
MDV,2008,2271646187.5
MDV,2007,1868383460.9375
MDV,2006,1575200390.625
MDV,2005,1163362437.5
MDV,2004,1226829562.5
MDV,2003,1052121054.6875
MDV,2002,897031250.0
MDV,2001,870031676.798793
MDV,2000,624337145.284622
MLI,2023,24777941860.767
MLI,2022,22539987718.7642
MLI,2021,22999245262.6719
MLI,2020,20698560938.7775
MLI,2019,20477421884.5414
MLI,2018,20368015381.2413
MLI,2017,18308362040.0521
MLI,2016,16743796799.8329
MLI,2015,15583181170.4105
MLI,2014,17081681993.2577
MLI,2013,15747192680.9971
MLI,2012,14795114602.6122
MLI,2011,15452791788.9356
MLI,2010,12710739159.5014
MLI,2009,12155217832.8039
MLI,2008,11462490840.2195
MLI,2007,9699047442.57905
MLI,2006,8212007553.99393
MLI,2005,7429066951.56583
MLI,2004,6485774930.41503
MLI,2003,5605613011.29141
MLI,2002,4647238256.56563
MLI,2001,4124281593.68874
MLI,2000,3521570875.85064
MLT,2023,22625329775.6867
MLT,2022,18938869147.0818
MLT,2021,19730119030.6198
MLT,2020,16404655807.6687
MLT,2019,16337788880.578
MLT,2018,16153785816.8181
MLT,2017,14161374599.3379
MLT,2016,12025777078.0922
MLT,2015,11340789705.8045
MLT,2014,11888029751.5962
MLT,2013,10796780874.0524
MLT,2012,9609530618.89688
MLT,2011,9789363086.07492
MLT,2010,9097044301.48168
MLT,2009,8769897418.38144
MLT,2008,9172399572.85742
MLT,2007,7908412373.84313
MLT,2006,6749838861.63176
MLT,2005,6393234964.93061
MLT,2004,6104141501.07928
MLT,2003,5418315225.49353
MLT,2002,4455127397.86786
MLT,2001,4070867153.47963
MLT,2000,4036809766.6603
MHL,2023,264000000.0
MHL,2022,258723500.0
MHL,2021,261245500.0
MHL,2020,241800000.0
MHL,2019,232900000.0
MHL,2018,220000000.0
MHL,2017,213700000.0
MHL,2016,201800000.0
MHL,2015,183700000.0
MHL,2014,186000000.0
MHL,2013,186400000.0
MHL,2012,180700000.0
MHL,2011,172300000.0
MHL,2010,161100000.0
MHL,2009,151200000.0
MHL,2008,146600000.0
MHL,2007,150500000.0
MHL,2006,143200000.0
MHL,2005,138000000.0
MHL,2004,132900000.0
MHL,2003,131128500.0
MHL,2002,131960000.0
MHL,2001,122406100.0
MHL,2000,114838500.0
MRT,2023,10687541640.1299
MRT,2022,9562497460.55394
MRT,2021,9221044666.76483
MRT,2020,8260567356.81635
MRT,2019,7894764885.82312
MRT,2018,7475471309.52265
MRT,2017,6812472965.33868
MRT,2016,6407900701.25829
MRT,2015,6182303676.55144
MRT,2014,6615483550.17817
MRT,2013,7230646063.35983
MRT,2012,6728208836.22143
MRT,2011,6764627745.9033
MRT,2010,5628878797.98257
MRT,2009,4714595547.75102
MRT,2008,5206437193.80413
MRT,2007,4346212355.02975
MRT,2006,3919577285.92703
MRT,2005,2936019525.60241
MRT,2004,2362501023.24249
MRT,2003,2051147606.73687
MRT,2002,1777057481.26043
MRT,2001,1746063557.61355
MRT,2000,1779520886.47015
MUS,2023,14072212290.4596
MUS,2022,12936444123.3037
MUS,2021,11622048696.8129
MUS,2020,11566111137.5568
MUS,2019,14645235204.6176
MUS,2018,14957535715.9696
MUS,2017,13896938315.2799
MUS,2016,12757680846.5663
MUS,2015,12162211503.0793
MUS,2014,13230490081.5656
MUS,2013,12434596541.2996
MUS,2012,11832323837.1071
MUS,2011,11677718382.4259
MUS,2010,10144716154.9356
MUS,2009,9264482255.83389
MUS,2008,10127741914.5324
MUS,2007,8277474849.95045
MUS,2006,7137710412.93687
MUS,2005,6576108447.47531
MUS,2004,6667418752.07307
MUS,2003,5894873919.74797
MUS,2002,4906494249.38255
MUS,2001,4675755867.17657
MUS,2000,4726108622.47661
MEX,2023,1794410347718.25
MEX,2022,1466934724243.38
MEX,2021,1316569466833.94
MEX,2020,1121064767168.8
MEX,2019,1304106204006.27
MEX,2018,1256300182983.65
MEX,2017,1190721475853.16
MEX,2016,1112233497452.7
MEX,2015,1213294467653.78
MEX,2014,1364507717689.36
MEX,2013,1327436290439.27
MEX,2012,1255110424741.85
MEX,2011,1229013703416.76
MEX,2010,1105424238651.95
MEX,2009,943437414950.633
MEX,2008,1161553459984.65
MEX,2007,1102355554880.44
MEX,2006,1020265057882.01
MEX,2005,917571853437.344
MEX,2004,819459227375.022
MEX,2003,765549967888.647
MEX,2002,810666116401.915
MEX,2001,796064590549.136
MEX,2000,742061329749.127
FSM,2023,442975600.0
FSM,2022,415232900.0
FSM,2021,391601900.0
FSM,2020,372902700.0
FSM,2019,395000000.0
FSM,2018,394000000.0
FSM,2017,361000000.0
FSM,2016,327000000.0
FSM,2015,312000000.0
FSM,2014,316000000.0
FSM,2013,314000000.0
FSM,2012,324000000.0
FSM,2011,308000000.0
FSM,2010,292000000.0
FSM,2009,277000000.0
FSM,2008,261000000.0
FSM,2007,253000000.0
FSM,2006,250000000.0
FSM,2005,247000000.0
FSM,2004,235538100.0
FSM,2003,240949900.0
FSM,2002,237654300.0
FSM,2001,236387700.0
FSM,2000,229616800.0
MDA,2023,16711906746.2133
MDA,2022,14525337523.7271
MDA,2021,13691869264.0794
MDA,2020,11530746234.4492
MDA,2019,11736797054.6965
MDA,2018,11252353420.8798
MDA,2017,9514404016.20949
MDA,2016,7980917075.7748
MDA,2015,7797667196.73087
MDA,2014,9402090137.7423
MDA,2013,9496717875.51932
MDA,2012,8709138634.82921
MDA,2011,8414352020.49442
MDA,2010,6974982369.60155
MDA,2009,5439434271.78807
MDA,2008,6054824248.24221
MDA,2007,4401173151.93767
MDA,2006,3408255450.5509
MDA,2005,2988342907.03096
MDA,2004,2598249555.89984
MDA,2003,1980907434.76826
MDA,2002,1661818168.4226
MDA,2001,1480673594.05602
MDA,2000,1288429391.79951
MCO,2023,10003897341.1766
MCO,2022,8800432773.73544
MCO,2021,8623241326.74405
MCO,2020,6730733230.81714
MCO,2019,7383494129.41175
MCO,2018,7184336760.39215
MCO,2017,6430258224.58825
MCO,2016,6471287668.59924
MCO,2015,6264753585.625
MCO,2014,7070015473.96076
MCO,2013,6555590641.56865
MCO,2012,5742748405.54688
MCO,2011,6088690667.31519
MCO,2010,5367561640.00001
MCO,2009,5474381527.61718
MCO,2008,6502945305.07812
MCO,2007,5875787545.33335
MCO,2006,4586828062.23529
MCO,2005,4204651893.54085
MCO,2004,4043553260.57916
MCO,2003,3597090047.05882
MCO,2002,2919647992.19608
MCO,2001,2673722828.62205
MCO,2000,2654462465.88236
MNG,2023,20325121393.9074
MNG,2022,17146471713.748
MNG,2021,15286441737.6686
MNG,2020,13312981429.0891
MNG,2019,14206359017.5143
MNG,2018,13178094720.4986
MNG,2017,11480847740.736
MNG,2016,11181350649.3573
MNG,2015,11619892590.6941
MNG,2014,12226514668.0622
MNG,2013,12582122604.2577
MNG,2012,12292770631.565
MNG,2011,10409797377.8571
MNG,2010,7189481998.90094
MNG,2009,4583850367.88972
MNG,2008,5623216608.04288
MNG,2007,4234999703.90059
MNG,2006,3414055661.61598
MNG,2005,2523471601.10421
MNG,2004,1992066808.09598
MNG,2003,1595297355.78349
MNG,2002,1396555719.97409
MNG,2001,1267997934.3125
MNG,2000,1136896123.61298
MNE,2023,7643318276.40347
MNE,2022,6259721790.0652
MNE,2021,5822908963.58053
MNE,2020,4734192593.29169
MNE,2019,5483622632.13097
MNE,2018,5433469310.85184
MNE,2017,4803964684.21648
MNE,2016,4357467226.269
MNE,2015,4010884106.80136
MNE,2014,4579635403.65249
MNE,2013,4422097042.14762
MNE,2012,4071828832.31109
MNE,2011,4507127584.90565
MNE,2010,4136936243.54334
MNE,2009,4159063347.27246
MNE,2008,4559410049.1032
MNE,2007,3682586459.42836
MNE,2006,2719979875.03411
MNE,2005,2258016379.81634
MNE,2004,2077046941.92317
MNE,2003,1708196980.68706
MNE,2002,1286314054.19177
MNE,2001,1159869245.92513
MNE,2000,984293043.811565
MAR,2023,146036093666.762
MAR,2022,131245312804.483
MAR,2021,142022058447.231
MAR,2020,121353645057.144
MAR,2019,128920266409.458
MAR,2018,127341147581.818
MAR,2017,118540573367.844
MAR,2016,111572947004.917
MAR,2015,110413823841.592
MAR,2014,119130841411.664
MAR,2013,115739287305.08
MAR,2012,106937392311.129
MAR,2011,110080631332.375
MAR,2010,100865329473.44
MAR,2009,101154952240.881
MAR,2008,101822906949.063
MAR,2007,86947913286.728
MAR,2006,75883823300.8545
MAR,2005,68852658068.6673
MAR,2004,66114145451.0067
MAR,2003,58029363354.2757
MAR,2002,47077192187.6418
MAR,2001,43831480207.6444
MAR,2000,43017455401.8445
MOZ,2023,20927498317.3094
MOZ,2022,18884232598.8698
MOZ,2021,16168055475.4449
MOZ,2020,14235420174.1884
MOZ,2019,15512759046.672
MOZ,2018,15017358952.8452
MOZ,2017,13264640645.7768
MOZ,2016,12069051237.1711
MOZ,2015,16208985769.615
MOZ,2014,17978246586.0662
MOZ,2013,17198073057.1981
MOZ,2012,16688114144.0745
MOZ,2011,14619279988.716
MOZ,2010,11411894723.864
MOZ,2009,12263894790.0125
MOZ,2008,12920340964.6544
MOZ,2007,10811456005.9405
MOZ,2006,9509835536.93373
MOZ,2005,8868504899.94673
MOZ,2004,7937255565.35765
MOZ,2003,6583526860.58062
MOZ,2002,5950769426.60213
MOZ,2001,5650154067.10346
MOZ,2000,5930685214.61595
MMR,2023,66757619000.0
MMR,2022,62253049891.6449
MMR,2021,66345291160.1683
MMR,2020,79006113643.1906
MMR,2019,75065106227.6892
MMR,2018,67860515989.517
MMR,2017,66053040483.0016
MMR,2016,63298361996.2153
MMR,2015,59607290407.6191
MMR,2014,65531374199.6663
MMR,2013,60269732854.827
MMR,2012,59937796648.2158
MMR,2011,59977326085.9908
MMR,2010,49540813342.4834
MMR,2009,36906181380.8127
MMR,2008,31862554101.9378
MMR,2007,20182477480.5512
MMR,2006,14502553709.8303
MMR,2005,11986972418.5103
MMR,2004,10567354056.4049
MMR,2003,10467109977.6717
MMR,2002,6777632512.0781
MMR,2001,6477790688.22844
MMR,2000,8905066163.58643
NAM,2023,12522012873.7957
NAM,2022,12569449123.3661
NAM,2021,12402486183.6396
NAM,2020,10583748541.5258
NAM,2019,12541928303.48
NAM,2018,13682019076.4022
NAM,2017,12895153370.9132
NAM,2016,10722018732.0936
NAM,2015,11335161083.5061
NAM,2014,12435430969.6301
NAM,2013,12043307277.1235
NAM,2012,13042053591.6857
NAM,2011,12523359440.5499
NAM,2010,11431412421.1316
NAM,2009,8938847189.07592
NAM,2008,8607431497.49471
NAM,2007,8839536475.99963
NAM,2006,8001779551.06323
NAM,2005,7248374837.72056
NAM,2004,6609205994.77406
NAM,2003,4926439383.51425
NAM,2002,3349169826.38896
NAM,2001,3557341215.15159
NAM,2000,3922232164.83175
NRU,2023,161531316.884061
NRU,2022,180671357.349805
NRU,2021,149268323.992868
NRU,2020,124685688.161094
NRU,2019,125160115.547819
NRU,2018,130995566.30391
NRU,2017,109355638.866955
NRU,2016,97541943.0355053
NRU,2015,84863440.5801997
NRU,2014,99149244.4001333
NRU,2013,94385014.9425842
NRU,2012,101055722.95058
NRU,2011,65071879.7787162
NRU,2010,47562844.6104251
NRU,2009,44176245.5492433
NRU,2008,37602264.7306872
NRU,2007,22766972.1889659
NRU,2006,29200359.3890386
NRU,2005,30070666.0652533
NRU,2004,30587565.7988334
NRU,2003,24778159.5806639
NRU,2002,21017423.6082043
NRU,2001,22613287.5389074
NRU,2000,26930980.3429002
NPL,2023,41049329851.0546
NPL,2022,41182939519.8161
NPL,2021,36924841394.2605
NPL,2020,33433659301.2466
NPL,2019,34186180699.0255
NPL,2018,33111525237.149
NPL,2017,28971588940.364
NPL,2016,24524109483.5293
NPL,2015,24360801286.7638
NPL,2014,22731612922.1906
NPL,2013,22162204924.5726
NPL,2012,21703100877.1309
NPL,2011,21573872420.7008
NPL,2010,16002656434.4746
NPL,2009,12854985464.0764
NPL,2008,12545438605.3959
NPL,2007,10325618017.379
NPL,2006,9043715355.8881
NPL,2005,8130258377.90964
NPL,2004,7273938314.71988
NPL,2003,6330473096.54071
NPL,2002,6050875806.66403
NPL,2001,6007055042.17687
NPL,2000,5494252207.90502
NLD,2023,1135475867551.0
NLD,2022,1046540797548.64
NLD,2021,1054472123449.6
NLD,2020,932560861701.17
NLD,2019,928903005576.469
NLD,2018,929733599796.862
NLD,2017,848233537845.884
NLD,2016,797163949289.885
NLD,2015,775743675302.734
NLD,2014,901556501756.467
NLD,2013,883951539006.669
NLD,2012,845689017065.625
NLD,2011,913140741332.687
NLD,2010,852464982433.335
NLD,2009,878954223140.234
NLD,2008,957901566041.406
NLD,2007,853499460872.552
NLD,2006,737593995289.411
NLD,2005,688133699635.797
NLD,2004,661224886143.245
NLD,2003,582435617081.96
NLD,2002,475529972122.746
NLD,2001,432536219668.898
NLD,2000,417649282153.726
NCL,2023,9769167530.35744
NCL,2022,9623318718.31459
NCL,2021,10071349663.8484
NCL,2020,9454629467.91408
NCL,2019,9475655324.59495
NCL,2018,9896402283.68587
NCL,2017,9174048681.98577
NCL,2016,8724568954.89799
NCL,2015,8738203074.3957
NCL,2014,10635035594.7528
NCL,2013,10151382933.1594
NCL,2012,9659151917.40484
NCL,2011,10351448004.7674
NCL,2010,9364350076.91225
NCL,2009,8704438102.20142
NCL,2008,9067619760.07073
NCL,2007,8819917180.34265
NCL,2006,6979155387.86792
NCL,2005,6238629487.01331
NCL,2004,5895008977.9531
NCL,2003,4915353827.10576
NCL,2002,3740056747.71979
NCL,2001,3297734891.14661
NCL,2000,3420032041.07385
NZL,2023,256372177757.764
NZL,2022,249723029451.237
NZL,2021,253732493987.834
NZL,2020,213318129988.602
NZL,2019,213088034258.42
NZL,2018,211726161989.495
NZL,2017,206561943051.354
NZL,2016,188980351890.848
NZL,2015,178147457242.978
NZL,2014,201435445068.164
NZL,2013,190943478289.796
NZL,2012,176508049114.249
NZL,2011,168458838711.118
NZL,2010,146887902524.052
NZL,2009,121663439315.385
NZL,2008,133437126590.286
NZL,2007,137188946865.584
NZL,2006,111538810712.665
NZL,2005,114720129550.095
NZL,2004,103905210084.034
NZL,2003,88250885550.2626
NZL,2002,66627729311.4495
NZL,2001,53872425916.6248
NZL,2000,52623281956.7031
NIC,2023,17805842220.7571
NIC,2022,15634573555.9049
NIC,2021,14209019392.3025
NIC,2020,12726422432.4868
NIC,2019,12699023614.245
NIC,2018,13025221974.232
NIC,2017,13785893007.4769
NIC,2016,13286093388.4752
NIC,2015,12756696261.0676
NIC,2014,11880438824.4494
NIC,2013,10982988249.2103
NIC,2012,10532017231.8253
NIC,2011,9774329332.71276
NIC,2010,8758602232.98358
NIC,2009,8298702489.0801
NIC,2008,8496967596.77008
NIC,2007,7423375014.75729
NIC,2006,6763672380.61154
NIC,2005,6321324279.14826
NIC,2004,5792932838.40051
NIC,2003,5322228350.58068
NIC,2002,5223727302.54906
NIC,2001,5351752034.2221
NIC,2000,5109587049.97449
NER,2023,16949765463.9058
NER,2022,15531799640.9005
NER,2021,14936154253.3242
NER,2020,13648332189.7307
NER,2019,12420836506.7888
NER,2018,12800907985.9863
NER,2017,11359273443.3897
NER,2016,10341025540.2322
NER,2015,9683867926.44282
NER,2014,10862943543.5419
NER,2013,10224897437.8648
NER,2012,9426912647.59111
NER,2011,8772950777.79176
NER,2010,7851192502.30917
NER,2009,7352131309.73341
NER,2008,7297600226.00536
NER,2007,5731485051.79069
NER,2006,4756361252.37923
NER,2005,4383315964.58718
NER,2004,3760443737.53797
NER,2003,3394084732.49543
NER,2002,2782192878.67204
NER,2001,2448714703.96617
NER,2000,2241753192.81158
NGA,2023,487387801877.803
NGA,2022,646950257575.455
NGA,2021,609147716965.348
NGA,2020,598586817817.392
NGA,2019,668219992686.575
NGA,2018,421739251509.08
NGA,2017,375745731053.427
NGA,2016,404649125252.16
NGA,2015,493026682800.63
NGA,2014,574183763411.508
NGA,2013,520117180313.906
NGA,2012,463971018239.281
NGA,2011,414466676831.16
NGA,2010,366990417129.04
NGA,2009,295008835380.997
NGA,2008,339476276257.793
NGA,2007,278260846800.103
NGA,2006,238454997161.48
NGA,2005,175670569969.346
NGA,2004,135764731645.611
NGA,2003,104738954264.226
NGA,2002,95054059302.6995
NGA,2001,73557840064.489
NGA,2000,69171451627.2465
MKD,2023,15855131188.9092
MKD,2022,13932436550.0883
MKD,2021,14000283827.0154
MKD,2020,12361036913.8409
MKD,2019,12606338448.547
MKD,2018,12683068114.2388
MKD,2017,11307067069.6658
MKD,2016,10672467073.2873
MKD,2015,10064519962.5655
MKD,2014,11362265252.778
MKD,2013,10817702346.0674
MKD,2012,9745261300.57788
MKD,2011,10494626767.6445
MKD,2010,9407170321.37752
MKD,2009,9401736825.42688
MKD,2008,9909552434.51136
MKD,2007,8336474973.72949
MKD,2006,6861226971.55617
MKD,2005,6258602872.67898
MKD,2004,5682784471.69722
MKD,2003,4946296599.08467
MKD,2002,4018365747.00972
MKD,2001,3709636030.66578
MKD,2000,3772859034.20508
MNP,2023,
MNP,2022,1096000000.0
MNP,2021,914000000.0
MNP,2020,866000000.0
MNP,2019,1179000000.0
MNP,2018,1301000000.0
MNP,2017,1560000000.0
MNP,2016,1230000000.0
MNP,2015,910000000.0
MNP,2014,832000000.0
MNP,2013,772000000.0
MNP,2012,746000000.0
MNP,2011,729000000.0
MNP,2010,799000000.0
MNP,2009,795000000.0
MNP,2008,939000000.0
MNP,2007,938000000.0
MNP,2006,990000000.0
MNP,2005,1061000000.0
MNP,2004,1210000000.0
MNP,2003,1239000000.0
MNP,2002,1284000000.0
MNP,2001,
MNP,2000,
NOR,2023,502197633322.816
NOR,2022,617321834098.986
NOR,2021,521592200232.829
NOR,2020,382252517921.94
NOR,2019,424244886363.636
NOR,2018,454588871810.636
NOR,2017,415673181543.421
NOR,2016,383284047619.048
NOR,2015,400669174330.888
NOR,2014,515829568897.117
NOR,2013,540132255319.149
NOR,2012,525082939406.962
NOR,2011,512868581627.712
NOR,2010,440132138425.479
NOR,2009,395664488017.429
NOR,2008,472060283687.943
NOR,2007,407813774161.08
NOR,2006,349773283644.925
NOR,2005,311417306946.061
NOR,2004,265662977688.108
NOR,2003,229192678172.933
NOR,2002,195359978957.389
NOR,2001,173590978346.698
NOR,2000,170620327660.251
OMN,2023,106174707932.38
OMN,2022,109852795838.752
OMN,2021,87323797139.1417
OMN,2020,75909492847.8544
OMN,2019,88060858257.4772
OMN,2018,91505851755.5267
OMN,2017,80856697009.1027
OMN,2016,75128738621.5865
OMN,2015,78710793237.9714
OMN,2014,92699089726.9181
OMN,2013,89936020806.2419
OMN,2012,87408842652.7958
OMN,2011,77497529258.7776
OMN,2010,64993498049.4148
OMN,2009,55454096228.8687
OMN,2008,69804681404.4213
OMN,2007,48300390117.0351
OMN,2006,42577633289.987
OMN,2005,35506892067.6203
OMN,2004,28378933680.104
OMN,2003,24733680104.0312
OMN,2002,23065539661.8986
OMN,2001,22205721716.515
OMN,2000,22259557867.3602
PAK,2023,336686348609.266
PAK,2022,374890295666.694
PAK,2021,348516647445.148
PAK,2020,300425609817.981
PAK,2019,320909472770.669
PAK,2018,356128166704.921
PAK,2017,339205534861.1
PAK,2016,313630000130.435
PAK,2015,299963590534.773
PAK,2014,271390474857.632
PAK,2013,258657231672.412
PAK,2012,250106966104.704
PAK,2011,230586581059.665
PAK,2010,196709621849.586
PAK,2009,187337783856.466
PAK,2008,202203748583.854
PAK,2007,184140869997.46
PAK,2006,161871385506.36
PAK,2005,145208562960.767
PAK,2004,132216048339.413
PAK,2003,112371913740.823
PAK,2002,97923302809.3537
PAK,2001,97145618479.9038
PAK,2000,99484802344.5277
PLW,2023,276157406.25
PLW,2022,247470812.5
PLW,2021,235935734.375
PLW,2020,258985859.375
PLW,2019,281954000.0
PLW,2018,288228343.75
PLW,2017,289983656.25
PLW,2016,303326125.0
PLW,2015,283224750.0
PLW,2014,245436546.875
PLW,2013,226257828.125
PLW,2012,214928296.875
PLW,2011,195163578.125
PLW,2010,184292328.125
PLW,2009,184049765.625
PLW,2008,199046109.375
PLW,2007,196012718.75
PLW,2006,190777421.875
PLW,2005,185658171.875
PLW,2004,166363734.375
PLW,2003,154566781.25
PLW,2002,162658718.75
PLW,2001,159446234.375
PLW,2000,149551484.375
PAN,2023,83812155200.0
PAN,2022,76479304500.0
PAN,2021,67396392500.0
PAN,2020,57059846500.0
PAN,2019,69778991200.0
PAN,2018,67316471200.0
PAN,2017,64327688800.0
PAN,2016,59760858700.0
PAN,2015,55767806100.0
PAN,2014,51427104900.0
PAN,2013,46949496500.0
PAN,2012,41595439700.0
PAN,2011,35687738300.0
PAN,2010,30231009500.0
PAN,2009,27791215500.0
PAN,2008,25721328000.0
PAN,2007,21717433800.0
PAN,2006,18659721500.0
PAN,2005,16623906700.0
PAN,2004,15100203400.0
PAN,2003,13603456000.0
PAN,2002,12800851300.0
PAN,2001,12252906300.0
PAN,2000,11966497000.0
PNG,2023,30816328065.6492
PNG,2022,31653230962.4549
PNG,2021,26113409477.7318
PNG,2020,23848447849.6081
PNG,2019,24750626029.8777
PNG,2018,24109780708.0268
PNG,2017,22742699138.356
PNG,2016,20758876952.6232
PNG,2015,21723437010.0982
PNG,2014,23210823987.308
PNG,2013,21261338064.8783
PNG,2012,21295168665.7247
PNG,2011,17985138065.8549
PNG,2010,14250786674.7766
PNG,2009,11619456449.266
PNG,2008,11670892800.5309
PNG,2007,9545028944.34579
PNG,2006,8354911040.70193
PNG,2005,4865892972.27595
PNG,2004,3927157866.96465
PNG,2003,3536411824.2958
PNG,2002,2999511040.19764
PNG,2001,3081024212.42924
PNG,2000,3521339699.07407
PRY,2023,43140465595.6662
PRY,2022,41841201626.7253
PRY,2021,39937357255.8716
PRY,2020,35432178068.1814
PRY,2019,37925338329.1494
PRY,2018,40225448340.6322
PRY,2017,38997129473.5558
PRY,2016,36089700222.9461
PRY,2015,36211447840.0971
PRY,2014,40377929295.6419
PRY,2013,38501122141.4241
PRY,2012,33271921136.315
PRY,2011,33756238766.5
PRY,2010,27260886405.2263
PRY,2009,22355151161.994
PRY,2008,24615267663.5456
PRY,2007,17856393235.4338
PRY,2006,13429430050.261
PRY,2005,10737500188.1123
PRY,2004,9624440836.29309
PRY,2003,7691367471.17992
PRY,2002,7196260656.84556
PRY,2001,8495806432.18467
PRY,2000,8855705139.55857
PER,2023,268025009709.319
PER,2022,246169867862.821
PER,2021,226406075008.878
PER,2020,201409694755.934
PER,2019,228346006003.648
PER,2018,222597009739.235
PER,2017,211007984080.911
PER,2016,191898104390.379
PER,2015,189802976285.619
PER,2014,200786250582.943
PER,2013,201175543571.392
PER,2012,192650021648.583
PER,2011,171761737046.585
PER,2010,147527631520.729
PER,2009,120822986521.479
PER,2008,120550599815.441
PER,2007,102170981144.136
PER,2006,88643193061.748
PER,2005,76060606060.6061
PER,2004,66768703497.5687
PER,2003,58731030121.8671
PER,2002,54777553515.0809
PER,2001,52030158775.4055
PER,2000,51744749133.213
PHL,2023,437055627245.138
PHL,2022,404353369604.631
PHL,2021,394087359848.11
PHL,2020,361751145451.597
PHL,2019,376823402239.136
PHL,2018,346841896587.313
PHL,2017,328480736802.76
PHL,2016,318627003016.731
PHL,2015,306445871242.322
PHL,2014,297483555338.044
PHL,2013,283902828588.718
PHL,2012,261920540962.63
PHL,2011,234216730291.32
PHL,2010,208368893151.144
PHL,2009,175974755881.372
PHL,2008,181624626327.361
PHL,2007,155980408673.403
PHL,2006,127652926368.069
PHL,2005,107419977318.166
PHL,2004,95001999685.3314
PHL,2003,87039092974.2272
PHL,2002,84307345887.543
PHL,2001,78921234457.5487
PHL,2000,83669788376.9213
POL,2023,812451193396.143
POL,2022,695607470875.276
POL,2021,689170230665.35
POL,2020,605914237903.742
POL,2019,602683770144.88
POL,2018,594616632477.019
POL,2017,528356723263.073
POL,2016,473259623976.262
POL,2015,480054118583.367
POL,2014,542134167178.627
POL,2013,518179836405.36
POL,2012,498148649702.66
POL,2011,527848543023.469
POL,2010,478111630683.514
POL,2009,440891472247.096
POL,2008,535612030671.888
POL,2007,429715132137.503
POL,2006,345897630736.173
POL,2005,306999913150.525
POL,2004,256268656145.134
POL,2003,218561225998.47
POL,2002,199694463255.567
POL,2001,191823200371.284
POL,2000,172953527033.013
PRT,2023,292323800948.839
PRT,2022,256898677175.024
PRT,2021,256055879091.139
PRT,2020,229618773422.577
PRT,2019,240115970063.019
PRT,2018,242092894542.888
PRT,2017,220862990767.229
PRT,2016,206305431241.638
PRT,2015,199038523119.639
PRT,2014,230078616299.675
PRT,2013,226677408291.745
PRT,2012,216536676771.973
PRT,2011,245426767676.002
PRT,2010,238443864993.217
PRT,2009,244667762835.543
PRT,2008,263416394624.084
PRT,2007,240496147317.381
PRT,2006,208756449275.848
PRT,2005,197253876704.921
PRT,2004,189382122532.169
PRT,2003,165226175536.793
PRT,2002,134795565549.419
PRT,2001,121604107164.997
PRT,2000,118605192877.388
PRI,2023,118478754280.882
PRI,2022,113843700000.0
PRI,2021,106426600000.0
PRI,2020,103130900000.0
PRI,2019,105126400000.0
PRI,2018,100958100000.0
PRI,2017,103445500000.0
PRI,2016,104336700000.0
PRI,2015,103375500000.0
PRI,2014,102445800000.0
PRI,2013,102450000000.0
PRI,2012,101564800000.0
PRI,2011,100351700000.0
PRI,2010,98381300000.0
PRI,2009,96385600000.0
PRI,2008,93639300000.0
PRI,2007,89524131600.0
PRI,2006,87276164400.0
PRI,2005,83914521300.0
PRI,2004,80322313000.0
PRI,2003,74827400000.0
PRI,2002,71623500000.0
PRI,2001,69208400000.0
PRI,2000,61701800000.0
QAT,2023,213002809340.659
QAT,2022,235709325714.286
QAT,2021,179732009560.44
QAT,2020,144411363351.648
QAT,2019,176371267692.308
QAT,2018,183334953818.681
QAT,2017,161099122225.275
QAT,2016,151732181868.132
QAT,2015,161739955576.923
QAT,2014,206224598571.429
QAT,2013,198727642967.033
QAT,2012,186833502362.637
QAT,2011,167775274725.275
QAT,2010,125122252747.253
QAT,2009,97798351648.3516
QAT,2008,115269780219.78
QAT,2007,79711813186.8132
QAT,2006,60882142857.1429
QAT,2005,44530494505.4945
QAT,2004,31734065934.0659
QAT,2003,23533791208.7912
QAT,2002,19363736263.7363
QAT,2001,17538461538.4615
QAT,2000,17759890109.8901
ROU,2023,347757995758.914
ROU,2022,295317862855.924
ROU,2021,285072444957.216
ROU,2020,250624575871.819
ROU,2019,250080428511.595
ROU,2018,241791427223.903
ROU,2017,210147385855.419
ROU,2016,185290759248.844
ROU,2015,177885131240.315
ROU,2014,199722319675.741
ROU,2013,189798603751.235
ROU,2012,179117323107.087
ROU,2011,192623977894.173
ROU,2010,170064350671.827
ROU,2009,174110532658.867
ROU,2008,214315932061.275
ROU,2007,174588782938.583
ROU,2006,122023735992.706
ROU,2005,98454380120.0761
ROU,2004,74973656851.8076
ROU,2003,57806384143.166
ROU,2002,46065502702.5817
ROU,2001,40395116581.4832
ROU,2000,37253739511.1273
RUS,2023,2046284838151.09
RUS,2022,2292495097681.47
RUS,2021,1829186719575.1
RUS,2020,1493075894362.14
RUS,2019,1693115002708.32
RUS,2018,1657328773461.31
RUS,2017,1574199360089.0
RUS,2016,1276786350881.14
RUS,2015,1363482182197.71
RUS,2014,2059241589895.01
RUS,2013,2292470078346.22
RUS,2012,2208293553878.42
RUS,2011,2045922753398.04
RUS,2010,1524916715223.95
RUS,2009,1222645900055.7
RUS,2008,1660848058303.11
RUS,2007,1299703478481.65
RUS,2006,989932071352.543
RUS,2005,764015973481.11
RUS,2004,591016690732.385
RUS,2003,430347420184.885
RUS,2002,345470494417.863
RUS,2001,306602070620.5
RUS,2000,259710142196.943
RWA,2023,14806501437.282
RWA,2022,13747404814.2677
RWA,2021,11252894909.5043
RWA,2020,10487146253.4025
RWA,2019,10519272170.3346
RWA,2018,9650161136.17648
RWA,2017,9164345443.2575
RWA,2016,8596812240.52305
RWA,2015,8447064078.84373
RWA,2014,8129984483.78727
RWA,2013,7714276919.73722
RWA,2012,7556673275.95438
RWA,2011,6802676033.65947
RWA,2010,6052276077.6354
RWA,2009,5603399014.71331
RWA,2008,5120655375.24365
RWA,2007,4017977506.55904
RWA,2006,3274207945.36553
RWA,2005,2933819766.17656
RWA,2004,2376496067.01198
RWA,2003,2138237278.73822
RWA,2002,1966003468.49117
RWA,2001,1966600715.49841
RWA,2000,2068836754.37431
WSM,2023,1044909500.02527
WSM,2022,889554711.842341
WSM,2021,859724936.05765
WSM,2020,868884902.953089
WSM,2019,912950466.064906
WSM,2018,878448433.404342
WSM,2017,884844384.463214
WSM,2016,843924796.697421
WSM,2015,824150498.653536
WSM,2014,796683519.593842
WSM,2013,797736334.281305
WSM,2012,773141661.165548
WSM,2011,744097050.169115
WSM,2010,680260907.153983
WSM,2009,628006115.424052
WSM,2008,641346191.664776
WSM,2007,573548459.833372
WSM,2006,499923757.780736
WSM,2005,476801793.159429
WSM,2004,407747565.096959
WSM,2003,333426188.41876
WSM,2002,281790134.211972
WSM,2001,266299591.479428
WSM,2000,258856139.798489
SMR,2023,2027243193.5116
SMR,2022,1831701022.87082
SMR,2021,1855395712.2147
SMR,2020,1544713784.67674
SMR,2019,1616231696.04862
SMR,2018,1655354328.79184
SMR,2017,1528621192.886
SMR,2016,1468342400.08249
SMR,2015,1419400395.73301
SMR,2014,1673910988.23529
SMR,2013,1678741201.56863
SMR,2012,1604701051.17188
SMR,2011,1813717694.55253
SMR,2010,1881191950.0
SMR,2009,2064277984.375
SMR,2008,2403214435.9375
SMR,2007,2188653428.62746
SMR,2006,1909765810.58823
SMR,2005,1786513631.1284
SMR,2004,1715341294.5946
SMR,2003,1462590387.05882
SMR,2002,1148872076.47059
SMR,2001,1059529731.10236
SMR,2000,1007661290.98039
STP,2023,690456806.696406
STP,2022,540809499.189348
STP,2021,524402455.54816
STP,2020,471229484.607144
STP,2019,412976082.620705
STP,2018,383717327.830508
STP,2017,322002845.229335
STP,2016,292267272.196925
STP,2015,259999643.047388
STP,2014,293119143.246825
STP,2013,267041747.584354
STP,2012,229371348.441006
STP,2011,226455001.243083
STP,2010,190021192.489536
STP,2009,200668065.03175
STP,2008,188021165.00338
STP,2007,149146918.888611
STP,2006,142775104.081626
STP,2005,136450662.390592
STP,2004,114582283.916382
STP,2003,102085769.123419
STP,2002,85171073.8777498
STP,2001,75951133.3777948
STP,2000,76198394.8202671
SAU,2023,1218584800000.0
SAU,2022,1239075200000.0
SAU,2021,982661066666.667
SAU,2020,767951200000.0
SAU,2019,888890133333.333
SAU,2018,886564800000.0
SAU,2017,741266133333.333
SAU,2016,689279466666.667
SAU,2015,693414400000.0
SAU,2014,787153066666.667
SAU,2013,769755733333.333
SAU,2012,751921333333.333
SAU,2011,680660800000.0
SAU,2010,528207466666.667
SAU,2009,429097866666.667
SAU,2008,519796800000.0
SAU,2007,415964509673.115
SAU,2006,376900133511.348
SAU,2005,328459608764.111
SAU,2004,258742133333.333
SAU,2003,215807733333.333
SAU,2002,189605866666.667
SAU,2001,184137600000.0
SAU,2000,189514933333.333
SEN,2023,30696331295.7826
SEN,2022,27783332222.6759
SEN,2021,27520784129.7508
SEN,2020,24530513037.7518
SEN,2019,23403995992.1354
SEN,2018,23116701556.1381
SEN,2017,20965069572.7168
SEN,2016,19040312333.1864
SEN,2015,17774766696.1759
SEN,2014,19797253440.2679
SEN,2013,18918667724.8817
SEN,2012,17660870411.5235
SEN,2011,17814283639.3119
SEN,2010,16121315909.0758
SEN,2009,16145867494.9405
SEN,2008,16853989627.548
SEN,2007,13994218412.9619
SEN,2006,11697918243.0035
SEN,2005,11009033437.939
SEN,2004,10076816666.6196
SEN,2003,8768721563.18211
SEN,2002,7006402319.75856
SEN,2001,6507824829.26254
SEN,2000,6013185003.97525
SRB,2023,81343999280.0179
SRB,2022,66809895701.2152
SRB,2021,66159884072.5308
SRB,2020,55874017668.998
SRB,2019,53864693664.5568
SRB,2018,52787520248.9242
SRB,2017,45972834713.8077
SRB,2016,42225495909.5633
SRB,2015,41297410634.9586
SRB,2014,49114321280.3466
SRB,2013,50455529604.0696
SRB,2012,45103269969.4112
SRB,2011,51251098408.0924
SRB,2010,43536629233.1424
SRB,2009,46955984409.7271
SRB,2008,54220641201.6474
SRB,2007,44888028946.0854
SRB,2006,33298057361.7412
SRB,2005,28334256180.8801
SRB,2004,26845632341.8075
SRB,2003,23593044417.5086
SRB,2002,17930583571.3055
SRB,2001,13599378661.9952
SRB,2000,7326373882.11044
SYC,2023,2171547935.38159
SYC,2022,1999888599.25474
SYC,2021,1487173794.80528
SYC,2020,1382551751.56908
SYC,2019,1868690096.73454
SYC,2018,1784313926.76807
SYC,2017,1675370641.01416
SYC,2016,1568513348.14463
SYC,2015,1432403352.12944
SYC,2014,1387577870.08161
SYC,2013,1333160407.38516
SYC,2012,1089407839.19709
SYC,2011,1058918707.26124
SYC,2010,981616542.328454
SYC,2009,850901620.433301
SYC,2008,979597394.293453
SYC,2007,1077308813.82945
SYC,2006,1081441283.31798
SYC,2005,977899381.818182
SYC,2004,893012218.181818
SYC,2003,750847230.099263
SYC,2002,742134837.50919
SYC,2001,662064155.920692
SYC,2000,654212394.27164
SLE,2023,6415852766.09227
SLE,2022,7121125277.18159
SLE,2021,7166931483.2953
SLE,2020,6688307705.64217
SLE,2019,6523577590.38319
SLE,2018,6390514688.52816
SLE,2017,5749846528.48046
SLE,2016,6084297211.10217
SLE,2015,6788352974.78329
SLE,2014,7686138790.90872
SLE,2013,7502762862.72657
SLE,2012,6141666509.36295
SLE,2011,4861632884.67985
SLE,2010,4262805966.78755
SLE,2009,3953403098.37107
SLE,2008,4157895298.19572
SLE,2007,3632957611.35152
SLE,2006,3263697466.73514
SLE,2005,2545275312.60512
SLE,2004,2237350687.46606
SLE,2003,2142618045.93129
SLE,2002,1933863910.73227
SLE,2001,1681473893.76655
SLE,2000,635866403.776065
SGP,2023,511181761243.76
SGP,2022,514252535238.749
SGP,2021,441110903524.645
SGP,2020,351226533656.292
SGP,2019,376827390962.044
SGP,2018,377976367877.038
SGP,2017,344795119213.571
SGP,2016,320759207438.623
SGP,2015,307998545269.398
SGP,2014,314863580758.455
SGP,2013,307576360584.992
SGP,2012,295092888076.589
SGP,2011,279356499090.458
SGP,2010,239807980591.24
SGP,2009,194150283771.566
SGP,2008,193617323539.203
SGP,2007,180941701357.97
SGP,2006,148627286361.351
SGP,2005,127807848728.398
SGP,2004,115033593101.049
SGP,2003,97646401095.6369
SGP,2002,92538372869.6942
SGP,2001,89793790669.6515
SGP,2000,96076539925.7409
SXM,2023,1686525977.65363
SXM,2022,1592564636.87151
SXM,2021,1353071061.45251
SXM,2020,1236428100.55866
SXM,2019,1407880446.92737
SXM,2018,1259200446.92737
SXM,2017,1353212122.90503
SXM,2016,1427017206.70391
SXM,2015,1417888715.0838
SXM,2014,1361811508.37989
SXM,2013,1022905027.93296
SXM,2012,985865921.787709
SXM,2011,936089385.47486
SXM,2010,892290502.793296
SXM,2009,854972067.039106
SXM,2008,
SXM,2007,
SXM,2006,
SXM,2005,
SXM,2004,
SXM,2003,
SXM,2002,
SXM,2001,
SXM,2000,
SVK,2023,133578518423.544
SVK,2022,115792972358.209
SVK,2021,120511265913.343
SVK,2020,107732602896.441
SVK,2019,105843498304.094
SVK,2018,106611673364.837
SVK,2017,95978130734.9766
SVK,2016,90347173228.6356
SVK,2015,89178548717.3324
SVK,2014,101713075598.862
SVK,2013,99134277850.3418
SVK,2012,94724394278.052
SVK,2011,99705104723.4341
SVK,2010,91112160800.7668
SVK,2009,89342984697.5246
SVK,2008,96685492864.2317
SVK,2007,77019443089.3052
SVK,2006,57111148619.2975
SVK,2005,48823790951.4538
SVK,2004,42960730480.0495
SVK,2003,33761723945.8299
SVK,2002,24768142566.4057
SVK,2001,21377597034.604
SVK,2000,20626538612.3376
SVN,2023,69255264238.3855
SVN,2022,59899117741.0022
SVN,2021,61540813361.8556
SVN,2020,53384760135.1581
SVN,2019,53909922735.545
SVN,2018,53689067639.9176
SVN,2017,48153200134.6613
SVN,2016,44290685824.0682
SVN,2015,42709468274.8137
SVN,2014,49514466379.6057
SVN,2013,47867056858.8892
SVN,2012,46167053954.3367
SVN,2011,51199194599.3094
SVN,2010,47793117240.9001
SVN,2009,49975540954.8465
SVN,2008,55509332322.3578
SVN,2007,47880266542.577
SVN,2006,39260368837.0342
SVN,2005,35947936823.7781
SVN,2004,34156553313.4031
SVN,2003,29360575031.8177
SVN,2002,23214593516.2095
SVN,2001,20668868706.8115
SVN,2000,20159190701.6789
SLB,2023,1506124566.40404
SLB,2022,1466670929.62333
SLB,2021,1558312103.84225
SLB,2020,1536143427.82958
SLB,2019,1619150563.92084
SLB,2018,1615473250.25259
SLB,2017,1469790526.3972
SLB,2016,1379486290.71433
SLB,2015,1307908813.59962
SLB,2014,1335576762.84974
SLB,2013,1285905957.64116
SLB,2012,1185217634.37393
SLB,2011,1063898226.71892
SLB,2010,898128551.289162
SLB,2009,805557289.459198
SLB,2008,776335523.470373
SLB,2007,695291217.982227
SLB,2006,617257457.758489
SLB,2005,552881356.697517
SLB,2004,468000121.313434
SLB,2003,417666638.600021
SLB,2002,346406738.885237
SLB,2001,409508552.979972
SLB,2000,419842674.227652
SOM,2023,10958000000.0
SOM,2022,10203000000.0
SOM,2021,9483000000.0
SOM,2020,8628000000.0
SOM,2019,8656000000.0
SOM,2018,7873000000.0
SOM,2017,7621501710.0012
SOM,2016,6613743069.99912
SOM,2015,6152149099.99942
SOM,2014,5728399719.99958
SOM,2013,5062881600.00104
SOM,2012,4364670159.99578
SOM,2011,2906000096.93249
SOM,2010,2687807003.73935
SOM,2009,2948594552.44952
SOM,2008,5913620292.90573
SOM,2007,5430713728.89074
SOM,2006,5026743282.04251
SOM,2005,4683246454.10048
SOM,2004,3859592813.10255
SOM,2003,2836724351.5616
SOM,2002,2192684134.59273
SOM,2001,2252847464.68608
SOM,2000,3412797450.20112
ZAF,2023,381440724491.232
ZAF,2022,407596043067.885
ZAF,2021,419986284375.368
ZAF,2020,337974655408.055
ZAF,2019,389330032224.269
ZAF,2018,405260723892.517
ZAF,2017,381448814653.456
ZAF,2016,323585509674.481
ZAF,2015,346709790458.563
ZAF,2014,381198869776.106
ZAF,2013,400886013595.573
ZAF,2012,434400545085.811
ZAF,2011,458199494830.834
ZAF,2010,417363822801.713
ZAF,2009,329754060647.129
ZAF,2008,316131258616.309
ZAF,2007,333077117253.684
ZAF,2006,303858675363.643
ZAF,2005,288867217196.534
ZAF,2004,255806908594.573
ZAF,2003,197018965308.697
ZAF,2002,129087556612.449
ZAF,2001,135429905922.526
ZAF,2000,151752757215.309
SSD,2023,
SSD,2022,
SSD,2021,
SSD,2020,
SSD,2019,
SSD,2018,
SSD,2017,
SSD,2016,
SSD,2015,11997800760.2242
SSD,2014,13962212847.4576
SSD,2013,18426469016.9492
SSD,2012,11931472169.4915
SSD,2011,14907308932.7534
SSD,2010,14602072410.9506
SSD,2009,12231264525.0671
SSD,2008,14586253383.0632
SSD,2007,
SSD,2006,
SSD,2005,
SSD,2004,
SSD,2003,
SSD,2002,
SSD,2001,
SSD,2000,
ESP,2023,1619481980719.64
ESP,2022,1448850658406.62
ESP,2021,1461244901852.69
ESP,2020,1289783836971.21
ESP,2019,1403496387686.27
ESP,2018,1431642809327.06
ESP,2017,1321754088818.83
ESP,2016,1243015667917.12
ESP,2015,1206164777553.12
ESP,2014,1380244561361.96
ESP,2013,1362186923157.65
ESP,2012,1330994811670.31
ESP,2011,1487568659241.25
ESP,2010,1427989078916.67
ESP,2009,1496587590847.66
ESP,2008,1636115447612.5
ESP,2007,1476746276854.51
ESP,2006,1261846683275.29
ESP,2005,1154667551775.88
ESP,2004,1069829382514.67
ESP,2003,907963217057.645
ESP,2002,708938227243.923
ESP,2001,627798682378.741
ESP,2000,598102854756.08
LKA,2023,84080307355.5983
LKA,2022,74143020303.663
LKA,2021,88556699052.2008
LKA,2020,84335574372.2997
LKA,2019,88998706177.9986
LKA,2018,94450015982.806
LKA,2017,94369350439.4732
LKA,2016,88000210878.1236
LKA,2015,85090300895.6546
LKA,2014,82531125461.843
LKA,2013,76976204074.978
LKA,2012,70447216891.3366
LKA,2011,67753285882.299
LKA,2010,58636049581.1712
LKA,2009,42066224093.0065
LKA,2008,40713826215.0093
LKA,2007,32350238760.4239
LKA,2006,28267410542.5164
LKA,2005,24405791044.7761
LKA,2004,20662525941.2985
LKA,2003,18881765437.2151
LKA,2002,16536535647.0834
LKA,2001,15749753804.8344
LKA,2000,16595882818.6857
KNA,2023,1055651851.85185
KNA,2022,981429629.62963
KNA,2021,858622222.222222
KNA,2020,883922222.222222
KNA,2019,1107855555.55556
KNA,2018,1076548148.14815
KNA,2017,1056977777.77778
KNA,2016,1006818518.51852
KNA,2015,957222222.222222
KNA,2014,952111111.111111
KNA,2013,874548148.148148
KNA,2012,824585185.185185
KNA,2011,836092592.592593
KNA,2010,778718518.518518
KNA,2009,774274074.074074
KNA,2008,777692592.592593
KNA,2007,689285185.185185
KNA,2006,644414814.814815
KNA,2005,547203703.703704
KNA,2004,506900000.0
KNA,2003,469869869.86987
KNA,2002,481077373.669966
KNA,2001,458643829.014199
KNA,2000,421695769.843918
LCA,2023,2441259259.25926
LCA,2022,2319888888.88889
LCA,2021,1871111111.11111
LCA,2020,1521740740.74074
LCA,2019,2090074074.07407
LCA,2018,2060955555.55556
LCA,2017,1998503703.7037
LCA,2016,1868544444.44444
LCA,2015,1807640740.74074
LCA,2014,1749185185.18518
LCA,2013,1660392592.59259
LCA,2012,1598207407.40741
LCA,2011,1568370370.37037
LCA,2010,1482385185.18519
LCA,2009,1401507888.88889
LCA,2008,1437731111.11111
LCA,2007,1336088814.81481
LCA,2006,1268319185.18519
LCA,2005,1135555555.55556
LCA,2004,1066666666.66667
LCA,2003,987407407.407407
LCA,2002,900000000.0
LCA,2001,892592592.592592
LCA,2000,932592592.592592
MAF,2023,
MAF,2022,
MAF,2021,649206262.847519
MAF,2020,
MAF,2019,652206037.103874
MAF,2018,
MAF,2017,
MAF,2016,
MAF,2015,
MAF,2014,772921958.529509
MAF,2013,
MAF,2012,
MAF,2011,775875748.523832
MAF,2010,
MAF,2009,
MAF,2008,
MAF,2007,
MAF,2006,
MAF,2005,
MAF,2004,
MAF,2003,
MAF,2002,
MAF,2001,
MAF,2000,
VCT,2023,1072237037.03704
VCT,2022,989188888.888889
VCT,2021,888677777.777778
VCT,2020,864566666.666667
VCT,2019,910481481.481481
VCT,2018,884329629.62963
VCT,2017,844040740.740741
VCT,2016,814303703.703704
VCT,2015,786555555.555555
VCT,2014,770900000.0
VCT,2013,764781259.259259
VCT,2012,730032592.592593
VCT,2011,713796370.37037
VCT,2010,720447888.888889
VCT,2009,714300259.259259
VCT,2008,732663259.259259
VCT,2007,713596666.666667
VCT,2006,643501148.148148
VCT,2005,579948925.925926
VCT,2004,549900185.185185
VCT,2003,509090888.888889
VCT,2002,487763851.851852
VCT,2001,462072333.333333
VCT,2000,427946037.037037
SDN,2023,39898289820.7951
SDN,2022,51666875363.0963
SDN,2021,34229513774.9936
SDN,2020,27034593750.0
SDN,2019,32338079165.2893
SDN,2018,32333780383.2924
SDN,2017,41283617976.1905
SDN,2016,42630376000.0
SDN,2015,51726758676.7677
SDN,2014,49516748617.9775
SDN,2013,43024018082.1918
SDN,2012,37632919966.6667
SDN,2011,55018567210.5263
SDN,2010,58962978034.4828
SDN,2009,51621044076.9231
SDN,2008,64833083257.1431
SDN,2007,59440139774.8128
SDN,2006,45263831634.1497
SDN,2005,35182711987.974
SDN,2004,26646007250.7319
SDN,2003,21355298459.5955
SDN,2002,18137128388.3606
SDN,2001,15716361792.1926
SDN,2000,12257299147.2936
SUR,2023,3472693412.08497
SUR,2022,3791603200.0259
SUR,2021,3107923197.96954
SUR,2020,2911807496.20227
SUR,2019,4016040575.08796
SUR,2018,3996198866.57453
SUR,2017,3591679430.99988
SUR,2016,3317421648.09918
SUR,2015,5126237646.22072
SUR,2014,5240606060.60606
SUR,2013,5145757575.75758
SUR,2012,4980000000.0
SUR,2011,4422276621.78703
SUR,2010,4368370997.92126
SUR,2009,3875409836.06557
SUR,2008,3532969034.60838
SUR,2007,2936612021.85792
SUR,2006,2626380435.17877
SUR,2005,1793410397.38738
SUR,2004,1484092538.40527
SUR,2003,1274190311.41869
SUR,2002,1093574468.08511
SUR,2001,834279357.798165
SUR,2000,947671969.69697
SWE,2023,578990915246.07
SWE,2022,575071237640.921
SWE,2021,631693331300.776
SWE,2020,544265668451.678
SWE,2019,530894124494.418
SWE,2018,549649344043.182
SWE,2017,535172356784.769
SWE,2016,513058312950.939
SWE,2015,501602351911.6
SWE,2014,577727767303.596
SWE,2013,584125353119.18
SWE,2012,549739674655.127
SWE,2011,570538581144.45
SWE,2010,492750897239.447
SWE,2009,434311714442.499
SWE,2008,514614100832.941
SWE,2007,490047789548.441
SWE,2006,422528394459.353
SWE,2005,391688455928.597
SWE,2004,384545442175.019
SWE,2003,334072443515.576
SWE,2002,267371907446.776
SWE,2001,242497797484.776
SWE,2000,262903560280.282
CHE,2023,928435275851.707
CHE,2022,858479038993.75
CHE,2021,840710023481.35
CHE,2020,756096180222.082
CHE,2019,736384764156.877
CHE,2018,740766531453.991
CHE,2017,706660443624.485
CHE,2016,698607778794.566
CHE,2015,706199008878.656
CHE,2014,741168119616.628
CHE,2013,718748402259.576
CHE,2012,697882536676.898
CHE,2011,727231637101.778
CHE,2010,609999593541.9
CHE,2009,563659557945.042
CHE,2008,574703945157.419
CHE,2007,498993845384.872
CHE,2006,448364681767.427
CHE,2005,424511048024.414
CHE,2004,409012909529.554
CHE,2003,366563952624.935
CHE,2002,313930961760.554
CHE,2001,290160142213.795
CHE,2000,282327351965.893
SYR,2023,
SYR,2022,23737634644.3994
SYR,2021,14892885528.1402
SYR,2020,12501503673.2425
SYR,2019,22583046644.6891
SYR,2018,21497779247.9835
SYR,2017,16369842725.4718
SYR,2016,12597854088.3602
SYR,2015,16466861435.0236
SYR,2014,21502061466.067
SYR,2013,21361254634.9336
SYR,2012,43190318032.5627
SYR,2011,67539433544.3077
SYR,2010,61390833272.6687
SYR,2009,54111721043.8087
SYR,2008,52557913397.4638
SYR,2007,40465331020.308
SYR,2006,33751812958.6391
SYR,2005,28858937499.1801
SYR,2004,25086910447.9968
SYR,2003,21828144686.0394
SYR,2002,20786986579.9105
SYR,2001,20078599626.0129
SYR,2000,18937031609.7969
TJK,2023,12244169292.7998
TJK,2022,10713525200.3998
TJK,2021,8937805347.13963
TJK,2020,8133963550.65742
TJK,2019,8300813599.3084
TJK,2018,7764999999.45362
TJK,2017,7536402852.85802
TJK,2016,6992416096.89018
TJK,2015,8271431485.07484
TJK,2014,9112605459.32845
TJK,2013,8448411318.25417
TJK,2012,7633036903.07634
TJK,2011,6522756255.012
TJK,2010,5642221099.17704
TJK,2009,4979472364.4534
TJK,2008,5161299725.27673
TJK,2007,3719524540.86193
TJK,2006,2830213848.6203
TJK,2005,2312352020.6689
TJK,2004,2076176869.41089
TJK,2003,1555318261.4172
TJK,2002,1221106220.2868
TJK,2001,1080772551.29433
TJK,2000,860541842.263697
TZA,2023,79030935638.1317
TZA,2022,75749121846.9703
TZA,2021,70655628147.8986
TZA,2020,66068737786.0639
TZA,2019,61026731925.9213
TZA,2018,57003712892.0858
TZA,2017,53274884532.7886
TZA,2016,49774409374.4538
TZA,2015,47413919817.124
TZA,2014,49986726460.6805
TZA,2013,45648857242.315
TZA,2012,39650394362.9287
TZA,2011,34657140096.4836
TZA,2010,32012892919.37
TZA,2009,29400573553.6075
TZA,2008,27947821397.9272
TZA,2007,21860434823.4808
TZA,2006,18619859795.2852
TZA,2005,18395383647.4975
TZA,2004,16673062473.3981
TZA,2003,15211487708.7684
TZA,2002,14129651895.6911
TZA,2001,13563990022.3641
TZA,2000,13371767081.7428
THA,2023,517013369475.121
THA,2022,495691837308.033
THA,2021,506049783824.94
THA,2020,500274927778.532
THA,2019,543976691793.886
THA,2018,506754208404.485
THA,2017,456356813536.764
THA,2016,413366349747.508
THA,2015,401296238228.084
THA,2014,407339040197.651
THA,2013,420333654592.547
THA,2012,397558325278.579
THA,2011,370818739623.622
THA,2010,341104766329.17
THA,2009,281710630187.319
THA,2008,291382982430.951
THA,2007,262942621455.053
THA,2006,221758296021.621
THA,2005,189318408468.595
THA,2004,172895685154.658
THA,2003,152280615245.887
THA,2002,134300904400.022
THA,2001,120296476180.402
THA,2000,126392224253.794
TLS,2023,2079767200.0
TLS,2022,3208599900.0
TLS,2021,3625024300.0
TLS,2020,2162619200.0
TLS,2019,2032550400.0
TLS,2018,1555988600.0
TLS,2017,1584878400.0
TLS,2016,1640464600.0
TLS,2015,1590282400.0
TLS,2014,1447535200.0
TLS,2013,1395727400.0
TLS,2012,1160555000.0
TLS,2011,1042534600.0
TLS,2010,881909300.0
TLS,2009,726937800.0
TLS,2008,648523600.0
TLS,2007,542795400.0
TLS,2006,453792400.0
TLS,2005,462268000.0
TLS,2004,440772000.0
TLS,2003,490439100.0
TLS,2002,469455500.0
TLS,2001,477359300.0
TLS,2000,366924300.0
TGO,2023,9723300576.72675
TGO,2022,8646453099.4124
TGO,2021,8541668141.26198
TGO,2020,7486031561.86885
TGO,2019,6992942458.99419
TGO,2018,7029215766.46367
TGO,2017,6387424239.8801
TGO,2016,6071167584.1951
TGO,2015,5755457836.01866
TGO,2014,6393314707.85456
TGO,2013,6021729629.82454
TGO,2012,5413541649.14901
TGO,2011,5422439152.10906
TGO,2010,4746386893.22553
TGO,2009,4721888275.26937
TGO,2008,4578847112.70688
TGO,2007,3759962853.26476
TGO,2006,3320907721.74508
TGO,2005,3221910408.46516
TGO,2004,3191561508.69088
TGO,2003,2987984050.99318
TGO,2002,2410199032.43102
TGO,2001,2093498674.49678
TGO,2000,2106848752.27753
TON,2023,591139733.623755
TON,2022,556514556.392844
TON,2021,519306339.3498
TON,2020,506571486.576395
TON,2019,506031247.606648
TON,2018,493530766.930564
TON,2017,459976847.108128
TON,2016,420828254.541601
TON,2015,437525538.903019
TON,2014,440997734.928723
TON,2013,451788498.263614
TON,2012,471122971.305043
TON,2011,414143828.494419
TON,2010,366887374.989696
TON,2009,312415028.446113
TON,2008,344438844.333518
TON,2007,298519623.342085
TON,2006,292232703.306768
TON,2005,261823805.433238
TON,2004,230678011.42199
TON,2003,202246591.215502
TON,2002,182764280.828501
TON,2001,181117230.406546
TON,2000,204848487.806485
TTO,2023,25036993423.3664
TTO,2022,28341164301.126
TTO,2021,24222963262.7213
TTO,2020,20888515184.2239
TTO,2019,23477745791.6977
TTO,2018,23883058083.2171
TTO,2017,23830750900.6899
TTO,2016,23624322192.6274
TTO,2015,26841141793.2143
TTO,2014,29474180005.1333
TTO,2013,28560537057.1548
TTO,2012,27147349937.4689
TTO,2011,25433007437.1605
TTO,2010,22157920592.3669
TTO,2009,19172165225.5015
TTO,2008,27871587349.5413
TTO,2007,21641620049.9352
TTO,2006,18369361094.3886
TTO,2005,15982389018.4041
TTO,2004,13280291989.5755
TTO,2003,11305459802.0683
TTO,2002,9008298228.60273
TTO,2001,8824849191.03571
TTO,2000,8154342116.10311
TUN,2023,48205328303.3398
TUN,2022,44929920092.7955
TUN,2021,47073234359.1819
TUN,2020,42491780918.361
TUN,2019,41905642418.825
TUN,2018,42686504459.801
TUN,2017,42163530590.9462
TUN,2016,44360072680.4476
TUN,2015,45779494041.9295
TUN,2014,50271812920.612
TUN,2013,48685446413.953
TUN,2012,47311401812.6733
TUN,2011,48123325825.0739
TUN,2010,46206091937.9628
TUN,2009,43455740497.3061
TUN,2008,44859439902.2191
TUN,2007,38915353866.757
TUN,2006,34376664600.5898
TUN,2005,32272186694.8043
TUN,2004,31183885241.4396
TUN,2003,27453902261.4629
TUN,2002,23141616604.5242
TUN,2001,22065832448.8623
TUN,2000,21473528160.7782
TUR,2023,1141242864657.45
TUR,2022,926097476913.818
TUR,2021,839938668172.134
TUR,2020,733628247119.077
TUR,2019,775853144222.613
TUR,2018,788356985773.667
TUR,2017,863874522365.276
TUR,2016,870818016909.84
TUR,2015,865460050683.656
TUR,2014,942343431928.654
TUR,2013,962167643588.925
TUR,2012,885327622479.052
TUR,2011,844192507380.795
TUR,2010,782545664268.333
TUR,2009,653894449921.288
TUR,2008,775415944332.866
TUR,2007,685228481017.03
TUR,2006,559668118237.002
TUR,2005,508314210212.544
TUR,2004,410156784495.948
TUR,2003,315392899922.379
TUR,2002,240778008473.845
TUR,2001,202195080239.036
TUR,2000,274748463178.502
TKM,2023,39020211239.6728
TKM,2022,37583913148.2791
TKM,2021,26334182093.7903
TKM,2020,27350527267.6636
TKM,2019,29700000000.0
TKM,2018,26036313868.6131
TKM,2017,33352261306.5327
TKM,2016,33313947368.4211
TKM,2015,35799714285.7143
TKM,2014,43524210526.3158
TKM,2013,39197543859.6491
TKM,2012,35164210526.3158
TKM,2011,29233333333.3333
TKM,2010,22583157894.7368
TKM,2009,20214385964.9123
TKM,2008,19271523178.8079
TKM,2007,12664165103.1895
TKM,2006,10276674364.8961
TKM,2005,8103901996.37024
TKM,2004,6838351088.46688
TKM,2003,5977440582.80171
TKM,2002,4462029108.72349
TKM,2001,3534772732.39746
TKM,2000,2904663310.9825
TCA,2023,1638653000.0
TCA,2022,1434119000.0
TCA,2021,1236459000.0
TCA,2020,918387000.0
TCA,2019,1371838000.0
TCA,2018,1314329000.0
TCA,2017,1197958000.0
TCA,2016,1202078000.0
TCA,2015,1078274000.0
TCA,2014,956605000.0
TCA,2013,863328000.0
TCA,2012,832848000.0
TCA,2011,842941000.0
TCA,2010,686788000.0
TCA,2009,703176000.0
TCA,2008,862684000.0
TCA,2007,773490000.0
TCA,2006,721891500.0
TCA,2005,578645800.0
TCA,2004,485598800.0
TCA,2003,409753600.0
TCA,2002,366707900.0
TCA,2001,358744800.0
TCA,2000,
TUV,2023,50491930.924381
TUV,2022,54104146.3198082
TUV,2021,61597447.1614093
TUV,2020,52302514.9939611
TUV,2019,53527720.0597564
TUV,2018,48026990.1943497
TUV,2017,45288858.1637361
TUV,2016,41306141.62505
TUV,2015,36755290.7767318
TUV,2014,38643167.2951054
TUV,2013,38767554.542532
TUV,2012,38912985.1801769
TUV,2011,39665361.1329159
TUV,2010,32425361.8050211
TUV,2009,27851666.1740196
TUV,2008,31602915.0009478
TUV,2007,28547819.7129545
TUV,2006,24274966.4338055
TUV,2005,22846519.1722166
TUV,2004,22878877.9130312
TUV,2003,19584879.571753
TUV,2002,16639799.8873171
TUV,2001,14139705.2510497
TUV,2000,14881202.5785774
UGA,2023,48768955863.3175
UGA,2022,45565333210.9108
UGA,2021,40529788748.6737
UGA,2020,37600368241.6657
UGA,2019,35353061003.4359
UGA,2018,32927025619.6795
UGA,2017,30744473841.424
UGA,2016,29203988696.2626
UGA,2015,32387183730.1002
UGA,2014,32612397257.4458
UGA,2013,28915786516.6123
UGA,2012,27305915910.7877
UGA,2011,27871725241.4723
UGA,2010,26673441430.7857
UGA,2009,25127805566.6584
UGA,2008,14440404132.2047
UGA,2007,11902564494.8833
UGA,2006,9977647682.96954
UGA,2005,9239221763.05793
UGA,2004,7939487547.77384
UGA,2003,6606884275.23087
UGA,2002,6178563591.12051
UGA,2001,5840503868.51573
UGA,2000,6193246837.09687
UKR,2023,181221517868.744
UKR,2022,161989520721.19
UKR,2021,199765859570.935
UKR,2020,156617722013.342
UKR,2019,153883047509.577
UKR,2018,130891088293.55
UKR,2017,112090505081.739
UKR,2016,93355869403.9223
UKR,2015,91030967789.0717
UKR,2014,133503871861.723
UKR,2013,190498811460.028
UKR,2012,182591753827.949
UKR,2011,169333835201.554
UKR,2010,141209170427.233
UKR,2009,121552153444.124
UKR,2008,188110390659.515
UKR,2007,148733861386.139
UKR,2006,111884752475.248
UKR,2005,89238865118.5263
UKR,2004,67220154164.3166
UKR,2003,52010355753.0461
UKR,2002,43956163612.0433
UKR,2001,39309580983.2282
UKR,2000,32375083934.8241
ARE,2023,522622268401.125
ARE,2022,511403404642.173
ARE,2021,422441282436.237
ARE,2020,357161776271.328
ARE,2019,433926218686.108
ARE,2018,440560003161.236
ARE,2017,403365056078.846
ARE,2016,381717208620.964
ARE,2015,381973135513.065
ARE,2014,424935834104.193
ARE,2013,409632574702.715
ARE,2012,392793559050.783
ARE,2011,368881033962.57
ARE,2010,307736348527.33
ARE,2009,253547358746.804
ARE,2008,315474615741.223
ARE,2007,257916148767.436
ARE,2006,222116532963.026
ARE,2005,180617467954.23
ARE,2004,147824249957.985
ARE,2003,124346476180.46
ARE,2002,109816091078.603
ARE,2001,103311631797.329
ARE,2000,104337463730.167
GBR,2023,3420796653789.08
GBR,2022,3181244350465.41
GBR,2021,3194559188925.93
GBR,2020,2724001478304.59
GBR,2019,2875710080015.3
GBR,2018,2897028009916.05
GBR,2017,2699118387873.1
GBR,2016,2706807606538.73
GBR,2015,2945579890258.46
GBR,2014,3085362169410.29
GBR,2013,2796908333283.39
GBR,2012,2719715961539.83
GBR,2011,2675590034128.66
GBR,2010,2496740681057.14
GBR,2009,2429358155475.93
GBR,2008,2945251838235.29
GBR,2007,3104699879951.98
GBR,2006,2719558417663.29
GBR,2005,2551361818181.82
GBR,2004,2429774807762.72
GBR,2003,2061227755102.04
GBR,2002,1790536570743.41
GBR,2001,1656171009068.66
GBR,2000,1671597821152.97
USA,2023,27811517000000.0
USA,2022,26054614000000.0
USA,2021,23725645000000.0
USA,2020,21375281000000.0
USA,2019,21539982000000.0
USA,2018,20656516000000.0
USA,2017,19612102000000.0
USA,2016,18804913000000.0
USA,2015,18295019000000.0
USA,2014,17608138000000.0
USA,2013,16880683000000.0
USA,2012,16253970000000.0
USA,2011,15599732000000.0
USA,2010,15048971000000.0
USA,2009,14478067000000.0
USA,2008,14769862000000.0
USA,2007,14474228000000.0
USA,2006,13815583000000.0
USA,2005,13039197000000.0
USA,2004,12217196000000.0
USA,2003,11456450000000.0
USA,2002,10929108000000.0
USA,2001,10581929000000.0
USA,2000,10250952000000.0
URY,2023,79208725899.5531
URY,2022,71240669088.0587
URY,2021,60739061281.1628
URY,2020,53559354501.4278
URY,2019,62222324964.633
URY,2018,65344577415.7535
URY,2017,65006039809.739
URY,2016,57480787465.2716
URY,2015,57680327998.6689
URY,2014,61496186973.902
URY,2013,61337621933.7857
URY,2012,54232266358.7811
URY,2011,50342406067.0777
URY,2010,41950361211.9581
URY,2009,32708319077.5179
URY,2008,31119602538.8322
URY,2007,23797773024.3992
URY,2006,19741420739.8901
URY,2005,17362857683.8545
URY,2004,13686329890.1191
URY,2003,12045638351.8507
URY,2002,13606515722.5864
URY,2001,20898761742.2386
URY,2000,22823270892.1094
UZB,2023,107526539716.318
UZB,2022,94286355836.1594
UZB,2021,81170051810.5825
UZB,2020,70127127133.2164
UZB,2019,70170662562.6111
UZB,2018,61318332402.7908
UZB,2017,72276404057.649
UZB,2016,97871364319.3985
UZB,2015,97564568986.8161
UZB,2014,91303765114.0144
UZB,2013,82674178351.6216
UZB,2012,75318846931.3239
UZB,2011,67404618404.5392
UZB,2010,55544226552.8467
UZB,2009,33689223673.2577
UZB,2008,29549438883.8338
UZB,2007,22311393927.8817
UZB,2006,17330833852.919
UZB,2005,14307509838.8053
UZB,2004,12030023547.8807
UZB,2003,10134453435.4603
UZB,2002,9687788512.80184
UZB,2001,11401421329.1974
UZB,2000,13760513969.314
VUT,2023,1188137265.19047
VUT,2022,1151863789.76624
VUT,2021,1093826088.94269
VUT,2020,1017403362.80118
VUT,2019,1061547512.69257
VUT,2018,1034402941.04298
VUT,2017,998536154.882053
VUT,2016,908725512.790966
VUT,2015,855360239.609869
VUT,2014,879185478.498067
VUT,2013,863347171.906814
VUT,2012,747839697.746593
VUT,2011,770153588.218833
VUT,2010,670712979.682038
VUT,2009,592622319.145664
VUT,2008,590748429.401902
VUT,2007,516392922.513728
VUT,2006,439358586.535588
VUT,2005,394962433.029368
VUT,2004,364996869.129618
VUT,2003,314471413.001776
VUT,2002,262596535.549028
VUT,2001,257926881.72043
VUT,2000,272014627.835262
VEN,2023,102377501185.925
VEN,2022,89013251020.9831
VEN,2021,56615026262.6535
VEN,2020,42837965906.8675
VEN,2019,73014157107.594
VEN,2018,101987075928.918
VEN,2017,115892475742.789
VEN,2016,112948035494.959
VEN,2015,125249941853.534
VEN,2014,214838755021.964
VEN,2013,258512396297.714
VEN,2012,371846610182.327
VEN,2011,316482190800.364
VEN,2010,393192354510.653
VEN,2009,329787628928.472
VEN,2008,315953388510.678
VEN,2007,230364012575.687
VEN,2006,183477522123.894
VEN,2005,145513489651.872
VEN,2004,112451400424.964
VEN,2003,83620628582.1082
VEN,2002,92893587733.6549
VEN,2001,122911036746.729
VEN,2000,117146466002.661
VNM,2023,433805036898.465
VNM,2022,413445230668.578
VNM,2021,366474752771.009
VNM,2020,346615738537.796
VNM,2019,334365270496.667
VNM,2018,310106478394.659
VNM,2017,281353605986.903
VNM,2016,257096001177.982
VNM,2015,239258328381.741
VNM,2014,233451469642.519
VNM,2013,213708811665.34
VNM,2012,195590661129.249
VNM,2011,172595049183.925
VNM,2010,147201173196.979
VNM,2009,106014659565.214
VNM,2008,99130304099.1274
VNM,2007,77414425532.2452
VNM,2006,66371664817.0436
VNM,2005,57633255738.1992
VNM,2004,45427854693.2554
VNM,2003,39552513231.9169
VNM,2002,35064105500.8344
VNM,2001,32685198808.5549
VNM,2000,31172518403.3162
VIR,2023,
VIR,2022,4672000000.0
VIR,2021,4507000000.0
VIR,2020,4229000000.0
VIR,2019,4121000000.0
VIR,2018,3923000000.0
VIR,2017,3794000000.0
VIR,2016,3798000000.0
VIR,2015,3663000000.0
VIR,2014,3565000000.0
VIR,2013,3738000000.0
VIR,2012,4089000000.0
VIR,2011,4223000000.0
VIR,2010,4324000000.0
VIR,2009,4201000000.0
VIR,2008,4244000000.0
VIR,2007,4784000000.0
VIR,2006,4484000000.0
VIR,2005,4428000000.0
VIR,2004,3797000000.0
VIR,2003,3443000000.0
VIR,2002,3262000000.0
VIR,2001,
VIR,2000,
PSE,2023,18635100000.0
PSE,2022,19165500000.0
PSE,2021,18109000000.0
PSE,2020,15531700000.0
PSE,2019,17133500000.0
PSE,2018,16276600000.0
PSE,2017,16128000000.0
PSE,2016,15405400000.0
PSE,2015,13972400000.0
PSE,2014,13989700000.0
PSE,2013,13515500000.0
PSE,2012,12208400000.0
PSE,2011,11186100000.0
PSE,2010,9681500000.0
PSE,2009,8085700000.0
PSE,2008,7310400000.0
PSE,2007,5815700000.0
PSE,2006,5348300000.0
PSE,2005,5125700000.0
PSE,2004,4603100000.0
PSE,2003,3968000000.0
PSE,2002,3555800000.0
PSE,2001,4003700000.0
PSE,2000,4313600000.0
YEM,2023,
YEM,2022,
YEM,2021,
YEM,2020,
YEM,2019,
YEM,2018,21606160663.0318
YEM,2017,26842229044.5848
YEM,2016,31317825274.1507
YEM,2015,42444490073.8555
YEM,2014,43228585321.3272
YEM,2013,40415233436.1767
YEM,2012,35401331609.5916
YEM,2011,32726417878.391
YEM,2010,30906749533.221
YEM,2009,25130278212.5575
YEM,2008,26910855807.288
YEM,2007,21650528674.0933
YEM,2006,19063143369.858
YEM,2005,16731566717.1888
YEM,2004,13867634371.4773
YEM,2003,11777532662.0499
YEM,2002,10693430511.4664
YEM,2001,9852990692.98714
YEM,2000,9679316770.18633
ZMB,2023,27577956471.244
ZMB,2022,29163782140.4858
ZMB,2021,22096416932.0089
ZMB,2020,18137764930.651
ZMB,2019,23308667781.2258
ZMB,2018,26311507273.6735
ZMB,2017,25873601260.8353
ZMB,2016,20958412538.3093
ZMB,2015,21251216798.7762
ZMB,2014,27141023558.0829
ZMB,2013,28037239462.7142
ZMB,2012,25503060420.026
ZMB,2011,23459515275.5776
ZMB,2010,20265559483.8548
ZMB,2009,15328342303.9575
ZMB,2008,17910858637.9048
ZMB,2007,14056957976.2648
ZMB,2006,12756858899.2812
ZMB,2005,8331870169.14977
ZMB,2004,6221110219.45542
ZMB,2003,4901869764.05957
ZMB,2002,4193850445.42632
ZMB,2001,4094441301.21423
ZMB,2000,3600632111.41414
ZWE,2023,35871781303.429
ZWE,2022,40757585308.5016
ZWE,2021,41287852523.5016
ZWE,2020,31979753644.6558
ZWE,2019,33360632553.3556
ZWE,2018,34141666666.6667
ZWE,2017,51035657370.5179
ZWE,2016,20559250000.0
ZWE,2015,19973250000.0
ZWE,2014,19505500000.0
ZWE,2013,19100750000.0
ZWE,2012,17123500000.0
ZWE,2011,14109000000.0
ZWE,2010,12047750000.0
ZWE,2009,9670750000.0
ZWE,2008,4418000000.0
ZWE,2007,5294750000.0
ZWE,2006,5446750000.0
ZWE,2005,5758250000.0
ZWE,2004,5808500000.0
ZWE,2003,5730500000.0
ZWE,2002,6345250000.0
ZWE,2001,6780750000.0
ZWE,2000,6693250000.0
