code,year,value
AFE,2023,7.67654773372157
AFE,2022,7.86947018999245
AFE,2021,8.40741154700022
AFE,2020,7.97430164130982
AFE,2019,7.45910636823544
AFE,2018,7.24484282680541
AFE,2017,7.21491501896869
AFE,2016,7.07442880999326
AFE,2015,6.9309412585873
AFE,2014,6.86242857576034
AFE,2013,6.88972223038428
AFE,2012,7.10873740350119
AFE,2011,7.303350943492
AFE,2010,7.33948885318777
AFE,2009,7.02933493362019
AFE,2008,6.95926232871186
AFE,2007,6.98058891496815
AFE,2006,7.03560059961336
AFE,2005,7.10041371887931
AFE,2004,7.27852246959678
AFE,2003,7.4720424200925
AFE,2002,7.51149338877195
AFE,2001,7.55388452430262
AFE,2000,7.66876829683373
AFW,2023,3.20335496340002
AFW,2022,3.59653801462938
AFW,2021,4.67076109003218
AFW,2020,4.7993062016358
AFW,2019,4.39390284484525
AFW,2018,4.33609979249296
AFW,2017,4.28464574730964
AFW,2016,4.16910166908106
AFW,2015,4.1727731083969
AFW,2014,3.89018286622866
AFW,2013,3.71010995935874
AFW,2012,3.98291438560293
AFW,2011,3.97007365881551
AFW,2010,3.99179170645225
AFW,2009,4.00441257217998
AFW,2008,3.96808904592347
AFW,2007,3.94820495192994
AFW,2006,3.96900207619704
AFW,2005,4.09641162927698
AFW,2004,4.08698904128015
AFW,2003,4.1682062921006
AFW,2002,4.27392083907488
AFW,2001,4.46563029423928
AFW,2000,4.53131047835059
ARB,2023,9.31338863204988
ARB,2022,9.74413095599936
ARB,2021,10.8627489086684
ARB,2020,11.2951503646669
ARB,2019,10.2137182910936
ARB,2018,10.6546406452031
ARB,2017,11.1152019032057
ARB,2016,10.8617161429412
ARB,2015,11.1524464292006
ARB,2014,11.0319261608507
ARB,2013,11.0350018909533
ARB,2012,11.0650966632009
ARB,2011,10.6873951414609
ARB,2010,9.57178825247491
ARB,2009,9.46079216862091
ARB,2008,9.87515901443002
ARB,2007,10.1456780757217
ARB,2006,10.5176425576734
ARB,2005,11.2344112966755
ARB,2004,11.4271164700074
ARB,2003,12.4496966444039
ARB,2002,12.5062276655765
ARB,2001,12.49820212983
ARB,2000,12.6227231888262
CSS,2023,7.51281290895946
CSS,2022,8.29867755889038
CSS,2021,9.71327125079923
CSS,2020,9.95181592662355
CSS,2019,8.21142514691839
CSS,2018,8.59708625490841
CSS,2017,8.24674002522057
CSS,2016,8.52897625860849
CSS,2015,8.22453564269079
CSS,2014,8.61294822432626
CSS,2013,8.87950796126762
CSS,2012,8.99563754734034
CSS,2011,8.82531756416261
CSS,2010,8.80934904598808
CSS,2009,9.18808540593253
CSS,2008,7.8711908829552
CSS,2007,8.1976990614565
CSS,2006,8.69394120180955
CSS,2005,9.98480572264988
CSS,2004,10.2916036767948
CSS,2003,11.5380632882928
CSS,2002,11.3083250951395
CSS,2001,11.1794403357232
CSS,2000,11.7427630641232
CEB,2023,4.01230416616797
CEB,2022,3.96540582731722
CEB,2021,4.44508031221282
CEB,2020,4.3496421220328
CEB,2019,3.76072643211224
CEB,2018,4.29483445753775
CEB,2017,5.27719000843769
CEB,2016,6.47626986745334
CEB,2015,7.81260796234007
CEB,2014,8.87370489824698
CEB,2013,10.076189699493
CEB,2012,10.014837051229
CEB,2011,9.80960842319458
CEB,2010,9.92718738959061
CEB,2009,8.51650875155537
CEB,2008,6.60116715977237
CEB,2007,7.80912922603523
CEB,2006,10.124914494498
CEB,2005,12.0311529429654
CEB,2004,12.8914606604503
CEB,2003,13.2764246828022
CEB,2002,13.9609765303477
CEB,2001,13.4981128132324
CEB,2000,12.1493697321005
EAR,2023,5.11313521249178
EAR,2022,5.64296814018676
EAR,2021,6.74359581980053
EAR,2020,7.36417086549936
EAR,2019,6.30970549335686
EAR,2018,6.77526130131479
EAR,2017,6.71806478492721
EAR,2016,6.7341480328496
EAR,2015,6.79324404164611
EAR,2014,6.61419058154874
EAR,2013,6.67711092742994
EAR,2012,6.70184146782176
EAR,2011,6.60736243902951
EAR,2010,6.69836499671353
EAR,2009,6.88223725605258
EAR,2008,6.76572719306619
EAR,2007,6.8238682430718
EAR,2006,6.88954096317128
EAR,2005,7.11332854467778
EAR,2004,7.18946151700737
EAR,2003,7.29621887458035
EAR,2002,7.39006412287729
EAR,2001,7.1563905809364
EAR,2000,7.07281148454185
EAS,2023,3.86187012642211
EAS,2022,4.10032254258298
EAS,2021,4.06219092494546
EAS,2020,4.29658340250273
EAS,2019,3.82442011949597
EAS,2018,3.75442452697159
EAS,2017,3.87456480348735
EAS,2016,4.00393781457677
EAS,2015,4.08987694775025
EAS,2014,4.02541580416077
EAS,2013,4.05303743028521
EAS,2012,4.0605301268473
EAS,2011,4.13091004622057
EAS,2010,4.22455076502669
EAS,2009,4.47420796985744
EAS,2008,4.38194930101755
EAS,2007,4.30429852915007
EAS,2006,4.351012904116
EAS,2005,4.47463469156014
EAS,2004,4.42980737625595
EAS,2003,4.47961803252938
EAS,2002,4.26557821608325
EAS,2001,3.96606605575514
EAS,2000,3.56333033432491
EAP,2023,3.97712381690091
EAP,2022,4.23491194246921
EAP,2021,4.13328662810016
EAP,2020,4.36943697408605
EAP,2019,3.90432643103478
EAP,2018,3.81235265554938
EAP,2017,3.9216662036523
EAP,2016,4.04312471702124
EAP,2015,4.12458341898818
EAP,2014,4.05030843985024
EAP,2013,4.05506180796151
EAP,2012,4.05276045051969
EAP,2011,4.11479448813573
EAP,2010,4.16370037437203
EAP,2009,4.42509624520043
EAP,2008,4.44442036989862
EAP,2007,4.36462589942474
EAP,2006,4.3836448453094
EAP,2005,4.49019174546575
EAP,2004,4.41127089940087
EAP,2003,4.41684389931735
EAP,2002,4.16950098114092
EAP,2001,3.85578728070638
EAP,2000,3.43334970499077
TEA,2023,3.98514803684521
TEA,2022,4.24711639501186
TEA,2021,4.14006542894987
TEA,2020,4.38103635885362
TEA,2019,3.91155753249547
TEA,2018,3.81860609641702
TEA,2017,3.92821339454137
TEA,2016,4.0503221911626
TEA,2015,4.13377205147225
TEA,2014,4.05853741844698
TEA,2013,4.06245777272466
TEA,2012,4.06044851591873
TEA,2011,4.12377298395066
TEA,2010,4.17487787059342
TEA,2009,4.43923742826889
TEA,2008,4.45880440548548
TEA,2007,4.37680263860099
TEA,2006,4.3960838573092
TEA,2005,4.50383702137591
TEA,2004,4.42310310906886
TEA,2003,4.428076738741
TEA,2002,4.17741336740834
TEA,2001,3.85850449672084
TEA,2000,3.43001128152857
EMU,2023,6.52267389015226
EMU,2022,6.72976967374639
EMU,2021,7.69446992680361
EMU,2020,7.78262585986041
EMU,2019,7.44468187207381
EMU,2018,8.089323082041
EMU,2017,9.01311660134066
EMU,2016,9.98608545604403
EMU,2015,10.8477448563899
EMU,2014,11.6207304139349
EMU,2013,12.0184063277941
EMU,2012,11.4328240980269
EMU,2011,10.2805136631252
EMU,2010,10.1761738210052
EMU,2009,9.57439638727687
EMU,2008,7.50283392231425
EMU,2007,7.52316793797376
EMU,2006,8.4404790481661
EMU,2005,9.16921983218386
EMU,2004,9.348951357228
EMU,2003,9.12146121246139
EMU,2002,8.88672719145059
EMU,2001,8.68043359773922
EMU,2000,9.62410987839098
ECS,2023,5.55238526456095
ECS,2022,5.8460641099346
ECS,2021,6.90011121093882
ECS,2020,7.09507940679226
ECS,2019,6.62369460842729
ECS,2018,6.87656497801786
ECS,2017,7.48554226672131
ECS,2016,8.07810956714781
ECS,2015,8.55823248897774
ECS,2014,8.94532051297809
ECS,2013,9.26791651199215
ECS,2012,9.07096034933149
ECS,2011,8.8511592613399
ECS,2010,9.11732766770857
ECS,2009,9.05895187341576
ECS,2008,7.16897078667497
ECS,2007,7.24696438985174
ECS,2006,8.17297527475334
ECS,2005,8.7318165816003
ECS,2004,9.05651425282142
ECS,2003,9.11346744115473
ECS,2002,9.07870920871455
ECS,2001,9.0564200675213
ECS,2000,9.68483091902418
ECA,2023,7.17961712726961
ECA,2022,7.71538545377934
ECA,2021,8.95407922243149
ECA,2020,9.26814225066227
ECA,2019,9.11807057814077
ECA,2018,8.61159005290134
ECA,2017,8.94336027365094
ECA,2016,9.03756351375215
ECA,2015,8.9610543144391
ECA,2014,8.96073635337147
ECA,2013,8.56358395138192
ECA,2012,8.60097981057876
ECA,2011,8.88391871872232
ECA,2010,9.54059516043394
ECA,2009,10.1856136243961
ECA,2008,8.58123430648126
ECA,2007,8.61312246579108
ECA,2006,9.15632666629247
ECA,2005,9.62072328847468
ECA,2004,10.1363077374344
ECA,2003,10.290974644155
ECA,2002,10.702874375174
ECA,2001,10.6408534193536
ECA,2000,10.7462183942089
TEC,2023,5.0769631792025
TEC,2022,5.62584537984402
TEC,2021,6.78803635122713
TEC,2020,7.20291679357834
TEC,2019,6.70220366105967
TEC,2018,6.64992815855912
TEC,2017,7.09014958895511
TEC,2016,7.43861188713932
TEC,2015,7.60801134268431
TEC,2014,7.62801272694854
TEC,2013,7.69053724382223
TEC,2012,7.63560375277808
TEC,2011,8.10364260938392
TEC,2010,8.67633640799942
TEC,2009,9.09793178837198
TEC,2008,7.37988688857846
TEC,2007,7.59407523011705
TEC,2006,8.7030435256555
TEC,2005,9.31364245463686
TEC,2004,9.96727145258182
TEC,2003,10.3043605492778
TEC,2002,10.5396612637819
TEC,2001,10.7447066639553
TEC,2000,11.0183192610913
EUU,2023,6.02643653344515
EUU,2022,6.16137258045926
EUU,2021,7.02659354012655
EUU,2020,7.05471356704802
EUU,2019,6.67705052747452
EUU,2018,7.24247265095853
EUU,2017,8.13208945121752
EUU,2016,9.1056944627421
EUU,2015,10.0165353301996
EUU,2014,10.8255885011473
EUU,2013,11.3511730368596
EUU,2012,10.8758482088061
EUU,2011,9.92888294564936
EUU,2010,9.87327234610775
EUU,2009,9.21120412957521
EUU,2008,7.24163431745465
EUU,2007,7.5031053820411
EUU,2006,8.68896256105534
EUU,2005,9.63100586720302
EUU,2004,9.86057517861666
EUU,2003,9.70782702151941
EUU,2002,9.5656358156472
EUU,2001,9.20662418982846
EUU,2000,9.6992067646065
HPC,2023,4.19910039388827
HPC,2022,4.43373072825994
HPC,2021,4.93715177073133
HPC,2020,5.02089641432522
HPC,2019,4.32898652284681
HPC,2018,4.33410256985773
HPC,2017,4.36920088303381
HPC,2016,4.36188759881032
HPC,2015,4.42098675547524
HPC,2014,4.29007836108981
HPC,2013,4.27857896799128
HPC,2012,4.56094900790948
HPC,2011,4.74535045997051
HPC,2010,4.78571428120254
HPC,2009,4.57407582008614
HPC,2008,4.5262370792047
HPC,2007,4.54506136589078
HPC,2006,4.59642816898817
HPC,2005,4.68922289072775
HPC,2004,4.85136488879186
HPC,2003,4.99178021799851
HPC,2002,5.03903619896395
HPC,2001,5.07110613621308
HPC,2000,5.14154508627694
IBD,2023,5.11483631019168
IBD,2022,5.56994264084484
IBD,2021,6.31312953704222
IBD,2020,6.95128407575739
IBD,2019,6.06655916125813
IBD,2018,6.28190637378299
IBD,2017,6.39131744182123
IBD,2016,6.41617806380602
IBD,2015,6.30417535482962
IBD,2014,6.16790791106399
IBD,2013,6.18706162531591
IBD,2012,6.18009390756913
IBD,2011,6.26592646975982
IBD,2010,6.38041154792517
IBD,2009,6.61644359608536
IBD,2008,6.30181703865489
IBD,2007,6.33250535472639
IBD,2006,6.51847415278713
IBD,2005,6.7433312220245
IBD,2004,6.81767500872433
IBD,2003,6.97665523180592
IBD,2002,6.90119517399481
IBD,2001,6.68806846107529
IBD,2000,6.5378671665525
IBT,2023,4.95229978677743
IBT,2022,5.38688118322023
IBT,2021,6.14426628538333
IBT,2020,6.61408029513375
IBT,2019,5.76754375212112
IBT,2018,5.91052378397874
IBT,2017,5.97437329582885
IBT,2016,5.9532852798488
IBT,2015,5.89281637093057
IBT,2014,5.72458407935885
IBT,2013,5.76329271095437
IBT,2012,5.80125250741964
IBT,2011,5.80496166155309
IBT,2010,5.89357507981921
IBT,2009,6.10349138905202
IBT,2008,5.84641495837857
IBT,2007,5.86213546063134
IBT,2006,6.01942694309996
IBT,2005,6.23544419009254
IBT,2004,6.31917928815113
IBT,2003,6.47146966831216
IBT,2002,6.42004833349401
IBT,2001,6.25511128517531
IBT,2000,6.13816528121627
IDB,2023,4.36958257524396
IDB,2022,4.7445653467311
IDB,2021,5.813781237265
IDB,2020,5.79415278844651
IDB,2019,5.0804070213856
IDB,2018,4.76275439835545
IDB,2017,4.34851254345894
IDB,2016,3.73137542358032
IDB,2015,4.00215322009935
IDB,2014,3.3801313878636
IDB,2013,3.70433029886193
IDB,2012,4.08486021677751
IDB,2011,3.19533203358853
IDB,2010,3.14320402026914
IDB,2009,3.09853098089253
IDB,2008,3.04378002820466
IDB,2007,3.01249783655869
IDB,2006,3.13594252329219
IDB,2005,3.2286448044491
IDB,2004,3.27695586964826
IDB,2003,3.42217572676054
IDB,2002,3.53946096491474
IDB,2001,3.72882194919706
IDB,2000,3.82333592364451
IDX,2023,4.47548995238531
IDX,2022,4.84575036237372
IDX,2021,5.4758211874645
IDX,2020,5.36883540058505
IDX,2019,4.58715903592676
IDX,2018,4.57603095021492
IDX,2017,4.63010594547981
IDX,2016,4.65649793185176
IDX,2015,4.66516707695412
IDX,2014,4.53885193995517
IDX,2013,4.51023719758888
IDX,2012,4.57527350048646
IDX,2011,4.57016379793951
IDX,2010,4.54322123586762
IDX,2009,4.6806678937123
IDX,2008,4.60439548603495
IDX,2007,4.50752544150733
IDX,2006,4.46410290906953
IDX,2005,4.6516678563648
IDX,2004,4.7859524360758
IDX,2003,4.86883782766902
IDX,2002,4.84933668416053
IDX,2001,4.77529106040507
IDX,2000,4.73287488547404
IDA,2023,4.4365457830767
IDA,2022,4.80930057278539
IDA,2021,5.59743166548829
IDA,2020,5.52030439819486
IDA,2019,4.76341458315545
IDA,2018,4.64268643897519
IDA,2017,4.52920643847786
IDA,2016,4.32363603508757
IDA,2015,4.42667989026364
IDA,2014,4.1251730610122
IDA,2013,4.22340373585698
IDA,2012,4.40051440115524
IDA,2011,4.08445007343374
IDA,2010,4.04830534732675
IDA,2009,4.1230776222485
IDA,2008,4.05687082523928
IDA,2007,3.98489680875933
IDA,2006,4.0014311767834
IDA,2005,4.15643920973113
IDA,2004,4.26095308105496
IDA,2003,4.36679845445489
IDA,2002,4.39538296144678
IDA,2001,4.41300801781456
IDA,2000,4.41879573758311
LTE,2023,4.795456897897
LTE,2022,5.19342173354142
LTE,2021,5.50538471355182
LTE,2020,5.93153762506637
LTE,2019,5.19591640696366
LTE,2018,5.05006029808032
LTE,2017,5.27038544833334
LTE,2016,5.2806539060794
LTE,2015,5.11139944235291
LTE,2014,4.93887259586478
LTE,2013,5.01097351607565
LTE,2012,5.02938218164513
LTE,2011,5.11922021804218
LTE,2010,5.25181815855478
LTE,2009,5.57785428299668
LTE,2008,5.14867990448764
LTE,2007,5.11709007503548
LTE,2006,5.38097826380605
LTE,2005,5.63125210477498
LTE,2004,5.70845578270121
LTE,2003,5.90243541524635
LTE,2002,5.66563235164984
LTE,2001,5.47907914783063
LTE,2000,5.29485034456226
LCN,2023,6.19254754786298
LCN,2022,6.93153207639263
LCN,2021,9.14468412313157
LCN,2020,10.214072797585
LCN,2019,8.00061467672947
LCN,2018,7.93331984460849
LCN,2017,8.02820612705932
LCN,2016,7.73682468877475
LCN,2015,6.67695891386519
LCN,2014,6.18310613899892
LCN,2013,6.37856594564285
LCN,2012,6.42118292240463
LCN,2011,6.71534566285068
LCN,2010,7.21826756521545
LCN,2009,7.81478715032184
LCN,2008,6.83921032197309
LCN,2007,7.22630490484512
LCN,2006,7.61413600233204
LCN,2005,8.23739951394743
LCN,2004,8.75018243421292
LCN,2003,9.25661869657505
LCN,2002,9.38790662648606
LCN,2001,9.04975653454107
LCN,2000,9.4445224692252
LAC,2023,6.06496995571875
LAC,2022,6.83824311969363
LAC,2021,9.08714668261223
LAC,2020,10.1125058323335
LAC,2019,8.0031866353429
LAC,2018,7.9491088470884
LAC,2017,8.06804526490034
LAC,2016,7.76472151764398
LAC,2015,6.6503628849075
LAC,2014,6.11295170625168
LAC,2013,6.33724541486795
LAC,2012,6.35784018295865
LAC,2011,6.63768103519111
LAC,2010,7.13684615492128
LAC,2009,7.67986013495104
LAC,2008,6.7530751478709
LAC,2007,7.18560904807712
LAC,2006,7.55497236157597
LAC,2005,8.18339925036928
LAC,2004,8.70252011336982
LAC,2003,9.20720625106016
LAC,2002,9.33585929151463
LAC,2001,8.98514907364224
LAC,2000,9.43023989036824
TLA,2023,6.26268991297245
TLA,2022,7.01556949606688
TLA,2021,9.26330031941499
TLA,2020,10.355452107179
TLA,2019,8.10633851896146
TLA,2018,8.03589728630349
TLA,2017,8.12865999426483
TLA,2016,7.82039688517988
TLA,2015,6.72924741273479
TLA,2014,6.20935559864304
TLA,2013,6.39401761164224
TLA,2012,6.43477941830029
TLA,2011,6.73516198738484
TLA,2010,7.26042689855492
TLA,2009,7.89406164784247
TLA,2008,6.91574463042059
TLA,2007,7.31214733545694
TLA,2006,7.7076777430645
TLA,2005,8.34365571129642
TLA,2004,8.88029213614675
TLA,2003,9.38382565258049
TLA,2002,9.50084872810719
TLA,2001,9.1432735656305
TLA,2000,9.52894893986909
LDC,2023,4.70150733081641
LDC,2022,5.05335918611166
LDC,2021,5.73711716533604
LDC,2020,5.60086950090988
LDC,2019,4.87497607678154
LDC,2018,4.87754288880162
LDC,2017,4.95341590091408
LDC,2016,4.89297336347609
LDC,2015,4.8279816293117
LDC,2014,4.74956834449145
LDC,2013,4.78988464462384
LDC,2012,4.84635217073716
LDC,2011,4.85771679502528
LDC,2010,4.75811575185378
LDC,2009,4.8829128853627
LDC,2008,4.78702697123613
LDC,2007,4.72894569655668
LDC,2006,4.66764776059219
LDC,2005,4.78646677820371
LDC,2004,4.84650569132879
LDC,2003,4.88937432863617
LDC,2002,4.81408543577446
LDC,2001,4.72380835168631
LDC,2000,4.69058823718314
LMY,2023,4.97693562706687
LMY,2022,5.41429545248604
LMY,2021,6.16482463440876
LMY,2020,6.61993043653694
LMY,2019,5.79766416170734
LMY,2018,5.93231543498439
LMY,2017,5.97968341182999
LMY,2016,5.93516153167366
LMY,2015,5.85653298559457
LMY,2014,5.67803935391165
LMY,2013,5.7005501665021
LMY,2012,5.74186303825936
LMY,2011,5.71399266887495
LMY,2010,5.77935702058715
LMY,2009,5.97569476954537
LMY,2008,5.7950809136433
LMY,2007,5.79597099801048
LMY,2006,5.88469145974764
LMY,2005,6.07307040352156
LMY,2004,6.12111625915839
LMY,2003,6.25409528839094
LMY,2002,6.19417254239003
LMY,2001,5.99852495062941
LMY,2000,5.85095700176626
MEA,2023,7.79272191834479
MEA,2022,8.23898776216766
MEA,2021,9.00366611562493
MEA,2020,9.14819309323363
MEA,2019,8.33082967841649
MEA,2018,8.53535637968998
MEA,2017,8.5198428948238
MEA,2016,8.0751146709309
MEA,2015,8.36498933286657
MEA,2014,7.64519859427481
MEA,2013,7.92975020058705
MEA,2012,8.34766826613965
MEA,2011,7.23452105809906
MEA,2010,6.85675050559872
MEA,2009,6.71404844364157
MEA,2008,6.58386551452509
MEA,2007,6.82070410411982
MEA,2006,7.22108801251314
MEA,2005,7.65760282606948
MEA,2004,7.54776306570901
MEA,2003,8.30300037305323
MEA,2002,8.48914200309222
MEA,2001,8.42943669202
MEA,2000,8.4169385368672
MNA,2023,8.59209919735259
MNA,2022,8.9382675467404
MNA,2021,9.6948074926195
MNA,2020,9.77596723068346
MNA,2019,9.06488013658605
MNA,2018,9.28194998275843
MNA,2017,9.25338345180518
MNA,2016,8.75542082657381
MNA,2015,9.05052035727651
MNA,2014,8.14794947550081
MNA,2013,8.46109583177143
MNA,2012,8.88951819638217
MNA,2011,7.58032093040946
MNA,2010,7.123332390198
MNA,2009,6.94800177686091
MNA,2008,6.84334845869645
MNA,2007,7.01816989858009
MNA,2006,7.39019405991603
MNA,2005,7.84838151626538
MNA,2004,7.69407412818457
MNA,2003,8.52231485976772
MNA,2002,8.74924905373015
MNA,2001,8.72286096614539
MNA,2000,8.71870374230222
TMN,2023,8.59209919735259
TMN,2022,8.83598059809406
TMN,2021,9.58930430798614
TMN,2020,9.67954007701653
TMN,2019,8.96317446023269
TMN,2018,9.1788143786994
TMN,2017,9.15400226751887
TMN,2016,8.66507565229991
TMN,2015,8.96791885955849
TMN,2014,8.07837404021819
TMN,2013,8.39834200288349
TMN,2012,8.83376247941241
TMN,2011,7.52714837608606
TMN,2010,7.05144257493513
TMN,2009,6.88122796682575
TMN,2008,6.76464093439402
TMN,2007,6.96341976204585
TMN,2006,7.33599436897474
TMN,2005,7.79217578193013
TMN,2004,7.62342664414024
TMN,2003,8.45544746199598
TMN,2002,8.66928035849805
TMN,2001,8.66782939884288
TMN,2000,8.70973223936551
MIC,2023,4.96756774789441
MIC,2022,5.42949094564465
MIC,2021,6.19670261206739
MIC,2020,6.69849633442843
MIC,2019,5.86054208956752
MIC,2018,6.00981501156322
MIC,2017,6.05518297615024
MIC,2016,6.01421235038408
MIC,2015,5.93705456165038
MIC,2014,5.75311900107613
MIC,2013,5.77644112078398
MIC,2012,5.80334478008198
MIC,2011,5.78106658586154
MIC,2010,5.85407842097449
MIC,2009,6.07794731544178
MIC,2008,5.87208459437414
MIC,2007,5.88198217147033
MIC,2006,5.97972371507844
MIC,2005,6.18100517194098
MIC,2004,6.21906740046783
MIC,2003,6.34937695144509
MIC,2002,6.2794627269579
MIC,2001,6.06529717812631
MIC,2000,5.90554769116785
NAC,2023,3.8406106523085
NAC,2022,3.83310095020415
NAC,2021,5.59210953628448
NAC,2020,8.2305997250471
NAC,2019,3.890566885067
NAC,2018,4.10721129091519
NAC,2017,4.57971738602629
NAC,2016,5.10340701910414
NAC,2015,5.4606408215288
NAC,2014,6.26083245211775
NAC,2013,7.34976348971497
NAC,2012,7.99588953313322
NAC,2011,8.80784798616693
NAC,2010,9.47758645184374
NAC,2009,9.16994852137916
NAC,2008,5.83652846325955
NAC,2007,4.78243165759455
NAC,2006,4.81614136114576
NAC,2005,5.25750859640354
NAC,2004,5.70124819512877
NAC,2003,6.15326151532504
NAC,2002,5.97486412366027
NAC,2001,4.97961964201139
NAC,2000,4.27316817166147
OED,2023,4.82631374195204
OED,2022,4.99493064713263
OED,2021,6.19605024177905
OED,2020,7.15007422562512
OED,2019,5.38695191058807
OED,2018,5.47444010714932
OED,2017,5.9177915757262
OED,2016,6.43777999780825
OED,2015,6.86087280016011
OED,2014,7.41355981597454
OED,2013,8.00520155093803
OED,2012,8.1052243905592
OED,2011,8.12208995143807
OED,2010,8.5207939102318
OED,2009,8.38089327283664
OED,2008,6.20560204861274
OED,2007,5.88940261869547
OED,2006,6.34618116260618
OED,2005,6.8314671013283
OED,2004,7.17441119702139
OED,2003,7.27483771000377
OED,2002,7.13987676171849
OED,2001,6.61732244402856
OED,2000,6.71100200632985
OSS,2023,8.44487902544127
OSS,2022,9.01147513544492
OSS,2021,9.49668399234599
OSS,2020,9.99575648409841
OSS,2019,8.37803693303246
OSS,2018,8.78845724438525
OSS,2017,9.26010688179757
OSS,2016,9.69565767751643
OSS,2015,9.99952511697503
OSS,2014,10.4617084896957
OSS,2013,10.7696689681663
OSS,2012,10.5345766634014
OSS,2011,10.5303011113759
OSS,2010,11.1281009935269
OSS,2009,10.7283220301547
OSS,2008,8.87238702238271
OSS,2007,9.04975553505642
OSS,2006,9.68343911516973
OSS,2005,10.5021202220473
OSS,2004,10.6266524019735
OSS,2003,10.6409211857421
OSS,2002,10.2407776645491
OSS,2001,10.9398104204621
OSS,2000,11.0177711399269
PSS,2023,3.52057525691559
PSS,2022,3.60681620269367
PSS,2021,3.35468526106548
PSS,2020,3.30655660526839
PSS,2019,3.32798136589447
PSS,2018,3.35231302156857
PSS,2017,3.40034043733734
PSS,2016,3.36311039358415
PSS,2015,3.37020462675283
PSS,2014,3.39737128470569
PSS,2013,3.42532155080918
PSS,2012,3.54707816512722
PSS,2011,3.44436830760268
PSS,2010,3.50675202326758
PSS,2009,3.60850865304197
PSS,2008,3.66517406587763
PSS,2007,3.76264674833736
PSS,2006,3.81456389998427
PSS,2005,3.8404573462192
PSS,2004,4.3406725276094
PSS,2003,4.51420593104194
PSS,2002,4.61174676237171
PSS,2001,4.51782547170457
PSS,2000,4.40485764939109
PST,2023,4.46960383607434
PST,2022,4.52602226819937
PST,2021,5.80602995350964
PST,2020,6.72548575920498
PST,2019,4.93863793927205
PST,2018,5.29340998979908
PST,2017,5.85021474599449
PST,2016,6.41054588620563
PST,2015,6.88380194224391
PST,2014,7.46206202944811
PST,2013,8.01055138462552
PST,2012,8.11703125262048
PST,2011,8.06019449389029
PST,2010,8.34726962592943
PST,2009,8.07274225977277
PST,2008,5.90228542517582
PST,2007,5.57196004328002
PST,2006,5.994063325313
PST,2005,6.4091008362879
PST,2004,6.67204910657906
PST,2003,6.86199228387437
PST,2002,6.77664467622594
PST,2001,6.38359327702813
PST,2000,6.53699120304108
PRE,2023,4.65198898265421
PRE,2022,4.97495099823102
PRE,2021,5.76848661848567
PRE,2020,5.89078404749377
PRE,2019,5.38924122021237
PRE,2018,5.32927480343501
PRE,2017,5.2669199218143
PRE,2016,5.00843089695962
PRE,2015,4.92874848701502
PRE,2014,4.85956498950861
PRE,2013,4.86973350643787
PRE,2012,5.06492902606905
PRE,2011,5.14866591361225
PRE,2010,5.09524000558138
PRE,2009,4.90149804162028
PRE,2008,4.86836540696563
PRE,2007,4.87191262111388
PRE,2006,4.90998713639371
PRE,2005,4.93387732610229
PRE,2004,4.96212948847294
PRE,2003,5.04587122100171
PRE,2002,5.0724611452453
PRE,2001,5.12153810037018
PRE,2000,5.13391983978484
SST,2023,7.66141080204045
SST,2022,8.21647080688741
SST,2021,8.82676059647368
SST,2020,9.20499420465331
SST,2019,7.75168865751208
SST,2018,8.10689854999494
SST,2017,8.32778127632623
SST,2016,8.66740053405155
SST,2015,8.78391504425952
SST,2014,9.17019543151895
SST,2013,9.42789036106017
SST,2012,9.31406963085983
SST,2011,9.25275015749216
SST,2010,9.64092506344516
SST,2009,9.49383006346729
SST,2008,8.00243712798649
SST,2007,8.20829015972595
SST,2006,8.74041678886564
SST,2005,9.58922696945574
SST,2004,9.79947038236949
SST,2003,10.1507838382451
SST,2002,9.84688576834024
SST,2001,10.2393243248864
SST,2000,10.4220070497304
SAS,2023,4.16220090187648
SAS,2022,4.86631704704624
SAS,2021,6.33048938390488
SAS,2020,7.62561175204578
SAS,2019,6.30644937347767
SAS,2018,7.28140399591901
SAS,2017,7.24969569674111
SAS,2016,7.25080318686175
SAS,2015,7.27349261228767
SAS,2014,7.29419854752289
SAS,2013,7.31372620028363
SAS,2012,7.23720359721905
SAS,2011,7.17458097714582
SAS,2010,7.16328861819797
SAS,2009,7.3628078548039
SAS,2008,7.29504082041586
SAS,2007,7.2019977638481
SAS,2006,7.16089355787342
SAS,2005,7.24801932806737
SAS,2004,7.30632128284372
SAS,2003,7.33330344756806
SAS,2002,7.34580672778149
SAS,2001,7.23245898235974
SAS,2000,7.17647475389305
TSA,2023,4.16220090187648
TSA,2022,4.86631704704624
TSA,2021,6.33048938390488
TSA,2020,7.62561175204578
TSA,2019,6.30644937347767
TSA,2018,7.28140399591901
TSA,2017,7.24969569674111
TSA,2016,7.25080318686175
TSA,2015,7.27349261228767
TSA,2014,7.29419854752289
TSA,2013,7.31372620028363
TSA,2012,7.23720359721905
TSA,2011,7.17458097714582
TSA,2010,7.16328861819797
TSA,2009,7.3628078548039
TSA,2008,7.29504082041586
TSA,2007,7.2019977638481
TSA,2006,7.16089355787342
TSA,2005,7.24801932806737
TSA,2004,7.30632128284372
TSA,2003,7.33330344756806
TSA,2002,7.34580672778149
TSA,2001,7.23245898235974
TSA,2000,7.17647475389305
SSF,2023,5.76152900751665
SSF,2022,6.08211610820712
SSF,2021,6.84750929089377
SSF,2020,6.65249326111529
SSF,2019,6.18089551293782
SSF,2018,6.03233771776817
SSF,2017,5.99391143462101
SSF,2016,5.86589334716284
SSF,2015,5.78723856454759
SSF,2014,5.62977664752398
SSF,2013,5.57489984928367
SSF,2012,5.8029961583218
SSF,2011,5.91593755883997
SSF,2010,5.94056421498979
SSF,2009,5.76570980698131
SSF,2008,5.71119279179789
SSF,2007,5.71458050648746
SSF,2006,5.75538288432853
SSF,2005,5.84614199165635
SSF,2004,5.94433087548822
SSF,2003,6.09002400306892
SSF,2002,6.15545043361504
SSF,2001,6.25911261802644
SSF,2000,6.35294746056262
SSA,2023,5.76152900751665
SSA,2022,6.08211610820711
SSA,2021,6.84750929089377
SSA,2020,6.65249326111529
SSA,2019,6.18089551293782
SSA,2018,6.03233771776817
SSA,2017,5.99391143462101
SSA,2016,5.86589334716284
SSA,2015,5.78723856454759
SSA,2014,5.62977664752398
SSA,2013,5.57489984928367
SSA,2012,5.8029961583218
SSA,2011,5.91593755883997
SSA,2010,5.94056421498979
SSA,2009,5.76570980698131
SSA,2008,5.71119279179789
SSA,2007,5.71458050648746
SSA,2006,5.75538288432854
SSA,2005,5.84614199165635
SSA,2004,5.94433087548822
SSA,2003,6.09002400306892
SSA,2002,6.15545043361504
SSA,2001,6.25911261802644
SSA,2000,6.35294746056262
TSS,2023,5.76152900751665
TSS,2022,6.08211610820711
TSS,2021,6.84750929089377
TSS,2020,6.65249326111529
TSS,2019,6.18089551293782
TSS,2018,6.03233771776817
TSS,2017,5.99391143462101
TSS,2016,5.86589334716284
TSS,2015,5.78723856454759
TSS,2014,5.62977664752398
TSS,2013,5.57489984928366
TSS,2012,5.8029961583218
TSS,2011,5.91593755883997
TSS,2010,5.94056421498979
TSS,2009,5.76570980698131
TSS,2008,5.71119279179789
TSS,2007,5.71458050648746
TSS,2006,5.75538288432854
TSS,2005,5.84614199165635
TSS,2004,5.94433087548822
TSS,2003,6.09002400306892
TSS,2002,6.15545043361504
TSS,2001,6.25911261802644
TSS,2000,6.35294746056262
WLD,2023,4.84991713588619
WLD,2022,5.23462796913747
WLD,2021,6.04556088000376
WLD,2020,6.58768935720693
WLD,2019,5.58847960382446
WLD,2018,5.7595415280045
WLD,2017,5.89802388961045
WLD,2016,5.97088327776689
WLD,2015,5.9985085966435
WLD,2014,5.9574710533091
WLD,2013,6.09934489950025
WLD,2012,6.15209851207895
WLD,2011,6.14906482504464
WLD,2010,6.28118787402205
WLD,2009,6.40956451671123
WLD,2008,5.82419029603435
WLD,2007,5.77491185936386
WLD,2006,5.97382359730159
WLD,2005,6.22399179620437
WLD,2004,6.32979745144597
WLD,2003,6.4840269461924
WLD,2002,6.41192315850576
WLD,2001,6.18991573511442
WLD,2000,6.11136985422602
AFG,2023,14.008
AFG,2022,14.1
AFG,2021,12.006
AFG,2020,11.71
AFG,2019,11.187
AFG,2018,11.192
AFG,2017,11.184
AFG,2016,10.116
AFG,2015,9.032
AFG,2014,7.915
AFG,2013,7.921
AFG,2012,7.875
AFG,2011,7.83
AFG,2010,7.809
AFG,2009,7.808
AFG,2008,7.879
AFG,2007,7.841
AFG,2006,7.897
AFG,2005,7.878
AFG,2004,7.794
AFG,2003,7.844
AFG,2002,7.867
AFG,2001,7.973
AFG,2000,7.897
ALB,2023,10.669
ALB,2022,10.785
ALB,2021,11.474
ALB,2020,11.639
ALB,2019,11.466
ALB,2018,12.304
ALB,2017,13.616
ALB,2016,15.418
ALB,2015,17.193
ALB,2014,18.055
ALB,2013,15.866
ALB,2012,13.376
ALB,2011,13.481
ALB,2010,14.086
ALB,2009,13.674
ALB,2008,13.06
ALB,2007,15.966
ALB,2006,15.626
ALB,2005,15.966
ALB,2004,16.306
ALB,2003,16.985
ALB,2002,17.891
ALB,2001,18.57
ALB,2000,19.023
DZA,2023,11.645
DZA,2022,12.382
DZA,2021,13.656
DZA,2020,14.08
DZA,2019,12.302
DZA,2018,12.112
DZA,2017,12.0
DZA,2016,10.202
DZA,2015,11.206
DZA,2014,10.207
DZA,2013,9.82
DZA,2012,10.97
DZA,2011,9.96
DZA,2010,9.96
DZA,2009,10.16
DZA,2008,11.33
DZA,2007,13.79
DZA,2006,12.27
DZA,2005,15.27
DZA,2004,17.65
DZA,2003,23.72
DZA,2002,25.9
DZA,2001,27.3
DZA,2000,29.77
ASM,2023,
ASM,2022,
ASM,2021,
ASM,2020,
ASM,2019,
ASM,2018,
ASM,2017,
ASM,2016,
ASM,2015,
ASM,2014,
ASM,2013,
ASM,2012,
ASM,2011,
ASM,2010,
ASM,2009,
ASM,2008,
ASM,2007,
ASM,2006,
ASM,2005,
ASM,2004,
ASM,2003,
ASM,2002,
ASM,2001,
ASM,2000,
AND,2023,
AND,2022,
AND,2021,
AND,2020,
AND,2019,
AND,2018,
AND,2017,
AND,2016,
AND,2015,
AND,2014,
AND,2013,
AND,2012,
AND,2011,
AND,2010,
AND,2009,
AND,2008,
AND,2007,
AND,2006,
AND,2005,
AND,2004,
AND,2003,
AND,2002,
AND,2001,
AND,2000,
AGO,2023,14.051
AGO,2022,14.124
AGO,2021,15.799
AGO,2020,16.696
AGO,2019,16.497
AGO,2018,16.602
AGO,2017,16.617
AGO,2016,16.572
AGO,2015,16.472
AGO,2014,16.372
AGO,2013,16.464
AGO,2012,16.539
AGO,2011,16.77
AGO,2010,16.595
AGO,2009,16.383
AGO,2008,16.152
AGO,2007,16.066
AGO,2006,16.123
AGO,2005,16.295
AGO,2004,16.313
AGO,2003,16.445
AGO,2002,16.432
AGO,2001,16.668
AGO,2000,16.646
ATG,2023,
ATG,2022,
ATG,2021,
ATG,2020,
ATG,2019,
ATG,2018,
ATG,2017,
ATG,2016,
ATG,2015,
ATG,2014,
ATG,2013,
ATG,2012,
ATG,2011,
ATG,2010,
ATG,2009,
ATG,2008,
ATG,2007,
ATG,2006,
ATG,2005,
ATG,2004,
ATG,2003,
ATG,2002,
ATG,2001,
ATG,2000,
ARG,2023,6.139
ARG,2022,6.805
ARG,2021,8.736
ARG,2020,11.461
ARG,2019,9.843
ARG,2018,9.22
ARG,2017,8.347
ARG,2016,8.088
ARG,2015,7.577
ARG,2014,7.268
ARG,2013,7.1
ARG,2012,7.217
ARG,2011,7.18
ARG,2010,7.714
ARG,2009,8.645
ARG,2008,7.837
ARG,2007,8.47
ARG,2006,10.078
ARG,2005,11.506
ARG,2004,13.522
ARG,2003,15.36
ARG,2002,19.59
ARG,2001,17.32
ARG,2000,15.0
ARM,2023,12.405
ARM,2022,13.451
ARM,2021,15.469
ARM,2020,18.175
ARM,2019,18.304
ARM,2018,18.966
ARM,2017,17.704
ARM,2016,17.617
ARM,2015,18.261
ARM,2014,17.498
ARM,2013,16.576
ARM,2012,17.511
ARM,2011,18.884
ARM,2010,19.523
ARM,2009,19.295
ARM,2008,17.1
ARM,2007,10.394
ARM,2006,10.497
ARM,2005,10.584
ARM,2004,10.676
ARM,2003,10.769
ARM,2002,10.888
ARM,2001,11.012
ARM,2000,11.107
ABW,2023,
ABW,2022,
ABW,2021,
ABW,2020,
ABW,2019,
ABW,2018,
ABW,2017,
ABW,2016,
ABW,2015,
ABW,2014,
ABW,2013,
ABW,2012,
ABW,2011,
ABW,2010,
ABW,2009,
ABW,2008,
ABW,2007,
ABW,2006,
ABW,2005,
ABW,2004,
ABW,2003,
ABW,2002,
ABW,2001,
ABW,2000,
AUS,2023,3.668
AUS,2022,3.728
AUS,2021,5.022
AUS,2020,6.394
AUS,2019,5.143
AUS,2018,5.345
AUS,2017,5.592
AUS,2016,5.711
AUS,2015,6.055
AUS,2014,6.078
AUS,2013,5.663
AUS,2012,5.225
AUS,2011,5.083
AUS,2010,5.214
AUS,2009,5.565
AUS,2008,4.242
AUS,2007,4.381
AUS,2006,4.785
AUS,2005,5.036
AUS,2004,5.399
AUS,2003,5.933
AUS,2002,6.375
AUS,2001,6.747
AUS,2000,6.288
AUT,2023,5.264
AUT,2022,4.992
AUT,2021,6.459
AUT,2020,5.201
AUT,2019,4.56
AUT,2018,4.933
AUT,2017,5.561
AUT,2016,6.064
AUT,2015,5.802
AUT,2014,5.674
AUT,2013,5.367
AUT,2012,4.909
AUT,2011,4.637
AUT,2010,4.883
AUT,2009,5.371
AUT,2008,4.198
AUT,2007,4.909
AUT,2006,5.32
AUT,2005,5.682
AUT,2004,5.969
AUT,2003,4.779
AUT,2002,4.852
AUT,2001,4.007
AUT,2000,4.687
AZE,2023,5.64
AZE,2022,5.65
AZE,2021,6.04
AZE,2020,7.24
AZE,2019,5.0
AZE,2018,4.9
AZE,2017,5.0
AZE,2016,5.0
AZE,2015,4.96
AZE,2014,4.91
AZE,2013,4.97
AZE,2012,5.19
AZE,2011,5.42
AZE,2010,5.63
AZE,2009,5.74
AZE,2008,5.86
AZE,2007,6.33
AZE,2006,6.62
AZE,2005,7.26
AZE,2004,7.99
AZE,2003,9.17
AZE,2002,10.04
AZE,2001,10.91
AZE,2000,11.78
BHS,2023,8.645
BHS,2022,9.25
BHS,2021,11.078
BHS,2020,12.016
BHS,2019,9.336
BHS,2018,10.0
BHS,2017,9.8
BHS,2016,12.7
BHS,2015,12.0
BHS,2014,13.8
BHS,2013,16.18
BHS,2012,14.02
BHS,2011,14.52
BHS,2010,14.435
BHS,2009,14.25
BHS,2008,8.18
BHS,2007,7.88
BHS,2006,7.54
BHS,2005,10.2
BHS,2004,10.2
BHS,2003,10.84
BHS,2002,9.05
BHS,2001,6.87
BHS,2000,7.118
BHR,2023,1.049
BHR,2022,1.265
BHR,2021,1.548
BHR,2020,1.765
BHR,2019,1.217
BHR,2018,1.188
BHR,2017,1.18
BHR,2016,1.19
BHR,2015,1.164
BHR,2014,1.144
BHR,2013,1.184
BHR,2012,1.2
BHR,2011,1.21
BHR,2010,1.13
BHR,2009,1.07
BHR,2008,1.015
BHR,2007,1.006
BHR,2006,1.021
BHR,2005,1.021
BHR,2004,1.064
BHR,2003,1.126
BHR,2002,1.137
BHR,2001,1.118
BHR,2000,1.081
BGD,2023,3.352
BGD,2022,4.593
BGD,2021,5.457
BGD,2020,5.539
BGD,2019,4.504
BGD,2018,4.439
BGD,2017,4.372
BGD,2016,4.35
BGD,2015,4.397
BGD,2014,4.417
BGD,2013,4.426
BGD,2012,4.07
BGD,2011,3.737
BGD,2010,3.379
BGD,2009,5.0
BGD,2008,4.49
BGD,2007,4.015
BGD,2006,3.591
BGD,2005,4.25
BGD,2004,4.316
BGD,2003,4.32
BGD,2002,3.966
BGD,2001,3.609
BGD,2000,3.27
BRB,2023,6.54
BRB,2022,7.261
BRB,2021,11.015
BRB,2020,10.586
BRB,2019,8.41
BRB,2018,8.321
BRB,2017,8.62
BRB,2016,8.247
BRB,2015,9.803
BRB,2014,12.17
BRB,2013,11.55
BRB,2012,11.59
BRB,2011,11.19
BRB,2010,10.69
BRB,2009,10.02
BRB,2008,8.12
BRB,2007,7.41
BRB,2006,8.73
BRB,2005,9.08
BRB,2004,9.57
BRB,2003,11.0
BRB,2002,10.32
BRB,2001,9.85
BRB,2000,9.35
BLR,2023,3.461
BLR,2022,3.574
BLR,2021,3.9
BLR,2020,4.049
BLR,2019,4.165
BLR,2018,4.763
BLR,2017,5.648
BLR,2016,5.844
BLR,2015,5.881
BLR,2014,5.908
BLR,2013,5.942
BLR,2012,5.962
BLR,2011,6.024
BLR,2010,6.052
BLR,2009,6.1
BLR,2008,6.728
BLR,2007,7.41
BLR,2006,8.066
BLR,2005,8.759
BLR,2004,9.463
BLR,2003,10.191
BLR,2002,10.874
BLR,2001,11.561
BLR,2000,12.193
BEL,2023,5.547
BEL,2022,5.57
BEL,2021,6.248
BEL,2020,5.545
BEL,2019,5.364
BEL,2018,5.941
BEL,2017,7.09
BEL,2016,7.83
BEL,2015,8.482
BEL,2014,8.523
BEL,2013,8.425
BEL,2012,7.542
BEL,2011,7.14
BEL,2010,8.293
BEL,2009,7.908
BEL,2008,6.976
BEL,2007,7.459
BEL,2006,8.246
BEL,2005,8.44
BEL,2004,7.363
BEL,2003,7.68
BEL,2002,6.91
BEL,2001,6.178
BEL,2000,6.586
BLZ,2023,8.278
BLZ,2022,8.682
BLZ,2021,10.302
BLZ,2020,10.763
BLZ,2019,9.053
BLZ,2018,9.346
BLZ,2017,6.596
BLZ,2016,7.0
BLZ,2015,7.578
BLZ,2014,8.244
BLZ,2013,8.349
BLZ,2012,8.378
BLZ,2011,8.424
BLZ,2010,8.412
BLZ,2009,8.323
BLZ,2008,8.18
BLZ,2007,8.51
BLZ,2006,9.39
BLZ,2005,10.91
BLZ,2004,10.586
BLZ,2003,10.342
BLZ,2002,10.04
BLZ,2001,9.07
BLZ,2000,10.841
BEN,2023,1.641
BEN,2022,1.685
BEN,2021,1.833
BEN,2020,1.518
BEN,2019,1.214
BEN,2018,1.426
BEN,2017,1.691
BEN,2016,1.834
BEN,2015,1.886
BEN,2014,1.952
BEN,2013,2.198
BEN,2012,2.458
BEN,2011,2.647
BEN,2010,1.04
BEN,2009,0.95
BEN,2008,0.895
BEN,2007,0.902
BEN,2006,0.888
BEN,2005,0.859
BEN,2004,0.79
BEN,2003,0.747
BEN,2002,0.69
BEN,2001,0.766
BEN,2000,0.864
BMU,2023,
BMU,2022,
BMU,2021,
BMU,2020,
BMU,2019,
BMU,2018,
BMU,2017,
BMU,2016,
BMU,2015,
BMU,2014,
BMU,2013,
BMU,2012,
BMU,2011,
BMU,2010,
BMU,2009,
BMU,2008,
BMU,2007,
BMU,2006,
BMU,2005,
BMU,2004,
BMU,2003,
BMU,2002,
BMU,2001,
BMU,2000,
BTN,2023,3.126
BTN,2022,5.947
BTN,2021,4.803
BTN,2020,5.03
BTN,2019,2.72
BTN,2018,3.35
BTN,2017,3.027
BTN,2016,2.707
BTN,2015,2.45
BTN,2014,2.63
BTN,2013,2.87
BTN,2012,2.05
BTN,2011,3.23
BTN,2010,3.32
BTN,2009,3.96
BTN,2008,3.848
BTN,2007,3.7
BTN,2006,3.13
BTN,2005,3.1
BTN,2004,2.49
BTN,2003,1.8
BTN,2002,1.854
BTN,2001,1.9
BTN,2000,1.655
BOL,2023,3.024
BOL,2022,3.552
BOL,2021,5.089
BOL,2020,7.903
BOL,2019,3.682
BOL,2018,3.519
BOL,2017,3.655
BOL,2016,3.498
BOL,2015,3.111
BOL,2014,2.021
BOL,2013,2.437
BOL,2012,2.066
BOL,2011,2.255
BOL,2010,2.609
BOL,2009,2.973
BOL,2008,2.603
BOL,2007,2.614
BOL,2006,2.575
BOL,2005,2.598
BOL,2004,2.615
BOL,2003,2.654
BOL,2002,2.603
BOL,2001,2.623
BOL,2000,2.439
BIH,2023,10.668
BIH,2022,12.657
BIH,2021,14.897
BIH,2020,15.868
BIH,2019,15.692
BIH,2018,18.4
BIH,2017,20.527
BIH,2016,25.408
BIH,2015,27.695
BIH,2014,27.517
BIH,2013,27.49
BIH,2012,28.01
BIH,2011,27.582
BIH,2010,27.312
BIH,2009,24.068
BIH,2008,23.405
BIH,2007,28.984
BIH,2006,31.11
BIH,2005,30.218
BIH,2004,29.279
BIH,2003,28.424
BIH,2002,27.477
BIH,2001,26.485
BIH,2000,25.446
BWA,2023,23.381
BWA,2022,23.615
BWA,2021,23.106
BWA,2020,21.017
BWA,2019,20.094
BWA,2018,19.665
BWA,2017,19.671
BWA,2016,19.328
BWA,2015,18.915
BWA,2014,18.484
BWA,2013,18.167
BWA,2012,17.916
BWA,2011,18.049
BWA,2010,17.86
BWA,2009,16.169
BWA,2008,16.293
BWA,2007,16.976
BWA,2006,17.782
BWA,2005,19.852
BWA,2004,21.755
BWA,2003,23.8
BWA,2002,21.277
BWA,2001,18.54
BWA,2000,15.88
BRA,2023,7.947
BRA,2022,9.231
BRA,2021,13.158
BRA,2020,13.697
BRA,2019,11.936
BRA,2018,12.329
BRA,2017,12.792
BRA,2016,11.58
BRA,2015,8.538
BRA,2014,6.755
BRA,2013,7.071
BRA,2012,7.251
BRA,2011,7.578
BRA,2010,8.42
BRA,2009,9.419
BRA,2008,8.268
BRA,2007,9.28
BRA,2006,9.692
BRA,2005,10.551
BRA,2004,10.072
BRA,2003,11.168
BRA,2002,10.641
BRA,2001,10.649
BRA,2000,10.889
VGB,2023,
VGB,2022,
VGB,2021,
VGB,2020,
VGB,2019,
VGB,2018,
VGB,2017,
VGB,2016,
VGB,2015,
VGB,2014,
VGB,2013,
VGB,2012,
VGB,2011,
VGB,2010,
VGB,2009,
VGB,2008,
VGB,2007,
VGB,2006,
VGB,2005,
VGB,2004,
VGB,2003,
VGB,2002,
VGB,2001,
VGB,2000,
BRN,2023,5.296
BRN,2022,5.191
BRN,2021,4.905
BRN,2020,7.409
BRN,2019,6.6
BRN,2018,8.7
BRN,2017,9.316
BRN,2016,8.537
BRN,2015,7.703
BRN,2014,6.862
BRN,2013,6.709
BRN,2012,6.571
BRN,2011,6.506
BRN,2010,6.487
BRN,2009,6.457
BRN,2008,6.312
BRN,2007,6.187
BRN,2006,6.061
BRN,2005,5.973
BRN,2004,5.847
BRN,2003,5.743
BRN,2002,5.652
BRN,2001,5.558
BRN,2000,5.53
BGR,2023,4.319
BGR,2022,4.148
BGR,2021,5.166
BGR,2020,5.037
BGR,2019,4.148
BGR,2018,5.211
BGR,2017,6.164
BGR,2016,7.575
BGR,2015,9.143
BGR,2014,11.424
BGR,2013,12.941
BGR,2012,12.27
BGR,2011,11.26
BGR,2010,10.279
BGR,2009,6.817
BGR,2008,5.609
BGR,2007,6.878
BGR,2006,8.951
BGR,2005,10.083
BGR,2004,12.037
BGR,2003,13.733
BGR,2002,18.11
BGR,2001,19.921
BGR,2000,16.218
BFA,2023,3.601
BFA,2022,3.828
BFA,2021,4.511
BFA,2020,4.59
BFA,2019,4.493
BFA,2018,4.695
BFA,2017,4.662
BFA,2016,4.598
BFA,2015,4.472
BFA,2014,4.255
BFA,2013,4.054
BFA,2012,3.849
BFA,2011,3.827
BFA,2010,3.725
BFA,2009,3.723
BFA,2008,3.501
BFA,2007,3.3
BFA,2006,3.67
BFA,2005,4.0
BFA,2004,3.48
BFA,2003,2.78
BFA,2002,2.862
BFA,2001,2.748
BFA,2000,2.687
BDI,2023,0.911
BDI,2022,0.909
BDI,2021,1.118
BDI,2020,1.03
BDI,2019,1.043
BDI,2018,1.147
BDI,2017,1.25
BDI,2016,1.352
BDI,2015,1.449
BDI,2014,1.572
BDI,2013,1.584
BDI,2012,1.593
BDI,2011,1.602
BDI,2010,1.615
BDI,2009,1.622
BDI,2008,1.634
BDI,2007,2.404
BDI,2006,3.185
BDI,2005,3.162
BDI,2004,3.177
BDI,2003,3.145
BDI,2002,3.168
BDI,2001,3.154
BDI,2000,3.137
CPV,2023,11.882
CPV,2022,12.239
CPV,2021,13.932
CPV,2020,14.65
CPV,2019,12.123
CPV,2018,12.17
CPV,2017,12.24
CPV,2016,12.085
CPV,2015,11.923
CPV,2014,11.689
CPV,2013,11.398
CPV,2012,11.145
CPV,2011,10.956
CPV,2010,10.67
CPV,2009,13.517
CPV,2008,13.307
CPV,2007,13.294
CPV,2006,13.378
CPV,2005,13.439
CPV,2004,13.456
CPV,2003,13.604
CPV,2002,13.379
CPV,2001,13.242
CPV,2000,13.024
KHM,2023,0.256
KHM,2022,0.245
KHM,2021,0.396
KHM,2020,0.172
KHM,2019,0.119
KHM,2018,0.129
KHM,2017,0.141
KHM,2016,0.716
KHM,2015,0.393
KHM,2014,0.692
KHM,2013,0.438
KHM,2012,0.505
KHM,2011,0.577
KHM,2010,0.771
KHM,2009,0.579
KHM,2008,0.825
KHM,2007,1.257
KHM,2006,1.16
KHM,2005,1.061
KHM,2004,1.004
KHM,2003,0.909
KHM,2002,0.862
KHM,2001,0.778
KHM,2000,0.745
CMR,2023,3.607
CMR,2022,3.646
CMR,2021,3.976
CMR,2020,3.881
CMR,2019,3.632
CMR,2018,3.608
CMR,2017,3.573
CMR,2016,3.529
CMR,2015,3.518
CMR,2014,3.534
CMR,2013,3.686
CMR,2012,3.836
CMR,2011,3.988
CMR,2010,4.11
CMR,2009,3.743
CMR,2008,3.386
CMR,2007,3.063
CMR,2006,3.729
CMR,2005,4.4
CMR,2004,5.087
CMR,2003,5.908
CMR,2002,6.711
CMR,2001,7.46
CMR,2000,7.533
CAN,2023,5.415
CAN,2022,5.279
CAN,2021,7.527
CAN,2020,9.657
CAN,2019,5.69
CAN,2018,5.837
CAN,2017,6.426
CAN,2016,7.038
CAN,2015,6.945
CAN,2014,7.023
CAN,2013,7.143
CAN,2012,7.392
CAN,2011,7.637
CAN,2010,8.178
CAN,2009,8.46
CAN,2008,6.284
CAN,2007,6.156
CAN,2006,6.484
CAN,2005,6.758
CAN,2004,7.185
CAN,2003,7.574
CAN,2002,7.665
CAN,2001,7.219
CAN,2000,6.829
CYM,2023,
CYM,2022,
CYM,2021,
CYM,2020,
CYM,2019,
CYM,2018,
CYM,2017,
CYM,2016,
CYM,2015,
CYM,2014,
CYM,2013,
CYM,2012,
CYM,2011,
CYM,2010,
CYM,2009,
CYM,2008,
CYM,2007,
CYM,2006,
CYM,2005,
CYM,2004,
CYM,2003,
CYM,2002,
CYM,2001,
CYM,2000,
CAF,2023,6.181
CAF,2022,6.287
CAF,2021,6.701
CAF,2020,6.519
CAF,2019,5.916
CAF,2018,5.825
CAF,2017,5.836
CAF,2016,5.793
CAF,2015,5.775
CAF,2014,5.633
CAF,2013,5.566
CAF,2012,5.58
CAF,2011,5.638
CAF,2010,5.658
CAF,2009,5.575
CAF,2008,5.51
CAF,2007,5.562
CAF,2006,5.61
CAF,2005,5.691
CAF,2004,5.729
CAF,2003,5.809
CAF,2002,5.809
CAF,2001,5.77
CAF,2000,5.722
TCD,2023,1.059
TCD,2022,1.081
TCD,2021,1.53
TCD,2020,1.695
TCD,2019,1.077
TCD,2018,1.135
TCD,2017,1.132
TCD,2016,1.091
TCD,2015,1.032
TCD,2014,0.984
TCD,2013,0.955
TCD,2012,0.886
TCD,2011,0.92
TCD,2010,0.911
TCD,2009,0.943
TCD,2008,0.922
TCD,2007,0.839
TCD,2006,0.716
TCD,2005,0.663
TCD,2004,0.672
TCD,2003,0.725
TCD,2002,0.769
TCD,2001,0.792
TCD,2000,0.796
CHI,2023,5.928
CHI,2022,5.923
CHI,2021,6.643
CHI,2020,6.633
CHI,2019,6.185
CHI,2018,6.344
CHI,2017,6.881
CHI,2016,7.469
CHI,2015,7.928
CHI,2014,8.319
CHI,2013,8.572
CHI,2012,8.028
CHI,2011,7.244
CHI,2010,7.024
CHI,2009,6.674
CHI,2008,5.295
CHI,2007,5.23
CHI,2006,5.571
CHI,2005,5.833
CHI,2004,5.848
CHI,2003,5.644
CHI,2002,5.313
CHI,2001,5.041
CHI,2000,5.351
CHL,2023,9.013
CHL,2022,8.249
CHL,2021,9.281
CHL,2020,10.934
CHL,2019,7.493
CHL,2018,7.623
CHL,2017,7.257
CHL,2016,6.926
CHL,2015,6.605
CHL,2014,6.761
CHL,2013,6.361
CHL,2012,6.79
CHL,2011,7.492
CHL,2010,8.547
CHL,2009,11.313
CHL,2008,9.285
CHL,2007,8.427
CHL,2006,9.024
CHL,2005,9.34
CHL,2004,10.162
CHL,2003,9.765
CHL,2002,10.168
CHL,2001,10.39
CHL,2000,10.491
CHN,2023,4.67
CHN,2022,4.98
CHN,2021,4.55
CHN,2020,5.0
CHN,2019,4.56
CHN,2018,4.31
CHN,2017,4.47
CHN,2016,4.56
CHN,2015,4.65
CHN,2014,4.63
CHN,2013,4.6
CHN,2012,4.58
CHN,2011,4.55
CHN,2010,4.53
CHN,2009,4.72
CHN,2008,4.59
CHN,2007,4.35
CHN,2006,4.43
CHN,2005,4.52
CHN,2004,4.49
CHN,2003,4.58
CHN,2002,4.24
CHN,2001,3.8
CHN,2000,3.26
COL,2023,9.591
COL,2022,10.541
COL,2021,13.898
COL,2020,15.983
COL,2019,10.28
COL,2018,9.36
COL,2017,9.086
COL,2016,8.922
COL,2015,8.572
COL,2014,8.799
COL,2013,9.246
COL,2012,9.959
COL,2011,10.288
COL,2010,11.153
COL,2009,12.066
COL,2008,11.273
COL,2007,11.204
COL,2006,11.088
COL,2005,11.062
COL,2004,13.717
COL,2003,13.221
COL,2002,14.481
COL,2001,15.04
COL,2000,20.52
COM,2023,3.833
COM,2022,3.879
COM,2021,4.394
COM,2020,4.468
COM,2019,3.926
COM,2018,3.975
COM,2017,4.049
COM,2016,4.117
COM,2015,4.031
COM,2014,3.984
COM,2013,3.98
COM,2012,4.091
COM,2011,4.12
COM,2010,4.19
COM,2009,4.303
COM,2008,4.416
COM,2007,4.474
COM,2006,4.482
COM,2005,4.527
COM,2004,4.571
COM,2003,4.559
COM,2002,4.372
COM,2001,4.379
COM,2000,4.4
COD,2023,4.469
COD,2022,4.54
COD,2021,5.289
COD,2020,5.355
COD,2019,4.605
COD,2018,4.632
COD,2017,4.613
COD,2016,4.528
COD,2015,4.441
COD,2014,4.436
COD,2013,4.469
COD,2012,4.485
COD,2011,4.317
COD,2010,4.098
COD,2009,3.882
COD,2008,3.627
COD,2007,3.404
COD,2006,3.174
COD,2005,2.948
COD,2004,2.976
COD,2003,3.057
COD,2002,3.179
COD,2001,3.251
COD,2000,3.245
COG,2023,19.919
COG,2022,20.131
COG,2021,21.998
COG,2020,22.286
COG,2019,20.494
COG,2018,20.84
COG,2017,20.737
COG,2016,20.298
COG,2015,20.02
COG,2014,19.696
COG,2013,19.845
COG,2012,19.491
COG,2011,19.435
COG,2010,19.3
COG,2009,19.844
COG,2008,19.962
COG,2007,19.909
COG,2006,19.563
COG,2005,19.796
COG,2004,19.896
COG,2003,19.877
COG,2002,19.644
COG,2001,19.88
COG,2000,19.872
CRI,2023,8.325
CRI,2022,11.325
CRI,2021,15.139
CRI,2020,16.432
CRI,2019,10.807
CRI,2018,9.01
CRI,2017,7.729
CRI,2016,8.085
CRI,2015,8.415
CRI,2014,8.499
CRI,2013,8.218
CRI,2012,9.11
CRI,2011,9.518
CRI,2010,7.171
CRI,2009,7.824
CRI,2008,4.934
CRI,2007,4.557
CRI,2006,5.926
CRI,2005,6.749
CRI,2004,6.445
CRI,2003,6.654
CRI,2002,6.396
CRI,2001,6.051
CRI,2000,5.08
CIV,2023,2.263
CIV,2022,2.31
CIV,2021,2.623
CIV,2020,2.588
CIV,2019,2.401
CIV,2018,2.852
CIV,2017,3.272
CIV,2016,1.896
CIV,2015,2.573
CIV,2014,3.274
CIV,2013,4.255
CIV,2012,7.223
CIV,2011,7.144
CIV,2010,6.607
CIV,2009,6.573
CIV,2008,6.382
CIV,2007,6.284
CIV,2006,6.017
CIV,2005,6.023
CIV,2004,5.915
CIV,2003,5.847
CIV,2002,5.508
CIV,2001,5.195
CIV,2000,4.835
HRV,2023,6.121
HRV,2022,6.811
HRV,2021,7.483
HRV,2020,7.389
HRV,2019,6.551
HRV,2018,8.322
HRV,2017,11.078
HRV,2016,13.015
HRV,2015,16.15
HRV,2014,17.209
HRV,2013,17.231
HRV,2012,16.046
HRV,2011,13.678
HRV,2010,11.62
HRV,2009,9.202
HRV,2008,8.53
HRV,2007,9.909
HRV,2006,11.13
HRV,2005,12.598
HRV,2004,13.664
HRV,2003,13.924
HRV,2002,15.053
HRV,2001,15.822
HRV,2000,16.064
CUB,2023,1.73
CUB,2022,1.829
CUB,2021,2.11
CUB,2020,2.233
CUB,2019,1.705
CUB,2018,1.7
CUB,2017,1.7
CUB,2016,2.0
CUB,2015,2.4
CUB,2014,2.7
CUB,2013,3.29
CUB,2012,3.46
CUB,2011,3.18
CUB,2010,2.5
CUB,2009,1.67
CUB,2008,1.583
CUB,2007,1.788
CUB,2006,1.913
CUB,2005,1.95
CUB,2004,1.854
CUB,2003,2.33
CUB,2002,3.31
CUB,2001,4.08
CUB,2000,5.45
CUW,2023,
CUW,2022,
CUW,2021,
CUW,2020,
CUW,2019,
CUW,2018,
CUW,2017,
CUW,2016,
CUW,2015,
CUW,2014,
CUW,2013,
CUW,2012,
CUW,2011,
CUW,2010,
CUW,2009,
CUW,2008,
CUW,2007,
CUW,2006,
CUW,2005,
CUW,2004,
CUW,2003,
CUW,2002,
CUW,2001,
CUW,2000,
CYP,2023,5.835
CYP,2022,6.806
CYP,2021,7.513
CYP,2020,7.755
CYP,2019,7.155
CYP,2018,8.504
CYP,2017,11.155
CYP,2016,13.006
CYP,2015,15.026
CYP,2014,16.277
CYP,2013,16.131
CYP,2012,12.097
CYP,2011,7.942
CYP,2010,6.359
CYP,2009,5.594
CYP,2008,3.756
CYP,2007,3.946
CYP,2006,4.593
CYP,2005,5.481
CYP,2004,4.77
CYP,2003,4.153
CYP,2002,3.336
CYP,2001,4.043
CYP,2000,4.766
CZE,2023,2.579
CZE,2022,2.224
CZE,2021,2.803
CZE,2020,2.55
CZE,2019,2.015
CZE,2018,2.246
CZE,2017,2.893
CZE,2016,3.952
CZE,2015,5.048
CZE,2014,6.108
CZE,2013,6.953
CZE,2012,6.979
CZE,2011,6.712
CZE,2010,7.281
CZE,2009,6.662
CZE,2008,4.392
CZE,2007,5.316
CZE,2006,7.141
CZE,2005,7.927
CZE,2004,8.298
CZE,2003,7.777
CZE,2002,7.28
CZE,2001,8.128
CZE,2000,8.764
DNK,2023,5.094
DNK,2022,4.434
DNK,2021,5.065
DNK,2020,5.644
DNK,2019,5.018
DNK,2018,5.131
DNK,2017,5.833
DNK,2016,5.989
DNK,2015,6.278
DNK,2014,6.925
DNK,2013,7.384
DNK,2012,7.798
DNK,2011,7.769
DNK,2010,7.746
DNK,2009,6.409
DNK,2008,3.683
DNK,2007,3.801
DNK,2006,3.897
DNK,2005,4.83
DNK,2004,5.204
DNK,2003,5.398
DNK,2002,4.274
DNK,2001,4.164
DNK,2000,4.476
DJI,2023,26.074
DJI,2022,26.272
DJI,2021,27.628
DJI,2020,27.701
DJI,2019,26.257
DJI,2018,26.18
DJI,2017,26.064
DJI,2016,25.982
DJI,2015,26.063
DJI,2014,26.16
DJI,2013,26.149
DJI,2012,26.179
DJI,2011,26.31
DJI,2010,26.368
DJI,2009,26.325
DJI,2008,26.183
DJI,2007,26.292
DJI,2006,26.382
DJI,2005,26.448
DJI,2004,26.441
DJI,2003,26.484
DJI,2002,26.589
DJI,2001,26.597
DJI,2000,26.664
DMA,2023,
DMA,2022,
DMA,2021,
DMA,2020,
DMA,2019,
DMA,2018,
DMA,2017,
DMA,2016,
DMA,2015,
DMA,2014,
DMA,2013,
DMA,2012,
DMA,2011,
DMA,2010,
DMA,2009,
DMA,2008,
DMA,2007,
DMA,2006,
DMA,2005,
DMA,2004,
DMA,2003,
DMA,2002,
DMA,2001,
DMA,2000,
DOM,2023,5.555
DOM,2022,5.504
DOM,2021,7.702
DOM,2020,6.126
DOM,2019,6.356
DOM,2018,5.861
DOM,2017,5.832
DOM,2016,7.284
DOM,2015,7.605
DOM,2014,6.719
DOM,2013,7.351
DOM,2012,6.722
DOM,2011,6.087
DOM,2010,5.212
DOM,2009,5.467
DOM,2008,4.764
DOM,2007,5.158
DOM,2006,5.654
DOM,2005,6.587
DOM,2004,6.303
DOM,2003,6.938
DOM,2002,6.779
DOM,2001,7.262
DOM,2000,6.432
ECU,2023,3.51
ECU,2022,3.713
ECU,2021,4.504
ECU,2020,6.116
ECU,2019,3.812
ECU,2018,3.53
ECU,2017,3.836
ECU,2016,4.597
ECU,2015,3.616
ECU,2014,3.48
ECU,2013,3.083
ECU,2012,3.235
ECU,2011,3.458
ECU,2010,4.088
ECU,2009,4.608
ECU,2008,3.917
ECU,2007,3.142
ECU,2006,3.55
ECU,2005,3.779
ECU,2004,5.002
ECU,2003,5.662
ECU,2002,4.825
ECU,2001,4.252
ECU,2000,4.8
EGY,2023,6.753
EGY,2022,6.546
EGY,2021,7.441
EGY,2020,7.974
EGY,2019,7.851
EGY,2018,9.855
EGY,2017,11.767
EGY,2016,12.45
EGY,2015,13.052
EGY,2014,13.105
EGY,2013,13.154
EGY,2012,12.597
EGY,2011,11.849
EGY,2010,8.757
EGY,2009,9.087
EGY,2008,8.517
EGY,2007,8.8
EGY,2006,10.49
EGY,2005,11.049
EGY,2004,10.32
EGY,2003,10.91
EGY,2002,10.01
EGY,2001,9.26
EGY,2000,8.98
SLV,2023,2.992
SLV,2022,2.999
SLV,2021,4.327
SLV,2020,5.008
SLV,2019,4.17
SLV,2018,4.006
SLV,2017,4.385
SLV,2016,4.418
SLV,2015,3.998
SLV,2014,4.154
SLV,2013,3.693
SLV,2012,3.843
SLV,2011,4.297
SLV,2010,4.893
SLV,2009,7.33
SLV,2008,5.88
SLV,2007,6.41
SLV,2006,6.57
SLV,2005,7.22
SLV,2004,6.8
SLV,2003,6.9
SLV,2002,6.2
SLV,2001,6.96
SLV,2000,6.96
GNQ,2023,8.218
GNQ,2022,8.334
GNQ,2021,8.821
GNQ,2020,8.625
GNQ,2019,7.917
GNQ,2018,7.818
GNQ,2017,7.843
GNQ,2016,7.798
GNQ,2015,7.778
GNQ,2014,7.669
GNQ,2013,7.675
GNQ,2012,7.761
GNQ,2011,7.837
GNQ,2010,7.847
GNQ,2009,7.702
GNQ,2008,7.571
GNQ,2007,7.592
GNQ,2006,7.612
GNQ,2005,7.667
GNQ,2004,7.658
GNQ,2003,7.701
GNQ,2002,7.646
GNQ,2001,7.551
GNQ,2000,7.444
ERI,2023,5.909
ERI,2022,6.033
ERI,2021,6.489
ERI,2020,6.375
ERI,2019,5.812
ERI,2018,5.756
ERI,2017,5.804
ERI,2016,5.772
ERI,2015,5.751
ERI,2014,5.637
ERI,2013,5.624
ERI,2012,5.692
ERI,2011,5.801
ERI,2010,5.854
ERI,2009,5.757
ERI,2008,5.683
ERI,2007,5.719
ERI,2006,5.707
ERI,2005,5.721
ERI,2004,5.704
ERI,2003,5.79
ERI,2002,5.794
ERI,2001,5.74
ERI,2000,5.656
EST,2023,6.378
EST,2022,5.571
EST,2021,6.178
EST,2020,6.956
EST,2019,4.514
EST,2018,5.412
EST,2017,5.807
EST,2016,6.882
EST,2015,6.412
EST,2014,7.352
EST,2013,8.631
EST,2012,10.021
EST,2011,12.328
EST,2010,16.707
EST,2009,13.548
EST,2008,5.455
EST,2007,4.592
EST,2006,5.915
EST,2005,8.033
EST,2004,10.248
EST,2003,11.288
EST,2002,10.026
EST,2001,13.134
EST,2000,13.36
SWZ,2023,34.61
SWZ,2022,36.472
SWZ,2021,34.153
SWZ,2020,32.978
SWZ,2019,28.222
SWZ,2018,26.471
SWZ,2017,24.543
SWZ,2016,22.718
SWZ,2015,23.431
SWZ,2014,23.931
SWZ,2013,24.556
SWZ,2012,25.226
SWZ,2011,26.105
SWZ,2010,26.856
SWZ,2009,27.488
SWZ,2008,27.891
SWZ,2007,28.24
SWZ,2006,27.693
SWZ,2005,27.221
SWZ,2004,26.716
SWZ,2003,26.259
SWZ,2002,25.771
SWZ,2001,25.24
SWZ,2000,24.547
ETH,2023,3.375
ETH,2022,3.386
ETH,2021,3.935
ETH,2020,3.998
ETH,2019,2.928
ETH,2018,2.811
ETH,2017,2.665
ETH,2016,2.556
ETH,2015,2.442
ETH,2014,2.361
ETH,2013,2.251
ETH,2012,2.252
ETH,2011,2.27
ETH,2010,2.295
ETH,2009,2.326
ETH,2008,2.326
ETH,2007,2.337
ETH,2006,2.337
ETH,2005,2.497
ETH,2004,2.776
ETH,2003,3.008
ETH,2002,3.054
ETH,2001,3.16
ETH,2000,3.499
FRO,2023,
FRO,2022,
FRO,2021,
FRO,2020,
FRO,2019,
FRO,2018,
FRO,2017,
FRO,2016,
FRO,2015,
FRO,2014,
FRO,2013,
FRO,2012,
FRO,2011,
FRO,2010,
FRO,2009,
FRO,2008,
FRO,2007,
FRO,2006,
FRO,2005,
FRO,2004,
FRO,2003,
FRO,2002,
FRO,2001,
FRO,2000,
FJI,2023,5.316
FJI,2022,5.403
FJI,2021,5.225
FJI,2020,5.054
FJI,2019,4.661
FJI,2018,4.523
FJI,2017,4.418
FJI,2016,4.319
FJI,2015,4.288
FJI,2014,4.323
FJI,2013,4.356
FJI,2012,4.375
FJI,2011,4.406
FJI,2010,4.345
FJI,2009,4.309
FJI,2008,4.187
FJI,2007,4.109
FJI,2006,3.957
FJI,2005,3.886
FJI,2004,4.7
FJI,2003,4.74
FJI,2002,4.772
FJI,2001,4.692
FJI,2000,4.697
FIN,2023,7.149
FIN,2022,6.719
FIN,2021,7.617
FIN,2020,7.759
FIN,2019,6.695
FIN,2018,7.361
FIN,2017,8.64
FIN,2016,8.818
FIN,2015,9.376
FIN,2014,8.663
FIN,2013,8.193
FIN,2012,7.689
FIN,2011,7.781
FIN,2010,8.394
FIN,2009,8.249
FIN,2008,6.369
FIN,2007,6.854
FIN,2006,8.935
FIN,2005,9.602
FIN,2004,10.358
FIN,2003,10.469
FIN,2002,10.423
FIN,2001,10.29
FIN,2000,11.134
FRA,2023,7.335
FRA,2022,7.303
FRA,2021,7.871
FRA,2020,8.009
FRA,2019,8.415
FRA,2018,9.018
FRA,2017,9.409
FRA,2016,10.057
FRA,2015,10.354
FRA,2014,10.273
FRA,2013,9.913
FRA,2012,9.841
FRA,2011,9.228
FRA,2010,9.279
FRA,2009,9.122
FRA,2008,7.386
FRA,2007,8.008
FRA,2006,8.832
FRA,2005,8.882
FRA,2004,8.914
FRA,2003,8.306
FRA,2002,8.702
FRA,2001,8.61
FRA,2000,10.218
PYF,2023,11.613
PYF,2022,11.793
PYF,2021,12.558
PYF,2020,12.963
PYF,2019,11.591
PYF,2018,11.599
PYF,2017,11.595
PYF,2016,11.727
PYF,2015,11.794
PYF,2014,11.894
PYF,2013,12.027
PYF,2012,12.134
PYF,2011,12.257
PYF,2010,12.133
PYF,2009,11.963
PYF,2008,11.76
PYF,2007,11.74
PYF,2006,11.768
PYF,2005,11.722
PYF,2004,11.702
PYF,2003,11.751
PYF,2002,11.71
PYF,2001,11.665
PYF,2000,11.583
GAB,2023,20.161
GAB,2022,20.319
GAB,2021,21.223
GAB,2020,21.279
GAB,2019,20.371
GAB,2018,20.459
GAB,2017,20.307
GAB,2016,20.117
GAB,2015,19.943
GAB,2014,19.873
GAB,2013,19.736
GAB,2012,19.661
GAB,2011,19.895
GAB,2010,20.39
GAB,2009,19.76
GAB,2008,19.212
GAB,2007,18.257
GAB,2006,17.805
GAB,2005,16.91
GAB,2004,17.108
GAB,2003,17.126
GAB,2002,17.376
GAB,2001,17.827
GAB,2000,17.848
GMB,2023,6.479
GMB,2022,6.067
GMB,2021,6.213
GMB,2020,5.84
GMB,2019,4.481
GMB,2018,4.055
GMB,2017,5.097
GMB,2016,6.244
GMB,2015,7.226
GMB,2014,8.191
GMB,2013,9.454
GMB,2012,10.346
GMB,2011,10.276
GMB,2010,9.673
GMB,2009,9.778
GMB,2008,10.065
GMB,2007,10.425
GMB,2006,10.241
GMB,2005,9.92
GMB,2004,9.948
GMB,2003,9.991
GMB,2002,10.039
GMB,2001,9.64
GMB,2000,9.722
GEO,2023,11.549
GEO,2022,11.621
GEO,2021,11.785
GEO,2020,11.734
GEO,2019,11.565
GEO,2018,12.667
GEO,2017,13.939
GEO,2016,16.604
GEO,2015,16.506
GEO,2014,17.439
GEO,2013,19.416
GEO,2012,19.653
GEO,2011,19.632
GEO,2010,20.203
GEO,2009,20.71
GEO,2008,17.87
GEO,2007,13.28
GEO,2006,13.57
GEO,2005,13.81
GEO,2004,12.62
GEO,2003,11.51
GEO,2002,12.59
GEO,2001,11.16
GEO,2000,10.82
DEU,2023,3.071
DEU,2022,3.137
DEU,2021,3.594
DEU,2020,3.881
DEU,2019,3.163
DEU,2018,3.384
DEU,2017,3.781
DEU,2016,4.104
DEU,2015,4.612
DEU,2014,4.979
DEU,2013,5.316
DEU,2012,5.372
DEU,2011,5.967
DEU,2010,7.043
DEU,2009,7.88
DEU,2008,7.508
DEU,2007,8.732
DEU,2006,10.277
DEU,2005,11.193
DEU,2004,10.727
DEU,2003,9.779
DEU,2002,8.482
DEU,2001,7.773
DEU,2000,7.917
GHA,2023,2.829
GHA,2022,2.87
GHA,2021,3.2
GHA,2020,3.178
GHA,2019,3.067
GHA,2018,3.204
GHA,2017,3.369
GHA,2016,5.256
GHA,2015,6.806
GHA,2014,4.403
GHA,2013,2.173
GHA,2012,3.126
GHA,2011,4.213
GHA,2010,5.384
GHA,2009,5.362
GHA,2008,5.144
GHA,2007,5.104
GHA,2006,4.897
GHA,2005,5.816
GHA,2004,6.758
GHA,2003,7.728
GHA,2002,8.711
GHA,2001,9.615
GHA,2000,10.456
GIB,2023,
GIB,2022,
GIB,2021,
GIB,2020,
GIB,2019,
GIB,2018,
GIB,2017,
GIB,2016,
GIB,2015,
GIB,2014,
GIB,2013,
GIB,2012,
GIB,2011,
GIB,2010,
GIB,2009,
GIB,2008,
GIB,2007,
GIB,2006,
GIB,2005,
GIB,2004,
GIB,2003,
GIB,2002,
GIB,2001,
GIB,2000,
GRC,2023,11.023
GRC,2022,12.426
GRC,2021,14.656
GRC,2020,15.899
GRC,2019,17.045
GRC,2018,19.179
GRC,2017,21.413
GRC,2016,23.514
GRC,2015,24.981
GRC,2014,26.708
GRC,2013,27.686
GRC,2012,24.731
GRC,2011,17.973
GRC,2010,12.719
GRC,2009,9.546
GRC,2008,7.664
GRC,2007,8.351
GRC,2006,8.906
GRC,2005,10.074
GRC,2004,10.628
GRC,2003,9.839
GRC,2002,10.346
GRC,2001,10.764
GRC,2000,11.345
GRL,2023,
GRL,2022,
GRL,2021,
GRL,2020,
GRL,2019,
GRL,2018,
GRL,2017,
GRL,2016,
GRL,2015,
GRL,2014,
GRL,2013,
GRL,2012,
GRL,2011,
GRL,2010,
GRL,2009,
GRL,2008,
GRL,2007,
GRL,2006,
GRL,2005,
GRL,2004,
GRL,2003,
GRL,2002,
GRL,2001,
GRL,2000,
GRD,2023,
GRD,2022,
GRD,2021,
GRD,2020,
GRD,2019,
GRD,2018,
GRD,2017,
GRD,2016,
GRD,2015,
GRD,2014,
GRD,2013,
GRD,2012,
GRD,2011,
GRD,2010,
GRD,2009,
GRD,2008,
GRD,2007,
GRD,2006,
GRD,2005,
GRD,2004,
GRD,2003,
GRD,2002,
GRD,2001,
GRD,2000,
GUM,2023,5.262
GUM,2022,5.383
GUM,2021,6.0
GUM,2020,6.241
GUM,2019,5.405
GUM,2018,5.45
GUM,2017,5.418
GUM,2016,5.4
GUM,2015,6.9
GUM,2014,7.6
GUM,2013,11.5
GUM,2012,12.2
GUM,2011,13.3
GUM,2010,8.2
GUM,2009,9.3
GUM,2008,8.892
GUM,2007,8.3
GUM,2006,7.4
GUM,2005,7.0
GUM,2004,7.7
GUM,2003,9.693
GUM,2002,11.39
GUM,2001,13.213
GUM,2000,15.32
GTM,2023,2.344
GTM,2022,3.051
GTM,2021,2.174
GTM,2020,2.965
GTM,2019,2.193
GTM,2018,2.283
GTM,2017,2.462
GTM,2016,2.583
GTM,2015,2.506
GTM,2014,2.717
GTM,2013,3.017
GTM,2012,2.765
GTM,2011,3.169
GTM,2010,3.497
GTM,2009,3.22
GTM,2008,2.898
GTM,2007,2.847
GTM,2006,2.96
GTM,2005,3.059
GTM,2004,2.971
GTM,2003,2.807
GTM,2002,2.254
GTM,2001,2.251
GTM,2000,2.143
GIN,2023,5.141
GIN,2022,5.174
GIN,2021,5.815
GIN,2020,6.007
GIN,2019,5.018
GIN,2018,4.835
GIN,2017,4.86
GIN,2016,4.997
GIN,2015,5.15
GIN,2014,5.044
GIN,2013,4.944
GIN,2012,4.874
GIN,2011,5.024
GIN,2010,5.018
GIN,2009,4.914
GIN,2008,4.803
GIN,2007,4.787
GIN,2006,4.863
GIN,2005,4.814
GIN,2004,4.709
GIN,2003,4.628
GIN,2002,4.549
GIN,2001,4.584
GIN,2000,4.586
GNB,2023,2.632
GNB,2022,2.666
GNB,2021,3.016
GNB,2020,2.887
GNB,2019,2.413
GNB,2018,3.127
GNB,2017,3.089
GNB,2016,3.139
GNB,2015,3.168
GNB,2014,3.285
GNB,2013,3.173
GNB,2012,3.135
GNB,2011,3.072
GNB,2010,3.121
GNB,2009,3.163
GNB,2008,3.157
GNB,2007,3.125
GNB,2006,3.143
GNB,2005,3.184
GNB,2004,3.226
GNB,2003,3.169
GNB,2002,3.146
GNB,2001,2.958
GNB,2000,3.358
GUY,2023,11.917
GUY,2022,11.907
GUY,2021,14.576
GUY,2020,15.308
GUY,2019,13.172
GUY,2018,13.627
GUY,2017,13.466
GUY,2016,13.263
GUY,2015,13.009
GUY,2014,12.637
GUY,2013,12.296
GUY,2012,12.029
GUY,2011,11.811
GUY,2010,11.632
GUY,2009,11.307
GUY,2008,11.018
GUY,2007,10.84
GUY,2006,10.7
GUY,2005,11.085
GUY,2004,11.281
GUY,2003,11.529
GUY,2002,11.81
GUY,2001,11.796
GUY,2000,11.917
HTI,2023,14.459
HTI,2022,14.54
HTI,2021,15.296
HTI,2020,15.573
HTI,2019,14.095
HTI,2018,13.934
HTI,2017,13.932
HTI,2016,13.902
HTI,2015,13.785
HTI,2014,13.808
HTI,2013,13.704
HTI,2012,14.1
HTI,2011,14.506
HTI,2010,15.244
HTI,2009,15.398
HTI,2008,16.204
HTI,2007,16.8
HTI,2006,15.866
HTI,2005,14.559
HTI,2004,13.415
HTI,2003,12.151
HTI,2002,11.008
HTI,2001,9.728
HTI,2000,8.443
HND,2023,6.07
HND,2022,8.774
HND,2021,8.506
HND,2020,10.982
HND,2019,5.698
HND,2018,5.648
HND,2017,5.528
HND,2016,6.727
HND,2015,6.147
HND,2014,7.078
HND,2013,5.646
HND,2012,3.755
HND,2011,4.474
HND,2010,4.119
HND,2009,3.292
HND,2008,3.156
HND,2007,3.211
HND,2006,3.574
HND,2005,4.909
HND,2004,5.99
HND,2003,5.3
HND,2002,4.02
HND,2001,4.0
HND,2000,3.883
HKG,2023,2.949
HKG,2022,4.318
HKG,2021,5.174
HKG,2020,5.808
HKG,2019,2.917
HKG,2018,2.805
HKG,2017,3.124
HKG,2016,3.392
HKG,2015,3.314
HKG,2014,3.296
HKG,2013,3.4
HKG,2012,3.285
HKG,2011,3.422
HKG,2010,4.329
HKG,2009,5.26
HKG,2008,3.56
HKG,2007,4.01
HKG,2006,4.77
HKG,2005,5.58
HKG,2004,6.74
HKG,2003,7.86
HKG,2002,7.28
HKG,2001,5.09
HKG,2000,4.92
HUN,2023,4.096
HUN,2022,3.583
HUN,2021,4.021
HUN,2020,4.248
HUN,2019,3.411
HUN,2018,3.667
HUN,2017,4.156
HUN,2016,5.115
HUN,2015,6.813
HUN,2014,7.725
HUN,2013,10.177
HUN,2012,11.003
HUN,2011,11.029
HUN,2010,11.172
HUN,2009,10.03
HUN,2008,7.817
HUN,2007,7.406
HUN,2006,7.494
HUN,2005,7.189
HUN,2004,5.832
HUN,2003,5.79
HUN,2002,5.608
HUN,2001,5.671
HUN,2000,6.563
ISL,2023,3.518
ISL,2022,3.789
ISL,2021,6.029
ISL,2020,5.478
ISL,2019,3.507
ISL,2018,2.704
ISL,2017,2.742
ISL,2016,2.978
ISL,2015,3.979
ISL,2014,4.897
ISL,2013,5.376
ISL,2012,6.0
ISL,2011,7.028
ISL,2010,7.564
ISL,2009,7.22
ISL,2008,2.946
ISL,2007,2.251
ISL,2006,2.83
ISL,2005,2.547
ISL,2004,4.031
ISL,2003,3.997
ISL,2002,2.988
ISL,2001,1.874
ISL,2000,1.936
IND,2023,4.172
IND,2022,4.822
IND,2021,6.38
IND,2020,7.859
IND,2019,6.51
IND,2018,7.652
IND,2017,7.626
IND,2016,7.611
IND,2015,7.629
IND,2014,7.656
IND,2013,7.678
IND,2012,7.645
IND,2011,7.609
IND,2010,7.631
IND,2009,7.636
IND,2008,7.629
IND,2007,7.562
IND,2006,7.553
IND,2005,7.551
IND,2004,7.598
IND,2003,7.633
IND,2002,7.681
IND,2001,7.611
IND,2000,7.589
IDN,2023,3.308
IDN,2022,3.462
IDN,2021,3.827
IDN,2020,4.255
IDN,2019,3.59
IDN,2018,4.387
IDN,2017,3.783
IDN,2016,4.301
IDN,2015,4.514
IDN,2014,4.049
IDN,2013,4.336
IDN,2012,4.468
IDN,2011,5.153
IDN,2010,5.614
IDN,2009,6.106
IDN,2008,7.208
IDN,2007,8.06
IDN,2006,7.551
IDN,2005,7.945
IDN,2004,7.303
IDN,2003,6.657
IDN,2002,6.604
IDN,2001,6.082
IDN,2000,6.077
IRN,2023,8.129
IRN,2022,9.085
IRN,2021,9.282
IRN,2020,9.687
IRN,2019,10.74
IRN,2018,12.195
IRN,2017,12.232
IRN,2016,12.618
IRN,2015,11.166
IRN,2014,10.68
IRN,2013,10.595
IRN,2012,12.275
IRN,2011,12.491
IRN,2010,13.679
IRN,2009,12.113
IRN,2008,10.63
IRN,2007,10.772
IRN,2006,11.519
IRN,2005,11.813
IRN,2004,10.3
IRN,2003,11.529
IRN,2002,12.8
IRN,2001,12.362
IRN,2000,11.698
IRQ,2023,15.239
IRQ,2022,15.41
IRQ,2021,16.173
IRQ,2020,15.766
IRQ,2019,14.096
IRQ,2018,13.458
IRQ,2017,13.02
IRQ,2016,10.82
IRQ,2015,10.865
IRQ,2014,10.59
IRQ,2013,9.222
IRQ,2012,7.965
IRQ,2011,8.193
IRQ,2010,8.267
IRQ,2009,8.415
IRQ,2008,8.466
IRQ,2007,8.646
IRQ,2006,8.411
IRQ,2005,8.57
IRQ,2004,8.715
IRQ,2003,8.959
IRQ,2002,8.619
IRQ,2001,8.249
IRQ,2000,8.038
IRL,2023,4.243
IRL,2022,4.465
IRL,2021,6.357
IRL,2020,5.623
IRL,2019,4.95
IRL,2018,5.741
IRL,2017,6.713
IRL,2016,8.374
IRL,2015,9.908
IRL,2014,11.858
IRL,2013,13.735
IRL,2012,15.451
IRL,2011,15.354
IRL,2010,14.534
IRL,2009,12.609
IRL,2008,6.774
IRL,2007,4.98
IRL,2006,4.355
IRL,2005,4.237
IRL,2004,4.491
IRL,2003,4.478
IRL,2002,4.216
IRL,2001,3.684
IRL,2000,4.318
IMN,2023,
IMN,2022,
IMN,2021,
IMN,2020,
IMN,2019,
IMN,2018,
IMN,2017,
IMN,2016,
IMN,2015,
IMN,2014,
IMN,2013,
IMN,2012,
IMN,2011,
IMN,2010,
IMN,2009,
IMN,2008,
IMN,2007,
IMN,2006,
IMN,2005,
IMN,2004,
IMN,2003,
IMN,2002,
IMN,2001,
IMN,2000,
ISR,2023,3.371
ISR,2022,3.695
ISR,2021,4.812
ISR,2020,4.169
ISR,2019,3.731
ISR,2018,3.917
ISR,2017,4.14
ISR,2016,4.723
ISR,2015,5.176
ISR,2014,5.789
ISR,2013,6.137
ISR,2012,6.762
ISR,2011,7.139
ISR,2010,8.48
ISR,2009,9.534
ISR,2008,7.704
ISR,2007,9.379
ISR,2006,10.707
ISR,2005,11.342
ISR,2004,13.029
ISR,2003,13.505
ISR,2002,12.888
ISR,2001,11.812
ISR,2000,11.102
ITA,2023,7.627
ITA,2022,8.069
ITA,2021,9.497
ITA,2020,9.192
ITA,2019,9.884
ITA,2018,10.538
ITA,2017,11.211
ITA,2016,11.688
ITA,2015,11.896
ITA,2014,12.683
ITA,2013,12.149
ITA,2012,10.655
ITA,2011,8.359
ITA,2010,8.363
ITA,2009,7.749
ITA,2008,6.723
ITA,2007,6.076
ITA,2006,6.777
ITA,2005,7.73
ITA,2004,7.866
ITA,2003,8.869
ITA,2002,9.211
ITA,2001,9.599
ITA,2000,10.834
JAM,2023,3.022
JAM,2022,4.083
JAM,2021,5.188
JAM,2020,6.501
JAM,2019,4.987
JAM,2018,5.47
JAM,2017,7.399
JAM,2016,8.634
JAM,2015,8.825
JAM,2014,9.046
JAM,2013,9.698
JAM,2012,8.695
JAM,2011,8.034
JAM,2010,7.63
JAM,2009,7.314
JAM,2008,6.666
JAM,2007,6.607
JAM,2006,6.605
JAM,2005,6.577
JAM,2004,6.539
JAM,2003,6.534
JAM,2002,6.616
JAM,2001,6.641
JAM,2000,6.752
JPN,2023,2.6
JPN,2022,2.614
JPN,2021,2.808
JPN,2020,2.809
JPN,2019,2.351
JPN,2018,2.467
JPN,2017,2.822
JPN,2016,3.132
JPN,2015,3.385
JPN,2014,3.589
JPN,2013,4.038
JPN,2012,4.358
JPN,2011,4.55
JPN,2010,5.102
JPN,2009,5.068
JPN,2008,4.002
JPN,2007,3.888
JPN,2006,4.192
JPN,2005,4.446
JPN,2004,4.734
JPN,2003,5.251
JPN,2002,5.386
JPN,2001,5.02
JPN,2000,4.748
JOR,2023,16.62
JOR,2022,18.2
JOR,2021,19.837
JOR,2020,19.213
JOR,2019,16.801
JOR,2018,18.257
JOR,2017,18.12
JOR,2016,15.275
JOR,2015,13.075
JOR,2014,11.9
JOR,2013,12.6
JOR,2012,12.2
JOR,2011,12.9
JOR,2010,12.5
JOR,2009,12.9
JOR,2008,12.7
JOR,2007,13.1
JOR,2006,14.0
JOR,2005,14.8
JOR,2004,14.626
JOR,2003,14.5
JOR,2002,15.3
JOR,2001,14.7
JOR,2000,13.7
KAZ,2023,4.835
KAZ,2022,4.86
KAZ,2021,5.568
KAZ,2020,4.89
KAZ,2019,4.8
KAZ,2018,4.85
KAZ,2017,4.9
KAZ,2016,4.96
KAZ,2015,4.93
KAZ,2014,5.06
KAZ,2013,5.2
KAZ,2012,5.29
KAZ,2011,5.39
KAZ,2010,5.77
KAZ,2009,6.55
KAZ,2008,6.63
KAZ,2007,7.26
KAZ,2006,7.79
KAZ,2005,8.13
KAZ,2004,8.4
KAZ,2003,8.78
KAZ,2002,9.33
KAZ,2001,10.43
KAZ,2000,12.75
KEN,2023,5.409
KEN,2022,5.565
KEN,2021,5.693
KEN,2020,5.613
KEN,2019,5.014
KEN,2018,4.284
KEN,2017,3.542
KEN,2016,2.757
KEN,2015,2.762
KEN,2014,2.767
KEN,2013,2.762
KEN,2012,2.678
KEN,2011,2.699
KEN,2010,2.793
KEN,2009,2.816
KEN,2008,2.751
KEN,2007,2.642
KEN,2006,2.673
KEN,2005,2.739
KEN,2004,2.844
KEN,2003,2.869
KEN,2002,2.916
KEN,2001,2.876
KEN,2000,2.884
KIR,2023,
KIR,2022,
KIR,2021,
KIR,2020,
KIR,2019,
KIR,2018,
KIR,2017,
KIR,2016,
KIR,2015,
KIR,2014,
KIR,2013,
KIR,2012,
KIR,2011,
KIR,2010,
KIR,2009,
KIR,2008,
KIR,2007,
KIR,2006,
KIR,2005,
KIR,2004,
KIR,2003,
KIR,2002,
KIR,2001,
KIR,2000,
PRK,2023,3.463
PRK,2022,3.457
PRK,2021,3.692
PRK,2020,3.624
PRK,2019,3.439
PRK,2018,3.409
PRK,2017,3.498
PRK,2016,3.574
PRK,2015,3.523
PRK,2014,3.509
PRK,2013,3.567
PRK,2012,3.542
PRK,2011,3.516
PRK,2010,3.419
PRK,2009,3.48
PRK,2008,3.48
PRK,2007,3.547
PRK,2006,3.55
PRK,2005,3.576
PRK,2004,3.62
PRK,2003,3.668
PRK,2002,3.644
PRK,2001,3.676
PRK,2000,3.653
KOR,2023,2.675
KOR,2022,2.857
KOR,2021,3.639
KOR,2020,3.931
KOR,2019,3.746
KOR,2018,3.824
KOR,2017,3.653
KOR,2016,3.65
KOR,2015,3.546
KOR,2014,3.082
KOR,2013,3.067
KOR,2012,2.812
KOR,2011,2.992
KOR,2010,3.324
KOR,2009,3.363
KOR,2008,2.959
KOR,2007,3.013
KOR,2006,3.254
KOR,2005,3.482
KOR,2004,3.42
KOR,2003,3.348
KOR,2002,3.046
KOR,2001,3.699
KOR,2000,4.063
XKX,2023,
XKX,2022,
XKX,2021,
XKX,2020,
XKX,2019,
XKX,2018,
XKX,2017,
XKX,2016,
XKX,2015,
XKX,2014,
XKX,2013,
XKX,2012,
XKX,2011,
XKX,2010,
XKX,2009,
XKX,2008,
XKX,2007,
XKX,2006,
XKX,2005,
XKX,2004,
XKX,2003,
XKX,2002,
XKX,2001,
XKX,2000,
KWT,2023,2.08
KWT,2022,2.133
KWT,2021,2.97
KWT,2020,3.489
KWT,2019,2.213
KWT,2018,2.202
KWT,2017,2.23
KWT,2016,2.16
KWT,2015,2.2
KWT,2014,2.9
KWT,2013,2.465
KWT,2012,2.227
KWT,2011,2.051
KWT,2010,1.82
KWT,2009,1.64
KWT,2008,1.75
KWT,2007,1.5
KWT,2006,1.3
KWT,2005,1.455
KWT,2004,1.7
KWT,2003,1.3
KWT,2002,1.1
KWT,2001,0.8
KWT,2000,0.8
KGZ,2023,3.498
KGZ,2022,4.767
KGZ,2021,5.149
KGZ,2020,5.945
KGZ,2019,5.45
KGZ,2018,4.559
KGZ,2017,4.425
KGZ,2016,4.294
KGZ,2015,4.138
KGZ,2014,4.02
KGZ,2013,3.881
KGZ,2012,3.786
KGZ,2011,3.644
KGZ,2010,3.503
KGZ,2009,3.343
KGZ,2008,3.207
KGZ,2007,3.094
KGZ,2006,2.962
KGZ,2005,2.816
KGZ,2004,2.68
KGZ,2003,2.548
KGZ,2002,2.416
KGZ,2001,2.273
KGZ,2000,2.143
LAO,2023,1.186
LAO,2022,1.209
LAO,2021,2.08
LAO,2020,2.349
LAO,2019,2.531
LAO,2018,2.897
LAO,2017,3.268
LAO,2016,2.634
LAO,2015,2.006
LAO,2014,1.733
LAO,2013,1.469
LAO,2012,1.208
LAO,2011,0.96
LAO,2010,0.708
LAO,2009,0.835
LAO,2008,0.944
LAO,2007,1.068
LAO,2006,1.199
LAO,2005,1.35
LAO,2004,1.498
LAO,2003,1.639
LAO,2002,1.775
LAO,2001,1.881
LAO,2000,2.045
LVA,2023,6.465
LVA,2022,6.815
LVA,2021,7.513
LVA,2020,8.098
LVA,2019,6.312
LVA,2018,7.412
LVA,2017,8.715
LVA,2016,9.643
LVA,2015,9.873
LVA,2014,10.846
LVA,2013,11.867
LVA,2012,15.047
LVA,2011,16.206
LVA,2010,19.482
LVA,2009,17.515
LVA,2008,7.739
LVA,2007,6.052
LVA,2006,7.03
LVA,2005,10.033
LVA,2004,11.708
LVA,2003,12.061
LVA,2002,13.829
LVA,2001,13.821
LVA,2000,14.211
LBN,2023,10.985
LBN,2022,11.105
LBN,2021,12.715
LBN,2020,13.252
LBN,2019,11.301
LBN,2018,10.755
LBN,2017,10.258
LBN,2016,9.794
LBN,2015,9.312
LBN,2014,8.84
LBN,2013,8.477
LBN,2012,7.952
LBN,2011,7.352
LBN,2010,6.768
LBN,2009,6.355
LBN,2008,7.666
LBN,2007,8.98
LBN,2006,8.679
LBN,2005,8.249
LBN,2004,7.85
LBN,2003,8.061
LBN,2002,8.248
LBN,2001,8.499
LBN,2000,8.641
LSO,2023,16.348
LSO,2022,16.623
LSO,2021,18.214
LSO,2020,18.385
LSO,2019,16.876
LSO,2018,16.614
LSO,2017,16.379
LSO,2016,16.138
LSO,2015,16.223
LSO,2014,16.066
LSO,2013,15.926
LSO,2012,15.761
LSO,2011,16.115
LSO,2010,16.068
LSO,2009,16.115
LSO,2008,15.851
LSO,2007,15.942
LSO,2006,16.054
LSO,2005,16.031
LSO,2004,16.154
LSO,2003,16.056
LSO,2002,16.079
LSO,2001,16.081
LSO,2000,16.169
LBR,2023,2.905
LBR,2022,2.956
LBR,2021,3.844
LBR,2020,4.102
LBR,2019,3.071
LBR,2018,3.058
LBR,2017,3.067
LBR,2016,3.081
LBR,2015,2.557
LBR,2014,2.079
LBR,2013,2.08
LBR,2012,2.146
LBR,2011,2.211
LBR,2010,2.266
LBR,2009,2.241
LBR,2008,2.221
LBR,2007,2.232
LBR,2006,2.28
LBR,2005,2.413
LBR,2004,2.424
LBR,2003,2.42
LBR,2002,2.222
LBR,2001,2.104
LBR,2000,2.018
LBY,2023,18.713
LBY,2022,19.238
LBY,2021,19.779
LBY,2020,19.651
LBY,2019,19.087
LBY,2018,18.865
LBY,2017,19.053
LBY,2016,19.559
LBY,2015,19.69
LBY,2014,19.295
LBY,2013,19.311
LBY,2012,19.03
LBY,2011,19.504
LBY,2010,19.321
LBY,2009,19.29
LBY,2008,19.041
LBY,2007,18.771
LBY,2006,18.805
LBY,2005,18.66
LBY,2004,18.938
LBY,2003,19.074
LBY,2002,19.281
LBY,2001,19.239
LBY,2000,19.275
LIE,2023,
LIE,2022,
LIE,2021,
LIE,2020,
LIE,2019,
LIE,2018,
LIE,2017,
LIE,2016,
LIE,2015,
LIE,2014,
LIE,2013,
LIE,2012,
LIE,2011,
LIE,2010,
LIE,2009,
LIE,2008,
LIE,2007,
LIE,2006,
LIE,2005,
LIE,2004,
LIE,2003,
LIE,2002,
LIE,2001,
LIE,2000,
LTU,2023,6.841
LTU,2022,5.955
LTU,2021,7.112
LTU,2020,8.487
LTU,2019,6.255
LTU,2018,6.147
LTU,2017,7.073
LTU,2016,7.862
LTU,2015,9.12
LTU,2014,10.698
LTU,2013,11.77
LTU,2012,13.365
LTU,2011,15.39
LTU,2010,17.814
LTU,2009,13.785
LTU,2008,5.826
LTU,2007,4.25
LTU,2006,5.78
LTU,2005,8.325
LTU,2004,10.684
LTU,2003,12.874
LTU,2002,13.008
LTU,2001,16.84
LTU,2000,15.931
LUX,2023,5.184
LUX,2022,4.588
LUX,2021,5.571
LUX,2020,6.766
LUX,2019,5.592
LUX,2018,5.589
LUX,2017,5.523
LUX,2016,6.669
LUX,2015,6.796
LUX,2014,6.044
LUX,2013,6.045
LUX,2012,5.03
LUX,2011,5.122
LUX,2010,4.423
LUX,2009,5.194
LUX,2008,5.06
LUX,2007,4.065
LUX,2006,4.731
LUX,2005,4.488
LUX,2004,5.113
LUX,2003,3.675
LUX,2002,2.621
LUX,2001,1.805
LUX,2000,2.345
MAC,2023,2.206
MAC,2022,2.446
MAC,2021,2.221
MAC,2020,2.542
MAC,2019,1.73
MAC,2018,1.803
MAC,2017,1.981
MAC,2016,1.939
MAC,2015,1.81
MAC,2014,1.67
MAC,2013,1.82
MAC,2012,1.97
MAC,2011,2.56
MAC,2010,2.84
MAC,2009,3.58
MAC,2008,2.999
MAC,2007,3.269
MAC,2006,3.822
MAC,2005,4.158
MAC,2004,4.904
MAC,2003,5.995
MAC,2002,6.278
MAC,2001,6.371
MAC,2000,6.874
MDG,2023,3.044
MDG,2022,3.186
MDG,2021,3.498
MDG,2020,3.292
MDG,2019,2.479
MDG,2018,2.303
MDG,2017,2.123
MDG,2016,1.949
MDG,2015,1.785
MDG,2014,1.385
MDG,2013,0.995
MDG,2012,0.599
MDG,2011,2.516
MDG,2010,4.28
MDG,2009,3.885
MDG,2008,3.431
MDG,2007,3.202
MDG,2006,2.945
MDG,2005,2.62
MDG,2004,3.951
MDG,2003,5.01
MDG,2002,5.515
MDG,2001,5.35
MDG,2000,5.8
MWI,2023,5.009
MWI,2022,5.02
MWI,2021,5.652
MWI,2020,5.72
MWI,2019,4.964
MWI,2018,5.021
MWI,2017,5.046
MWI,2016,5.011
MWI,2015,4.953
MWI,2014,4.967
MWI,2013,4.978
MWI,2012,4.949
MWI,2011,4.829
MWI,2010,4.78
MWI,2009,4.732
MWI,2008,4.796
MWI,2007,4.876
MWI,2006,4.954
MWI,2005,4.935
MWI,2004,4.964
MWI,2003,5.165
MWI,2002,5.248
MWI,2001,5.221
MWI,2000,5.045
MYS,2023,3.858
MYS,2022,3.93
MYS,2021,4.64
MYS,2020,4.54
MYS,2019,3.33
MYS,2018,3.3
MYS,2017,3.41
MYS,2016,3.44
MYS,2015,3.1
MYS,2014,2.88
MYS,2013,3.14
MYS,2012,3.04
MYS,2011,3.05
MYS,2010,3.32
MYS,2009,3.62
MYS,2008,3.34
MYS,2007,3.31
MYS,2006,3.32
MYS,2005,3.53
MYS,2004,3.54
MYS,2003,3.61
MYS,2002,3.48
MYS,2001,3.53
MYS,2000,3.0
MDV,2023,4.019
MDV,2022,4.303
MDV,2021,5.016
MDV,2020,5.42
MDV,2019,4.562
MDV,2018,4.962
MDV,2017,5.377
MDV,2016,5.771
MDV,2015,6.611
MDV,2014,7.461
MDV,2013,8.295
MDV,2012,9.134
MDV,2011,10.043
MDV,2010,10.875
MDV,2009,11.697
MDV,2008,10.361
MDV,2007,9.421
MDV,2006,8.345
MDV,2005,7.313
MDV,2004,6.151
MDV,2003,5.126
MDV,2002,4.094
MDV,2001,3.038
MDV,2000,1.97
MLI,2023,2.947
MLI,2022,2.387
MLI,2021,4.006
MLI,2020,3.528
MLI,2019,3.29
MLI,2018,1.62
MLI,2017,1.498
MLI,2016,1.367
MLI,2015,1.404
MLI,2014,1.476
MLI,2013,1.517
MLI,2012,1.462
MLI,2011,1.403
MLI,2010,1.375
MLI,2009,1.406
MLI,2008,1.383
MLI,2007,1.372
MLI,2006,1.395
MLI,2005,1.367
MLI,2004,1.413
MLI,2003,1.272
MLI,2002,1.36
MLI,2001,1.332
MLI,2000,1.412
MLT,2023,3.479
MLT,2022,3.471
MLT,2021,3.754
MLT,2020,4.856
MLT,2019,4.08
MLT,2018,3.956
MLT,2017,4.008
MLT,2016,4.694
MLT,2015,5.389
MLT,2014,5.737
MLT,2013,6.115
MLT,2012,6.203
MLT,2011,6.388
MLT,2010,6.861
MLT,2009,6.896
MLT,2008,5.977
MLT,2007,6.472
MLT,2006,6.798
MLT,2005,6.923
MLT,2004,7.317
MLT,2003,7.488
MLT,2002,6.902
MLT,2001,7.107
MLT,2000,6.324
MHL,2023,
MHL,2022,
MHL,2021,
MHL,2020,
MHL,2019,
MHL,2018,
MHL,2017,
MHL,2016,
MHL,2015,
MHL,2014,
MHL,2013,
MHL,2012,
MHL,2011,
MHL,2010,
MHL,2009,
MHL,2008,
MHL,2007,
MHL,2006,
MHL,2005,
MHL,2004,
MHL,2003,
MHL,2002,
MHL,2001,
MHL,2000,
MRT,2023,10.37
MRT,2022,10.52
MRT,2021,11.131
MRT,2020,11.051
MRT,2019,10.416
MRT,2018,10.411
MRT,2017,10.336
MRT,2016,10.287
MRT,2015,10.104
MRT,2014,10.026
MRT,2013,9.926
MRT,2012,9.864
MRT,2011,9.976
MRT,2010,10.093
MRT,2009,10.214
MRT,2008,9.715
MRT,2007,9.482
MRT,2006,9.313
MRT,2005,9.59
MRT,2004,9.77
MRT,2003,9.911
MRT,2002,10.201
MRT,2001,10.132
MRT,2000,10.03
MUS,2023,5.571
MUS,2022,6.322
MUS,2021,7.719
MUS,2020,8.626
MUS,2019,6.331
MUS,2018,6.426
MUS,2017,6.752
MUS,2016,6.814
MUS,2015,7.41
MUS,2014,7.467
MUS,2013,7.322
MUS,2012,7.472
MUS,2011,7.447
MUS,2010,7.654
MUS,2009,7.257
MUS,2008,7.17
MUS,2007,8.475
MUS,2006,9.04
MUS,2005,9.524
MUS,2004,8.337
MUS,2003,8.318
MUS,2002,8.205
MUS,2001,9.14
MUS,2000,9.125
MEX,2023,2.765
MEX,2022,3.256
MEX,2021,4.019
MEX,2020,4.44
MEX,2019,3.477
MEX,2018,3.275
MEX,2017,3.419
MEX,2016,3.853
MEX,2015,4.311
MEX,2014,4.819
MEX,2013,4.921
MEX,2012,4.892
MEX,2011,5.175
MEX,2010,5.303
MEX,2009,5.356
MEX,2008,3.874
MEX,2007,3.628
MEX,2006,3.566
MEX,2005,3.558
MEX,2004,3.937
MEX,2003,3.455
MEX,2002,3.003
MEX,2001,2.627
MEX,2000,2.646
FSM,2023,
FSM,2022,
FSM,2021,
FSM,2020,
FSM,2019,
FSM,2018,
FSM,2017,
FSM,2016,
FSM,2015,
FSM,2014,
FSM,2013,
FSM,2012,
FSM,2011,
FSM,2010,
FSM,2009,
FSM,2008,
FSM,2007,
FSM,2006,
FSM,2005,
FSM,2004,
FSM,2003,
FSM,2002,
FSM,2001,
FSM,2000,
MDA,2023,1.57
MDA,2022,0.909
MDA,2021,0.794
MDA,2020,1.206
MDA,2019,1.502
MDA,2018,1.239
MDA,2017,1.622
MDA,2016,1.591
MDA,2015,1.781
MDA,2014,1.45
MDA,2013,1.894
MDA,2012,2.189
MDA,2011,2.677
MDA,2010,2.972
MDA,2009,3.024
MDA,2008,2.097
MDA,2007,2.749
MDA,2006,4.26
MDA,2005,5.633
MDA,2004,6.374
MDA,2003,6.378
MDA,2002,6.845
MDA,2001,7.366
MDA,2000,8.539
MCO,2023,
MCO,2022,
MCO,2021,
MCO,2020,
MCO,2019,
MCO,2018,
MCO,2017,
MCO,2016,
MCO,2015,
MCO,2014,
MCO,2013,
MCO,2012,
MCO,2011,
MCO,2010,
MCO,2009,
MCO,2008,
MCO,2007,
MCO,2006,
MCO,2005,
MCO,2004,
MCO,2003,
MCO,2002,
MCO,2001,
MCO,2000,
MNG,2023,5.178
MNG,2022,5.954
MNG,2021,7.871
MNG,2020,6.413
MNG,2019,9.024
MNG,2018,5.377
MNG,2017,6.359
MNG,2016,7.235
MNG,2015,4.861
MNG,2014,4.798
MNG,2013,4.231
MNG,2012,3.905
MNG,2011,4.769
MNG,2010,6.549
MNG,2009,5.86
MNG,2008,5.565
MNG,2007,7.2
MNG,2006,7.193
MNG,2005,7.015
MNG,2004,6.851
MNG,2003,6.768
MNG,2002,6.2
MNG,2001,6.111
MNG,2000,5.992
MNE,2023,13.146
MNE,2022,14.851
MNE,2021,16.543
MNE,2020,17.878
MNE,2019,15.128
MNE,2018,15.19
MNE,2017,16.082
MNE,2016,17.732
MNE,2015,17.555
MNE,2014,18.054
MNE,2013,19.585
MNE,2012,19.808
MNE,2011,19.759
MNE,2010,19.649
MNE,2009,19.09
MNE,2008,17.15
MNE,2007,19.4
MNE,2006,24.815
MNE,2005,30.31
MNE,2004,30.342
MNE,2003,30.39
MNE,2002,30.356
MNE,2001,30.542
MNE,2000,30.447
MAR,2023,8.896
MAR,2022,9.413
MAR,2021,10.551
MAR,2020,11.189
MAR,2019,9.191
MAR,2018,9.272
MAR,2017,9.22
MAR,2016,9.3
MAR,2015,9.46
MAR,2014,9.7
MAR,2013,9.23
MAR,2012,8.99
MAR,2011,8.91
MAR,2010,9.09
MAR,2009,8.96
MAR,2008,9.57
MAR,2007,9.56
MAR,2006,9.67
MAR,2005,11.01
MAR,2004,10.83
MAR,2003,11.92
MAR,2002,11.59
MAR,2001,12.46
MAR,2000,13.58
MOZ,2023,6.661
MOZ,2022,6.789
MOZ,2021,5.413
MOZ,2020,5.019
MOZ,2019,4.462
MOZ,2018,4.21
MOZ,2017,3.935
MOZ,2016,3.65
MOZ,2015,3.426
MOZ,2014,3.377
MOZ,2013,3.345
MOZ,2012,3.304
MOZ,2011,3.295
MOZ,2010,3.259
MOZ,2009,3.207
MOZ,2008,3.112
MOZ,2007,3.082
MOZ,2006,3.037
MOZ,2005,3.035
MOZ,2004,2.953
MOZ,2003,2.857
MOZ,2002,2.902
MOZ,2001,2.838
MOZ,2000,2.832
MMR,2023,2.977
MMR,2022,3.063
MMR,2021,4.34
MMR,2020,1.476
MMR,2019,0.407
MMR,2018,0.767
MMR,2017,1.356
MMR,2016,1.058
MMR,2015,0.766
MMR,2014,0.763
MMR,2013,0.775
MMR,2012,0.768
MMR,2011,0.749
MMR,2010,0.725
MMR,2009,0.712
MMR,2008,0.7
MMR,2007,0.684
MMR,2006,0.676
MMR,2005,0.672
MMR,2004,0.677
MMR,2003,0.686
MMR,2002,0.685
MMR,2001,0.689
MMR,2000,0.712
NAM,2023,19.154
NAM,2022,19.615
NAM,2021,20.931
NAM,2020,21.003
NAM,2019,19.929
NAM,2018,19.877
NAM,2017,21.748
NAM,2016,23.352
NAM,2015,20.791
NAM,2014,18.521
NAM,2013,19.028
NAM,2012,16.771
NAM,2011,19.481
NAM,2010,22.12
NAM,2009,22.271
NAM,2008,22.005
NAM,2007,22.12
NAM,2006,21.848
NAM,2005,22.108
NAM,2004,22.09
NAM,2003,22.104
NAM,2002,21.538
NAM,2001,21.009
NAM,2000,20.3
NRU,2023,
NRU,2022,
NRU,2021,
NRU,2020,
NRU,2019,
NRU,2018,
NRU,2017,
NRU,2016,
NRU,2015,
NRU,2014,
NRU,2013,
NRU,2012,
NRU,2011,
NRU,2010,
NRU,2009,
NRU,2008,
NRU,2007,
NRU,2006,
NRU,2005,
NRU,2004,
NRU,2003,
NRU,2002,
NRU,2001,
NRU,2000,
NPL,2023,10.437
NPL,2022,10.661
NPL,2021,12.241
NPL,2020,13.037
NPL,2019,10.477
NPL,2018,10.593
NPL,2017,10.66
NPL,2016,10.714
NPL,2015,10.643
NPL,2014,10.62
NPL,2013,10.666
NPL,2012,10.632
NPL,2011,10.627
NPL,2010,10.563
NPL,2009,10.582
NPL,2008,10.597
NPL,2007,10.642
NPL,2006,10.609
NPL,2005,10.59
NPL,2004,10.652
NPL,2003,10.644
NPL,2002,10.593
NPL,2001,10.502
NPL,2000,10.531
NLD,2023,3.535
NLD,2022,3.526
NLD,2021,4.209
NLD,2020,3.82
NLD,2019,3.379
NLD,2018,3.832
NLD,2017,4.837
NLD,2016,6.007
NLD,2015,6.872
NLD,2014,7.419
NLD,2013,7.241
NLD,2012,5.821
NLD,2011,4.977
NLD,2010,4.991
NLD,2009,4.352
NLD,2008,3.658
NLD,2007,4.153
NLD,2006,5.007
NLD,2005,5.872
NLD,2004,4.646
NLD,2003,3.593
NLD,2002,2.554
NLD,2001,2.119
NLD,2000,2.725
NCL,2023,10.922
NCL,2022,10.71
NCL,2021,11.574
NCL,2020,13.558
NCL,2019,10.88
NCL,2018,11.702
NCL,2017,11.676
NCL,2016,12.679
NCL,2015,13.621
NCL,2014,14.59
NCL,2013,14.39
NCL,2012,14.116
NCL,2011,13.988
NCL,2010,13.998
NCL,2009,13.97
NCL,2008,14.36
NCL,2007,14.754
NCL,2006,15.256
NCL,2005,15.778
NCL,2004,16.31
NCL,2003,16.665
NCL,2002,17.045
NCL,2001,17.391
NCL,2000,17.907
NZL,2023,3.734
NZL,2022,3.299
NZL,2021,3.776
NZL,2020,4.595
NZL,2019,4.109
NZL,2018,4.335
NZL,2017,4.736
NZL,2016,5.147
NZL,2015,5.415
NZL,2014,5.428
NZL,2013,5.839
NZL,2012,6.931
NZL,2011,6.491
NZL,2010,6.557
NZL,2009,6.121
NZL,2008,4.167
NZL,2007,3.661
NZL,2006,3.857
NZL,2005,3.807
NZL,2004,4.005
NZL,2003,4.745
NZL,2002,5.282
NZL,2001,5.433
NZL,2000,6.13
NIC,2023,4.698
NIC,2022,4.969
NIC,2021,6.076
NIC,2020,6.18
NIC,2019,5.457
NIC,2018,5.2
NIC,2017,3.3
NIC,2016,3.9
NIC,2015,4.7
NIC,2014,4.52
NIC,2013,5.28
NIC,2012,5.208
NIC,2011,6.613
NIC,2010,7.83
NIC,2009,8.16
NIC,2008,6.2
NIC,2007,4.89
NIC,2006,5.31
NIC,2005,5.37
NIC,2004,6.41
NIC,2003,7.6
NIC,2002,7.517
NIC,2001,7.222
NIC,2000,7.181
NER,2023,0.407
NER,2022,0.403
NER,2021,0.806
NER,2020,0.591
NER,2019,0.531
NER,2018,0.536
NER,2017,0.556
NER,2016,0.55
NER,2015,0.556
NER,2014,0.524
NER,2013,1.401
NER,2012,2.177
NER,2011,0.316
NER,2010,0.718
NER,2009,1.208
NER,2008,1.584
NER,2007,2.021
NER,2006,2.528
NER,2005,3.1
NER,2004,2.751
NER,2003,2.145
NER,2002,1.808
NER,2001,1.47
NER,2000,1.427
NGA,2023,3.074
NGA,2022,3.827
NGA,2021,5.404
NGA,2020,5.714
NGA,2019,5.206
NGA,2018,5.069
NGA,2017,4.83
NGA,2016,4.499
NGA,2015,4.134
NGA,2014,3.9
NGA,2013,3.711
NGA,2012,3.761
NGA,2011,3.77
NGA,2010,3.744
NGA,2009,3.763
NGA,2008,3.792
NGA,2007,3.794
NGA,2006,3.749
NGA,2005,3.727
NGA,2004,3.59
NGA,2003,3.637
NGA,2002,3.669
NGA,2001,3.9
NGA,2000,3.953
MKD,2023,13.174
MKD,2022,14.476
MKD,2021,15.801
MKD,2020,16.575
MKD,2019,17.414
MKD,2018,21.208
MKD,2017,22.857
MKD,2016,24.312
MKD,2015,26.395
MKD,2014,28.215
MKD,2013,29.017
MKD,2012,31.096
MKD,2011,31.502
MKD,2010,33.135
MKD,2009,32.351
MKD,2008,33.93
MKD,2007,35.231
MKD,2006,36.392
MKD,2005,37.32
MKD,2004,37.161
MKD,2003,36.69
MKD,2002,31.94
MKD,2001,30.52
MKD,2000,32.2
MNP,2023,
MNP,2022,
MNP,2021,
MNP,2020,
MNP,2019,
MNP,2018,
MNP,2017,
MNP,2016,
MNP,2015,
MNP,2014,
MNP,2013,
MNP,2012,
MNP,2011,
MNP,2010,
MNP,2009,
MNP,2008,
MNP,2007,
MNP,2006,
MNP,2005,
MNP,2004,
MNP,2003,
MNP,2002,
MNP,2001,
MNP,2000,
NOR,2023,3.574
NOR,2022,3.231
NOR,2021,4.359
NOR,2020,4.424
NOR,2019,3.684
NOR,2018,3.801
NOR,2017,4.164
NOR,2016,4.68
NOR,2015,4.296
NOR,2014,3.486
NOR,2013,3.425
NOR,2012,3.129
NOR,2011,3.196
NOR,2010,3.527
NOR,2009,3.1
NOR,2008,2.521
NOR,2007,2.493
NOR,2006,3.397
NOR,2005,4.381
NOR,2004,4.256
NOR,2003,4.221
NOR,2002,4.022
NOR,2001,3.738
NOR,2000,3.458
OMN,2023,3.176
OMN,2022,3.3
OMN,2021,1.9
OMN,2020,2.94
OMN,2019,2.045
OMN,2018,1.8
OMN,2017,2.523
OMN,2016,3.266
OMN,2015,3.403
OMN,2014,3.453
OMN,2013,3.553
OMN,2012,3.753
OMN,2011,3.95
OMN,2010,3.911
OMN,2009,3.977
OMN,2008,4.142
OMN,2007,4.309
OMN,2006,4.387
OMN,2005,4.589
OMN,2004,4.693
OMN,2003,4.599
OMN,2002,4.335
OMN,2001,4.298
OMN,2000,4.433
PAK,2023,5.237
PAK,2022,5.291
PAK,2021,6.338
PAK,2020,5.994
PAK,2019,4.83
PAK,2018,4.083
PAK,2017,3.204
PAK,2016,2.285
PAK,2015,3.566
PAK,2014,1.827
PAK,2013,2.954
PAK,2012,3.667
PAK,2011,0.796
PAK,2010,0.653
PAK,2009,0.535
PAK,2008,0.423
PAK,2007,0.398
PAK,2006,0.582
PAK,2005,0.583
PAK,2004,0.598
PAK,2003,0.612
PAK,2002,0.615
PAK,2001,0.611
PAK,2000,0.614
PLW,2023,
PLW,2022,
PLW,2021,
PLW,2020,
PLW,2019,
PLW,2018,
PLW,2017,
PLW,2016,
PLW,2015,
PLW,2014,
PLW,2013,
PLW,2012,
PLW,2011,
PLW,2010,
PLW,2009,
PLW,2008,
PLW,2007,
PLW,2006,
PLW,2005,
PLW,2004,
PLW,2003,
PLW,2002,
PLW,2001,
PLW,2000,
PAN,2023,6.544
PAN,2022,8.086
PAN,2021,10.177
PAN,2020,14.663
PAN,2019,6.256
PAN,2018,5.161
PAN,2017,5.338
PAN,2016,4.717
PAN,2015,4.335
PAN,2014,4.391
PAN,2013,3.674
PAN,2012,3.691
PAN,2011,4.03
PAN,2010,5.845
PAN,2009,5.857
PAN,2008,5.639
PAN,2007,5.665
PAN,2006,5.792
PAN,2005,5.967
PAN,2004,6.097
PAN,2003,6.303
PAN,2002,6.302
PAN,2001,6.293
PAN,2000,6.188
PNG,2023,2.649
PNG,2022,2.689
PNG,2021,3.03
PNG,2020,2.903
PNG,2019,2.651
PNG,2018,2.65
PNG,2017,2.58
PNG,2016,2.478
PNG,2015,2.507
PNG,2014,2.54
PNG,2013,2.698
PNG,2012,2.634
PNG,2011,2.62
PNG,2010,2.002
PNG,2009,2.089
PNG,2008,2.168
PNG,2007,2.169
PNG,2006,2.285
PNG,2005,2.385
PNG,2004,2.526
PNG,2003,2.628
PNG,2002,2.756
PNG,2001,2.801
PNG,2000,2.92
PRY,2023,5.794
PRY,2022,6.755
PRY,2021,7.311
PRY,2020,7.548
PRY,2019,6.595
PRY,2018,6.217
PRY,2017,6.138
PRY,2016,5.255
PRY,2015,4.556
PRY,2014,5.034
PRY,2013,4.385
PRY,2012,4.085
PRY,2011,4.67
PRY,2010,4.569
PRY,2009,5.46
PRY,2008,4.415
PRY,2007,4.713
PRY,2006,5.277
PRY,2005,4.825
PRY,2004,6.513
PRY,2003,6.814
PRY,2002,9.393
PRY,2001,6.206
PRY,2000,7.61
PER,2023,4.899
PER,2022,4.291
PER,2021,5.097
PER,2020,7.179
PER,2019,3.379
PER,2018,3.492
PER,2017,3.691
PER,2016,3.741
PER,2015,3.272
PER,2014,3.208
PER,2013,3.575
PER,2012,3.238
PER,2011,3.477
PER,2010,3.6
PER,2009,3.96
PER,2008,4.03
PER,2007,4.08
PER,2006,4.17
PER,2005,4.87
PER,2004,4.71
PER,2003,4.15
PER,2002,4.84
PER,2001,5.068
PER,2000,4.959
PHL,2023,2.2
PHL,2022,2.598
PHL,2021,3.398
PHL,2020,2.522
PHL,2019,2.237
PHL,2018,2.338
PHL,2017,2.552
PHL,2016,2.695
PHL,2015,3.068
PHL,2014,3.6
PHL,2013,3.497
PHL,2012,3.504
PHL,2011,3.592
PHL,2010,3.605
PHL,2009,3.858
PHL,2008,3.72
PHL,2007,3.434
PHL,2006,4.052
PHL,2005,3.795
PHL,2004,3.554
PHL,2003,3.527
PHL,2002,3.616
PHL,2001,3.698
PHL,2000,3.77
POL,2023,2.743
POL,2022,2.811
POL,2021,3.268
POL,2020,3.155
POL,2019,3.267
POL,2018,3.835
POL,2017,4.867
POL,2016,6.141
POL,2015,7.475
POL,2014,8.971
POL,2013,10.293
POL,2012,10.031
POL,2011,9.576
POL,2010,9.578
POL,2009,8.131
POL,2008,7.069
POL,2007,9.551
POL,2006,13.794
POL,2005,17.592
POL,2004,18.822
POL,2003,19.899
POL,2002,20.211
POL,2001,18.435
POL,2000,14.928
PRT,2023,6.498
PRT,2022,6.138
PRT,2021,6.712
PRT,2020,6.85
PRT,2019,6.422
PRT,2018,6.966
PRT,2017,8.878
PRT,2016,11.058
PRT,2015,12.405
PRT,2014,13.88
PRT,2013,16.237
PRT,2012,15.509
PRT,2011,12.715
PRT,2010,10.771
PRT,2009,9.432
PRT,2008,7.553
PRT,2007,7.965
PRT,2006,7.649
PRT,2005,7.582
PRT,2004,6.319
PRT,2003,6.132
PRT,2002,4.497
PRT,2001,3.829
PRT,2000,3.806
PRI,2023,5.725
PRI,2022,6.0
PRI,2021,7.9
PRI,2020,8.89
PRI,2019,8.3
PRI,2018,9.2
PRI,2017,10.8
PRI,2016,11.8
PRI,2015,12.0
PRI,2014,13.9
PRI,2013,14.3
PRI,2012,14.5
PRI,2011,15.7
PRI,2010,16.1
PRI,2009,15.0
PRI,2008,11.48
PRI,2007,10.93
PRI,2006,11.01
PRI,2005,11.35
PRI,2004,10.31
PRI,2003,11.78
PRI,2002,11.94
PRI,2001,11.4
PRI,2000,10.08
QAT,2023,0.13
QAT,2022,0.13
QAT,2021,0.14
QAT,2020,0.14
QAT,2019,0.1
QAT,2018,0.11
QAT,2017,0.14
QAT,2016,0.15
QAT,2015,0.17
QAT,2014,0.2
QAT,2013,0.28
QAT,2012,0.48
QAT,2011,0.56
QAT,2010,0.45
QAT,2009,0.31
QAT,2008,0.31
QAT,2007,0.52
QAT,2006,0.87
QAT,2005,0.87
QAT,2004,0.87
QAT,2003,0.87
QAT,2002,0.87
QAT,2001,0.87
QAT,2000,0.87
ROU,2023,5.589
ROU,2022,5.614
ROU,2021,5.59
ROU,2020,5.035
ROU,2019,3.912
ROU,2018,4.187
ROU,2017,4.927
ROU,2016,5.901
ROU,2015,6.812
ROU,2014,6.802
ROU,2013,7.096
ROU,2012,6.794
ROU,2011,7.177
ROU,2010,6.959
ROU,2009,6.859
ROU,2008,5.787
ROU,2007,6.413
ROU,2006,7.27
ROU,2005,7.174
ROU,2004,7.719
ROU,2003,6.95
ROU,2002,8.112
ROU,2001,6.561
ROU,2000,6.969
RUS,2023,3.076
RUS,2022,3.867
RUS,2021,4.749
RUS,2020,5.62
RUS,2019,4.513
RUS,2018,4.871
RUS,2017,5.238
RUS,2016,5.591
RUS,2015,5.615
RUS,2014,5.212
RUS,2013,5.513
RUS,2012,5.484
RUS,2011,6.571
RUS,2010,7.407
RUS,2009,8.301
RUS,2008,6.205
RUS,2007,6.002
RUS,2006,7.055
RUS,2005,7.124
RUS,2004,7.763
RUS,2003,8.21
RUS,2002,7.875
RUS,2001,8.978
RUS,2000,10.581
RWA,2023,12.352
RWA,2022,15.084
RWA,2021,15.775
RWA,2020,11.829
RWA,2019,11.236
RWA,2018,10.759
RWA,2017,11.875
RWA,2016,11.788
RWA,2015,11.831
RWA,2014,11.837
RWA,2013,11.768
RWA,2012,11.671
RWA,2011,11.756
RWA,2010,11.637
RWA,2009,11.625
RWA,2008,11.517
RWA,2007,11.58
RWA,2006,11.586
RWA,2005,11.842
RWA,2004,11.699
RWA,2003,11.658
RWA,2002,11.432
RWA,2001,11.732
RWA,2000,11.699
WSM,2023,4.92
WSM,2022,5.048
WSM,2021,6.664
WSM,2020,7.467
WSM,2019,7.858
WSM,2018,8.649
WSM,2017,9.4
WSM,2016,9.063
WSM,2015,8.901
WSM,2014,8.72
WSM,2013,8.772
WSM,2012,8.752
WSM,2011,5.68
WSM,2010,5.621
WSM,2009,5.646
WSM,2008,5.538
WSM,2007,5.425
WSM,2006,5.321
WSM,2005,5.212
WSM,2004,5.162
WSM,2003,5.038
WSM,2002,4.975
WSM,2001,4.96
WSM,2000,4.733
SMR,2023,
SMR,2022,
SMR,2021,
SMR,2020,
SMR,2019,
SMR,2018,
SMR,2017,
SMR,2016,
SMR,2015,
SMR,2014,
SMR,2013,
SMR,2012,
SMR,2011,
SMR,2010,
SMR,2009,
SMR,2008,
SMR,2007,
SMR,2006,
SMR,2005,
SMR,2004,
SMR,2003,
SMR,2002,
SMR,2001,
SMR,2000,
STP,2023,9.032
STP,2022,8.964
STP,2021,9.563
STP,2020,9.679
STP,2019,8.835
STP,2018,8.712
STP,2017,8.808
STP,2016,9.684
STP,2015,10.591
STP,2014,11.428
STP,2013,12.476
STP,2012,13.59
STP,2011,14.229
STP,2010,14.628
STP,2009,15.136
STP,2008,15.421
STP,2007,16.021
STP,2006,16.65
STP,2005,16.47
STP,2004,16.12
STP,2003,16.36
STP,2002,17.63
STP,2001,15.73
STP,2000,14.4
SAU,2023,4.008
SAU,2022,5.589
SAU,2021,6.621
SAU,2020,7.66
SAU,2019,5.636
SAU,2018,6.029
SAU,2017,5.89
SAU,2016,5.6
SAU,2015,5.6
SAU,2014,5.877
SAU,2013,5.6
SAU,2012,5.622
SAU,2011,5.77
SAU,2010,5.55
SAU,2009,5.377
SAU,2008,5.085
SAU,2007,5.734
SAU,2006,6.254
SAU,2005,6.051
SAU,2004,5.822
SAU,2003,5.563
SAU,2002,5.265
SAU,2001,4.618
SAU,2000,4.57
SEN,2023,2.784
SEN,2022,2.837
SEN,2021,3.436
SEN,2020,3.432
SEN,2019,2.863
SEN,2018,3.453
SEN,2017,4.078
SEN,2016,4.455
SEN,2015,6.757
SEN,2014,5.849
SEN,2013,5.012
SEN,2012,3.896
SEN,2011,2.853
SEN,2010,2.795
SEN,2009,2.807
SEN,2008,2.816
SEN,2007,2.8
SEN,2006,2.755
SEN,2005,2.679
SEN,2004,2.775
SEN,2003,2.781
SEN,2002,2.82
SEN,2001,2.674
SEN,2000,2.638
SRB,2023,8.268
SRB,2022,8.439
SRB,2021,9.843
SRB,2020,9.011
SRB,2019,10.395
SRB,2018,12.733
SRB,2017,13.477
SRB,2016,15.257
SRB,2015,17.66
SRB,2014,19.223
SRB,2013,22.154
SRB,2012,24.0
SRB,2011,22.959
SRB,2010,19.204
SRB,2009,16.116
SRB,2008,13.67
SRB,2007,18.06
SRB,2006,20.85
SRB,2005,20.85
SRB,2004,18.5
SRB,2003,15.2
SRB,2002,13.8
SRB,2001,12.8
SRB,2000,12.6
SYC,2023,
SYC,2022,
SYC,2021,
SYC,2020,
SYC,2019,
SYC,2018,
SYC,2017,
SYC,2016,
SYC,2015,
SYC,2014,
SYC,2013,
SYC,2012,
SYC,2011,
SYC,2010,
SYC,2009,
SYC,2008,
SYC,2007,
SYC,2006,
SYC,2005,
SYC,2004,
SYC,2003,
SYC,2002,
SYC,2001,
SYC,2000,
SLE,2023,3.092
SLE,2022,3.137
SLE,2021,3.551
SLE,2020,3.509
SLE,2019,3.204
SLE,2018,3.192
SLE,2017,3.656
SLE,2016,4.182
SLE,2015,4.483
SLE,2014,4.678
SLE,2013,4.376
SLE,2012,4.378
SLE,2011,4.388
SLE,2010,4.34
SLE,2009,4.268
SLE,2008,4.132
SLE,2007,4.022
SLE,2006,3.89
SLE,2005,3.734
SLE,2004,3.42
SLE,2003,3.879
SLE,2002,3.909
SLE,2001,4.235
SLE,2000,4.137
SGP,2023,3.444
SGP,2022,3.591
SGP,2021,4.64
SGP,2020,4.1
SGP,2019,3.1
SGP,2018,3.613
SGP,2017,4.2
SGP,2016,4.08
SGP,2015,3.79
SGP,2014,3.74
SGP,2013,3.86
SGP,2012,3.72
SGP,2011,3.89
SGP,2010,4.12
SGP,2009,5.86
SGP,2008,3.96
SGP,2007,3.9
SGP,2006,4.48
SGP,2005,5.59
SGP,2004,5.84
SGP,2003,5.93
SGP,2002,5.65
SGP,2001,3.76
SGP,2000,3.7
SXM,2023,
SXM,2022,
SXM,2021,
SXM,2020,
SXM,2019,
SXM,2018,
SXM,2017,
SXM,2016,
SXM,2015,
SXM,2014,
SXM,2013,
SXM,2012,
SXM,2011,
SXM,2010,
SXM,2009,
SXM,2008,
SXM,2007,
SXM,2006,
SXM,2005,
SXM,2004,
SXM,2003,
SXM,2002,
SXM,2001,
SXM,2000,
SVK,2023,5.843
SVK,2022,6.143
SVK,2021,6.894
SVK,2020,6.719
SVK,2019,5.761
SVK,2018,6.544
SVK,2017,8.142
SVK,2016,9.679
SVK,2015,11.492
SVK,2014,11.536
SVK,2013,14.226
SVK,2012,13.966
SVK,2011,13.634
SVK,2010,14.387
SVK,2009,12.023
SVK,2008,9.514
SVK,2007,11.16
SVK,2006,13.395
SVK,2005,16.276
SVK,2004,18.206
SVK,2003,17.549
SVK,2002,18.541
SVK,2001,19.148
SVK,2000,18.546
SVN,2023,3.652
SVN,2022,4.011
SVN,2021,4.744
SVN,2020,4.971
SVN,2019,4.446
SVN,2018,5.108
SVN,2017,6.564
SVN,2016,8.0
SVN,2015,8.962
SVN,2014,9.668
SVN,2013,10.103
SVN,2012,8.841
SVN,2011,8.166
SVN,2010,7.236
SVN,2009,5.858
SVN,2008,4.371
SVN,2007,4.818
SVN,2006,5.95
SVN,2005,6.506
SVN,2004,6.012
SVN,2003,6.479
SVN,2002,5.922
SVN,2001,5.682
SVN,2000,6.918
SLB,2023,1.443
SLB,2022,1.475
SLB,2021,0.879
SLB,2020,0.868
SLB,2019,0.746
SLB,2018,0.722
SLB,2017,0.727
SLB,2016,0.736
SLB,2015,0.736
SLB,2014,0.73
SLB,2013,0.694
SLB,2012,0.984
SLB,2011,1.292
SLB,2010,1.617
SLB,2009,2.02
SLB,2008,1.998
SLB,2007,1.978
SLB,2006,1.916
SLB,2005,1.879
SLB,2004,2.026
SLB,2003,2.286
SLB,2002,2.698
SLB,2001,2.642
SLB,2000,2.446
SOM,2023,18.96
SOM,2022,19.112
SOM,2021,19.662
SOM,2020,19.414
SOM,2019,18.828
SOM,2018,18.7
SOM,2017,18.455
SOM,2016,18.611
SOM,2015,18.495
SOM,2014,18.595
SOM,2013,18.655
SOM,2012,18.771
SOM,2011,18.761
SOM,2010,18.741
SOM,2009,18.724
SOM,2008,18.714
SOM,2007,18.687
SOM,2006,18.705
SOM,2005,18.671
SOM,2004,18.653
SOM,2003,18.648
SOM,2002,18.658
SOM,2001,18.665
SOM,2000,18.678
ZAF,2023,32.098
ZAF,2022,33.268
ZAF,2021,34.007
ZAF,2020,29.217
ZAF,2019,28.468
ZAF,2018,26.906
ZAF,2017,27.035
ZAF,2016,26.536
ZAF,2015,25.149
ZAF,2014,24.89
ZAF,2013,24.561
ZAF,2012,24.727
ZAF,2011,24.639
ZAF,2010,24.683
ZAF,2009,23.523
ZAF,2008,22.407
ZAF,2007,22.26
ZAF,2006,22.304
ZAF,2005,22.472
ZAF,2004,22.567
ZAF,2003,22.679
ZAF,2002,22.579
ZAF,2001,22.652
ZAF,2000,22.788
SSD,2023,12.374
SSD,2022,12.475
SSD,2021,13.95
SSD,2020,14.246
SSD,2019,12.656
SSD,2018,12.853
SSD,2017,12.983
SSD,2016,12.854
SSD,2015,12.464
SSD,2014,12.561
SSD,2013,12.665
SSD,2012,12.803
SSD,2011,12.585
SSD,2010,12.473
SSD,2009,12.438
SSD,2008,12.298
SSD,2007,12.266
SSD,2006,12.268
SSD,2005,12.266
SSD,2004,12.256
SSD,2003,12.234
SSD,2002,12.235
SSD,2001,12.278
SSD,2000,12.309
ESP,2023,12.179
ESP,2022,13.033
ESP,2021,14.914
ESP,2020,15.532
ESP,2019,14.104
ESP,2018,15.255
ESP,2017,17.224
ESP,2016,19.635
ESP,2015,22.057
ESP,2014,24.441
ESP,2013,26.094
ESP,2012,24.789
ESP,2011,21.39
ESP,2010,19.86
ESP,2009,17.857
ESP,2008,11.254
ESP,2007,8.232
ESP,2006,8.452
ESP,2005,9.146
ESP,2004,11.09
ESP,2003,11.283
ESP,2002,11.146
ESP,2001,10.348
ESP,2000,13.785
LKA,2023,4.528
LKA,2022,4.528
LKA,2021,4.981
LKA,2020,5.364
LKA,2019,4.67
LKA,2018,4.318
LKA,2017,4.046
LKA,2016,4.242
LKA,2015,4.519
LKA,2014,4.157
LKA,2013,4.186
LKA,2012,3.88
LKA,2011,4.118
LKA,2010,4.784
LKA,2009,5.85
LKA,2008,5.22
LKA,2007,5.97
LKA,2006,6.5
LKA,2005,7.67
LKA,2004,8.38
LKA,2003,8.22
LKA,2002,8.76
LKA,2001,7.9
LKA,2000,7.74
KNA,2023,
KNA,2022,
KNA,2021,
KNA,2020,
KNA,2019,
KNA,2018,
KNA,2017,
KNA,2016,
KNA,2015,
KNA,2014,
KNA,2013,
KNA,2012,
KNA,2011,
KNA,2010,
KNA,2009,
KNA,2008,
KNA,2007,
KNA,2006,
KNA,2005,
KNA,2004,
KNA,2003,
KNA,2002,
KNA,2001,
KNA,2000,
LCA,2023,12.094
LCA,2022,15.934
LCA,2021,20.514
LCA,2020,25.224
LCA,2019,15.613
LCA,2018,19.329
LCA,2017,19.136
LCA,2016,19.932
LCA,2015,20.84
LCA,2014,21.583
LCA,2013,22.21
LCA,2012,19.06
LCA,2011,18.86
LCA,2010,17.118
LCA,2009,15.37
LCA,2008,12.72
LCA,2007,14.0
LCA,2006,16.0
LCA,2005,18.7
LCA,2004,20.97
LCA,2003,22.18
LCA,2002,20.39
LCA,2001,18.538
LCA,2000,16.49
MAF,2023,
MAF,2022,
MAF,2021,
MAF,2020,
MAF,2019,
MAF,2018,
MAF,2017,
MAF,2016,
MAF,2015,
MAF,2014,
MAF,2013,
MAF,2012,
MAF,2011,
MAF,2010,
MAF,2009,
MAF,2008,
MAF,2007,
MAF,2006,
MAF,2005,
MAF,2004,
MAF,2003,
MAF,2002,
MAF,2001,
MAF,2000,
VCT,2023,18.348
VCT,2022,19.277
VCT,2021,20.356
VCT,2020,20.635
VCT,2019,19.248
VCT,2018,19.005
VCT,2017,19.024
VCT,2016,19.029
VCT,2015,19.135
VCT,2014,19.237
VCT,2013,19.356
VCT,2012,19.833
VCT,2011,20.006
VCT,2010,19.924
VCT,2009,19.365
VCT,2008,18.79
VCT,2007,18.934
VCT,2006,19.162
VCT,2005,19.461
VCT,2004,19.545
VCT,2003,19.985
VCT,2002,20.623
VCT,2001,21.1
VCT,2000,20.8
SDN,2023,
SDN,2022,7.53
SDN,2021,11.087
SDN,2020,11.995
SDN,2019,11.697
SDN,2018,12.347
SDN,2017,13.0
SDN,2016,13.656
SDN,2015,14.39
SDN,2014,15.41
SDN,2013,16.273
SDN,2012,16.973
SDN,2011,17.44
SDN,2010,15.168
SDN,2009,13.0
SDN,2008,15.566
SDN,2007,15.534
SDN,2006,15.542
SDN,2005,15.545
SDN,2004,15.538
SDN,2003,15.515
SDN,2002,15.514
SDN,2001,15.56
SDN,2000,15.595
SUR,2023,7.699
SUR,2022,7.973
SUR,2021,8.706
SUR,2020,8.973
SUR,2019,7.755
SUR,2018,7.817
SUR,2017,7.905
SUR,2016,7.917
SUR,2015,7.22
SUR,2014,6.94
SUR,2013,6.6
SUR,2012,8.1
SUR,2011,7.54
SUR,2010,7.15
SUR,2009,8.72
SUR,2008,8.854
SUR,2007,9.017
SUR,2006,9.142
SUR,2005,9.302
SUR,2004,9.49
SUR,2003,10.336
SUR,2002,11.187
SUR,2001,12.047
SUR,2000,12.873
SWE,2023,7.611
SWE,2022,7.417
SWE,2021,8.803
SWE,2020,8.291
SWE,2019,6.833
SWE,2018,6.365
SWE,2017,6.718
SWE,2016,6.99
SWE,2015,7.432
SWE,2014,7.954
SWE,2013,8.052
SWE,2012,7.976
SWE,2011,7.804
SWE,2010,8.61
SWE,2009,8.351
SWE,2008,6.235
SWE,2007,6.161
SWE,2006,7.066
SWE,2005,7.81
SWE,2004,6.693
SWE,2003,5.555
SWE,2002,4.965
SWE,2001,4.73
SWE,2000,5.466
CHE,2023,4.043
CHE,2022,4.122
CHE,2021,5.013
CHE,2020,4.817
CHE,2019,4.394
CHE,2018,4.713
CHE,2017,4.797
CHE,2016,4.918
CHE,2015,4.801
CHE,2014,4.826
CHE,2013,4.747
CHE,2012,4.491
CHE,2011,4.409
CHE,2010,4.808
CHE,2009,4.109
CHE,2008,3.35
CHE,2007,3.641
CHE,2006,3.995
CHE,2005,4.437
CHE,2004,4.316
CHE,2003,4.117
CHE,2002,2.924
CHE,2001,2.49
CHE,2000,2.658
SYR,2023,13.27
SYR,2022,13.245
SYR,2021,14.887
SYR,2020,15.179
SYR,2019,13.369
SYR,2018,13.505
SYR,2017,13.603
SYR,2016,13.798
SYR,2015,14.244
SYR,2014,14.782
SYR,2013,14.5
SYR,2012,13.8
SYR,2011,8.626
SYR,2010,8.61
SYR,2009,8.14
SYR,2008,10.94
SYR,2007,8.42
SYR,2006,8.17
SYR,2005,8.81
SYR,2004,9.513
SYR,2003,10.28
SYR,2002,10.94
SYR,2001,11.63
SYR,2000,9.587
TJK,2023,7.037
TJK,2022,7.051
TJK,2021,7.687
TJK,2020,7.576
TJK,2019,7.026
TJK,2018,7.028
TJK,2017,7.035
TJK,2016,7.036
TJK,2015,7.033
TJK,2014,7.024
TJK,2013,7.019
TJK,2012,7.022
TJK,2011,7.04
TJK,2010,7.037
TJK,2009,7.028
TJK,2008,4.942
TJK,2007,2.874
TJK,2006,3.65
TJK,2005,3.45
TJK,2004,3.45
TJK,2003,3.85
TJK,2002,3.95
TJK,2001,3.75
TJK,2000,4.15
TZA,2023,1.565
TZA,2022,1.573
TZA,2021,1.876
TZA,2020,1.792
TZA,2019,1.735
TZA,2018,1.792
TZA,2017,1.854
TZA,2016,1.931
TZA,2015,2.009
TZA,2014,2.125
TZA,2013,2.93
TZA,2012,3.223
TZA,2011,3.47
TZA,2010,3.03
TZA,2009,2.5
TZA,2008,2.775
TZA,2007,3.023
TZA,2006,3.299
TZA,2005,3.193
TZA,2004,3.105
TZA,2003,3.053
TZA,2002,3.023
TZA,2001,2.994
TZA,2000,3.129
THA,2023,0.733
THA,2022,0.94
THA,2021,1.215
THA,2020,1.099
THA,2019,0.716
THA,2018,0.765
THA,2017,0.83
THA,2016,0.688
THA,2015,0.597
THA,2014,0.576
THA,2013,0.249
THA,2012,0.58
THA,2011,0.66
THA,2010,0.622
THA,2009,1.49
THA,2008,1.18
THA,2007,1.18
THA,2006,1.22
THA,2005,1.35
THA,2004,1.51
THA,2003,1.54
THA,2002,1.82
THA,2001,2.6
THA,2000,2.389
TLS,2023,1.525
TLS,2022,1.537
TLS,2021,2.344
TLS,2020,2.808
TLS,2019,3.148
TLS,2018,3.765
TLS,2017,4.254
TLS,2016,4.657
TLS,2015,3.678
TLS,2014,3.618
TLS,2013,3.57
TLS,2012,3.47
TLS,2011,3.385
TLS,2010,3.301
TLS,2009,3.289
TLS,2008,3.434
TLS,2007,3.523
TLS,2006,3.634
TLS,2005,3.611
TLS,2004,3.668
TLS,2003,3.54
TLS,2002,3.371
TLS,2001,3.386
TLS,2000,3.529
TGO,2023,1.942
TGO,2022,1.965
TGO,2021,2.344
TGO,2020,2.231
TGO,2019,2.036
TGO,2018,2.9
TGO,2017,3.744
TGO,2016,2.968
TGO,2015,2.204
TGO,2014,2.141
TGO,2013,2.084
TGO,2012,2.029
TGO,2011,1.982
TGO,2010,2.379
TGO,2009,2.847
TGO,2008,3.279
TGO,2007,3.822
TGO,2006,4.229
TGO,2005,4.149
TGO,2004,3.992
TGO,2003,3.957
TGO,2002,4.087
TGO,2001,4.108
TGO,2000,4.162
TON,2023,1.652
TON,2022,2.002
TON,2021,2.111
TON,2020,2.712
TON,2019,2.165
TON,2018,2.248
TON,2017,2.137
TON,2016,2.048
TON,2015,2.022
TON,2014,1.914
TON,2013,1.75
TON,2012,1.638
TON,2011,1.594
TON,2010,1.501
TON,2009,1.419
TON,2008,1.279
TON,2007,1.21
TON,2006,1.09
TON,2005,2.542
TON,2004,3.878
TON,2003,5.18
TON,2002,4.683
TON,2001,4.368
TON,2000,3.966
TTO,2023,3.361
TTO,2022,4.383
TTO,2021,4.446
TTO,2020,4.206
TTO,2019,3.523
TTO,2018,3.497
TTO,2017,3.389
TTO,2016,3.207
TTO,2015,2.428
TTO,2014,2.477
TTO,2013,2.683
TTO,2012,3.718
TTO,2011,3.425
TTO,2010,4.033
TTO,2009,5.28
TTO,2008,4.63
TTO,2007,5.54
TTO,2006,6.27
TTO,2005,7.95
TTO,2004,8.33
TTO,2003,10.48
TTO,2002,10.39
TTO,2001,10.88
TTO,2000,12.1
TUN,2023,15.106
TUN,2022,15.3
TUN,2021,16.632
TUN,2020,17.651
TUN,2019,17.153
TUN,2018,15.459
TUN,2017,15.33
TUN,2016,15.557
TUN,2015,15.159
TUN,2014,14.259
TUN,2013,15.934
TUN,2012,17.63
TUN,2011,18.334
TUN,2010,13.049
TUN,2009,13.29
TUN,2008,12.444
TUN,2007,12.365
TUN,2006,12.51
TUN,2005,12.872
TUN,2004,14.23
TUN,2003,14.51
TUN,2002,14.55
TUN,2001,14.4
TUN,2000,14.94
TUR,2023,9.388
TUR,2022,10.465
TUR,2021,11.969
TUR,2020,13.148
TUR,2019,13.73
TUR,2018,10.956
TUR,2017,10.919
TUR,2016,10.899
TUR,2015,10.304
TUR,2014,9.901
TUR,2013,9.713
TUR,2012,9.21
TUR,2011,9.789
TUR,2010,11.879
TUR,2009,14.026
TUR,2008,10.965
TUR,2007,10.285
TUR,2006,10.227
TUR,2005,10.636
TUR,2004,10.838
TUR,2003,10.542
TUR,2002,10.358
TUR,2001,8.381
TUR,2000,6.495
TKM,2023,4.007
TKM,2022,4.017
TKM,2021,4.458
TKM,2020,4.489
TKM,2019,4.035
TKM,2018,4.036
TKM,2017,4.035
TKM,2016,4.026
TKM,2015,4.016
TKM,2014,4.005
TKM,2013,3.993
TKM,2012,3.994
TKM,2011,4.003
TKM,2010,4.0
TKM,2009,4.0
TKM,2008,4.852
TKM,2007,5.719
TKM,2006,6.601
TKM,2005,7.495
TKM,2004,8.419
TKM,2003,9.289
TKM,2002,10.141
TKM,2001,10.898
TKM,2000,11.73
TCA,2023,
TCA,2022,
TCA,2021,
TCA,2020,
TCA,2019,
TCA,2018,
TCA,2017,
TCA,2016,
TCA,2015,
TCA,2014,
TCA,2013,
TCA,2012,
TCA,2011,
TCA,2010,
TCA,2009,
TCA,2008,
TCA,2007,
TCA,2006,
TCA,2005,
TCA,2004,
TCA,2003,
TCA,2002,
TCA,2001,
TCA,2000,
TUV,2023,
TUV,2022,
TUV,2021,
TUV,2020,
TUV,2019,
TUV,2018,
TUV,2017,
TUV,2016,
TUV,2015,
TUV,2014,
TUV,2013,
TUV,2012,
TUV,2011,
TUV,2010,
TUV,2009,
TUV,2008,
TUV,2007,
TUV,2006,
TUV,2005,
TUV,2004,
TUV,2003,
TUV,2002,
TUV,2001,
TUV,2000,
UGA,2023,2.754
UGA,2022,2.885
UGA,2021,3.416
UGA,2020,3.819
UGA,2019,3.057
UGA,2018,3.249
UGA,2017,3.428
UGA,2016,3.002
UGA,2015,2.681
UGA,2014,2.357
UGA,2013,1.91
UGA,2012,3.551
UGA,2011,3.523
UGA,2010,3.623
UGA,2009,3.6
UGA,2008,3.035
UGA,2007,2.667
UGA,2006,2.264
UGA,2005,1.9
UGA,2004,2.699
UGA,2003,3.6
UGA,2002,3.5
UGA,2001,3.522
UGA,2000,3.531
UKR,2023,
UKR,2022,
UKR,2021,9.834
UKR,2020,9.475
UKR,2019,8.194
UKR,2018,8.799
UKR,2017,9.5
UKR,2016,9.35
UKR,2015,9.14
UKR,2014,9.27
UKR,2013,7.17
UKR,2012,7.529
UKR,2011,7.851
UKR,2010,8.1
UKR,2009,8.84
UKR,2008,6.363
UKR,2007,6.351
UKR,2006,6.81
UKR,2005,7.18
UKR,2004,8.59
UKR,2003,9.057
UKR,2002,10.136
UKR,2001,11.061
UKR,2000,11.707
ARE,2023,2.151
ARE,2022,2.872
ARE,2021,3.105
ARE,2020,4.294
ARE,2019,2.331
ARE,2018,2.236
ARE,2017,2.462
ARE,2016,1.64
ARE,2015,1.793
ARE,2014,1.999
ARE,2013,2.125
ARE,2012,2.323
ARE,2011,2.587
ARE,2010,2.798
ARE,2009,2.932
ARE,2008,2.818
ARE,2007,2.934
ARE,2006,2.964
ARE,2005,3.12
ARE,2004,2.965
ARE,2003,2.903
ARE,2002,2.659
ARE,2001,2.443
ARE,2000,2.25
GBR,2023,4.025
GBR,2022,3.768
GBR,2021,4.864
GBR,2020,4.472
GBR,2019,3.657
GBR,2018,4.145
GBR,2017,4.501
GBR,2016,4.909
GBR,2015,5.552
GBR,2014,6.398
GBR,2013,7.752
GBR,2012,8.279
GBR,2011,8.195
GBR,2010,7.973
GBR,2009,7.683
GBR,2008,5.748
GBR,2007,5.399
GBR,2006,5.472
GBR,2005,4.884
GBR,2004,4.594
GBR,2003,4.807
GBR,2002,5.037
GBR,2001,4.696
GBR,2000,5.558
USA,2023,3.638
USA,2022,3.65
USA,2021,5.349
USA,2020,8.055
USA,2019,3.669
USA,2018,3.896
USA,2017,4.355
USA,2016,4.869
USA,2015,5.28
USA,2014,6.168
USA,2013,7.375
USA,2012,8.069
USA,2011,8.949
USA,2010,9.633
USA,2009,9.254
USA,2008,5.784
USA,2007,4.622
USA,2006,4.623
USA,2005,5.084
USA,2004,5.529
USA,2003,5.989
USA,2002,5.783
USA,2001,4.731
USA,2000,3.992
URY,2023,8.355
URY,2022,7.877
URY,2021,9.328
URY,2020,10.413
URY,2019,8.836
URY,2018,8.336
URY,2017,7.89
URY,2016,7.841
URY,2015,7.488
URY,2014,6.547
URY,2013,6.444
URY,2012,6.451
URY,2011,6.307
URY,2010,7.158
URY,2009,7.74
URY,2008,8.025
URY,2007,9.403
URY,2006,10.844
URY,2005,12.009
URY,2004,12.98
URY,2003,16.661
URY,2002,16.648
URY,2001,15.052
URY,2000,12.627
UZB,2023,4.434
UZB,2022,4.456
UZB,2021,5.364
UZB,2020,5.293
UZB,2019,4.936
UZB,2018,5.392
UZB,2017,5.83
UZB,2016,5.16
UZB,2015,5.15
UZB,2014,5.09
UZB,2013,4.86
UZB,2012,4.87
UZB,2011,4.96
UZB,2010,5.36
UZB,2009,5.04
UZB,2008,4.89
UZB,2007,4.99
UZB,2006,6.035
UZB,2005,7.092
UZB,2004,8.152
UZB,2003,9.22
UZB,2002,10.256
UZB,2001,11.279
UZB,2000,12.301
VUT,2023,5.011
VUT,2022,5.077
VUT,2021,4.776
VUT,2020,4.046
VUT,2019,5.444
VUT,2018,5.353
VUT,2017,5.247
VUT,2016,5.197
VUT,2015,5.168
VUT,2014,5.137
VUT,2013,5.038
VUT,2012,4.936
VUT,2011,4.811
VUT,2010,4.681
VUT,2009,4.565
VUT,2008,5.663
VUT,2007,6.855
VUT,2006,8.006
VUT,2005,8.121
VUT,2004,8.432
VUT,2003,8.659
VUT,2002,8.598
VUT,2001,8.415
VUT,2000,8.266
VEN,2023,5.407
VEN,2022,5.646
VEN,2021,7.027
VEN,2020,7.53
VEN,2019,5.89
VEN,2018,5.468
VEN,2017,5.045
VEN,2016,5.319
VEN,2015,6.139
VEN,2014,6.821
VEN,2013,7.54
VEN,2012,6.601
VEN,2011,6.902
VEN,2010,7.112
VEN,2009,6.097
VEN,2008,6.245
VEN,2007,7.279
VEN,2006,8.606
VEN,2005,10.663
VEN,2004,15.07
VEN,2003,16.78
VEN,2002,16.17
VEN,2001,13.04
VEN,2000,13.99
VNM,2023,1.645
VNM,2022,1.57
VNM,2021,2.383
VNM,2020,2.103
VNM,2019,1.681
VNM,2018,1.161
VNM,2017,1.874
VNM,2016,1.848
VNM,2015,1.848
VNM,2014,1.256
VNM,2013,1.316
VNM,2012,1.027
VNM,2011,0.999
VNM,2010,1.114
VNM,2009,1.737
VNM,2008,1.889
VNM,2007,2.026
VNM,2006,2.046
VNM,2005,2.078
VNM,2004,2.14
VNM,2003,2.25
VNM,2002,2.12
VNM,2001,2.76
VNM,2000,2.26
VIR,2023,11.358
VIR,2022,12.092
VIR,2021,13.508
VIR,2020,14.366
VIR,2019,11.774
VIR,2018,11.703
VIR,2017,11.445
VIR,2016,11.734
VIR,2015,11.649
VIR,2014,11.871
VIR,2013,11.802
VIR,2012,11.387
VIR,2011,11.337
VIR,2010,11.059
VIR,2009,10.864
VIR,2008,9.605
VIR,2007,9.523
VIR,2006,9.734
VIR,2005,10.228
VIR,2004,10.266
VIR,2003,10.574
VIR,2002,10.227
VIR,2001,9.969
VIR,2000,9.834
PSE,2023,
PSE,2022,24.42
PSE,2021,26.39
PSE,2020,25.895
PSE,2019,25.34
PSE,2018,26.256
PSE,2017,25.677
PSE,2016,23.939
PSE,2015,23.005
PSE,2014,20.526
PSE,2013,19.894
PSE,2012,19.202
PSE,2011,17.597
PSE,2010,21.416
PSE,2009,20.452
PSE,2008,22.913
PSE,2007,18.282
PSE,2006,19.014
PSE,2005,20.016
PSE,2004,23.215
PSE,2003,23.004
PSE,2002,27.465
PSE,2001,21.493
PSE,2000,10.625
YEM,2023,16.944
YEM,2022,17.224
YEM,2021,18.312
YEM,2020,17.963
YEM,2019,17.213
YEM,2018,17.593
YEM,2017,18.611
YEM,2016,18.42
YEM,2015,17.9
YEM,2014,13.467
YEM,2013,13.673
YEM,2012,13.473
YEM,2011,13.311
YEM,2010,12.777
YEM,2009,12.762
YEM,2008,12.656
YEM,2007,12.486
YEM,2006,12.349
YEM,2005,12.213
YEM,2004,12.131
YEM,2003,12.014
YEM,2002,11.839
YEM,2001,11.724
YEM,2000,11.557
ZMB,2023,5.861
ZMB,2022,5.993
ZMB,2021,5.197
ZMB,2020,6.032
ZMB,2019,5.538
ZMB,2018,5.032
ZMB,2017,4.529
ZMB,2016,5.244
ZMB,2015,5.951
ZMB,2014,6.576
ZMB,2013,7.272
ZMB,2012,7.85
ZMB,2011,10.548
ZMB,2010,13.19
ZMB,2009,10.583
ZMB,2008,7.93
ZMB,2007,10.559
ZMB,2006,13.229
ZMB,2005,15.9
ZMB,2004,15.332
ZMB,2003,14.704
ZMB,2002,14.131
ZMB,2001,13.404
ZMB,2000,12.93
ZWE,2023,9.348
ZWE,2022,10.087
ZWE,2021,9.54
ZWE,2020,8.617
ZWE,2019,7.373
ZWE,2018,6.788
ZWE,2017,6.35
ZWE,2016,5.896
ZWE,2015,5.399
ZWE,2014,4.774
ZWE,2013,4.948
ZWE,2012,5.057
ZWE,2011,5.368
ZWE,2010,5.469
ZWE,2009,5.476
ZWE,2008,5.401
ZWE,2007,5.008
ZWE,2006,4.767
ZWE,2005,4.632
ZWE,2004,4.39
ZWE,2003,4.738
ZWE,2002,5.005
ZWE,2001,5.313
ZWE,2000,5.685
